sku_candidato,nombre_fuente,categoria_fuente_slug,subcategoria_fuente_slug,producto_url,imagen_url_externa,titulo_imagen_fuente,ultima_actualizacion_fuente,estado_contenido,estado_imagen,notas,sku_fuente,nombre_catalogo,categoria_url_fuente,imagen_thumbnail_url
CC-ALAMBRE-AISLADO-N12-AMARILLO-X-ROLLO,Alambre Aislado N12 Amarillo X Rollo,alambre-cable-thhn-thw-cu,alambres-thhn-thwn-2,https://cablescolombia.com/producto/alambre-aislado-n12-amarillo-x-rollo,https://multimedia02.s3.us-east-2.amazonaws.com/Produccion/tiendas/127/productos/79717/47fb236c4203dea8.webp,Alambre Aislado N12 Amarillo X Rollo,2026-08-02,requiere_revision,requiere_permiso,"Inventario desde sitemap público. Validar SKU, ficha técnica, descripción propia, categoría Surtilec y permiso de imagen antes de importar.",,,,
CC-ALAMBRE-AISLADO-N12-AZUL-X-ROLLO,Alambre Aislado N12 Azul X Rollo,alambre-cable-thhn-thw-cu,alambres-thhn-thwn-2,https://cablescolombia.com/producto/alambre-aislado-n12-azul-x-rollo,https://multimedia02.s3.us-east-2.amazonaws.com/Produccion/tiendas/127/productos/79718/5fdeb86f762932ce.webp,Alambre Aislado N12 Azul X Rollo,2026-08-02,requiere_revision,requiere_permiso,"Inventario desde sitemap público. Validar SKU, ficha técnica, descripción propia, categoría Surtilec y permiso de imagen antes de importar.",,,,
CC-ALAMBRE-AISLADO-N12-BLANCO-X-ROLLO,Alambre Aislado N12 Blanco X Rollo,alambre-cable-thhn-thw-cu,alambres-thhn-thwn-2,https://cablescolombia.com/producto/alambre-aislado-n12-blanco-x-rollo,https://multimedia02.s3.us-east-2.amazonaws.com/Produccion/tiendas/127/productos/79719/9f830ade3caf2956.webp,Alambre Aislado N12 Blanco X Rollo,2026-08-02,requiere_revision,requiere_permiso,"Inventario desde sitemap público. Validar SKU, ficha técnica, descripción propia, categoría Surtilec y permiso de imagen antes de importar.",,,,
CC-ALAMBRE-AISLADO-N12-NEGRO-X-ROLLO,Alambre Aislado N12 Negro X Rollo,alambre-cable-thhn-thw-cu,alambres-thhn-thwn-2,https://cablescolombia.com/producto/alambre-aislado-n12-negro-x-rollo,https://multimedia02.s3.us-east-2.amazonaws.com/Produccion/tiendas/127/productos/79720/a2461a049e2a385e.webp,Alambre Aislado N12 Negro X Rollo,2026-08-02,requiere_revision,requiere_permiso,"Inventario desde sitemap público. Validar SKU, ficha técnica, descripción propia, categoría Surtilec y permiso de imagen antes de importar.",,,,
CC-ALAMBRE-AISLADO-N12-ROJO-X-ROLLO,Alambre Aislado N12 Rojo X Rollo,alambre-cable-thhn-thw-cu,alambres-thhn-thwn-2,https://cablescolombia.com/producto/alambre-aislado-n12-rojo-x-rollo,https://multimedia02.s3.us-east-2.amazonaws.com/Produccion/tiendas/127/productos/79721/aee67ab04303227a.webp,Alambre Aislado N12 Rojo X Rollo,2026-08-02,requiere_revision,requiere_permiso,"Inventario desde sitemap público. Validar SKU, ficha técnica, descripción propia, categoría Surtilec y permiso de imagen antes de importar.",,,,
CC-ALAMBRE-AISLADO-N12-VERDE-X-ROLLO,Alambre Aislado N12 Verde X Rollo,alambre-cable-thhn-thw-cu,alambres-thhn-thwn-2,https://cablescolombia.com/producto/alambre-aislado-n12-verde-x-rollo,https://multimedia02.s3.us-east-2.amazonaws.com/Produccion/tiendas/127/productos/79722/3730e890e11db553.webp,Alambre Aislado N12 Verde X Rollo,2026-08-02,requiere_revision,requiere_permiso,"Inventario desde sitemap público. Validar SKU, ficha técnica, descripción propia, categoría Surtilec y permiso de imagen antes de importar.",,,,
CC-ALAMBRE-AISLADO-N14-AMARILLO-X-METRO,Alambre Aislado N14 Amarillo X Metro,alambre-cable-thhn-thw-cu,alambres-thhn-thwn-2,https://cablescolombia.com/producto/alambre-aislado-n14-amarillo-x-metro,https://multimedia02.s3.us-east-2.amazonaws.com/Produccion/tiendas/127/productos/378/3e73669878de5b2b.webp,Alambre Aislado N14 Amarillo X Metro,2026-08-02,requiere_revision,requiere_permiso,"Inventario desde sitemap público. Validar SKU, ficha técnica, descripción propia, categoría Surtilec y permiso de imagen antes de importar.",10011483-AM,Alambre Aislado N14 Amarillo X Metro,https://cablescolombia.com/categoria/alambre-cable-thhn-thw-cu/alambres-thhn-thwn-2,https://multimedia02.s3.us-east-2.amazonaws.com/Produccion/tiendas/127/productos/378/thumb/6f9879eb82e44b5f68264999f87ae23a.webp
CC-ALAMBRE-AISLADO-N14-AZUL-X-METRO,Alambre Aislado N14 Azul X Metro,alambre-cable-thhn-thw-cu,alambres-thhn-thwn-2,https://cablescolombia.com/producto/alambre-aislado-n14-azul-x-metro,https://multimedia02.s3.us-east-2.amazonaws.com/Produccion/tiendas/127/productos/383/47a60dfd87ffb0cc.webp,Alambre Aislado N14 Azul X Metro,2026-08-02,requiere_revision,requiere_permiso,"Inventario desde sitemap público. Validar SKU, ficha técnica, descripción propia, categoría Surtilec y permiso de imagen antes de importar.",,,,
CC-ALAMBRE-AISLADO-N14-BLANCO-X-METRO,Alambre Aislado N14 Blanco X Metro,alambre-cable-thhn-thw-cu,alambres-thhn-thwn-2,https://cablescolombia.com/producto/alambre-aislado-n14-blanco-x-metro,https://multimedia02.s3.us-east-2.amazonaws.com/Produccion/tiendas/127/productos/388/c82c0e2e4681c142.webp,Alambre Aislado N14 Blanco X Metro,2026-08-02,requiere_revision,requiere_permiso,"Inventario desde sitemap público. Validar SKU, ficha técnica, descripción propia, categoría Surtilec y permiso de imagen antes de importar.",,,,
CC-ALAMBRE-AISLADO-N14-ROJO-X-METRO,Alambre Aislado N14 Rojo X Metro,alambre-cable-thhn-thw-cu,alambres-thhn-thwn-2,https://cablescolombia.com/producto/alambre-aislado-n14-rojo-x-metro,https://multimedia02.s3.us-east-2.amazonaws.com/Produccion/tiendas/127/productos/395/35b82b549dbf89e3.webp,Alambre Aislado N14 Rojo X Metro,2026-08-02,requiere_revision,requiere_permiso,"Inventario desde sitemap público. Validar SKU, ficha técnica, descripción propia, categoría Surtilec y permiso de imagen antes de importar.",,,,
CC-ALAMBRE-AISLADO-N14-NEGRO-X-METRO,Alambre Aislado N14 Negro X Metro,alambre-cable-thhn-thw-cu,alambres-thhn-thwn-2,https://cablescolombia.com/producto/alambre-aislado-n14-negro-x-metro,https://multimedia02.s3.us-east-2.amazonaws.com/Produccion/tiendas/127/productos/399/9697d7ee4436b0d2.webp,Alambre Aislado N14 Negro X Metro,2026-08-02,requiere_revision,requiere_permiso,"Inventario desde sitemap público. Validar SKU, ficha técnica, descripción propia, categoría Surtilec y permiso de imagen antes de importar.",10011483-NG,Alambre Aislado N14 Negro X Metro,https://cablescolombia.com/categoria/alambre-cable-thhn-thw-cu/alambres-thhn-thwn-2,https://multimedia02.s3.us-east-2.amazonaws.com/Produccion/tiendas/127/productos/399/thumb/d9246cc96b29db39c7ab1db7c1b835c8.webp
CC-ALAMBRE-AISLADO-N14-VERDE-X-METRO,Alambre Aislado N14 Verde X Metro,alambre-cable-thhn-thw-cu,alambres-thhn-thwn-2,https://cablescolombia.com/producto/alambre-aislado-n14-verde-x-metro,https://multimedia02.s3.us-east-2.amazonaws.com/Produccion/tiendas/127/productos/401/121406621317cfe8.webp,Alambre Aislado N14 Verde X Metro,2026-08-02,requiere_revision,requiere_permiso,"Inventario desde sitemap público. Validar SKU, ficha técnica, descripción propia, categoría Surtilec y permiso de imagen antes de importar.",,,,
CC-ALAMBRE-AISLADO-N12-AMARILLO-X-METRO,Alambre Aislado N12 Amarillo X Metro,alambre-cable-thhn-thw-cu,alambres-thhn-thwn-2,https://cablescolombia.com/producto/alambre-aislado-n12-amarillo-x-metro,https://multimedia02.s3.us-east-2.amazonaws.com/Produccion/tiendas/127/productos/403/d9de507c1ffe683a.webp,Alambre Aislado N12 Amarillo X Metro,2026-08-02,requiere_revision,requiere_permiso,"Inventario desde sitemap público. Validar SKU, ficha técnica, descripción propia, categoría Surtilec y permiso de imagen antes de importar.",,,,
CC-ALAMBRE-AISLADO-N12-AZUL-X-METRO,Alambre Aislado N12 Azul X Metro,alambre-cable-thhn-thw-cu,alambres-thhn-thwn-2,https://cablescolombia.com/producto/alambre-aislado-n12-azul-x-metro,https://multimedia02.s3.us-east-2.amazonaws.com/Produccion/tiendas/127/productos/404/de74dbaab503583e.webp,Alambre Aislado N12 Azul X Metro,2026-08-02,requiere_revision,requiere_permiso,"Inventario desde sitemap público. Validar SKU, ficha técnica, descripción propia, categoría Surtilec y permiso de imagen antes de importar.",,,,
CC-ALAMBRE-AISLADO-N12-BLANCO-X-METRO,Alambre Aislado N12 Blanco X Metro,alambre-cable-thhn-thw-cu,alambres-thhn-thwn-2,https://cablescolombia.com/producto/alambre-aislado-n12-blanco-x-metro,https://multimedia02.s3.us-east-2.amazonaws.com/Produccion/tiendas/127/productos/405/13b435c1fdac41f7.webp,Alambre Aislado N12 Blanco X Metro,2026-08-02,requiere_revision,requiere_permiso,"Inventario desde sitemap público. Validar SKU, ficha técnica, descripción propia, categoría Surtilec y permiso de imagen antes de importar.",,,,
CC-ALAMBRE-AISLADO-N12-NEGRO-X-METRO,Alambre Aislado N12 Negro X Metro,alambre-cable-thhn-thw-cu,alambres-thhn-thwn-2,https://cablescolombia.com/producto/alambre-aislado-n12-negro-x-metro,https://multimedia02.s3.us-east-2.amazonaws.com/Produccion/tiendas/127/productos/414/a2a95401cdffbf4a.webp,Alambre Aislado N12 Negro X Metro,2026-08-02,requiere_revision,requiere_permiso,"Inventario desde sitemap público. Validar SKU, ficha técnica, descripción propia, categoría Surtilec y permiso de imagen antes de importar.",,,,
CC-ALAMBRE-AISLADO-N12-ROJO-X-METRO,Alambre Aislado N12 Rojo X Metro,alambre-cable-thhn-thw-cu,alambres-thhn-thwn-2,https://cablescolombia.com/producto/alambre-aislado-n12-rojo-x-metro,https://multimedia02.s3.us-east-2.amazonaws.com/Produccion/tiendas/127/productos/416/da13fc335c6c9fb0.webp,Alambre Aislado N12 Rojo X Metro,2026-08-02,requiere_revision,requiere_permiso,"Inventario desde sitemap público. Validar SKU, ficha técnica, descripción propia, categoría Surtilec y permiso de imagen antes de importar.",ALMAISROJ-12,Alambre Aislado N12 Rojo X Metro,https://cablescolombia.com/categoria/alambre-cable-thhn-thw-cu/alambres-thhn-thwn-2,https://multimedia02.s3.us-east-2.amazonaws.com/Produccion/tiendas/127/productos/416/thumb/fb90cf264d238f543fc35b36d4fcae25.webp
CC-ALAMBRE-AISLADO-N12-VERDE-X-METRO,Alambre Aislado N12 Verde X Metro,alambre-cable-thhn-thw-cu,alambres-thhn-thwn-2,https://cablescolombia.com/producto/alambre-aislado-n12-verde-x-metro,https://multimedia02.s3.us-east-2.amazonaws.com/Produccion/tiendas/127/productos/417/afbc2a81d14b7287.webp,Alambre Aislado N12 Verde X Metro,2026-08-02,requiere_revision,requiere_permiso,"Inventario desde sitemap público. Validar SKU, ficha técnica, descripción propia, categoría Surtilec y permiso de imagen antes de importar.",,,,
CC-ALAMBRE-AISLADO-N10-AMARILLO-X-METRO,Alambre Aislado N10 Amarillo X Metro,alambre-cable-thhn-thw-cu,alambres-thhn-thwn-2,https://cablescolombia.com/producto/alambre-aislado-n10-amarillo-x-metro,https://multimedia02.s3.us-east-2.amazonaws.com/Produccion/tiendas/127/productos/419/b7d1416abfad7457.webp,Alambre Aislado N10 Amarillo X Metro,2026-08-02,requiere_revision,requiere_permiso,"Inventario desde sitemap público. Validar SKU, ficha técnica, descripción propia, categoría Surtilec y permiso de imagen antes de importar.",,,,
CC-ALAMBRE-AISLADO-N10-AZUL-X-METRO-6,Alambre Aislado N10 Azul X Metro,alambre-cable-thhn-thw-cu,alambres-thhn-thwn-2,https://cablescolombia.com/producto/alambre-aislado-n10-azul-x-metro_6,https://multimedia02.s3.us-east-2.amazonaws.com/Produccion/tiendas/127/productos/420/bb3d7c4af1f68969.webp,Alambre Aislado N10 Azul X Metro,2026-08-02,requiere_revision,requiere_permiso,"Inventario desde sitemap público. Validar SKU, ficha técnica, descripción propia, categoría Surtilec y permiso de imagen antes de importar.",,,,
CC-ALAMBRE-AISLADO-N10-BLANCO-X-METRO,Alambre Aislado N10 Blanco X Metro,alambre-cable-thhn-thw-cu,alambres-thhn-thwn-2,https://cablescolombia.com/producto/alambre-aislado-n10-blanco-x-metro,https://multimedia02.s3.us-east-2.amazonaws.com/Produccion/tiendas/127/productos/422/247c7e6be0f0a1fa.webp,Alambre Aislado N10 Blanco X Metro,2026-08-02,requiere_revision,requiere_permiso,"Inventario desde sitemap público. Validar SKU, ficha técnica, descripción propia, categoría Surtilec y permiso de imagen antes de importar.",,,,
CC-ALAMBRE-AISLADO-N10-NEGRO-X-METRO,Alambre Aislado N10 Negro X Metro,alambre-cable-thhn-thw-cu,alambres-thhn-thwn-2,https://cablescolombia.com/producto/alambre-aislado-n10-negro-x-metro,https://multimedia02.s3.us-east-2.amazonaws.com/Produccion/tiendas/127/productos/425/9f0c90f2cfd1ae2f.webp,Alambre Aislado N10 Negro X Metro,2026-08-02,requiere_revision,requiere_permiso,"Inventario desde sitemap público. Validar SKU, ficha técnica, descripción propia, categoría Surtilec y permiso de imagen antes de importar.",,,,
CC-ALAMBRE-AISLADO-N10-ROJO-X-METRO,Alambre Aislado N10 Rojo X Metro,alambre-cable-thhn-thw-cu,alambres-thhn-thwn-2,https://cablescolombia.com/producto/alambre-aislado-n10-rojo-x-metro,https://multimedia02.s3.us-east-2.amazonaws.com/Produccion/tiendas/127/productos/426/d4b65a78a230aa5e.webp,Alambre Aislado N10 Rojo X Metro,2026-08-02,requiere_revision,requiere_permiso,"Inventario desde sitemap público. Validar SKU, ficha técnica, descripción propia, categoría Surtilec y permiso de imagen antes de importar.",,,,
CC-ALAMBRE-AISLADO-N10-VERDE-X-METRO,Alambre Aislado N10 Verde X Metro,alambre-cable-thhn-thw-cu,alambres-thhn-thwn-2,https://cablescolombia.com/producto/alambre-aislado-n10-verde-x-metro,https://multimedia02.s3.us-east-2.amazonaws.com/Produccion/tiendas/127/productos/429/ac4b62577fded7da.webp,Alambre Aislado N10 Verde X Metro,2026-08-02,requiere_revision,requiere_permiso,"Inventario desde sitemap público. Validar SKU, ficha técnica, descripción propia, categoría Surtilec y permiso de imagen antes de importar.",,,,
CC-ALAMBRE-AISLADO-N8-AMARILLO-X-METRO,Alambre Aislado N8 Amarillo X Metro,alambre-cable-thhn-thw-cu,alambres-thhn-thwn-2,https://cablescolombia.com/producto/alambre-aislado-n8-amarillo-x-metro,https://multimedia02.s3.us-east-2.amazonaws.com/Produccion/tiendas/127/productos/432/c9f9e40ad8e23d88.webp,Alambre Aislado N8 Amarillo X Metro,2026-08-02,requiere_revision,requiere_permiso,"Inventario desde sitemap público. Validar SKU, ficha técnica, descripción propia, categoría Surtilec y permiso de imagen antes de importar.",,,,
CC-ALAMBRE-AISLADO-N8-AZUL-X-METRO,Alambre Aislado N8 Azul X Metro,alambre-cable-thhn-thw-cu,alambres-thhn-thwn-2,https://cablescolombia.com/producto/alambre-aislado-n8-azul-x-metro,https://multimedia02.s3.us-east-2.amazonaws.com/Produccion/tiendas/127/productos/434/336bb36f8bfd9b23.webp,Alambre Aislado N8 Azul X Metro,2026-08-02,requiere_revision,requiere_permiso,"Inventario desde sitemap público. Validar SKU, ficha técnica, descripción propia, categoría Surtilec y permiso de imagen antes de importar.",,,,
CC-ALAMBRE-AISLADO-N8-BLANCO-X-METRO,Alambre Aislado N8 Blanco X Metro,alambre-cable-thhn-thw-cu,alambres-thhn-thwn-2,https://cablescolombia.com/producto/alambre-aislado-n8-blanco-x-metro,https://multimedia02.s3.us-east-2.amazonaws.com/Produccion/tiendas/127/productos/436/c0b6f12eeb5be84e.webp,Alambre Aislado N8 Blanco X Metro,2026-08-02,requiere_revision,requiere_permiso,"Inventario desde sitemap público. Validar SKU, ficha técnica, descripción propia, categoría Surtilec y permiso de imagen antes de importar.",,,,
CC-ALAMBRE-AISLADO-N8-NEGRO-X-METRO,Alambre Aislado N8 Negro X Metro,alambre-cable-thhn-thw-cu,alambres-thhn-thwn-2,https://cablescolombia.com/producto/alambre-aislado-n8-negro-x-metro,https://multimedia02.s3.us-east-2.amazonaws.com/Produccion/tiendas/127/productos/441/b70072516d1e9b64.webp,Alambre Aislado N8 Negro X Metro,2026-08-02,requiere_revision,requiere_permiso,"Inventario desde sitemap público. Validar SKU, ficha técnica, descripción propia, categoría Surtilec y permiso de imagen antes de importar.",,,,
CC-ALAMBRE-AISLADO-N8-ROJO-X-METRO,Alambre Aislado N8 Rojo X Metro,alambre-cable-thhn-thw-cu,alambres-thhn-thwn-2,https://cablescolombia.com/producto/alambre-aislado-n8-rojo-x-metro,https://multimedia02.s3.us-east-2.amazonaws.com/Produccion/tiendas/127/productos/443/f7107075dcea9835.webp,Alambre Aislado N8 Rojo X Metro,2026-08-02,requiere_revision,requiere_permiso,"Inventario desde sitemap público. Validar SKU, ficha técnica, descripción propia, categoría Surtilec y permiso de imagen antes de importar.",,,,
CC-ALAMBRE-AISLADO-N8-VERDE-X-METRO,Alambre Aislado N8 Verde X Metro,alambre-cable-thhn-thw-cu,alambres-thhn-thwn-2,https://cablescolombia.com/producto/alambre-aislado-n8-verde-x-metro,https://multimedia02.s3.us-east-2.amazonaws.com/Produccion/tiendas/127/productos/445/19da91f933ccdb4a.webp,Alambre Aislado N8 Verde X Metro,2026-08-02,requiere_revision,requiere_permiso,"Inventario desde sitemap público. Validar SKU, ficha técnica, descripción propia, categoría Surtilec y permiso de imagen antes de importar.",,,,
CC-ALAMBRE-AISLADO-N10-AZUL-X-METRO,Alambre Aislado N10 Azul X Metro,alambre-cable-thhn-thw-cu,alambres-thhn-thwn-2,https://cablescolombia.com/producto/alambre-aislado-n10-azul-x-metro,https://multimedia02.s3.us-east-2.amazonaws.com/Produccion/tiendas/127/productos/38413/6fe9a1a8d62fd38b.webp,Alambre Aislado N10 Azul X Metro,2026-08-02,requiere_revision,requiere_permiso,"Inventario desde sitemap público. Validar SKU, ficha técnica, descripción propia, categoría Surtilec y permiso de imagen antes de importar.",10011471-AZ,Alambre Aislado N10 Azul X Metro,https://cablescolombia.com/categoria/alambre-cable-thhn-thw-cu/alambres-thhn-thwn-2,https://multimedia02.s3.us-east-2.amazonaws.com/Produccion/tiendas/127/productos/38413/thumb/ca89f436b3e0ea1596faf516fa2c8067.webp
CC-CABLE-AISLADO-THHW-CU-N14-ROJO,Cable Aislado Thhw Cu N14 Rojo,alambre-cable-thhn-thw-cu,cable-cobre-aislado-thhn-cu,https://cablescolombia.com/producto/cable-aislado-thhw-cu-n14-rojo,https://multimedia02.s3.us-east-2.amazonaws.com/Produccion/tiendas/127/productos/678/f86fbbb8dca01dfc.webp,Cable Aislado Thhw Cu N14 Rojo,2026-08-02,requiere_revision,requiere_permiso,"Inventario desde sitemap público. Validar SKU, ficha técnica, descripción propia, categoría Surtilec y permiso de imagen antes de importar.",,,,
CC-CABLE-AISLADO-THHW-CU-N14-AZUL,Cable Aislado Thhw Cu N14 Azul,alambre-cable-thhn-thw-cu,cable-cobre-aislado-thhn-cu,https://cablescolombia.com/producto/cable-aislado-thhw-cu-n14-azul,https://multimedia02.s3.us-east-2.amazonaws.com/Produccion/tiendas/127/productos/684/41ac241c8d6a68b4.webp,Cable Aislado Thhw Cu N14 Azul,2026-08-02,requiere_revision,requiere_permiso,"Inventario desde sitemap público. Validar SKU, ficha técnica, descripción propia, categoría Surtilec y permiso de imagen antes de importar.",,,,
CC-CABLE-AISLADO-THHW-CU-N14-BLANCO,Cable Aislado Thhw Cu N14 Blanco,alambre-cable-thhn-thw-cu,cable-cobre-aislado-thhn-cu,https://cablescolombia.com/producto/cable-aislado-thhw-cu-n14-blanco,https://multimedia02.s3.us-east-2.amazonaws.com/Produccion/tiendas/127/productos/686/7ef2e5c9611d88eb.webp,Cable Aislado Thhw Cu N14 Blanco,2026-08-02,requiere_revision,requiere_permiso,"Inventario desde sitemap público. Validar SKU, ficha técnica, descripción propia, categoría Surtilec y permiso de imagen antes de importar.",,,,
CC-CABLE-AISLADO-THHW-CU-N14-NEGRO,Cable Aislado Thhw Cu N14 Negro,alambre-cable-thhn-thw-cu,cable-cobre-aislado-thhn-cu,https://cablescolombia.com/producto/cable-aislado-thhw-cu-n14-negro,https://multimedia02.s3.us-east-2.amazonaws.com/Produccion/tiendas/127/productos/687/865692cc7a482383.webp,Cable Aislado Thhw Cu N14 Negro,2026-08-02,requiere_revision,requiere_permiso,"Inventario desde sitemap público. Validar SKU, ficha técnica, descripción propia, categoría Surtilec y permiso de imagen antes de importar.",,,,
CC-CABLE-AISLADO-THHW-CU-N14-VERDE,Cable Aislado Thhw Cu N14 Verde,alambre-cable-thhn-thw-cu,cable-cobre-aislado-thhn-cu,https://cablescolombia.com/producto/cable-aislado-thhw-cu-n14-verde,https://multimedia02.s3.us-east-2.amazonaws.com/Produccion/tiendas/127/productos/689/619c333e58737025.webp,Cable Aislado Thhw Cu N14 Verde,2026-08-02,requiere_revision,requiere_permiso,"Inventario desde sitemap público. Validar SKU, ficha técnica, descripción propia, categoría Surtilec y permiso de imagen antes de importar.",,,,
CC-CABLE-AISLADO-THHW-CU-N12-AZUL,Cable Aislado Thhw Cu N12 Azul,alambre-cable-thhn-thw-cu,cable-cobre-aislado-thhn-cu,https://cablescolombia.com/producto/cable-aislado-thhw-cu-n12-azul,https://multimedia02.s3.us-east-2.amazonaws.com/Produccion/tiendas/127/productos/704/4f41b4f40f63e906.webp,Cable Aislado Thhw Cu N12 Azul,2026-08-02,requiere_revision,requiere_permiso,"Inventario desde sitemap público. Validar SKU, ficha técnica, descripción propia, categoría Surtilec y permiso de imagen antes de importar.",,,,
CC-CABLE-AISLADO-THHW-CU-N12-ROJO,Cable Aislado Thhw Cu N12 Rojo,alambre-cable-thhn-thw-cu,cable-cobre-aislado-thhn-cu,https://cablescolombia.com/producto/cable-aislado-thhw-cu-n12-rojo,https://multimedia02.s3.us-east-2.amazonaws.com/Produccion/tiendas/127/productos/706/04e8527e9c6bb72b.webp,Cable Aislado Thhw Cu N12 Rojo,2026-08-02,requiere_revision,requiere_permiso,"Inventario desde sitemap público. Validar SKU, ficha técnica, descripción propia, categoría Surtilec y permiso de imagen antes de importar.",,,,
CC-CABLE-AISLADO-THHW-CU-N12-NEGRO,Cable Aislado Thhw Cu N12 Negro,alambre-cable-thhn-thw-cu,cable-cobre-aislado-thhn-cu,https://cablescolombia.com/producto/cable-aislado-thhw-cu-n12-negro,https://multimedia02.s3.us-east-2.amazonaws.com/Produccion/tiendas/127/productos/707/d2b54c00bace8893.webp,Cable Aislado Thhw Cu N12 Negro,2026-08-02,requiere_revision,requiere_permiso,"Inventario desde sitemap público. Validar SKU, ficha técnica, descripción propia, categoría Surtilec y permiso de imagen antes de importar.",,,,
CC-CABLE-AISLADO-THHW-CU-N12-BLANCO,Cable Aislado Thhw Cu N12 Blanco,alambre-cable-thhn-thw-cu,cable-cobre-aislado-thhn-cu,https://cablescolombia.com/producto/cable-aislado-thhw-cu-n12-blanco,https://multimedia02.s3.us-east-2.amazonaws.com/Produccion/tiendas/127/productos/710/e5a883351c3d1301.webp,Cable Aislado Thhw Cu N12 Blanco,2026-08-02,requiere_revision,requiere_permiso,"Inventario desde sitemap público. Validar SKU, ficha técnica, descripción propia, categoría Surtilec y permiso de imagen antes de importar.",,,,
CC-CABLE-AISLADO-THHW-CU-N12-AMARILLO,Cable Aislado Thhw Cu N12 Amarillo,alambre-cable-thhn-thw-cu,cable-cobre-aislado-thhn-cu,https://cablescolombia.com/producto/cable-aislado-thhw-cu-n12-amarillo,https://multimedia02.s3.us-east-2.amazonaws.com/Produccion/tiendas/127/productos/712/bcc24b6b7d04a1d3.webp,Cable Aislado Thhw Cu N12 Amarillo,2026-08-02,requiere_revision,requiere_permiso,"Inventario desde sitemap público. Validar SKU, ficha técnica, descripción propia, categoría Surtilec y permiso de imagen antes de importar.",,,,
CC-CABLE-AISLADO-THHW-CU-N12-VERDE,Cable Aislado Thhw Cu N12 Verde,alambre-cable-thhn-thw-cu,cable-cobre-aislado-thhn-cu,https://cablescolombia.com/producto/cable-aislado-thhw-cu-n12-verde,https://multimedia02.s3.us-east-2.amazonaws.com/Produccion/tiendas/127/productos/713/fe3aef3da98e0ab3.webp,Cable Aislado Thhw Cu N12 Verde,2026-08-02,requiere_revision,requiere_permiso,"Inventario desde sitemap público. Validar SKU, ficha técnica, descripción propia, categoría Surtilec y permiso de imagen antes de importar.",,,,
CC-CABLE-AISLADO-THHW-CU-N10-BLANCO,Cable Aislado Thhw Cu N10 Blanco,alambre-cable-thhn-thw-cu,cable-cobre-aislado-thhn-cu,https://cablescolombia.com/producto/cable-aislado-thhw-cu-n10-blanco,https://multimedia02.s3.us-east-2.amazonaws.com/Produccion/tiendas/127/productos/717/93a6fe483e292909.webp,Cable Aislado Thhw Cu N10 Blanco,2026-08-02,requiere_revision,requiere_permiso,"Inventario desde sitemap público. Validar SKU, ficha técnica, descripción propia, categoría Surtilec y permiso de imagen antes de importar.",,,,
CC-CABLE-AISLADO-THHW-CU-N10-AMARILLO,Cable Aislado Thhw Cu N10 Amarillo,alambre-cable-thhn-thw-cu,cable-cobre-aislado-thhn-cu,https://cablescolombia.com/producto/cable-aislado-thhw-cu-n10-amarillo,https://multimedia02.s3.us-east-2.amazonaws.com/Produccion/tiendas/127/productos/719/0ed4783bc6b6b64f.webp,Cable Aislado Thhw Cu N10 Amarillo,2026-08-02,requiere_revision,requiere_permiso,"Inventario desde sitemap público. Validar SKU, ficha técnica, descripción propia, categoría Surtilec y permiso de imagen antes de importar.",,,,
CC-CABLE-AISLADO-THHW-CU-N10-ROJO,Cable Aislado Thhw Cu N10 Rojo,alambre-cable-thhn-thw-cu,cable-cobre-aislado-thhn-cu,https://cablescolombia.com/producto/cable-aislado-thhw-cu-n10-rojo,https://multimedia02.s3.us-east-2.amazonaws.com/Produccion/tiendas/127/productos/720/720361f62bee95fc.webp,Cable Aislado Thhw Cu N10 Rojo,2026-08-02,requiere_revision,requiere_permiso,"Inventario desde sitemap público. Validar SKU, ficha técnica, descripción propia, categoría Surtilec y permiso de imagen antes de importar.",,,,
CC-CABLE-AISLADO-THHW-CU-N10-AZUL,Cable Aislado Thhw Cu N10 Azul,alambre-cable-thhn-thw-cu,cable-cobre-aislado-thhn-cu,https://cablescolombia.com/producto/cable-aislado-thhw-cu-n10-azul,https://multimedia02.s3.us-east-2.amazonaws.com/Produccion/tiendas/127/productos/722/b6709ef13f1309b6.webp,Cable Aislado Thhw Cu N10 Azul,2026-08-02,requiere_revision,requiere_permiso,"Inventario desde sitemap público. Validar SKU, ficha técnica, descripción propia, categoría Surtilec y permiso de imagen antes de importar.",,,,
CC-CABLE-AISLADO-THHW-CU-N10-VERDE,Cable Aislado Thhw Cu N10 Verde,alambre-cable-thhn-thw-cu,cable-cobre-aislado-thhn-cu,https://cablescolombia.com/producto/cable-aislado-thhw-cu-n10-verde,https://multimedia02.s3.us-east-2.amazonaws.com/Produccion/tiendas/127/productos/725/16776796fd0bd1cc.webp,Cable Aislado Thhw Cu N10 Verde,2026-08-02,requiere_revision,requiere_permiso,"Inventario desde sitemap público. Validar SKU, ficha técnica, descripción propia, categoría Surtilec y permiso de imagen antes de importar.",,,,
CC-CABLE-AISLADO-THHW-CU-N10-NEGRO,Cable Aislado Thhw Cu N10 Negro,alambre-cable-thhn-thw-cu,cable-cobre-aislado-thhn-cu,https://cablescolombia.com/producto/cable-aislado-thhw-cu-n10-negro,https://multimedia02.s3.us-east-2.amazonaws.com/Produccion/tiendas/127/productos/726/fd02ee37d36510bb.webp,Cable Aislado Thhw Cu N10 Negro,2026-08-02,requiere_revision,requiere_permiso,"Inventario desde sitemap público. Validar SKU, ficha técnica, descripción propia, categoría Surtilec y permiso de imagen antes de importar.",,,,
CC-CABLE-AISLADO-THHW-CU-N8-VERDE,Cable Aislado Thhw Cu N8 Verde,alambre-cable-thhn-thw-cu,cable-cobre-aislado-thhn-cu,https://cablescolombia.com/producto/cable-aislado-thhw-cu-n8-verde,https://multimedia02.s3.us-east-2.amazonaws.com/Produccion/tiendas/127/productos/727/3328002d9ce85b1c.webp,Cable Aislado Thhw Cu N8 Verde,2026-08-02,requiere_revision,requiere_permiso,"Inventario desde sitemap público. Validar SKU, ficha técnica, descripción propia, categoría Surtilec y permiso de imagen antes de importar.",,,,
CC-CABLE-AISLADO-THHW-CU-N8-AZUL,Cable Aislado Thhw Cu N8 Azul,alambre-cable-thhn-thw-cu,cable-cobre-aislado-thhn-cu,https://cablescolombia.com/producto/cable-aislado-thhw-cu-n8-azul,https://multimedia02.s3.us-east-2.amazonaws.com/Produccion/tiendas/127/productos/729/7ad76cc281ce8f85.webp,Cable Aislado Thhw Cu N8 Azul,2026-08-02,requiere_revision,requiere_permiso,"Inventario desde sitemap público. Validar SKU, ficha técnica, descripción propia, categoría Surtilec y permiso de imagen antes de importar.",,,,
CC-CABLE-AISLADO-THHW-CU-N8-BLANCO,Cable Aislado Thhw Cu N8 Blanco,alambre-cable-thhn-thw-cu,cable-cobre-aislado-thhn-cu,https://cablescolombia.com/producto/cable-aislado-thhw-cu-n8-blanco,https://multimedia02.s3.us-east-2.amazonaws.com/Produccion/tiendas/127/productos/731/01415e15e04ba76d.webp,Cable Aislado Thhw Cu N8 Blanco,2026-08-02,requiere_revision,requiere_permiso,"Inventario desde sitemap público. Validar SKU, ficha técnica, descripción propia, categoría Surtilec y permiso de imagen antes de importar.",,,,
CC-CABLE-AISLADO-THHW-CU-N8-NEGRO,Cable Aislado Thhw Cu N8 Negro,alambre-cable-thhn-thw-cu,cable-cobre-aislado-thhn-cu,https://cablescolombia.com/producto/cable-aislado-thhw-cu-n8-negro,https://multimedia02.s3.us-east-2.amazonaws.com/Produccion/tiendas/127/productos/734/0c2e8ef7b0a0f7b8.webp,Cable Aislado Thhw Cu N8 Negro,2026-08-02,requiere_revision,requiere_permiso,"Inventario desde sitemap público. Validar SKU, ficha técnica, descripción propia, categoría Surtilec y permiso de imagen antes de importar.",,,,
CC-CABLE-AISLADO-THHW-CU-N8-ROJO,Cable Aislado Thhw Cu N8 Rojo,alambre-cable-thhn-thw-cu,cable-cobre-aislado-thhn-cu,https://cablescolombia.com/producto/cable-aislado-thhw-cu-n8-rojo,https://multimedia02.s3.us-east-2.amazonaws.com/Produccion/tiendas/127/productos/736/fc125d3027ffecb3.webp,Cable Aislado Thhw Cu N8 Rojo,2026-08-02,requiere_revision,requiere_permiso,"Inventario desde sitemap público. Validar SKU, ficha técnica, descripción propia, categoría Surtilec y permiso de imagen antes de importar.",,,,
CC-CABLE-AISLADO-THHW-CU-N8-AMARILLO,Cable Aislado Thhw Cu N8 Amarillo,alambre-cable-thhn-thw-cu,cable-cobre-aislado-thhn-cu,https://cablescolombia.com/producto/cable-aislado-thhw-cu-n8-amarillo,https://multimedia02.s3.us-east-2.amazonaws.com/Produccion/tiendas/127/productos/739/4645a54077c9f9e8.webp,Cable Aislado Thhw Cu N8 Amarillo,2026-08-02,requiere_revision,requiere_permiso,"Inventario desde sitemap público. Validar SKU, ficha técnica, descripción propia, categoría Surtilec y permiso de imagen antes de importar.",,,,
CC-CABLE-AISLADO-THHW-CU-3X12-TRENZADO-ROJO,Cable Aislado Thhw Cu 3X12 Trenzado Rojo,alambre-cable-thhn-thw-cu,cable-cobre-aislado-thhn-cu,https://cablescolombia.com/producto/cable-aislado-thhw-cu-3x12-trenzado-rojo,https://multimedia02.s3.us-east-2.amazonaws.com/Produccion/tiendas/127/productos/741/851717376fbfacc5.webp,Cable Aislado Thhw Cu 3X12 Trenzado Rojo,2026-08-02,requiere_revision,requiere_permiso,"Inventario desde sitemap público. Validar SKU, ficha técnica, descripción propia, categoría Surtilec y permiso de imagen antes de importar.",,,,
CC-CABLE-AISLADO-THHW-CU-3X12-TRENZADO-AZUL,Cable Aislado Thhw Cu 3X12 Trenzado Azul,alambre-cable-thhn-thw-cu,cable-cobre-aislado-thhn-cu,https://cablescolombia.com/producto/cable-aislado-thhw-cu-3x12-trenzado-azul,https://multimedia02.s3.us-east-2.amazonaws.com/Produccion/tiendas/127/productos/743/3d89d4513f53e29d.webp,Cable Aislado Thhw Cu 3X12 Trenzado Azul,2026-08-02,requiere_revision,requiere_permiso,"Inventario desde sitemap público. Validar SKU, ficha técnica, descripción propia, categoría Surtilec y permiso de imagen antes de importar.",,,,
CC-CABLE-AISLADO-THHW-CU-N6-AMARILLO,Cable Aislado Thhw Cu N6 Amarillo,alambre-cable-thhn-thw-cu,cable-cobre-aislado-thhn-cu,https://cablescolombia.com/producto/cable-aislado-thhw-cu-n6-amarillo,https://multimedia02.s3.us-east-2.amazonaws.com/Produccion/tiendas/127/productos/744/fef77ec712cb76bd.webp,Cable Aislado Thhw Cu N6 Amarillo,2026-08-02,requiere_revision,requiere_permiso,"Inventario desde sitemap público. Validar SKU, ficha técnica, descripción propia, categoría Surtilec y permiso de imagen antes de importar.",,,,
CC-CABLE-AISLADO-THHW-CU-N6-AZUL,Cable Aislado Thhw Cu N6 Azul,alambre-cable-thhn-thw-cu,cable-cobre-aislado-thhn-cu,https://cablescolombia.com/producto/cable-aislado-thhw-cu-n6-azul,https://multimedia02.s3.us-east-2.amazonaws.com/Produccion/tiendas/127/productos/745/6db0a009e08d68cd.webp,Cable Aislado Thhw Cu N6 Azul,2026-08-02,requiere_revision,requiere_permiso,"Inventario desde sitemap público. Validar SKU, ficha técnica, descripción propia, categoría Surtilec y permiso de imagen antes de importar.",,,,
CC-CABLE-AISLADO-THHW-CU-N6-BLANCO,Cable Aislado Thhw Cu N6 Blanco,alambre-cable-thhn-thw-cu,cable-cobre-aislado-thhn-cu,https://cablescolombia.com/producto/cable-aislado-thhw-cu-n6-blanco,https://multimedia02.s3.us-east-2.amazonaws.com/Produccion/tiendas/127/productos/747/4582752fad8a5922.webp,Cable Aislado Thhw Cu N6 Blanco,2026-08-02,requiere_revision,requiere_permiso,"Inventario desde sitemap público. Validar SKU, ficha técnica, descripción propia, categoría Surtilec y permiso de imagen antes de importar.",,,,
CC-CABLE-AISLADO-THHW-CU-N6-NEGRO,Cable Aislado Thhw Cu N6 Negro,alambre-cable-thhn-thw-cu,cable-cobre-aislado-thhn-cu,https://cablescolombia.com/producto/cable-aislado-thhw-cu-n6-negro,https://multimedia02.s3.us-east-2.amazonaws.com/Produccion/tiendas/127/productos/748/f8b0b8a7e3378afa.webp,Cable Aislado Thhw Cu N6 Negro,2026-08-02,requiere_revision,requiere_permiso,"Inventario desde sitemap público. Validar SKU, ficha técnica, descripción propia, categoría Surtilec y permiso de imagen antes de importar.",,,,
CC-CABLE-AISLADO-THHW-CU-N6-ROJO,Cable Aislado Thhw Cu N6 Rojo,alambre-cable-thhn-thw-cu,cable-cobre-aislado-thhn-cu,https://cablescolombia.com/producto/cable-aislado-thhw-cu-n6-rojo,https://multimedia02.s3.us-east-2.amazonaws.com/Produccion/tiendas/127/productos/752/1caa0c4731911e6c.webp,Cable Aislado Thhw Cu N6 Rojo,2026-08-02,requiere_revision,requiere_permiso,"Inventario desde sitemap público. Validar SKU, ficha técnica, descripción propia, categoría Surtilec y permiso de imagen antes de importar.",,,,
CC-CABLE-AISLADO-THHW-CU-N6-VERDE,Cable Aislado Thhw Cu N6 Verde,alambre-cable-thhn-thw-cu,cable-cobre-aislado-thhn-cu,https://cablescolombia.com/producto/cable-aislado-thhw-cu-n6-verde,https://multimedia02.s3.us-east-2.amazonaws.com/Produccion/tiendas/127/productos/754/83d7473503ab5334.webp,Cable Aislado Thhw Cu N6 Verde,2026-08-02,requiere_revision,requiere_permiso,"Inventario desde sitemap público. Validar SKU, ficha técnica, descripción propia, categoría Surtilec y permiso de imagen antes de importar.",,,,
CC-CABLE-AISLADO-THHW-CU-N4,Cable Aislado Thhw Cu N4,alambre-cable-thhn-thw-cu,cable-cobre-aislado-thhn-cu,https://cablescolombia.com/producto/cable-aislado-thhw-cu-n4,https://multimedia02.s3.us-east-2.amazonaws.com/Produccion/tiendas/127/productos/757/cea5e11ce2d8c19e.webp,Cable Aislado Thhw Cu N4,2026-08-02,requiere_revision,requiere_permiso,"Inventario desde sitemap público. Validar SKU, ficha técnica, descripción propia, categoría Surtilec y permiso de imagen antes de importar.",,,,
CC-CABLE-AISLADO-THHW-CU-N2,Cable Aislado Thhw Cu N2,alambre-cable-thhn-thw-cu,cable-cobre-aislado-thhn-cu,https://cablescolombia.com/producto/cable-aislado-thhw-cu-n2,https://multimedia02.s3.us-east-2.amazonaws.com/Produccion/tiendas/127/productos/759/4ce3ff103a84741d.webp,Cable Aislado Thhw Cu N2,2026-08-02,requiere_revision,requiere_permiso,"Inventario desde sitemap público. Validar SKU, ficha técnica, descripción propia, categoría Surtilec y permiso de imagen antes de importar.",,,,
CC-CABLE-AISLADO-THHW-CU-1-0,Cable Aislado Thhw Cu 1/0,alambre-cable-thhn-thw-cu,cable-cobre-aislado-thhn-cu,https://cablescolombia.com/producto/cable-aislado-thhw-cu-1-0,https://multimedia02.s3.us-east-2.amazonaws.com/Produccion/tiendas/127/productos/761/5a0dcd6f9d2dc999.webp,Cable Aislado Thhw Cu 1/0,2026-08-02,requiere_revision,requiere_permiso,"Inventario desde sitemap público. Validar SKU, ficha técnica, descripción propia, categoría Surtilec y permiso de imagen antes de importar.",,,,
CC-CABLE-AISLADO-THHW-CU-2-0,Cable Aislado Thhw Cu 2/0,alambre-cable-thhn-thw-cu,cable-cobre-aislado-thhn-cu,https://cablescolombia.com/producto/cable-aislado-thhw-cu-2-0,https://multimedia02.s3.us-east-2.amazonaws.com/Produccion/tiendas/127/productos/764/c1b89d1abd0760bc.webp,Cable Aislado Thhw Cu 2/0,2026-08-02,requiere_revision,requiere_permiso,"Inventario desde sitemap público. Validar SKU, ficha técnica, descripción propia, categoría Surtilec y permiso de imagen antes de importar.",,,,
CC-CABLE-AISLADO-THHW-CU-3-0,Cable Aislado Thhw Cu 3/0,alambre-cable-thhn-thw-cu,cable-cobre-aislado-thhn-cu,https://cablescolombia.com/producto/cable-aislado-thhw-cu-3-0,https://multimedia02.s3.us-east-2.amazonaws.com/Produccion/tiendas/127/productos/767/edec87cf0e00f4c9.webp,Cable Aislado Thhw Cu 3/0,2026-08-02,requiere_revision,requiere_permiso,"Inventario desde sitemap público. Validar SKU, ficha técnica, descripción propia, categoría Surtilec y permiso de imagen antes de importar.",,,,
CC-CABLE-AISLADO-THHW-CU-4-0,Cable Aislado Thhw Cu 4/0,alambre-cable-thhn-thw-cu,cable-cobre-aislado-thhn-cu,https://cablescolombia.com/producto/cable-aislado-thhw-cu-4-0,https://multimedia02.s3.us-east-2.amazonaws.com/Produccion/tiendas/127/productos/771/4d8736fca8a7316e.webp,Cable Aislado Thhw Cu 4/0,2026-08-02,requiere_revision,requiere_permiso,"Inventario desde sitemap público. Validar SKU, ficha técnica, descripción propia, categoría Surtilec y permiso de imagen antes de importar.",,,,
CC-CABLE-AISLADO-THHW-CU-250MCM,Cable Aislado Thhw Cu 250MCM,alambre-cable-thhn-thw-cu,cable-cobre-aislado-thhn-cu,https://cablescolombia.com/producto/cable-aislado-thhw-cu-250mcm,https://multimedia02.s3.us-east-2.amazonaws.com/Produccion/tiendas/127/productos/772/ce25377245440b41.webp,Cable Aislado Thhw Cu 250MCM,2026-08-02,requiere_revision,requiere_permiso,"Inventario desde sitemap público. Validar SKU, ficha técnica, descripción propia, categoría Surtilec y permiso de imagen antes de importar.",,,,
CC-CABLE-AISLADO-THHW-CU-350MCM,Cable Aislado Thhw Cu 350MCM,alambre-cable-thhn-thw-cu,cable-cobre-aislado-thhn-cu,https://cablescolombia.com/producto/cable-aislado-thhw-cu-350mcm,https://multimedia02.s3.us-east-2.amazonaws.com/Produccion/tiendas/127/productos/774/420ac957835b78ac.webp,Cable Aislado Thhw Cu 350MCM,2026-08-02,requiere_revision,requiere_permiso,"Inventario desde sitemap público. Validar SKU, ficha técnica, descripción propia, categoría Surtilec y permiso de imagen antes de importar.",,,,
CC-CABLE-AISLADO-THHW-CU-500MCM,Cable Aislado Thhw Cu 500MCM,alambre-cable-thhn-thw-cu,cable-cobre-aislado-thhn-cu,https://cablescolombia.com/producto/cable-aislado-thhw-cu-500mcm,https://multimedia02.s3.us-east-2.amazonaws.com/Produccion/tiendas/127/productos/775/0e7f196eb5f6dbdb.webp,Cable Aislado Thhw Cu 500MCM,2026-08-02,requiere_revision,requiere_permiso,"Inventario desde sitemap público. Validar SKU, ficha técnica, descripción propia, categoría Surtilec y permiso de imagen antes de importar.",,,,
CC-CABLE-AISLADO-THHW-CU-400MCM,Cable Aislado Thhw Cu 400MCM,alambre-cable-thhn-thw-cu,cable-cobre-aislado-thhn-cu,https://cablescolombia.com/producto/cable-aislado-thhw-cu-400mcm,https://multimedia02.s3.us-east-2.amazonaws.com/Produccion/tiendas/127/productos/776/7d061d879c7e1254.webp,Cable Aislado Thhw Cu 400MCM,2026-08-02,requiere_revision,requiere_permiso,"Inventario desde sitemap público. Validar SKU, ficha técnica, descripción propia, categoría Surtilec y permiso de imagen antes de importar.",,,,
CC-CABLE-AISLADO-THHW-CU-N14-AMARILLO,Cable Aislado Thhw Cu N14 Amarillo,alambre-cable-thhn-thw-cu,cable-cobre-aislado-thhn-cu,https://cablescolombia.com/producto/cable-aislado-thhw-cu-n14-amarillo,https://multimedia02.s3.us-east-2.amazonaws.com/Produccion/tiendas/127/productos/38427/93ddb2136349c41d.webp,Cable Aislado Thhw Cu N14 Amarillo,2026-08-02,requiere_revision,requiere_permiso,"Inventario desde sitemap público. Validar SKU, ficha técnica, descripción propia, categoría Surtilec y permiso de imagen antes de importar.",,,,
CC-ALAMBRE-DESNUDO-N14-X-METRO,Alambre Desnudo N14 x Metro,alambre-cable-thhn-thw-cu,alambre-de-cobre-desnudo,https://cablescolombia.com/producto/alambre-desnudo-n14-x-metro,https://multimedia02.s3.us-east-2.amazonaws.com/Produccion/tiendas/127/productos/375/ebe10db747fadd35.webp,Alambre Desnudo N14 x Metro,2026-08-02,requiere_revision,requiere_permiso,"Inventario desde sitemap público. Validar SKU, ficha técnica, descripción propia, categoría Surtilec y permiso de imagen antes de importar.",,,,
CC-ALAMBRE-DESNUDO-N12-X-METRO,Alambre Desnudo N12 x Metro,alambre-cable-thhn-thw-cu,alambre-de-cobre-desnudo,https://cablescolombia.com/producto/alambre-desnudo-n12-x-metro,https://multimedia02.s3.us-east-2.amazonaws.com/Produccion/tiendas/127/productos/377/a9f55eb04c4e257c.webp,Alambre Desnudo N12 x Metro,2026-08-02,requiere_revision,requiere_permiso,"Inventario desde sitemap público. Validar SKU, ficha técnica, descripción propia, categoría Surtilec y permiso de imagen antes de importar.",10011460,Alambre Desnudo N12 x Metro,https://cablescolombia.com/categoria/alambre-cable-thhn-thw-cu/alambre-de-cobre-desnudo,https://multimedia02.s3.us-east-2.amazonaws.com/Produccion/tiendas/127/productos/377/thumb/cd2ffc67917c17bb38eda5967b63a0c6.webp
CC-ALAMBRE-DESNUDO-N10-X-METRO,Alambre Desnudo N10 x Metro,alambre-cable-thhn-thw-cu,alambre-de-cobre-desnudo,https://cablescolombia.com/producto/alambre-desnudo-n10-x-metro,https://multimedia02.s3.us-east-2.amazonaws.com/Produccion/tiendas/127/productos/379/e52d8b2fb5a80f16.webp,Alambre Desnudo N10 x Metro,2026-08-02,requiere_revision,requiere_permiso,"Inventario desde sitemap público. Validar SKU, ficha técnica, descripción propia, categoría Surtilec y permiso de imagen antes de importar.",,,,
CC-ALAMBRE-DESNUDO-N8-X-METRO,Alambre Desnudo N8 x Metro,alambre-cable-thhn-thw-cu,alambre-de-cobre-desnudo,https://cablescolombia.com/producto/alambre-desnudo-n8-x-metro,https://multimedia02.s3.us-east-2.amazonaws.com/Produccion/tiendas/127/productos/380/9b71a3ee9484c1d1.webp,Alambre Desnudo N8 x Metro,2026-08-02,requiere_revision,requiere_permiso,"Inventario desde sitemap público. Validar SKU, ficha técnica, descripción propia, categoría Surtilec y permiso de imagen antes de importar.",,,,
CC-CABLE-DESNUDO-COBRE-N14,Cable Desnudo Cobre N14,alambre-cable-thhn-thw-cu,cable-cobre-desnudo-suave-cu,https://cablescolombia.com/producto/cable-desnudo-cobre-n14,https://multimedia02.s3.us-east-2.amazonaws.com/Produccion/tiendas/127/productos/402/f292ca41ea42c0b416128eb7309c2ab4.webp,Cable Desnudo Cobre N14,2026-08-02,requiere_revision,requiere_permiso,"Inventario desde sitemap público. Validar SKU, ficha técnica, descripción propia, categoría Surtilec y permiso de imagen antes de importar.",,,,
CC-CABLE-DESNUDO-COBRE-N12,Cable Desnudo Cobre N12,alambre-cable-thhn-thw-cu,cable-cobre-desnudo-suave-cu,https://cablescolombia.com/producto/cable-desnudo-cobre-n12,https://multimedia02.s3.us-east-2.amazonaws.com/Produccion/tiendas/127/productos/406/2bb04e5250404cbaf8d85390b3b73b31.webp,Cable Desnudo Cobre N12,2026-08-02,requiere_revision,requiere_permiso,"Inventario desde sitemap público. Validar SKU, ficha técnica, descripción propia, categoría Surtilec y permiso de imagen antes de importar.",,,,
CC-CABLE-DESNUDO-COBRE-N10,Cable Desnudo Cobre N10,alambre-cable-thhn-thw-cu,cable-cobre-desnudo-suave-cu,https://cablescolombia.com/producto/cable-desnudo-cobre-n10,https://multimedia02.s3.us-east-2.amazonaws.com/Produccion/tiendas/127/productos/456/1783b57f0a75c36508473dcf69e35a07.webp,Cable Desnudo Cobre N10,2026-08-02,requiere_revision,requiere_permiso,"Inventario desde sitemap público. Validar SKU, ficha técnica, descripción propia, categoría Surtilec y permiso de imagen antes de importar.",,,,
CC-CABLE-DESNUDO-COBRE-N8,Cable Desnudo Cobre N8,alambre-cable-thhn-thw-cu,cable-cobre-desnudo-suave-cu,https://cablescolombia.com/producto/cable-desnudo-cobre-n8,https://multimedia02.s3.us-east-2.amazonaws.com/Produccion/tiendas/127/productos/458/452313214fe3b6d0e5f8f8ccf8f47e0d.webp,Cable Desnudo Cobre N8,2026-08-02,requiere_revision,requiere_permiso,"Inventario desde sitemap público. Validar SKU, ficha técnica, descripción propia, categoría Surtilec y permiso de imagen antes de importar.",,,,
CC-CABLE-DESNUDO-COBRE-N6,Cable Desnudo Cobre N6,alambre-cable-thhn-thw-cu,cable-cobre-desnudo-suave-cu,https://cablescolombia.com/producto/cable-desnudo-cobre-n6,https://multimedia02.s3.us-east-2.amazonaws.com/Produccion/tiendas/127/productos/461/9f5f60523a476317ba43689e968f2288.webp,Cable Desnudo Cobre N6,2026-08-02,requiere_revision,requiere_permiso,"Inventario desde sitemap público. Validar SKU, ficha técnica, descripción propia, categoría Surtilec y permiso de imagen antes de importar.",,,,
CC-CABLE-DESNUDO-COBRE-N4,Cable Desnudo Cobre N4,alambre-cable-thhn-thw-cu,cable-cobre-desnudo-suave-cu,https://cablescolombia.com/producto/cable-desnudo-cobre-n4,https://multimedia02.s3.us-east-2.amazonaws.com/Produccion/tiendas/127/productos/462/e38fa0f0335b773cc08621c79cd9ceae.webp,Cable Desnudo Cobre N4,2026-08-02,requiere_revision,requiere_permiso,"Inventario desde sitemap público. Validar SKU, ficha técnica, descripción propia, categoría Surtilec y permiso de imagen antes de importar.",,,,
CC-CABLE-DESNUDO-COBRE-N2,Cable Desnudo Cobre N2,alambre-cable-thhn-thw-cu,cable-cobre-desnudo-suave-cu,https://cablescolombia.com/producto/cable-desnudo-cobre-n2,https://multimedia02.s3.us-east-2.amazonaws.com/Produccion/tiendas/127/productos/463/1ac903fd40ccfffb6782bbbb2e556fc0.webp,Cable Desnudo Cobre N2,2026-08-02,requiere_revision,requiere_permiso,"Inventario desde sitemap público. Validar SKU, ficha técnica, descripción propia, categoría Surtilec y permiso de imagen antes de importar.",,,,
CC-CABLE-DESNUDO-COBRE-1-0,Cable Desnudo Cobre 1/0,alambre-cable-thhn-thw-cu,cable-cobre-desnudo-suave-cu,https://cablescolombia.com/producto/cable-desnudo-cobre-1-0,https://multimedia02.s3.us-east-2.amazonaws.com/Produccion/tiendas/127/productos/464/e3f23be4e7ceb219b468dc9645970e81.webp,Cable Desnudo Cobre 1/0,2026-08-02,requiere_revision,requiere_permiso,"Inventario desde sitemap público. Validar SKU, ficha técnica, descripción propia, categoría Surtilec y permiso de imagen antes de importar.",,,,
CC-CABLE-DESNUDO-COBRE-2-0,Cable Desnudo Cobre 2/0,alambre-cable-thhn-thw-cu,cable-cobre-desnudo-suave-cu,https://cablescolombia.com/producto/cable-desnudo-cobre-2-0,https://multimedia02.s3.us-east-2.amazonaws.com/Produccion/tiendas/127/productos/465/2b934e0c5c38c63855e2afd14d26ee64.webp,Cable Desnudo Cobre 2/0,2026-08-02,requiere_revision,requiere_permiso,"Inventario desde sitemap público. Validar SKU, ficha técnica, descripción propia, categoría Surtilec y permiso de imagen antes de importar.",,,,
CC-CABLE-DESNUDO-COBRE-4-0,Cable Desnudo Cobre 4/0,alambre-cable-thhn-thw-cu,cable-cobre-desnudo-suave-cu,https://cablescolombia.com/producto/cable-desnudo-cobre-4-0,https://multimedia02.s3.us-east-2.amazonaws.com/Produccion/tiendas/127/productos/467/94a83a466f404dad4c9fceb504b93308.webp,Cable Desnudo Cobre 4/0,2026-08-02,requiere_revision,requiere_permiso,"Inventario desde sitemap público. Validar SKU, ficha técnica, descripción propia, categoría Surtilec y permiso de imagen antes de importar.",,,,
CC-CABLE-DESNUDO-COBRE-3-0-3,Cable Desnudo Cobre 3/0,alambre-cable-thhn-thw-cu,cable-cobre-desnudo-suave-cu,https://cablescolombia.com/producto/cable-desnudo-cobre-3-0_3,https://multimedia02.s3.us-east-2.amazonaws.com/Produccion/tiendas/127/productos/468/c87d86ac4f91e430.webp,Cable Desnudo Cobre 3/0,2026-08-02,requiere_revision,requiere_permiso,"Inventario desde sitemap público. Validar SKU, ficha técnica, descripción propia, categoría Surtilec y permiso de imagen antes de importar.",,,,
CC-CABLE-LIBRE-DE-HALOGENO-N14-AMARILLO-CU,Cable Libre de Halógeno N14 Amarillo Cu,alambre-cable-thhn-thw-cu,-cable-cobre-aislado-thhn-libre-de-halogeno-cu,https://cablescolombia.com/producto/cable-libre-de-halogeno-n14-amarillo-cu,https://multimedia02.s3.us-east-2.amazonaws.com/Produccion/tiendas/127/productos/593/5af19dab4d2befc5.webp,Cable Libre de Halógeno N14 Amarillo Cu,2026-08-02,requiere_revision,requiere_permiso,"Inventario desde sitemap público. Validar SKU, ficha técnica, descripción propia, categoría Surtilec y permiso de imagen antes de importar.",,,,
CC-CABLE-LIBRE-DE-HALOGENO-N14-AZUL-CU,Cable Libre de Halógeno N14 Azul Cu,alambre-cable-thhn-thw-cu,-cable-cobre-aislado-thhn-libre-de-halogeno-cu,https://cablescolombia.com/producto/cable-libre-de-halogeno-n14-azul-cu,https://multimedia02.s3.us-east-2.amazonaws.com/Produccion/tiendas/127/productos/595/e676143650629eb1.webp,Cable Libre de Halógeno N14 Azul Cu,2026-08-02,requiere_revision,requiere_permiso,"Inventario desde sitemap público. Validar SKU, ficha técnica, descripción propia, categoría Surtilec y permiso de imagen antes de importar.",,,,
CC-CABLE-LIBRE-DE-HALOGENO-N14-BLANCO-CU,Cable Libre de Halógeno N14 Blanco Cu,alambre-cable-thhn-thw-cu,-cable-cobre-aislado-thhn-libre-de-halogeno-cu,https://cablescolombia.com/producto/cable-libre-de-halogeno-n14-blanco-cu,https://multimedia02.s3.us-east-2.amazonaws.com/Produccion/tiendas/127/productos/597/271160fcb72352fc.webp,Cable Libre de Halógeno N14 Blanco Cu,2026-08-02,requiere_revision,requiere_permiso,"Inventario desde sitemap público. Validar SKU, ficha técnica, descripción propia, categoría Surtilec y permiso de imagen antes de importar.",,,,
CC-CABLE-LIBRE-DE-HALOGENO-N14-NEGRO-CU,Cable Libre de Halógeno N14 Negro Cu,alambre-cable-thhn-thw-cu,-cable-cobre-aislado-thhn-libre-de-halogeno-cu,https://cablescolombia.com/producto/cable-libre-de-halogeno-n14-negro-cu,https://multimedia02.s3.us-east-2.amazonaws.com/Produccion/tiendas/127/productos/599/b4f68cdc7a04c1d7.webp,Cable Libre de Halógeno N14 Negro Cu,2026-08-02,requiere_revision,requiere_permiso,"Inventario desde sitemap público. Validar SKU, ficha técnica, descripción propia, categoría Surtilec y permiso de imagen antes de importar.",,,,
CC-CABLE-LIBRE-DE-HALOGENO-N14-ROJO-CU,Cable Libre de Halógeno N14 Rojo Cu,alambre-cable-thhn-thw-cu,-cable-cobre-aislado-thhn-libre-de-halogeno-cu,https://cablescolombia.com/producto/cable-libre-de-halogeno-n14-rojo-cu,https://multimedia02.s3.us-east-2.amazonaws.com/Produccion/tiendas/127/productos/600/192f6c0dbb8db927.webp,Cable Libre de Halógeno N14 Rojo Cu,2026-08-02,requiere_revision,requiere_permiso,"Inventario desde sitemap público. Validar SKU, ficha técnica, descripción propia, categoría Surtilec y permiso de imagen antes de importar.",,,,
CC-CABLE-LIBRE-DE-HALOGENO-N14-VERDE-CU,Cable Libre de Halógeno N14 Verde Cu,alambre-cable-thhn-thw-cu,-cable-cobre-aislado-thhn-libre-de-halogeno-cu,https://cablescolombia.com/producto/cable-libre-de-halogeno-n14-verde-cu,https://multimedia02.s3.us-east-2.amazonaws.com/Produccion/tiendas/127/productos/602/3f48c77d0b5b3852.webp,Cable Libre de Halógeno N14 Verde Cu,2026-08-02,requiere_revision,requiere_permiso,"Inventario desde sitemap público. Validar SKU, ficha técnica, descripción propia, categoría Surtilec y permiso de imagen antes de importar.",,,,
CC-CABLE-LIBRE-DE-HALOGENO-N12-NEGRO-CU,Cable Libre de Halógeno N12 Negro Cu,alambre-cable-thhn-thw-cu,-cable-cobre-aislado-thhn-libre-de-halogeno-cu,https://cablescolombia.com/producto/cable-libre-de-halogeno-n12-negro-cu,https://multimedia02.s3.us-east-2.amazonaws.com/Produccion/tiendas/127/productos/603/14ca72c70aa9d723.webp,Cable Libre de Halógeno N12 Negro Cu,2026-08-02,requiere_revision,requiere_permiso,"Inventario desde sitemap público. Validar SKU, ficha técnica, descripción propia, categoría Surtilec y permiso de imagen antes de importar.",,,,
CC-CABLE-LIBRE-DE-HALOGENO-N12-AMARILLO,Cable Libre de Halógeno N12 Amarillo,alambre-cable-thhn-thw-cu,-cable-cobre-aislado-thhn-libre-de-halogeno-cu,https://cablescolombia.com/producto/cable-libre-de-halogeno-n12-amarillo,https://multimedia02.s3.us-east-2.amazonaws.com/Produccion/tiendas/127/productos/604/8b92cdd1b3ce8323.webp,Cable Libre de Halógeno N12 Amarillo,2026-08-02,requiere_revision,requiere_permiso,"Inventario desde sitemap público. Validar SKU, ficha técnica, descripción propia, categoría Surtilec y permiso de imagen antes de importar.",,,,
CC-CABLE-LIBRE-DE-HALOGENO-N12-AZUL-CU,Cable Libre de Halógeno N12 Azul Cu,alambre-cable-thhn-thw-cu,-cable-cobre-aislado-thhn-libre-de-halogeno-cu,https://cablescolombia.com/producto/cable-libre-de-halogeno-n12-azul-cu,https://multimedia02.s3.us-east-2.amazonaws.com/Produccion/tiendas/127/productos/605/126738e82bca49fe.webp,Cable Libre de Halógeno N12 Azul Cu,2026-08-02,requiere_revision,requiere_permiso,"Inventario desde sitemap público. Validar SKU, ficha técnica, descripción propia, categoría Surtilec y permiso de imagen antes de importar.",,,,
CC-CABLE-LIBRE-DE-HALOGENO-N12-BLANCO-CU,Cable Libre de Halógeno N12 Blanco Cu,alambre-cable-thhn-thw-cu,-cable-cobre-aislado-thhn-libre-de-halogeno-cu,https://cablescolombia.com/producto/cable-libre-de-halogeno-n12-blanco-cu,https://multimedia02.s3.us-east-2.amazonaws.com/Produccion/tiendas/127/productos/606/3fa947a960a76098.webp,Cable Libre de Halógeno N12 Blanco Cu,2026-08-02,requiere_revision,requiere_permiso,"Inventario desde sitemap público. Validar SKU, ficha técnica, descripción propia, categoría Surtilec y permiso de imagen antes de importar.",,,,
CC-CABLE-LIBRE-DE-HALOGENO-N12-ROJO-CU,Cable Libre de Halógeno N12 Rojo Cu,alambre-cable-thhn-thw-cu,-cable-cobre-aislado-thhn-libre-de-halogeno-cu,https://cablescolombia.com/producto/cable-libre-de-halogeno-n12-rojo-cu,https://multimedia02.s3.us-east-2.amazonaws.com/Produccion/tiendas/127/productos/607/4a294cc488349462.webp,Cable Libre de Halógeno N12 Rojo Cu,2026-08-02,requiere_revision,requiere_permiso,"Inventario desde sitemap público. Validar SKU, ficha técnica, descripción propia, categoría Surtilec y permiso de imagen antes de importar.",,,,
CC-CABLE-LIBRE-DE-HALOGENO-N12-VERDE-CU,Cable Libre de Halógeno N12 Verde Cu,alambre-cable-thhn-thw-cu,-cable-cobre-aislado-thhn-libre-de-halogeno-cu,https://cablescolombia.com/producto/cable-libre-de-halogeno-n12-verde-cu,https://multimedia02.s3.us-east-2.amazonaws.com/Produccion/tiendas/127/productos/608/e99fed4d2bdc9f13.webp,Cable Libre de Halógeno N12 Verde Cu,2026-08-02,requiere_revision,requiere_permiso,"Inventario desde sitemap público. Validar SKU, ficha técnica, descripción propia, categoría Surtilec y permiso de imagen antes de importar.",,,,
CC-CABLE-LIBRE-DE-HALOGENO-N10-AMARILLO-CU,Cable Libre de Halógeno N10 Amarillo Cu,alambre-cable-thhn-thw-cu,-cable-cobre-aislado-thhn-libre-de-halogeno-cu,https://cablescolombia.com/producto/cable-libre-de-halogeno-n10-amarillo-cu,https://multimedia02.s3.us-east-2.amazonaws.com/Produccion/tiendas/127/productos/609/4c54606f8239b631.webp,Cable Libre de Halógeno N10 Amarillo Cu,2026-08-02,requiere_revision,requiere_permiso,"Inventario desde sitemap público. Validar SKU, ficha técnica, descripción propia, categoría Surtilec y permiso de imagen antes de importar.",,,,
CC-CABLE-LIBRE-DE-HALOGENO-N10-AZUL-CU,Cable Libre de Halógeno N10 Azul Cu,alambre-cable-thhn-thw-cu,-cable-cobre-aislado-thhn-libre-de-halogeno-cu,https://cablescolombia.com/producto/cable-libre-de-halogeno-n10-azul-cu,https://multimedia02.s3.us-east-2.amazonaws.com/Produccion/tiendas/127/productos/611/5f1ce5c9e82a07b4.webp,Cable Libre de Halógeno N10 Azul Cu,2026-08-02,requiere_revision,requiere_permiso,"Inventario desde sitemap público. Validar SKU, ficha técnica, descripción propia, categoría Surtilec y permiso de imagen antes de importar.",,,,
CC-CABLE-LIBRE-DE-HALOGENO-N10-BLANCO-CU-6,Cable Libre de Halógeno N10 Blanco Cu,alambre-cable-thhn-thw-cu,-cable-cobre-aislado-thhn-libre-de-halogeno-cu,https://cablescolombia.com/producto/cable-libre-de-halogeno-n10-blanco-cu_6,https://multimedia02.s3.us-east-2.amazonaws.com/Produccion/tiendas/127/productos/612/6e78b41705aea472.webp,Cable Libre de Halógeno N10 Blanco Cu,2026-08-02,requiere_revision,requiere_permiso,"Inventario desde sitemap público. Validar SKU, ficha técnica, descripción propia, categoría Surtilec y permiso de imagen antes de importar.",,,,
CC-CABLE-LIBRE-DE-HALOGENO-N10-NEGRO-CU,Cable Libre de Halógeno N10 Negro Cu,alambre-cable-thhn-thw-cu,-cable-cobre-aislado-thhn-libre-de-halogeno-cu,https://cablescolombia.com/producto/cable-libre-de-halogeno-n10-negro-cu,https://multimedia02.s3.us-east-2.amazonaws.com/Produccion/tiendas/127/productos/614/ea21e4f3cb10163f.webp,Cable Libre de Halógeno N10 Negro Cu,2026-08-02,requiere_revision,requiere_permiso,"Inventario desde sitemap público. Validar SKU, ficha técnica, descripción propia, categoría Surtilec y permiso de imagen antes de importar.",,,,
CC-CABLE-LIBRE-DE-HALOGENO-N10-ROJO-CU,Cable Libre de Halógeno N10 Rojo Cu,alambre-cable-thhn-thw-cu,-cable-cobre-aislado-thhn-libre-de-halogeno-cu,https://cablescolombia.com/producto/cable-libre-de-halogeno-n10-rojo-cu,https://multimedia02.s3.us-east-2.amazonaws.com/Produccion/tiendas/127/productos/615/e35cc1069db1a61c.webp,Cable Libre de Halógeno N10 Rojo Cu,2026-08-02,requiere_revision,requiere_permiso,"Inventario desde sitemap público. Validar SKU, ficha técnica, descripción propia, categoría Surtilec y permiso de imagen antes de importar.",,,,
CC-CABLE-LIBRE-DE-HALOGENO-N10-VERDE-CU,Cable Libre de Halógeno N10 Verde Cu,alambre-cable-thhn-thw-cu,-cable-cobre-aislado-thhn-libre-de-halogeno-cu,https://cablescolombia.com/producto/cable-libre-de-halogeno-n10-verde-cu,https://multimedia02.s3.us-east-2.amazonaws.com/Produccion/tiendas/127/productos/616/645899aaddf4495a.webp,Cable Libre de Halógeno N10 Verde Cu,2026-08-02,requiere_revision,requiere_permiso,"Inventario desde sitemap público. Validar SKU, ficha técnica, descripción propia, categoría Surtilec y permiso de imagen antes de importar.",,,,
CC-CABLE-LIBRE-DE-HALOGENO-N8-AMARILLO-CU,Cable Libre de Halógeno N8 Amarillo Cu,alambre-cable-thhn-thw-cu,-cable-cobre-aislado-thhn-libre-de-halogeno-cu,https://cablescolombia.com/producto/cable-libre-de-halogeno-n8-amarillo-cu,https://multimedia02.s3.us-east-2.amazonaws.com/Produccion/tiendas/127/productos/617/91c3dd3d84b1a702.webp,Cable Libre de Halógeno N8 Amarillo Cu,2026-08-02,requiere_revision,requiere_permiso,"Inventario desde sitemap público. Validar SKU, ficha técnica, descripción propia, categoría Surtilec y permiso de imagen antes de importar.",,,,
CC-CABLE-LIBRE-DE-HALOGENO-N8-AZUL-CU,Cable Libre de Halógeno N8 Azul Cu,alambre-cable-thhn-thw-cu,-cable-cobre-aislado-thhn-libre-de-halogeno-cu,https://cablescolombia.com/producto/cable-libre-de-halogeno-n8-azul-cu,https://multimedia02.s3.us-east-2.amazonaws.com/Produccion/tiendas/127/productos/618/3da45d1906eebee8.webp,Cable Libre de Halógeno N8 Azul Cu,2026-08-02,requiere_revision,requiere_permiso,"Inventario desde sitemap público. Validar SKU, ficha técnica, descripción propia, categoría Surtilec y permiso de imagen antes de importar.",,,,
CC-CABLE-LIBRE-DE-HALOGENO-N8-BLANCO-CU,Cable Libre de Halógeno N8 Blanco Cu,alambre-cable-thhn-thw-cu,-cable-cobre-aislado-thhn-libre-de-halogeno-cu,https://cablescolombia.com/producto/cable-libre-de-halogeno-n8-blanco-cu,https://multimedia02.s3.us-east-2.amazonaws.com/Produccion/tiendas/127/productos/619/ab20260c3ae0bdaf.webp,Cable Libre de Halógeno N8 Blanco Cu,2026-08-02,requiere_revision,requiere_permiso,"Inventario desde sitemap público. Validar SKU, ficha técnica, descripción propia, categoría Surtilec y permiso de imagen antes de importar.",,,,
CC-CABLE-LIBRE-DE-HALOGENO-N8-NEGRO-CU,Cable Libre de Halógeno N8 Negro Cu,alambre-cable-thhn-thw-cu,-cable-cobre-aislado-thhn-libre-de-halogeno-cu,https://cablescolombia.com/producto/cable-libre-de-halogeno-n8-negro-cu,https://multimedia02.s3.us-east-2.amazonaws.com/Produccion/tiendas/127/productos/622/04174f684ba53cad.webp,Cable Libre de Halógeno N8 Negro Cu,2026-08-02,requiere_revision,requiere_permiso,"Inventario desde sitemap público. Validar SKU, ficha técnica, descripción propia, categoría Surtilec y permiso de imagen antes de importar.",,,,
CC-CABLE-LIBRE-DE-HALOGENO-N8-ROJO-CU,Cable Libre de Halógeno N8 Rojo Cu,alambre-cable-thhn-thw-cu,-cable-cobre-aislado-thhn-libre-de-halogeno-cu,https://cablescolombia.com/producto/cable-libre-de-halogeno-n8-rojo-cu,https://multimedia02.s3.us-east-2.amazonaws.com/Produccion/tiendas/127/productos/624/a5b867bcb4612dba.webp,Cable Libre de Halógeno N8 Rojo Cu,2026-08-02,requiere_revision,requiere_permiso,"Inventario desde sitemap público. Validar SKU, ficha técnica, descripción propia, categoría Surtilec y permiso de imagen antes de importar.",,,,
CC-CABLE-LIBRE-DE-HALOGENO-N8-VERDE-CU,Cable Libre de Halógeno N8 Verde Cu,alambre-cable-thhn-thw-cu,-cable-cobre-aislado-thhn-libre-de-halogeno-cu,https://cablescolombia.com/producto/cable-libre-de-halogeno-n8-verde-cu,https://multimedia02.s3.us-east-2.amazonaws.com/Produccion/tiendas/127/productos/626/9e9908d6abd6d74b.webp,Cable Libre de Halógeno N8 Verde Cu,2026-08-02,requiere_revision,requiere_permiso,"Inventario desde sitemap público. Validar SKU, ficha técnica, descripción propia, categoría Surtilec y permiso de imagen antes de importar.",,,,
CC-CABLE-LIBRE-DE-HALOGENO-N6-AMARILLO-CU,Cable Libre de Halógeno N6 Amarillo Cu,alambre-cable-thhn-thw-cu,-cable-cobre-aislado-thhn-libre-de-halogeno-cu,https://cablescolombia.com/producto/cable-libre-de-halogeno-n6-amarillo-cu,https://multimedia02.s3.us-east-2.amazonaws.com/Produccion/tiendas/127/productos/650/98d764e24d96a3f6.webp,Cable Libre de Halógeno N6 Amarillo Cu,2026-08-02,requiere_revision,requiere_permiso,"Inventario desde sitemap público. Validar SKU, ficha técnica, descripción propia, categoría Surtilec y permiso de imagen antes de importar.",,,,
CC-CABLE-LIBRE-DE-HALOGENO-N6-AZUL-CU,Cable Libre de Halógeno N6 Azul Cu,alambre-cable-thhn-thw-cu,-cable-cobre-aislado-thhn-libre-de-halogeno-cu,https://cablescolombia.com/producto/cable-libre-de-halogeno-n6-azul-cu,https://multimedia02.s3.us-east-2.amazonaws.com/Produccion/tiendas/127/productos/651/102d80e8ab471b49.webp,Cable Libre de Halógeno N6 Azul Cu,2026-08-02,requiere_revision,requiere_permiso,"Inventario desde sitemap público. Validar SKU, ficha técnica, descripción propia, categoría Surtilec y permiso de imagen antes de importar.",,,,
CC-CABLE-LIBRE-DE-HALOGENO-N6-BLANCO-CU,Cable Libre de Halógeno N6 Blanco Cu,alambre-cable-thhn-thw-cu,-cable-cobre-aislado-thhn-libre-de-halogeno-cu,https://cablescolombia.com/producto/cable-libre-de-halogeno-n6-blanco-cu,https://multimedia02.s3.us-east-2.amazonaws.com/Produccion/tiendas/127/productos/652/718c3072fdc524d8.webp,Cable Libre de Halógeno N6 Blanco Cu,2026-08-02,requiere_revision,requiere_permiso,"Inventario desde sitemap público. Validar SKU, ficha técnica, descripción propia, categoría Surtilec y permiso de imagen antes de importar.",,,,
CC-CABLE-LIBRE-DE-HALOGENO-N6-NEGRO-CU,Cable Libre de Halógeno N6 Negro Cu,alambre-cable-thhn-thw-cu,-cable-cobre-aislado-thhn-libre-de-halogeno-cu,https://cablescolombia.com/producto/cable-libre-de-halogeno-n6-negro-cu,https://multimedia02.s3.us-east-2.amazonaws.com/Produccion/tiendas/127/productos/654/7638b9a9032229d6.webp,Cable Libre de Halógeno N6 Negro Cu,2026-08-02,requiere_revision,requiere_permiso,"Inventario desde sitemap público. Validar SKU, ficha técnica, descripción propia, categoría Surtilec y permiso de imagen antes de importar.",,,,
CC-CABLE-LIBRE-DE-HALOGENO-N6-ROJO-CU,Cable Libre de Halógeno N6 Rojo Cu,alambre-cable-thhn-thw-cu,-cable-cobre-aislado-thhn-libre-de-halogeno-cu,https://cablescolombia.com/producto/cable-libre-de-halogeno-n6-rojo-cu,https://multimedia02.s3.us-east-2.amazonaws.com/Produccion/tiendas/127/productos/655/43ae719f61707afd.webp,Cable Libre de Halógeno N6 Rojo Cu,2026-08-02,requiere_revision,requiere_permiso,"Inventario desde sitemap público. Validar SKU, ficha técnica, descripción propia, categoría Surtilec y permiso de imagen antes de importar.",,,,
CC-CABLE-LIBRE-DE-HALOGENO-N6-VERDE-CU,Cable Libre de Halógeno N6 Verde Cu,alambre-cable-thhn-thw-cu,-cable-cobre-aislado-thhn-libre-de-halogeno-cu,https://cablescolombia.com/producto/cable-libre-de-halogeno-n6-verde-cu,https://multimedia02.s3.us-east-2.amazonaws.com/Produccion/tiendas/127/productos/657/ad9e548a19fadf23.webp,Cable Libre de Halógeno N6 Verde Cu,2026-08-02,requiere_revision,requiere_permiso,"Inventario desde sitemap público. Validar SKU, ficha técnica, descripción propia, categoría Surtilec y permiso de imagen antes de importar.",,,,
CC-CABLE-LIBRE-DE-HALOGENO-N4-CU,Cable Libre de Halógeno N4 Cu,alambre-cable-thhn-thw-cu,-cable-cobre-aislado-thhn-libre-de-halogeno-cu,https://cablescolombia.com/producto/cable-libre-de-halogeno-n4-cu,https://multimedia02.s3.us-east-2.amazonaws.com/Produccion/tiendas/127/productos/660/8714e2b3d77f8fd7.webp,Cable Libre de Halógeno N4 Cu,2026-08-02,requiere_revision,requiere_permiso,"Inventario desde sitemap público. Validar SKU, ficha técnica, descripción propia, categoría Surtilec y permiso de imagen antes de importar.",,,,
CC-CABLE-LIBRE-DE-HALOGENO-N2-CU,Cable Libre de Halógeno N2 Cu,alambre-cable-thhn-thw-cu,-cable-cobre-aislado-thhn-libre-de-halogeno-cu,https://cablescolombia.com/producto/cable-libre-de-halogeno-n2-cu,https://multimedia02.s3.us-east-2.amazonaws.com/Produccion/tiendas/127/productos/662/d2cd4d036319d0ec.webp,Cable Libre de Halógeno N2 Cu,2026-08-02,requiere_revision,requiere_permiso,"Inventario desde sitemap público. Validar SKU, ficha técnica, descripción propia, categoría Surtilec y permiso de imagen antes de importar.",,,,
CC-CABLE-LIBRE-DE-HALOGENO-N1-0-CU,Cable Libre de Halógeno N1/0 Cu,alambre-cable-thhn-thw-cu,-cable-cobre-aislado-thhn-libre-de-halogeno-cu,https://cablescolombia.com/producto/cable-libre-de-halogeno-n1-0-cu,https://multimedia02.s3.us-east-2.amazonaws.com/Produccion/tiendas/127/productos/667/14686d1336ac1bef.webp,Cable Libre de Halógeno N1/0 Cu,2026-08-02,requiere_revision,requiere_permiso,"Inventario desde sitemap público. Validar SKU, ficha técnica, descripción propia, categoría Surtilec y permiso de imagen antes de importar.",,,,
CC-CABLE-LIBRE-DE-HALOGENO-N2-0-CU,Cable Libre de Halógeno N2/0 Cu,alambre-cable-thhn-thw-cu,-cable-cobre-aislado-thhn-libre-de-halogeno-cu,https://cablescolombia.com/producto/cable-libre-de-halogeno-n2-0-cu,https://multimedia02.s3.us-east-2.amazonaws.com/Produccion/tiendas/127/productos/668/e8efd478e9afbea6.webp,Cable Libre de Halógeno N2/0 Cu,2026-08-02,requiere_revision,requiere_permiso,"Inventario desde sitemap público. Validar SKU, ficha técnica, descripción propia, categoría Surtilec y permiso de imagen antes de importar.",,,,
CC-CABLE-LIBRE-DE-HALOGENO-N4-0-CU,Cable Libre de Halógeno N4/0 Cu,alambre-cable-thhn-thw-cu,-cable-cobre-aislado-thhn-libre-de-halogeno-cu,https://cablescolombia.com/producto/cable-libre-de-halogeno-n4-0-cu,https://multimedia02.s3.us-east-2.amazonaws.com/Produccion/tiendas/127/productos/669/0bfc08204a1957a7.webp,Cable Libre de Halógeno N4/0 Cu,2026-08-02,requiere_revision,requiere_permiso,"Inventario desde sitemap público. Validar SKU, ficha técnica, descripción propia, categoría Surtilec y permiso de imagen antes de importar.",,,,
CC-CABLE-LIBRE-DE-HALOGENO-N3-0-CU,Cable Libre de Halógeno N3/0 Cu,alambre-cable-thhn-thw-cu,-cable-cobre-aislado-thhn-libre-de-halogeno-cu,https://cablescolombia.com/producto/cable-libre-de-halogeno-n3-0-cu,https://multimedia02.s3.us-east-2.amazonaws.com/Produccion/tiendas/127/productos/670/00ceb3644a1a9260.webp,Cable Libre de Halógeno N3/0 Cu,2026-08-02,requiere_revision,requiere_permiso,"Inventario desde sitemap público. Validar SKU, ficha técnica, descripción propia, categoría Surtilec y permiso de imagen antes de importar.",,,,
CC-CABLE-LIBRE-DE-HALOGENO-N250-CU,Cable Libre de Halógeno N250 Cu,alambre-cable-thhn-thw-cu,-cable-cobre-aislado-thhn-libre-de-halogeno-cu,https://cablescolombia.com/producto/cable-libre-de-halogeno-n250-cu,https://multimedia02.s3.us-east-2.amazonaws.com/Produccion/tiendas/127/productos/671/7962fc1432416953.webp,Cable Libre de Halógeno N250 Cu,2026-08-02,requiere_revision,requiere_permiso,"Inventario desde sitemap público. Validar SKU, ficha técnica, descripción propia, categoría Surtilec y permiso de imagen antes de importar.",,,,
CC-CABLE-LIBRE-DE-HALOGENO-N300-CU,Cable Libre de Halógeno N300 Cu,alambre-cable-thhn-thw-cu,-cable-cobre-aislado-thhn-libre-de-halogeno-cu,https://cablescolombia.com/producto/cable-libre-de-halogeno-n300-cu,https://multimedia02.s3.us-east-2.amazonaws.com/Produccion/tiendas/127/productos/672/3140616f76e25fe1.webp,Cable Libre de Halógeno N300 Cu,2026-08-02,requiere_revision,requiere_permiso,"Inventario desde sitemap público. Validar SKU, ficha técnica, descripción propia, categoría Surtilec y permiso de imagen antes de importar.",,,,
CC-CABLE-LIBRE-DE-HALOGENO-N350-CU,Cable Libre de Halógeno N350 Cu,alambre-cable-thhn-thw-cu,-cable-cobre-aislado-thhn-libre-de-halogeno-cu,https://cablescolombia.com/producto/cable-libre-de-halogeno-n350-cu,https://multimedia02.s3.us-east-2.amazonaws.com/Produccion/tiendas/127/productos/673/5db8ec315204d7b5.webp,Cable Libre de Halógeno N350 Cu,2026-08-02,requiere_revision,requiere_permiso,"Inventario desde sitemap público. Validar SKU, ficha técnica, descripción propia, categoría Surtilec y permiso de imagen antes de importar.",,,,
CC-CABLE-LIBRE-DE-HALOGENO-N500-CU,Cable Libre de Halógeno N500 Cu,alambre-cable-thhn-thw-cu,-cable-cobre-aislado-thhn-libre-de-halogeno-cu,https://cablescolombia.com/producto/cable-libre-de-halogeno-n500-cu,https://multimedia02.s3.us-east-2.amazonaws.com/Produccion/tiendas/127/productos/674/a7357f5c0fbdcceb.webp,Cable Libre de Halógeno N500 Cu,2026-08-02,requiere_revision,requiere_permiso,"Inventario desde sitemap público. Validar SKU, ficha técnica, descripción propia, categoría Surtilec y permiso de imagen antes de importar.",,,,
CC-CABLE-ENCAUCHETADO-7X16-AWG-CU,Cable Encauchetado 7X16 AWG CU,cable-encauchetado,cable-encauchetado-cobre,https://cablescolombia.com/producto/cable-encauchetado-7x16-awg-cu,https://multimedia02.s3.us-east-2.amazonaws.com/Produccion/tiendas/127/productos/79724/6769967873007ccf.webp,Cable Encauchetado 7X16 AWG CU,2026-08-02,requiere_revision,requiere_permiso,"Inventario desde sitemap público. Validar SKU, ficha técnica, descripción propia, categoría Surtilec y permiso de imagen antes de importar.",CBE-10034988,Cable Encauchetado 7X16 AWG CU,https://cablescolombia.com/categoria/cable-encauchetado/cable-encauchetado-cobre,https://multimedia02.s3.us-east-2.amazonaws.com/Produccion/tiendas/127/productos/79724/thumb/df631ef5a8b91d49.webp
CC-CABLE-ENCAUCHETADO-7X14-AWG-CU,Cable Encauchetado 7X14 AWG CU,cable-encauchetado,cable-encauchetado-cobre,https://cablescolombia.com/producto/cable-encauchetado-7x14-awg-cu,https://multimedia02.s3.us-east-2.amazonaws.com/Produccion/tiendas/127/productos/79725/0a4e6ec02ec930c5.webp,Cable Encauchetado 7X14 AWG CU,2026-08-02,requiere_revision,requiere_permiso,"Inventario desde sitemap público. Validar SKU, ficha técnica, descripción propia, categoría Surtilec y permiso de imagen antes de importar.",CBE-10034987,Cable Encauchetado 7X14 AWG CU,https://cablescolombia.com/categoria/cable-encauchetado/cable-encauchetado-cobre,https://multimedia02.s3.us-east-2.amazonaws.com/Produccion/tiendas/127/productos/79725/thumb/6dd262643da6564b.webp
CC-CABLE-ENCAUCHETADO-7X10-AWG-CU,Cable Encauchetado 7X10 AWG CU,cable-encauchetado,cable-encauchetado-cobre,https://cablescolombia.com/producto/cable-encauchetado-7x10-awg-cu,https://multimedia02.s3.us-east-2.amazonaws.com/Produccion/tiendas/127/productos/79726/03f17877938f6f5e.webp,Cable Encauchetado 7X10 AWG CU,2026-08-02,requiere_revision,requiere_permiso,"Inventario desde sitemap público. Validar SKU, ficha técnica, descripción propia, categoría Surtilec y permiso de imagen antes de importar.",,,,
CC-CABLE-ENCAUCHETADO-6X18-AWG-CU,Cable Encauchetado 6X18 AWG CU,cable-encauchetado,cable-encauchetado-cobre,https://cablescolombia.com/producto/cable-encauchetado-6x18-awg-cu,https://multimedia02.s3.us-east-2.amazonaws.com/Produccion/tiendas/127/productos/79727/d85fd1cd96c36c04.webp,Cable Encauchetado 6X18 AWG CU,2026-08-02,requiere_revision,requiere_permiso,"Inventario desde sitemap público. Validar SKU, ficha técnica, descripción propia, categoría Surtilec y permiso de imagen antes de importar.",,,,
CC-CABLE-ENCAUCHETADO-6X16-AWG-CU,Cable Encauchetado 6X16 AWG Cu,cable-encauchetado,cable-encauchetado-cobre,https://cablescolombia.com/producto/cable-encauchetado-6x16-awg-cu,https://multimedia02.s3.us-east-2.amazonaws.com/Produccion/tiendas/127/productos/79728/1104969f9ea0a56d.webp,Cable Encauchetado 6X16 AWG Cu,2026-08-02,requiere_revision,requiere_permiso,"Inventario desde sitemap público. Validar SKU, ficha técnica, descripción propia, categoría Surtilec y permiso de imagen antes de importar.",,,,
CC-CABLE-ENCAUCHETADO-6X14-AWG-CU,Cable Encauchetado 6X14 AWG CU,cable-encauchetado,cable-encauchetado-cobre,https://cablescolombia.com/producto/cable-encauchetado-6x14-awg-cu,https://multimedia02.s3.us-east-2.amazonaws.com/Produccion/tiendas/127/productos/79729/1330bb5e8984d089.webp,Cable Encauchetado 6X14 AWG CU,2026-08-02,requiere_revision,requiere_permiso,"Inventario desde sitemap público. Validar SKU, ficha técnica, descripción propia, categoría Surtilec y permiso de imagen antes de importar.",,,,
CC-CABLE-ENCAUCHETADO-6X12-AWG-CU,Cable Encauchetado 6X12 AWG CU,cable-encauchetado,cable-encauchetado-cobre,https://cablescolombia.com/producto/cable-encauchetado-6x12-awg-cu,https://multimedia02.s3.us-east-2.amazonaws.com/Produccion/tiendas/127/productos/79730/7ce0417c277d24d9.webp,Cable Encauchetado 6X12 AWG CU,2026-08-02,requiere_revision,requiere_permiso,"Inventario desde sitemap público. Validar SKU, ficha técnica, descripción propia, categoría Surtilec y permiso de imagen antes de importar.",,,,
CC-CABLE-ENCAUCHETADO-5X8-AWG-CU,Cable Encauchetado 5X8 AWG Cu,cable-encauchetado,cable-encauchetado-cobre,https://cablescolombia.com/producto/cable-encauchetado-5x8-awg-cu,https://multimedia02.s3.us-east-2.amazonaws.com/Produccion/tiendas/127/productos/79731/572f53e7c92610ea.webp,Cable Encauchetado 5X8 AWG Cu,2026-08-02,requiere_revision,requiere_permiso,"Inventario desde sitemap público. Validar SKU, ficha técnica, descripción propia, categoría Surtilec y permiso de imagen antes de importar.",,,,
CC-CABLE-ENCAUCHETADO-5X18-AWG-CU,Cable Encauchetado 5X18 AWG Cu,cable-encauchetado,cable-encauchetado-cobre,https://cablescolombia.com/producto/cable-encauchetado-5x18-awg-cu,https://multimedia02.s3.us-east-2.amazonaws.com/Produccion/tiendas/127/productos/79732/35dff716858e08fb.webp,Cable Encauchetado 5X18 AWG Cu,2026-08-02,requiere_revision,requiere_permiso,"Inventario desde sitemap público. Validar SKU, ficha técnica, descripción propia, categoría Surtilec y permiso de imagen antes de importar.",CBE-10034980,Cable Encauchetado 5X18 AWG Cu,https://cablescolombia.com/categoria/cable-encauchetado/cable-encauchetado-cobre,https://multimedia02.s3.us-east-2.amazonaws.com/Produccion/tiendas/127/productos/79732/thumb/51afe08010e18294.webp
CC-CABLE-ENCAUCHETADO-5X16-AWG-CU,Cable Encauchetado 5X16 AWG Cu,cable-encauchetado,cable-encauchetado-cobre,https://cablescolombia.com/producto/cable-encauchetado-5x16-awg-cu,https://multimedia02.s3.us-east-2.amazonaws.com/Produccion/tiendas/127/productos/79733/fb58bcc8960ef284.webp,Cable Encauchetado 5X16 AWG Cu,2026-08-02,requiere_revision,requiere_permiso,"Inventario desde sitemap público. Validar SKU, ficha técnica, descripción propia, categoría Surtilec y permiso de imagen antes de importar.",,,,
CC-CABLE-ENCAUCHETADO-5X14-AWG-CU,Cable Encauchetado 5X14 AWG Cu,cable-encauchetado,cable-encauchetado-cobre,https://cablescolombia.com/producto/cable-encauchetado-5x14-awg-cu,https://multimedia02.s3.us-east-2.amazonaws.com/Produccion/tiendas/127/productos/79734/4e2582b6e6661735.webp,Cable Encauchetado 5X14 AWG Cu,2026-08-02,requiere_revision,requiere_permiso,"Inventario desde sitemap público. Validar SKU, ficha técnica, descripción propia, categoría Surtilec y permiso de imagen antes de importar.",,,,
CC-CABLE-ENCAUCHETADO-5X12-AWG-CU,Cable Encauchetado 5X12 AWG Cu,cable-encauchetado,cable-encauchetado-cobre,https://cablescolombia.com/producto/cable-encauchetado-5x12-awg-cu,https://multimedia02.s3.us-east-2.amazonaws.com/Produccion/tiendas/127/productos/79735/7bcdcf4fa13c66ef.webp,Cable Encauchetado 5X12 AWG Cu,2026-08-02,requiere_revision,requiere_permiso,"Inventario desde sitemap público. Validar SKU, ficha técnica, descripción propia, categoría Surtilec y permiso de imagen antes de importar.",,,,
CC-CABLE-ENCAUCHETADO-5X10-AWG-CU,Cable Encauchetado 5X10 AWG Cu,cable-encauchetado,cable-encauchetado-cobre,https://cablescolombia.com/producto/cable-encauchetado-5x10-awg-cu,https://multimedia02.s3.us-east-2.amazonaws.com/Produccion/tiendas/127/productos/79736/2b599f270b61de23.webp,Cable Encauchetado 5X10 AWG Cu,2026-08-02,requiere_revision,requiere_permiso,"Inventario desde sitemap público. Validar SKU, ficha técnica, descripción propia, categoría Surtilec y permiso de imagen antes de importar.",,,,
CC-CABLE-ENCAUCHETADO-2X8-CU,Cable Encauchetado 2X8 Cu,cable-encauchetado,cable-encauchetado-cobre,https://cablescolombia.com/producto/cable-encauchetado-2x8-cu,https://multimedia02.s3.us-east-2.amazonaws.com/Produccion/tiendas/127/productos/511/04102b3bce48c0b4.webp,Cable Encauchetado 2X8 Cu,2026-08-02,requiere_revision,requiere_permiso,"Inventario desde sitemap público. Validar SKU, ficha técnica, descripción propia, categoría Surtilec y permiso de imagen antes de importar.",,,,
CC-CABLE-ENCAUCHETADO-2X10-CU,Cable Encauchetado 2X10 Cu,cable-encauchetado,cable-encauchetado-cobre,https://cablescolombia.com/producto/cable-encauchetado-2x10-cu,https://multimedia02.s3.us-east-2.amazonaws.com/Produccion/tiendas/127/productos/513/5b16303ef4b8afa1.webp,Cable Encauchetado 2X10 Cu,2026-08-02,requiere_revision,requiere_permiso,"Inventario desde sitemap público. Validar SKU, ficha técnica, descripción propia, categoría Surtilec y permiso de imagen antes de importar.",,,,
CC-CABLE-ENCAUCHETADO-2X12-CU,Cable Encauchetado 2X12 Cu,cable-encauchetado,cable-encauchetado-cobre,https://cablescolombia.com/producto/cable-encauchetado-2x12-cu,https://multimedia02.s3.us-east-2.amazonaws.com/Produccion/tiendas/127/productos/514/49188e27e09fed39.webp,Cable Encauchetado 2X12 Cu,2026-08-02,requiere_revision,requiere_permiso,"Inventario desde sitemap público. Validar SKU, ficha técnica, descripción propia, categoría Surtilec y permiso de imagen antes de importar.",,,,
CC-CABLE-ENCAUCHETADO-2X14-CU,Cable Encauchetado 2X14 Cu,cable-encauchetado,cable-encauchetado-cobre,https://cablescolombia.com/producto/cable-encauchetado-2x14-cu,https://multimedia02.s3.us-east-2.amazonaws.com/Produccion/tiendas/127/productos/515/d20ceb1beb236bd6.webp,Cable Encauchetado 2X14 Cu,2026-08-02,requiere_revision,requiere_permiso,"Inventario desde sitemap público. Validar SKU, ficha técnica, descripción propia, categoría Surtilec y permiso de imagen antes de importar.",,,,
CC-CABLE-ENCAUCHETADO-2X16-CU,Cable Encauchetado 2X16 Cu,cable-encauchetado,cable-encauchetado-cobre,https://cablescolombia.com/producto/cable-encauchetado-2x16-cu,https://multimedia02.s3.us-east-2.amazonaws.com/Produccion/tiendas/127/productos/517/f3594ae1c34bc65f.webp,Cable Encauchetado 2X16 Cu,2026-08-02,requiere_revision,requiere_permiso,"Inventario desde sitemap público. Validar SKU, ficha técnica, descripción propia, categoría Surtilec y permiso de imagen antes de importar.",,,,
CC-CABLE-ENCAUCHETADO-2X18-CU,Cable Encauchetado 2X18 Cu,cable-encauchetado,cable-encauchetado-cobre,https://cablescolombia.com/producto/cable-encauchetado-2x18-cu,https://multimedia02.s3.us-east-2.amazonaws.com/Produccion/tiendas/127/productos/518/dfd8299ae51131bc.webp,Cable Encauchetado 2X18 Cu,2026-08-02,requiere_revision,requiere_permiso,"Inventario desde sitemap público. Validar SKU, ficha técnica, descripción propia, categoría Surtilec y permiso de imagen antes de importar.",,,,
CC-CABLE-ENCAUCHETADO-3X8-CU,Cable Encauchetado 3X8 Cu,cable-encauchetado,cable-encauchetado-cobre,https://cablescolombia.com/producto/cable-encauchetado-3x8-cu,https://multimedia02.s3.us-east-2.amazonaws.com/Produccion/tiendas/127/productos/523/72fa3b142c2a2681.webp,Cable Encauchetado 3X8 Cu,2026-08-02,requiere_revision,requiere_permiso,"Inventario desde sitemap público. Validar SKU, ficha técnica, descripción propia, categoría Surtilec y permiso de imagen antes de importar.",CBE-10034818,Cable Encauchetado 3X8 Cu,https://cablescolombia.com/categoria/cable-encauchetado/cable-encauchetado-cobre,https://multimedia02.s3.us-east-2.amazonaws.com/Produccion/tiendas/127/productos/523/thumb/0ce12803c2bc8552d14d9b536c433ab5.webp
CC-CABLE-ENCAUCHETADO-3X10-CU,Cable Encauchetado 3X10 Cu,cable-encauchetado,cable-encauchetado-cobre,https://cablescolombia.com/producto/cable-encauchetado-3x10-cu,https://multimedia02.s3.us-east-2.amazonaws.com/Produccion/tiendas/127/productos/524/7d587d186c658ac0.webp,Cable Encauchetado 3X10 Cu,2026-08-02,requiere_revision,requiere_permiso,"Inventario desde sitemap público. Validar SKU, ficha técnica, descripción propia, categoría Surtilec y permiso de imagen antes de importar.",,,,
CC-CABLE-ENCAUCHETADO-3X12-CU,Cable Encauchetado 3X12 Cu,cable-encauchetado,cable-encauchetado-cobre,https://cablescolombia.com/producto/cable-encauchetado-3x12-cu,https://multimedia02.s3.us-east-2.amazonaws.com/Produccion/tiendas/127/productos/525/01a921ddf9c0a11d.webp,Cable Encauchetado 3X12 Cu,2026-08-02,requiere_revision,requiere_permiso,"Inventario desde sitemap público. Validar SKU, ficha técnica, descripción propia, categoría Surtilec y permiso de imagen antes de importar.",,,,
CC-CABLE-ENCAUCHETADO-3X14-CU,Cable Encauchetado 3X14 Cu,cable-encauchetado,cable-encauchetado-cobre,https://cablescolombia.com/producto/cable-encauchetado-3x14-cu,https://multimedia02.s3.us-east-2.amazonaws.com/Produccion/tiendas/127/productos/526/f8b74c52158697ef.webp,Cable Encauchetado 3X14 Cu,2026-08-02,requiere_revision,requiere_permiso,"Inventario desde sitemap público. Validar SKU, ficha técnica, descripción propia, categoría Surtilec y permiso de imagen antes de importar.",,,,
CC-CABLE-ENCAUCHETADO-3X16-CU,Cable Encauchetado 3X16 Cu,cable-encauchetado,cable-encauchetado-cobre,https://cablescolombia.com/producto/cable-encauchetado-3x16-cu,https://multimedia02.s3.us-east-2.amazonaws.com/Produccion/tiendas/127/productos/527/e59e289671fe94b0.webp,Cable Encauchetado 3X16 Cu,2026-08-02,requiere_revision,requiere_permiso,"Inventario desde sitemap público. Validar SKU, ficha técnica, descripción propia, categoría Surtilec y permiso de imagen antes de importar.",,,,
CC-CABLE-ENCAUCHETADO-3X18-CU,Cable Encauchetado 3X18 Cu,cable-encauchetado,cable-encauchetado-cobre,https://cablescolombia.com/producto/cable-encauchetado-3x18-cu,https://multimedia02.s3.us-east-2.amazonaws.com/Produccion/tiendas/127/productos/528/28e05914bdd2594b.webp,Cable Encauchetado 3X18 Cu,2026-08-02,requiere_revision,requiere_permiso,"Inventario desde sitemap público. Validar SKU, ficha técnica, descripción propia, categoría Surtilec y permiso de imagen antes de importar.",,,,
CC-CABLE-ENCAUCHETADO-4X8-CU,Cable Encauchetado 4X8 Cu,cable-encauchetado,cable-encauchetado-cobre,https://cablescolombia.com/producto/cable-encauchetado-4x8-cu,https://multimedia02.s3.us-east-2.amazonaws.com/Produccion/tiendas/127/productos/533/e59bc0e3e14b58f9.webp,Cable Encauchetado 4X8 Cu,2026-08-02,requiere_revision,requiere_permiso,"Inventario desde sitemap público. Validar SKU, ficha técnica, descripción propia, categoría Surtilec y permiso de imagen antes de importar.",CBE-10034975,Cable Encauchetado 4X8 Cu,https://cablescolombia.com/categoria/cable-encauchetado/cable-encauchetado-cobre,https://multimedia02.s3.us-east-2.amazonaws.com/Produccion/tiendas/127/productos/533/thumb/b16ad629a58408f1f9aadb53a8641102.webp
CC-CABLE-ENCAUCHETADO-4X10-CU,Cable Encauchetado 4X10 Cu,cable-encauchetado,cable-encauchetado-cobre,https://cablescolombia.com/producto/cable-encauchetado-4x10-cu,https://multimedia02.s3.us-east-2.amazonaws.com/Produccion/tiendas/127/productos/534/e608a37aa1034d96.webp,Cable Encauchetado 4X10 Cu,2026-08-02,requiere_revision,requiere_permiso,"Inventario desde sitemap público. Validar SKU, ficha técnica, descripción propia, categoría Surtilec y permiso de imagen antes de importar.",,,,
CC-CABLE-ENCAUCHETADO-4X12-CU,Cable Encauchetado 4X12 Cu,cable-encauchetado,cable-encauchetado-cobre,https://cablescolombia.com/producto/cable-encauchetado-4x12-cu,https://multimedia02.s3.us-east-2.amazonaws.com/Produccion/tiendas/127/productos/535/0984c9d8fb2d6130.webp,Cable Encauchetado 4X12 Cu,2026-08-02,requiere_revision,requiere_permiso,"Inventario desde sitemap público. Validar SKU, ficha técnica, descripción propia, categoría Surtilec y permiso de imagen antes de importar.",CBE-10034814,Cable Encauchetado 4X12 Cu,https://cablescolombia.com/categoria/cable-encauchetado/cable-encauchetado-cobre,https://multimedia02.s3.us-east-2.amazonaws.com/Produccion/tiendas/127/productos/535/thumb/01eb15e657b6855afe3a3df8721b1dcb.webp
CC-CABLE-ENCAUCHETADO-4X14-CU,Cable Encauchetado 4X14 Cu,cable-encauchetado,cable-encauchetado-cobre,https://cablescolombia.com/producto/cable-encauchetado-4x14-cu,https://multimedia02.s3.us-east-2.amazonaws.com/Produccion/tiendas/127/productos/537/e9e2b82b8b3f3628.webp,Cable Encauchetado 4X14 Cu,2026-08-02,requiere_revision,requiere_permiso,"Inventario desde sitemap público. Validar SKU, ficha técnica, descripción propia, categoría Surtilec y permiso de imagen antes de importar.",,,,
CC-CABLE-ENCAUCHETADO-4X16-CU,Cable Encauchetado 4X16 Cu,cable-encauchetado,cable-encauchetado-cobre,https://cablescolombia.com/producto/cable-encauchetado-4x16-cu,https://multimedia02.s3.us-east-2.amazonaws.com/Produccion/tiendas/127/productos/538/b6452519b3ab50fa.webp,Cable Encauchetado 4X16 Cu,2026-08-02,requiere_revision,requiere_permiso,"Inventario desde sitemap público. Validar SKU, ficha técnica, descripción propia, categoría Surtilec y permiso de imagen antes de importar.",CBE-10034797,Cable Encauchetado 4X16 Cu,https://cablescolombia.com/categoria/cable-encauchetado/cable-encauchetado-cobre,https://multimedia02.s3.us-east-2.amazonaws.com/Produccion/tiendas/127/productos/538/thumb/65597264f5abc855673dbbe3e1a2f555.webp
CC-CABLE-ENCAUCHETADO-4X18-CU,Cable Encauchetado 4X18 Cu,cable-encauchetado,cable-encauchetado-cobre,https://cablescolombia.com/producto/cable-encauchetado-4x18-cu,https://multimedia02.s3.us-east-2.amazonaws.com/Produccion/tiendas/127/productos/540/4133abca9bdfca70.webp,Cable Encauchetado 4X18 Cu,2026-08-02,requiere_revision,requiere_permiso,"Inventario desde sitemap público. Validar SKU, ficha técnica, descripción propia, categoría Surtilec y permiso de imagen antes de importar.",,,,
CC-CABLE-ENCAUCHETADO-LIBRE-DE-HALOGENOS-STF-LS-2X18AWG,Cable Encauchetado Libre De Halogenos STF LS 2X18AWG,cable-encauchetado,cable-encauchetado-libre-de-halogenos,https://cablescolombia.com/producto/cable-encauchetado-libre-de-halogenos-stf-ls-2x18awg,https://multimedia02.s3.us-east-2.amazonaws.com/Produccion/tiendas/127/productos/82084/99bec7e6ab728dcd.webp,Cable Encauchetado Libre De Halogenos STF LS 2X18AWG,2026-08-02,requiere_revision,requiere_permiso,"Inventario desde sitemap público. Validar SKU, ficha técnica, descripción propia, categoría Surtilec y permiso de imagen antes de importar.",,,,
CC-CABLE-ENCAUCHETADO-LIBRE-DE-HALOGENOS-STF-LS-3X18AWG,Cable Encauchetado Libre De Halogenos STF LS 3X18AWG,cable-encauchetado,cable-encauchetado-libre-de-halogenos,https://cablescolombia.com/producto/cable-encauchetado-libre-de-halogenos-stf-ls-3x18awg,https://multimedia02.s3.us-east-2.amazonaws.com/Produccion/tiendas/127/productos/82085/cfa4771417a166ea.webp,Cable Encauchetado Libre De Halogenos STF LS 3X18AWG,2026-08-02,requiere_revision,requiere_permiso,"Inventario desde sitemap público. Validar SKU, ficha técnica, descripción propia, categoría Surtilec y permiso de imagen antes de importar.",,,,
CC-CABLE-ENCAUCHETADO-LIBRE-DE-HALOGENOS-STF-LS-4X18AWG,Cable Encauchetado Libre De Halogenos STF LS 4X18AWG,cable-encauchetado,cable-encauchetado-libre-de-halogenos,https://cablescolombia.com/producto/cable-encauchetado-libre-de-halogenos-stf-ls-4x18awg,https://multimedia02.s3.us-east-2.amazonaws.com/Produccion/tiendas/127/productos/82086/dd4f93666e3c09c2.webp,Cable Encauchetado Libre De Halogenos STF LS 4X18AWG,2026-08-02,requiere_revision,requiere_permiso,"Inventario desde sitemap público. Validar SKU, ficha técnica, descripción propia, categoría Surtilec y permiso de imagen antes de importar.",,,,
CC-CABLE-ENCAUCHETADO-LIBRE-DE-HALOGENOS-STF-LS-2X16AWG,Cable Encauchetado Libre De Halogenos STF LS 2X16AWG,cable-encauchetado,cable-encauchetado-libre-de-halogenos,https://cablescolombia.com/producto/cable-encauchetado-libre-de-halogenos-stf-ls-2x16awg,https://multimedia02.s3.us-east-2.amazonaws.com/Produccion/tiendas/127/productos/82087/086ab7795cb669ff.webp,Cable Encauchetado Libre De Halogenos STF LS 2X16AWG,2026-08-02,requiere_revision,requiere_permiso,"Inventario desde sitemap público. Validar SKU, ficha técnica, descripción propia, categoría Surtilec y permiso de imagen antes de importar.",,,,
CC-CABLE-ENCAUCHETADO-LIBRE-DE-HALOGENOS-STF-LS-3X16AWG,Cable Encauchetado Libre De Halogenos STF LS 3X16AWG,cable-encauchetado,cable-encauchetado-libre-de-halogenos,https://cablescolombia.com/producto/cable-encauchetado-libre-de-halogenos-stf-ls-3x16awg,https://multimedia02.s3.us-east-2.amazonaws.com/Produccion/tiendas/127/productos/82088/9da4674d8e42a6ae.webp,Cable Encauchetado Libre De Halogenos STF LS 3X16AWG,2026-08-02,requiere_revision,requiere_permiso,"Inventario desde sitemap público. Validar SKU, ficha técnica, descripción propia, categoría Surtilec y permiso de imagen antes de importar.",,,,
CC-CABLE-ENCAUCHETADO-LIBRE-DE-HALOGENOS-STF-LS-4X16AWG,Cable Encauchetado Libre De Halogenos STF LS 4X16AWG,cable-encauchetado,cable-encauchetado-libre-de-halogenos,https://cablescolombia.com/producto/cable-encauchetado-libre-de-halogenos-stf-ls-4x16awg,https://multimedia02.s3.us-east-2.amazonaws.com/Produccion/tiendas/127/productos/82089/d77f683d36a211d4.webp,Cable Encauchetado Libre De Halogenos STF LS 4X16AWG,2026-08-02,requiere_revision,requiere_permiso,"Inventario desde sitemap público. Validar SKU, ficha técnica, descripción propia, categoría Surtilec y permiso de imagen antes de importar.",,,,
CC-CABLE-ENCAUCHETADO-LIBRE-DE-HALOGENOS-STF-LS-2X14AWG,Cable Encauchetado Libre De Halogenos STF LS 2X14AWG,cable-encauchetado,cable-encauchetado-libre-de-halogenos,https://cablescolombia.com/producto/cable-encauchetado-libre-de-halogenos-stf-ls-2x14awg,https://multimedia02.s3.us-east-2.amazonaws.com/Produccion/tiendas/127/productos/82090/10857f8b9baa33de.webp,Cable Encauchetado Libre De Halogenos STF LS 2X14AWG,2026-08-02,requiere_revision,requiere_permiso,"Inventario desde sitemap público. Validar SKU, ficha técnica, descripción propia, categoría Surtilec y permiso de imagen antes de importar.",,,,
CC-CABLE-ENCAUCHETADO-LIBRE-DE-HALOGENOS-STF-LS-3X14AWG,Cable Encauchetado Libre De Halogenos STF LS 3X14AWG,cable-encauchetado,cable-encauchetado-libre-de-halogenos,https://cablescolombia.com/producto/cable-encauchetado-libre-de-halogenos-stf-ls-3x14awg,https://multimedia02.s3.us-east-2.amazonaws.com/Produccion/tiendas/127/productos/82091/2ef7696bb58cc3b0.webp,Cable Encauchetado Libre De Halogenos STF LS 3X14AWG,2026-08-02,requiere_revision,requiere_permiso,"Inventario desde sitemap público. Validar SKU, ficha técnica, descripción propia, categoría Surtilec y permiso de imagen antes de importar.",,,,
CC-CABLE-ENCAUCHETADO-LIBRE-DE-HALOGENOS-STF-LS-4X14AWG,Cable Encauchetado Libre De Halogenos STF LS 4X14AWG,cable-encauchetado,cable-encauchetado-libre-de-halogenos,https://cablescolombia.com/producto/cable-encauchetado-libre-de-halogenos-stf-ls-4x14awg,https://multimedia02.s3.us-east-2.amazonaws.com/Produccion/tiendas/127/productos/82092/3d8f04526d36bd28.webp,Cable Encauchetado Libre De Halogenos STF LS 4X14AWG,2026-08-02,requiere_revision,requiere_permiso,"Inventario desde sitemap público. Validar SKU, ficha técnica, descripción propia, categoría Surtilec y permiso de imagen antes de importar.",,,,
CC-CABLE-ENCAUCHETADO-LIBRE-DE-HALOGENOS-STF-LS-2X12AWG,Cable Encauchetado Libre De Halogenos STF LS 2X12AWG,cable-encauchetado,cable-encauchetado-libre-de-halogenos,https://cablescolombia.com/producto/cable-encauchetado-libre-de-halogenos-stf-ls-2x12awg,https://multimedia02.s3.us-east-2.amazonaws.com/Produccion/tiendas/127/productos/82093/9efd367ef0cb550f.webp,Cable Encauchetado Libre De Halogenos STF LS 2X12AWG,2026-08-02,requiere_revision,requiere_permiso,"Inventario desde sitemap público. Validar SKU, ficha técnica, descripción propia, categoría Surtilec y permiso de imagen antes de importar.",,,,
CC-CABLE-ENCAUCHETADO-LIBRE-DE-HALOGENOS-STF-LS-3X12AWG,Cable Encauchetado Libre De Halogenos STF LS 3X12AWG,cable-encauchetado,cable-encauchetado-libre-de-halogenos,https://cablescolombia.com/producto/cable-encauchetado-libre-de-halogenos-stf-ls-3x12awg,https://multimedia02.s3.us-east-2.amazonaws.com/Produccion/tiendas/127/productos/82094/31c09b1ada410540.webp,Cable Encauchetado Libre De Halogenos STF LS 3X12AWG,2026-08-02,requiere_revision,requiere_permiso,"Inventario desde sitemap público. Validar SKU, ficha técnica, descripción propia, categoría Surtilec y permiso de imagen antes de importar.",,,,
CC-CABLE-ENCAUCHETADO-LIBRE-DE-HALOGENOS-STF-LS-4X12AWG,Cable Encauchetado Libre De Halogenos STF LS 4X12AWG,cable-encauchetado,cable-encauchetado-libre-de-halogenos,https://cablescolombia.com/producto/cable-encauchetado-libre-de-halogenos-stf-ls-4x12awg,https://multimedia02.s3.us-east-2.amazonaws.com/Produccion/tiendas/127/productos/82095/7520dde2e4357f9d.webp,Cable Encauchetado Libre De Halogenos STF LS 4X12AWG,2026-08-02,requiere_revision,requiere_permiso,"Inventario desde sitemap público. Validar SKU, ficha técnica, descripción propia, categoría Surtilec y permiso de imagen antes de importar.",,,,
CC-CABLE-ENCAUCHETADO-LIBRE-DE-HALOGENOS-STF-LS-2X10AWG,Cable Encauchetado Libre De Halogenos STF LS 2X10AWG,cable-encauchetado,cable-encauchetado-libre-de-halogenos,https://cablescolombia.com/producto/cable-encauchetado-libre-de-halogenos-stf-ls-2x10awg,https://multimedia02.s3.us-east-2.amazonaws.com/Produccion/tiendas/127/productos/82096/8a08961a40a7b3e7.webp,Cable Encauchetado Libre De Halogenos STF LS 2X10AWG,2026-08-02,requiere_revision,requiere_permiso,"Inventario desde sitemap público. Validar SKU, ficha técnica, descripción propia, categoría Surtilec y permiso de imagen antes de importar.",,,,
CC-CABLE-ENCAUCHETADO-LIBRE-DE-HALOGENOS-STF-LS-3X10AWG,Cable Encauchetado Libre De Halogenos STF LS 3X10AWG,cable-encauchetado,cable-encauchetado-libre-de-halogenos,https://cablescolombia.com/producto/cable-encauchetado-libre-de-halogenos-stf-ls-3x10awg,https://multimedia02.s3.us-east-2.amazonaws.com/Produccion/tiendas/127/productos/82097/94a38f920552f5ef.webp,Cable Encauchetado Libre De Halogenos STF LS 3X10AWG,2026-08-02,requiere_revision,requiere_permiso,"Inventario desde sitemap público. Validar SKU, ficha técnica, descripción propia, categoría Surtilec y permiso de imagen antes de importar.",,,,
CC-CABLE-ENCAUCHETADO-LIBRE-DE-HALOGENOS-STF-LS-4X10AWG,Cable Encauchetado Libre De Halogenos STF LS 4X10AWG,cable-encauchetado,cable-encauchetado-libre-de-halogenos,https://cablescolombia.com/producto/cable-encauchetado-libre-de-halogenos-stf-ls-4x10awg,https://multimedia02.s3.us-east-2.amazonaws.com/Produccion/tiendas/127/productos/82098/302b0ab01ecdab93.webp,Cable Encauchetado Libre De Halogenos STF LS 4X10AWG,2026-08-02,requiere_revision,requiere_permiso,"Inventario desde sitemap público. Validar SKU, ficha técnica, descripción propia, categoría Surtilec y permiso de imagen antes de importar.",,,,
CC-CABLE-ENCAUCHETADO-LIBRE-DE-HALOGENOS-STF-LS-2X8AWG,Cable Encauchetado Libre De Halogenos STF LS 2X8AWG,cable-encauchetado,cable-encauchetado-libre-de-halogenos,https://cablescolombia.com/producto/cable-encauchetado-libre-de-halogenos-stf-ls-2x8awg,https://multimedia02.s3.us-east-2.amazonaws.com/Produccion/tiendas/127/productos/82099/35517b3e790d71f1.webp,Cable Encauchetado Libre De Halogenos STF LS 2X8AWG,2026-08-02,requiere_revision,requiere_permiso,"Inventario desde sitemap público. Validar SKU, ficha técnica, descripción propia, categoría Surtilec y permiso de imagen antes de importar.",,,,
CC-CABLE-ENCAUCHETADO-LIBRE-DE-HALOGENOS-STF-LS-3X8AWG,Cable Encauchetado Libre De Halogenos STF LS 3X8AWG,cable-encauchetado,cable-encauchetado-libre-de-halogenos,https://cablescolombia.com/producto/cable-encauchetado-libre-de-halogenos-stf-ls-3x8awg,https://multimedia02.s3.us-east-2.amazonaws.com/Produccion/tiendas/127/productos/82100/af72a1994f10ecb3.webp,Cable Encauchetado Libre De Halogenos STF LS 3X8AWG,2026-08-02,requiere_revision,requiere_permiso,"Inventario desde sitemap público. Validar SKU, ficha técnica, descripción propia, categoría Surtilec y permiso de imagen antes de importar.",,,,
CC-CABLE-ENCAUCHETADO-LIBRE-DE-HALOGENOS-STF-LS-4X8AWG,Cable Encauchetado Libre De Halogenos STF LS 4X8AWG,cable-encauchetado,cable-encauchetado-libre-de-halogenos,https://cablescolombia.com/producto/cable-encauchetado-libre-de-halogenos-stf-ls-4x8awg,https://multimedia02.s3.us-east-2.amazonaws.com/Produccion/tiendas/127/productos/82101/c0e4fc3ea757cc63.webp,Cable Encauchetado Libre De Halogenos STF LS 4X8AWG,2026-08-02,requiere_revision,requiere_permiso,"Inventario desde sitemap público. Validar SKU, ficha técnica, descripción propia, categoría Surtilec y permiso de imagen antes de importar.",,,,
CC-CABLE-DUPLEX-POLARIZADO-2X10-CU,Cable Dúplex Polarizado 2X10 Cu,cable-duplex,cable-duplex-polarizado-cu,https://cablescolombia.com/producto/cable-duplex-polarizado-2x10-cu,https://multimedia02.s3.us-east-2.amazonaws.com/Produccion/tiendas/127/productos/504/ef9bfa6f34c36f61.webp,Cable Dúplex Polarizado 2X10 Cu,2026-08-02,requiere_revision,requiere_permiso,"Inventario desde sitemap público. Validar SKU, ficha técnica, descripción propia, categoría Surtilec y permiso de imagen antes de importar.",,,,
CC-CABLE-DUPLEX-POLARIZADO-2X12-CU,Cable Dúplex Polarizado 2X12 Cu,cable-duplex,cable-duplex-polarizado-cu,https://cablescolombia.com/producto/cable-duplex-polarizado-2x12-cu,https://multimedia02.s3.us-east-2.amazonaws.com/Produccion/tiendas/127/productos/505/b47311ba0c46f3e4.webp,Cable Dúplex Polarizado 2X12 Cu,2026-08-02,requiere_revision,requiere_permiso,"Inventario desde sitemap público. Validar SKU, ficha técnica, descripción propia, categoría Surtilec y permiso de imagen antes de importar.",,,,
CC-CABLE-DUPLEX-POLARIZADO-2X14-CU,Cable Dúplex Polarizado 2X14 Cu,cable-duplex,cable-duplex-polarizado-cu,https://cablescolombia.com/producto/cable-duplex-polarizado-2x14-cu,https://multimedia02.s3.us-east-2.amazonaws.com/Produccion/tiendas/127/productos/506/db1593ca74ca682f.webp,Cable Dúplex Polarizado 2X14 Cu,2026-08-02,requiere_revision,requiere_permiso,"Inventario desde sitemap público. Validar SKU, ficha técnica, descripción propia, categoría Surtilec y permiso de imagen antes de importar.",,,,
CC-CABLE-DUPLEX-POLARIZADO-2X16-CU-3,Cable Duplex Polarizado 2X16 Cu,cable-duplex,cable-duplex-polarizado-cu,https://cablescolombia.com/producto/cable-duplex-polarizado-2x16-cu_3,https://multimedia02.s3.us-east-2.amazonaws.com/Produccion/tiendas/127/productos/507/105afa5863081d0f.webp,Cable Duplex Polarizado 2X16 Cu,2026-08-02,requiere_revision,requiere_permiso,"Inventario desde sitemap público. Validar SKU, ficha técnica, descripción propia, categoría Surtilec y permiso de imagen antes de importar.",,,,
CC-CABLE-DUPLEX-POLARIZADO-2X18-CU,Cable Dúplex Polarizado 2X18 Cu,cable-duplex,cable-duplex-polarizado-cu,https://cablescolombia.com/producto/cable-duplex-polarizado-2x18-cu,https://multimedia02.s3.us-east-2.amazonaws.com/Produccion/tiendas/127/productos/508/ecb525b8bb9cfd9e.webp,Cable Dúplex Polarizado 2X18 Cu,2026-08-02,requiere_revision,requiere_permiso,"Inventario desde sitemap público. Validar SKU, ficha técnica, descripción propia, categoría Surtilec y permiso de imagen antes de importar.",,,,
CC-CABLE-DUPLEX-POLARIZADO-2X20-CU,Cable Dúplex Polarizado 2X20 Cu,cable-duplex,cable-duplex-polarizado-cu,https://cablescolombia.com/producto/cable-duplex-polarizado-2x20-cu,https://multimedia02.s3.us-east-2.amazonaws.com/Produccion/tiendas/127/productos/509/d44fa344794a6ef8.webp,Cable Dúplex Polarizado 2X20 Cu,2026-08-02,requiere_revision,requiere_permiso,"Inventario desde sitemap público. Validar SKU, ficha técnica, descripción propia, categoría Surtilec y permiso de imagen antes de importar.",,,,
CC-CABLE-DUPLEX-2X10-CU,Cable Duplex 2X10 Cu,cable-duplex,cable-duplex-flexible-cu-cca,https://cablescolombia.com/producto/cable-duplex-2x10-cu,https://multimedia02.s3.us-east-2.amazonaws.com/Produccion/tiendas/127/productos/490/f4ac2b6acefb1ca3.webp,Cable Duplex 2X10 Cu,2026-08-02,requiere_revision,requiere_permiso,"Inventario desde sitemap público. Validar SKU, ficha técnica, descripción propia, categoría Surtilec y permiso de imagen antes de importar.",,,,
CC-CABLE-DUPLEX-2X12-CU,Cable Duplex 2X12 Cu,cable-duplex,cable-duplex-flexible-cu-cca,https://cablescolombia.com/producto/cable-duplex-2x12-cu,https://multimedia02.s3.us-east-2.amazonaws.com/Produccion/tiendas/127/productos/494/e616f2fe2f3f813a.webp,Cable Duplex 2X12 Cu,2026-08-02,requiere_revision,requiere_permiso,"Inventario desde sitemap público. Validar SKU, ficha técnica, descripción propia, categoría Surtilec y permiso de imagen antes de importar.",,,,
CC-CABLE-DUPLEX-2X14-CU,Cable Duplex 2X14 Cu,cable-duplex,cable-duplex-flexible-cu-cca,https://cablescolombia.com/producto/cable-duplex-2x14-cu,https://multimedia02.s3.us-east-2.amazonaws.com/Produccion/tiendas/127/productos/495/efa6b780d6cdfe4c.webp,Cable Duplex 2X14 Cu,2026-08-02,requiere_revision,requiere_permiso,"Inventario desde sitemap público. Validar SKU, ficha técnica, descripción propia, categoría Surtilec y permiso de imagen antes de importar.",,,,
CC-CABLE-DUPLEX-2X16-CU,Cable Duplex 2X16 Cu,cable-duplex,cable-duplex-flexible-cu-cca,https://cablescolombia.com/producto/cable-duplex-2x16-cu,https://multimedia02.s3.us-east-2.amazonaws.com/Produccion/tiendas/127/productos/498/a851fa2bec2ec7d7.webp,Cable Duplex 2X16 Cu,2026-08-02,requiere_revision,requiere_permiso,"Inventario desde sitemap público. Validar SKU, ficha técnica, descripción propia, categoría Surtilec y permiso de imagen antes de importar.",,,,
CC-CABLE-DUPLEX-2X18-CU,Cable Duplex 2X18 Cu,cable-duplex,cable-duplex-flexible-cu-cca,https://cablescolombia.com/producto/cable-duplex-2x18-cu,https://multimedia02.s3.us-east-2.amazonaws.com/Produccion/tiendas/127/productos/499/be6b5045d2caf4f5.webp,Cable Duplex 2X18 Cu,2026-08-02,requiere_revision,requiere_permiso,"Inventario desde sitemap público. Validar SKU, ficha técnica, descripción propia, categoría Surtilec y permiso de imagen antes de importar.",,,,
CC-CABLE-DUPLEX-2X14-NEGRO-CU,Cable Duplex 2X14 Negro Cu,cable-duplex,cable-duplex-flexible-cu-cca,https://cablescolombia.com/producto/cable-duplex-2x14-negro-cu,https://multimedia02.s3.us-east-2.amazonaws.com/Produccion/tiendas/127/productos/500/167c27b087ef1dcd.webp,Cable Duplex 2X14 Negro Cu,2026-08-02,requiere_revision,requiere_permiso,"Inventario desde sitemap público. Validar SKU, ficha técnica, descripción propia, categoría Surtilec y permiso de imagen antes de importar.",,,,
CC-CABLE-DUPLEX-2X16-NEGRO-CU,Cable Duplex 2X16 Negro Cu,cable-duplex,cable-duplex-flexible-cu-cca,https://cablescolombia.com/producto/cable-duplex-2x16-negro-cu,https://multimedia02.s3.us-east-2.amazonaws.com/Produccion/tiendas/127/productos/501/f0b94a151dabff40.webp,Cable Duplex 2X16 Negro Cu,2026-08-02,requiere_revision,requiere_permiso,"Inventario desde sitemap público. Validar SKU, ficha técnica, descripción propia, categoría Surtilec y permiso de imagen antes de importar.",,,,
CC-CABLE-DUPLEX-DESOXIGENADO-N10-CU-AL,Cable Duplex Desoxigenado N10 Cu - Al,cable-duplex,cable-duplex-desoxigenado-cu-al,https://cablescolombia.com/producto/cable-duplex-desoxigenado-n10-cu-al,https://multimedia02.s3.us-east-2.amazonaws.com/Produccion/tiendas/127/productos/479/73aeebd575ab2389.webp,Cable Duplex Desoxigenado N10 Cu - Al,2026-08-02,requiere_revision,requiere_permiso,"Inventario desde sitemap público. Validar SKU, ficha técnica, descripción propia, categoría Surtilec y permiso de imagen antes de importar.",,,,
CC-CABLE-DUPLEX-DESOXIGENADO-N12-CU-AL,Cable Duplex Desoxigenado N12 Cu - Al,cable-duplex,cable-duplex-desoxigenado-cu-al,https://cablescolombia.com/producto/cable-duplex-desoxigenado-n12-cu-al,https://multimedia02.s3.us-east-2.amazonaws.com/Produccion/tiendas/127/productos/480/0910b0af7199b63f.webp,Cable Duplex Desoxigenado N12 Cu - Al,2026-08-02,requiere_revision,requiere_permiso,"Inventario desde sitemap público. Validar SKU, ficha técnica, descripción propia, categoría Surtilec y permiso de imagen antes de importar.",,,,
CC-CABLE-DUPLEX-DESOXIGENADO-N14-CU-AL,Cable Duplex Desoxigenado N14 Cu - Al,cable-duplex,cable-duplex-desoxigenado-cu-al,https://cablescolombia.com/producto/cable-duplex-desoxigenado-n14-cu-al,https://multimedia02.s3.us-east-2.amazonaws.com/Produccion/tiendas/127/productos/481/119d63051d615c1a.webp,Cable Duplex Desoxigenado N14 Cu - Al,2026-08-02,requiere_revision,requiere_permiso,"Inventario desde sitemap público. Validar SKU, ficha técnica, descripción propia, categoría Surtilec y permiso de imagen antes de importar.",,,,
CC-CABLE-DUPLEX-DESOXIGENADO-N16-CU-AL,Cable Duplex Desoxigenado N16 Cu - Al,cable-duplex,cable-duplex-desoxigenado-cu-al,https://cablescolombia.com/producto/cable-duplex-desoxigenado-n16-cu-al,https://multimedia02.s3.us-east-2.amazonaws.com/Produccion/tiendas/127/productos/482/93df9af4ddba7913.webp,Cable Duplex Desoxigenado N16 Cu - Al,2026-08-02,requiere_revision,requiere_permiso,"Inventario desde sitemap público. Validar SKU, ficha técnica, descripción propia, categoría Surtilec y permiso de imagen antes de importar.",,,,
CC-CABLE-DUPLEX-DESOXIGENADO-N18-CU-AL,Cable Duplex Desoxigenado N18 Cu - Al,cable-duplex,cable-duplex-desoxigenado-cu-al,https://cablescolombia.com/producto/cable-duplex-desoxigenado-n18-cu-al,https://multimedia02.s3.us-east-2.amazonaws.com/Produccion/tiendas/127/productos/483/6b515b3427f3f71b.webp,Cable Duplex Desoxigenado N18 Cu - Al,2026-08-02,requiere_revision,requiere_permiso,"Inventario desde sitemap público. Validar SKU, ficha técnica, descripción propia, categoría Surtilec y permiso de imagen antes de importar.",,,,
CC-CABLE-DUPLEX-DESOXIGENADO-N22-CU-AL,Cable Duplex Desoxigenado N22 Cu - Al,cable-duplex,cable-duplex-desoxigenado-cu-al,https://cablescolombia.com/producto/cable-duplex-desoxigenado-n22-cu-al,https://multimedia02.s3.us-east-2.amazonaws.com/Produccion/tiendas/127/productos/485/b7def2a6c3ea2d46.webp,Cable Duplex Desoxigenado N22 Cu - Al,2026-08-02,requiere_revision,requiere_permiso,"Inventario desde sitemap público. Validar SKU, ficha técnica, descripción propia, categoría Surtilec y permiso de imagen antes de importar.",,,,
CC-CABLE-DUPLEX-DESOXIGENADO-N20-CU-AL,Cable Duplex Desoxigenado N20 Cu - Al,cable-duplex,cable-duplex-desoxigenado-cu-al,https://cablescolombia.com/producto/cable-duplex-desoxigenado-n20-cu-al,https://multimedia02.s3.us-east-2.amazonaws.com/Produccion/tiendas/127/productos/486/dfa2afd2ba8656ea.webp,Cable Duplex Desoxigenado N20 Cu - Al,2026-08-02,requiere_revision,requiere_permiso,"Inventario desde sitemap público. Validar SKU, ficha técnica, descripción propia, categoría Surtilec y permiso de imagen antes de importar.",,,,
CC-CABLE-DUPLEX-CRISTAL-2X20-CU,Cable Duplex Cristal 2X20 Cu,cable-duplex,cable-duplex-cristal,https://cablescolombia.com/producto/cable-duplex-cristal-2x20-cu,https://multimedia02.s3.us-east-2.amazonaws.com/Produccion/tiendas/127/productos/472/a73b0be5c16c24ef.webp,Cable Duplex Cristal 2X20 Cu,2026-08-02,requiere_revision,requiere_permiso,"Inventario desde sitemap público. Validar SKU, ficha técnica, descripción propia, categoría Surtilec y permiso de imagen antes de importar.",,,,
CC-CABLE-DUPLEX-CRISTAL-2X16-CU,Cable Duplex Cristal 2X16 Cu,cable-duplex,cable-duplex-cristal,https://cablescolombia.com/producto/cable-duplex-cristal-2x16-cu,https://multimedia02.s3.us-east-2.amazonaws.com/Produccion/tiendas/127/productos/473/3d155efc78581068.webp,Cable Duplex Cristal 2X16 Cu,2026-08-02,requiere_revision,requiere_permiso,"Inventario desde sitemap público. Validar SKU, ficha técnica, descripción propia, categoría Surtilec y permiso de imagen antes de importar.",,,,
CC-CABLE-DUPLEX-CRISTAL-2X14-CU,Cable Duplex Cristal 2X14 Cu,cable-duplex,cable-duplex-cristal,https://cablescolombia.com/producto/cable-duplex-cristal-2x14-cu,https://multimedia02.s3.us-east-2.amazonaws.com/Produccion/tiendas/127/productos/474/e1c24184825c1294.webp,Cable Duplex Cristal 2X14 Cu,2026-08-02,requiere_revision,requiere_permiso,"Inventario desde sitemap público. Validar SKU, ficha técnica, descripción propia, categoría Surtilec y permiso de imagen antes de importar.",,,,
CC-CABLE-DUPLEX-CRISTAL-2X12-CU,Cable Duplex Cristal 2X12 Cu,cable-duplex,cable-duplex-cristal,https://cablescolombia.com/producto/cable-duplex-cristal-2x12-cu,https://multimedia02.s3.us-east-2.amazonaws.com/Produccion/tiendas/127/productos/475/6c17e742ce286729.webp,Cable Duplex Cristal 2X12 Cu,2026-08-02,requiere_revision,requiere_permiso,"Inventario desde sitemap público. Validar SKU, ficha técnica, descripción propia, categoría Surtilec y permiso de imagen antes de importar.",,,,
CC-CABLE-DUPLEX-CRISTAL-2X22-CU,Cable Duplex Cristal 2X22 Cu,cable-duplex,cable-duplex-cristal,https://cablescolombia.com/producto/cable-duplex-cristal-2x22-cu,https://multimedia02.s3.us-east-2.amazonaws.com/Produccion/tiendas/127/productos/476/2c4bfdfdb7e84ee9.webp,Cable Duplex Cristal 2X22 Cu,2026-08-02,requiere_revision,requiere_permiso,"Inventario desde sitemap público. Validar SKU, ficha técnica, descripción propia, categoría Surtilec y permiso de imagen antes de importar.",,,,
CC-CABLE-DUPLEX-CRISTAL-2X10-CU,Cable Duplex Cristal 2X10 Cu,cable-duplex,cable-duplex-cristal,https://cablescolombia.com/producto/cable-duplex-cristal-2x10-cu,https://multimedia02.s3.us-east-2.amazonaws.com/Produccion/tiendas/127/productos/477/27b70d253af13e1c.webp,Cable Duplex Cristal 2X10 Cu,2026-08-02,requiere_revision,requiere_permiso,"Inventario desde sitemap público. Validar SKU, ficha técnica, descripción propia, categoría Surtilec y permiso de imagen antes de importar.",,,,
CC-CABLE-DUPLEX-CRISTAL-2X18-CU,Cable Duplex Cristal 2X18 Cu,cable-duplex,cable-duplex-cristal,https://cablescolombia.com/producto/cable-duplex-cristal-2x18-cu,https://multimedia02.s3.us-east-2.amazonaws.com/Produccion/tiendas/127/productos/478/f9468e40a28521f0.webp,Cable Duplex Cristal 2X18 Cu,2026-08-02,requiere_revision,requiere_permiso,"Inventario desde sitemap público. Validar SKU, ficha técnica, descripción propia, categoría Surtilec y permiso de imagen antes de importar.",,,,
CC-CABLE-ALUMINIO-6-AWG-SERIE-8000,Cable Aluminio 6 Awg Serie 8000,cable-aliminio,-cable-aluminio-serie-8000,https://cablescolombia.com/producto/cable-aluminio-6-awg-serie-8000,https://multimedia02.s3.us-east-2.amazonaws.com/Produccion/tiendas/127/productos/653/7e6ea97a4ad8904b.webp,Cable Aluminio 6 Awg Serie 8000,2026-08-02,requiere_revision,requiere_permiso,"Inventario desde sitemap público. Validar SKU, ficha técnica, descripción propia, categoría Surtilec y permiso de imagen antes de importar.",,,,
CC-CABLE-ALUMINIO-4-AWG-SERIE-8000,Cable Aluminio 4 Awg Serie 8000,cable-aliminio,-cable-aluminio-serie-8000,https://cablescolombia.com/producto/cable-aluminio-4-awg-serie-8000,https://multimedia02.s3.us-east-2.amazonaws.com/Produccion/tiendas/127/productos/656/6d38726803de5ec1.webp,Cable Aluminio 4 Awg Serie 8000,2026-08-02,requiere_revision,requiere_permiso,"Inventario desde sitemap público. Validar SKU, ficha técnica, descripción propia, categoría Surtilec y permiso de imagen antes de importar.",,,,
CC-CABLE-ALUMINIO-2-AWG-SERIE-8000,Cable Aluminio 2 Awg Serie 8000,cable-aliminio,-cable-aluminio-serie-8000,https://cablescolombia.com/producto/cable-aluminio-2-awg-serie-8000,https://multimedia02.s3.us-east-2.amazonaws.com/Produccion/tiendas/127/productos/658/c930c22f429e61c4.webp,Cable Aluminio 2 Awg Serie 8000,2026-08-02,requiere_revision,requiere_permiso,"Inventario desde sitemap público. Validar SKU, ficha técnica, descripción propia, categoría Surtilec y permiso de imagen antes de importar.",,,,
CC-CABLE-ALUMINIO-1-0-AWG-SERIE-8000,Cable Aluminio 1/0 Awg Serie 8000,cable-aliminio,-cable-aluminio-serie-8000,https://cablescolombia.com/producto/cable-aluminio-1-0-awg-serie-8000,https://multimedia02.s3.us-east-2.amazonaws.com/Produccion/tiendas/127/productos/659/c11a1df257e8e3cb.webp,Cable Aluminio 1/0 Awg Serie 8000,2026-08-02,requiere_revision,requiere_permiso,"Inventario desde sitemap público. Validar SKU, ficha técnica, descripción propia, categoría Surtilec y permiso de imagen antes de importar.",,,,
CC-CABLE-ALUMINIO-2-0-AWG-SERIE-8000,Cable Aluminio 2/0 Awg Serie 8000,cable-aliminio,-cable-aluminio-serie-8000,https://cablescolombia.com/producto/cable-aluminio-2-0-awg-serie-8000,https://multimedia02.s3.us-east-2.amazonaws.com/Produccion/tiendas/127/productos/661/1ea884b04642643d.webp,Cable Aluminio 2/0 Awg Serie 8000,2026-08-02,requiere_revision,requiere_permiso,"Inventario desde sitemap público. Validar SKU, ficha técnica, descripción propia, categoría Surtilec y permiso de imagen antes de importar.",,,,
CC-CABLE-ALUMINIO-4-0-AWG-SERIE-8000,Cable Aluminio 4/0 Awg Serie 8000,cable-aliminio,-cable-aluminio-serie-8000,https://cablescolombia.com/producto/cable-aluminio-4-0-awg-serie-8000,https://multimedia02.s3.us-east-2.amazonaws.com/Produccion/tiendas/127/productos/663/7ce4d8569e496ee5.webp,Cable Aluminio 4/0 Awg Serie 8000,2026-08-02,requiere_revision,requiere_permiso,"Inventario desde sitemap público. Validar SKU, ficha técnica, descripción propia, categoría Surtilec y permiso de imagen antes de importar.",,,,
CC-CABLE-ALUMINIO-250-KCMIL-SERIE-8000,Cable Aluminio 250 Kcmil Serie 8000,cable-aliminio,-cable-aluminio-serie-8000,https://cablescolombia.com/producto/cable-aluminio-250-kcmil-serie-8000,https://multimedia02.s3.us-east-2.amazonaws.com/Produccion/tiendas/127/productos/664/8f964f9cbbb8ce8d.webp,Cable Aluminio 250 Kcmil Serie 8000,2026-08-02,requiere_revision,requiere_permiso,"Inventario desde sitemap público. Validar SKU, ficha técnica, descripción propia, categoría Surtilec y permiso de imagen antes de importar.",,,,
CC-CABLE-ALUMINIO-350-KCMIL-SERIE-8000,Cable Aluminio 350 Kcmil Serie 8000,cable-aliminio,-cable-aluminio-serie-8000,https://cablescolombia.com/producto/cable-aluminio-350-kcmil-serie-8000,https://multimedia02.s3.us-east-2.amazonaws.com/Produccion/tiendas/127/productos/665/06e9a6d0df1db56a.webp,Cable Aluminio 350 Kcmil Serie 8000,2026-08-02,requiere_revision,requiere_permiso,"Inventario desde sitemap público. Validar SKU, ficha técnica, descripción propia, categoría Surtilec y permiso de imagen antes de importar.",,,,
CC-CABLE-ALUMINIO-500-KCMIL-SERIE-8000,Cable Aluminio 500 Kcmil Serie 8000,cable-aliminio,-cable-aluminio-serie-8000,https://cablescolombia.com/producto/cable-aluminio-500-kcmil-serie-8000,https://multimedia02.s3.us-east-2.amazonaws.com/Produccion/tiendas/127/productos/666/153ea728e845b892.webp,Cable Aluminio 500 Kcmil Serie 8000,2026-08-02,requiere_revision,requiere_permiso,"Inventario desde sitemap público. Validar SKU, ficha técnica, descripción propia, categoría Surtilec y permiso de imagen antes de importar.",,,,
CC-CABLE-ALUMINIO-S8000-LIBRE-DE-HALOGENO-N6,Cable Aluminio S8000 Libre de Halógeno N6,cable-aliminio,cable-aluminio-serie-8000-libre-de-halogeno,https://cablescolombia.com/producto/cable-aluminio-s8000-libre-de-halogeno-n6,https://multimedia02.s3.us-east-2.amazonaws.com/Produccion/tiendas/127/productos/384/d481c160d51b90cb.webp,Cable Aluminio S8000 Libre de Halógeno N6,2026-08-02,requiere_revision,requiere_permiso,"Inventario desde sitemap público. Validar SKU, ficha técnica, descripción propia, categoría Surtilec y permiso de imagen antes de importar.",,,,
CC-CABLE-ALUMINIO-S8000-LIBRE-DE-HALOGENO-N4,Cable Aluminio S8000 Libre de Halógeno N4,cable-aliminio,cable-aluminio-serie-8000-libre-de-halogeno,https://cablescolombia.com/producto/cable-aluminio-s8000-libre-de-halogeno-n4,https://multimedia02.s3.us-east-2.amazonaws.com/Produccion/tiendas/127/productos/385/3515b6a6424bae3f.webp,Cable Aluminio S8000 Libre de Halógeno N4,2026-08-02,requiere_revision,requiere_permiso,"Inventario desde sitemap público. Validar SKU, ficha técnica, descripción propia, categoría Surtilec y permiso de imagen antes de importar.",,,,
CC-CABLE-ALUMINIO-SERIE-8000-LIBRE-DE-HALOGENO-N2,Cable Aluminio Serie 8000 Libre de Halógeno N2,cable-aliminio,cable-aluminio-serie-8000-libre-de-halogeno,https://cablescolombia.com/producto/cable-aluminio-serie-8000-libre-de-halogeno-n2,https://multimedia02.s3.us-east-2.amazonaws.com/Produccion/tiendas/127/productos/386/0da84473fd4c16a9.webp,Cable Aluminio Serie 8000 Libre de Halógeno N2,2026-08-02,requiere_revision,requiere_permiso,"Inventario desde sitemap público. Validar SKU, ficha técnica, descripción propia, categoría Surtilec y permiso de imagen antes de importar.",,,,
CC-CABLE-ALUMINIO-SERIE-8000-LIBRE-DE-HALOGENO-1-0-9,Cable Aluminio Serie 8000 Libre de Halógeno 1/0,cable-aliminio,cable-aluminio-serie-8000-libre-de-halogeno,https://cablescolombia.com/producto/cable-aluminio-serie-8000-libre-de-halogeno-1-0_9,https://multimedia02.s3.us-east-2.amazonaws.com/Produccion/tiendas/127/productos/390/40d53e063d794223.webp,Cable Aluminio Serie 8000 Libre de Halógeno 1/0,2026-08-02,requiere_revision,requiere_permiso,"Inventario desde sitemap público. Validar SKU, ficha técnica, descripción propia, categoría Surtilec y permiso de imagen antes de importar.",,,,
CC-CABLE-ALUMINIO-SERIE-8000-LIBRE-DE-HALOGENO-2-0-8,Cable Aluminio Serie 8000 Libre de Halógeno 2/0,cable-aliminio,cable-aluminio-serie-8000-libre-de-halogeno,https://cablescolombia.com/producto/cable-aluminio-serie-8000-libre-de-halogeno-2-0_8,https://multimedia02.s3.us-east-2.amazonaws.com/Produccion/tiendas/127/productos/391/29bacacd11f41a44.webp,Cable Aluminio Serie 8000 Libre de Halógeno 2/0,2026-08-02,requiere_revision,requiere_permiso,"Inventario desde sitemap público. Validar SKU, ficha técnica, descripción propia, categoría Surtilec y permiso de imagen antes de importar.",,,,
CC-CABLE-ALUMINIO-SERIE-8000-LIBRE-DE-HALOGENO-4-0-2,Cable Aluminio Serie 8000 Libre de Halógeno 4/0,cable-aliminio,cable-aluminio-serie-8000-libre-de-halogeno,https://cablescolombia.com/producto/cable-aluminio-serie-8000-libre-de-halogeno-4-0_2,https://multimedia02.s3.us-east-2.amazonaws.com/Produccion/tiendas/127/productos/393/989cacad2f53c805.webp,Cable Aluminio Serie 8000 Libre de Halógeno 4/0,2026-08-02,requiere_revision,requiere_permiso,"Inventario desde sitemap público. Validar SKU, ficha técnica, descripción propia, categoría Surtilec y permiso de imagen antes de importar.",,,,
CC-CABLE-ALUMINIO-SERIE-8000-LIBRE-DE-HALOGENO-250KCM,Cable Aluminio Serie 8000 Libre de Halógeno 250kcm,cable-aliminio,cable-aluminio-serie-8000-libre-de-halogeno,https://cablescolombia.com/producto/cable-aluminio-serie-8000-libre-de-halogeno-250kcm,https://multimedia02.s3.us-east-2.amazonaws.com/Produccion/tiendas/127/productos/397/fe2c2be29120e5e1.webp,Cable Aluminio Serie 8000 Libre de Halógeno 250kcm,2026-08-02,requiere_revision,requiere_permiso,"Inventario desde sitemap público. Validar SKU, ficha técnica, descripción propia, categoría Surtilec y permiso de imagen antes de importar.",,,,
CC-CABLE-ALUMINIO-SERIE-8000-LIBRE-DE-HALOGENO-350KCM,Cable Aluminio Serie 8000 Libre de Halógeno 350kcm,cable-aliminio,cable-aluminio-serie-8000-libre-de-halogeno,https://cablescolombia.com/producto/cable-aluminio-serie-8000-libre-de-halogeno-350kcm,https://multimedia02.s3.us-east-2.amazonaws.com/Produccion/tiendas/127/productos/398/a0988979b6135b37.webp,Cable Aluminio Serie 8000 Libre de Halógeno 350kcm,2026-08-02,requiere_revision,requiere_permiso,"Inventario desde sitemap público. Validar SKU, ficha técnica, descripción propia, categoría Surtilec y permiso de imagen antes de importar.",,,,
CC-CABLE-ALUMINIO-SERIE-8000-LIBRE-DE-HALOGENO-500KCM,Cable Aluminio Serie 8000 Libre de Halógeno 500kcm,cable-aliminio,cable-aluminio-serie-8000-libre-de-halogeno,https://cablescolombia.com/producto/cable-aluminio-serie-8000-libre-de-halogeno-500kcm,https://multimedia02.s3.us-east-2.amazonaws.com/Produccion/tiendas/127/productos/400/3ce086177c42cc72.webp,Cable Aluminio Serie 8000 Libre de Halógeno 500kcm,2026-08-02,requiere_revision,requiere_permiso,"Inventario desde sitemap público. Validar SKU, ficha técnica, descripción propia, categoría Surtilec y permiso de imagen antes de importar.",,,,
CC-CABLE-ALUMINIO-ACSR-336-4-KCMIL-26-7,Cable Aluminio ACSR 336.4 Kcmil (26/7),cable-acsr-ga,,https://cablescolombia.com/producto/cable-aluminio-acsr-336-4-kcmil-26-7-,https://multimedia02.s3.us-east-2.amazonaws.com/Produccion/tiendas/127/productos/76670/e427db10997fe122.webp,Cable Aluminio ACSR 336.4 Kcmil (26/7),2026-08-02,requiere_revision,requiere_permiso,"Inventario desde sitemap público. Validar SKU, ficha técnica, descripción propia, categoría Surtilec y permiso de imagen antes de importar.",,,,
CC-CABLE-ALUMINIO-ACSR-266-8-KCMIL-26-7,Cable Aluminio ACSR 266.8 Kcmil (26/7),cable-acsr-ga,,https://cablescolombia.com/producto/cable-aluminio-acsr-266-8-kcmil-26-7,https://multimedia02.s3.us-east-2.amazonaws.com/Produccion/tiendas/127/productos/76671/1bb2fdeec3723b74.webp,Cable Aluminio ACSR 266.8 Kcmil (26/7),2026-08-02,requiere_revision,requiere_permiso,"Inventario desde sitemap público. Validar SKU, ficha técnica, descripción propia, categoría Surtilec y permiso de imagen antes de importar.",,,,
CC-CABLE-ALUMINIO-ACSR-266-8-KCMIL-18-1,Cable Aluminio ACSR 266.8 Kcmil (18/1),cable-acsr-ga,,https://cablescolombia.com/producto/cable-aluminio-acsr-266-8-kcmil-18-1-,https://multimedia02.s3.us-east-2.amazonaws.com/Produccion/tiendas/127/productos/76672/f1da14c536dc9d3f.webp,Cable Aluminio ACSR 266.8 Kcmil (18/1),2026-08-02,requiere_revision,requiere_permiso,"Inventario desde sitemap público. Validar SKU, ficha técnica, descripción propia, categoría Surtilec y permiso de imagen antes de importar.",,,,
CC-CABLE-ACSR-2,Cable ACSR 2,cable-acsr-ga,,https://cablescolombia.com/producto/cable-acsr-2,https://multimedia02.s3.us-east-2.amazonaws.com/Produccion/tiendas/127/productos/376/e02d9a6a03cbbd74.webp,Cable ACSR 2,2026-08-02,requiere_revision,requiere_permiso,"Inventario desde sitemap público. Validar SKU, ficha técnica, descripción propia, categoría Surtilec y permiso de imagen antes de importar.",,,,
CC-CABLE-ACSR-1-0,Cable ACSR 1/0,cable-acsr-ga,,https://cablescolombia.com/producto/cable-acsr-1-0,https://multimedia02.s3.us-east-2.amazonaws.com/Produccion/tiendas/127/productos/381/d77a62c9ae895d5e.webp,Cable ACSR 1/0,2026-08-02,requiere_revision,requiere_permiso,"Inventario desde sitemap público. Validar SKU, ficha técnica, descripción propia, categoría Surtilec y permiso de imagen antes de importar.",,,,
CC-CABLE-ACSR-2-0,Cable ACSR 2/0,cable-acsr-ga,,https://cablescolombia.com/producto/cable-acsr-2-0,https://multimedia02.s3.us-east-2.amazonaws.com/Produccion/tiendas/127/productos/382/9b5221660556cff4.webp,Cable ACSR 2/0,2026-08-02,requiere_revision,requiere_permiso,"Inventario desde sitemap público. Validar SKU, ficha técnica, descripción propia, categoría Surtilec y permiso de imagen antes de importar.",,,,
CC-CABLE-ACSR-4-0,Cable ACSR 4/0,cable-acsr-ga,,https://cablescolombia.com/producto/cable-acsr-4-0,https://multimedia02.s3.us-east-2.amazonaws.com/Produccion/tiendas/127/productos/387/5b655c04b268a8c6.webp,Cable ACSR 4/0,2026-08-02,requiere_revision,requiere_permiso,"Inventario desde sitemap público. Validar SKU, ficha técnica, descripción propia, categoría Surtilec y permiso de imagen antes de importar.",,,,
CC-CABLE-ACSR-3-0-5,Cable ACSR 3/0,cable-acsr-ga,,https://cablescolombia.com/producto/cable-acsr-3-0_5,https://multimedia02.s3.us-east-2.amazonaws.com/Produccion/tiendas/127/productos/389/6fe9c8c5d574c0c0.webp,Cable ACSR 3/0,2026-08-02,requiere_revision,requiere_permiso,"Inventario desde sitemap público. Validar SKU, ficha técnica, descripción propia, categoría Surtilec y permiso de imagen antes de importar.",,,,
CC-CABLE-ALUMINIO-ACSR-4AWG-DESNUDO,Cable Aluminio Acsr 4awg Desnudo,cable-acsr-ga,,https://cablescolombia.com/producto/cable-aluminio-acsr-4awg-desnudo,https://multimedia02.s3.us-east-2.amazonaws.com/Produccion/tiendas/127/productos/39331/33639ec22a85747f.webp,Cable Aluminio Acsr 4awg Desnudo,2026-08-02,requiere_revision,requiere_permiso,"Inventario desde sitemap público. Validar SKU, ficha técnica, descripción propia, categoría Surtilec y permiso de imagen antes de importar.",,,,
CC-CABLE-ALUMINIO-ACSR-266-8KCMIL,Cable Aluminio Acsr 266.8kcmil,cable-acsr-ga,,https://cablescolombia.com/producto/cable-aluminio-acsr-266-8kcmil,https://multimedia02.s3.us-east-2.amazonaws.com/Produccion/tiendas/127/productos/39330/cd0c7d41c73d8634.webp,Cable Aluminio Acsr 266.8kcmil,2026-08-02,requiere_revision,requiere_permiso,"Inventario desde sitemap público. Validar SKU, ficha técnica, descripción propia, categoría Surtilec y permiso de imagen antes de importar.",,,,
CC-CABLE-ALUMINIO-CUADRUPLEX-AISLADO-3X4-0-4-0-N-A-XLPE,Cable Aluminio Cuadruplex Aislado 3x4/0 + 4/0 N.A XLPE,cable-trenzado-neutro,cuadruplex-aislado-xlpe,https://cablescolombia.com/producto/cable-aluminio-cuadruplex-aislado-3x4-0-4-0-n-a-xlpe,https://multimedia02.s3.us-east-2.amazonaws.com/Produccion/tiendas/127/productos/76754/774c426148f02063.webp,Cable Aluminio Cuadruplex Aislado 3x4/0 + 4/0 N.A XLPE,2026-08-02,requiere_revision,requiere_permiso,"Inventario desde sitemap público. Validar SKU, ficha técnica, descripción propia, categoría Surtilec y permiso de imagen antes de importar.",CDC-I0849,Cable Aluminio Cuadruplex Aislado 3x4/0 + 4/0 N.A XLPE,https://cablescolombia.com/categoria/cable-trenzado-neutro/cuadruplex-aislado-xlpe,https://multimedia02.s3.us-east-2.amazonaws.com/Produccion/tiendas/127/productos/76754/thumb/a04ed916384f5bf77f396726c6d643a0.webp
CC-CABLE-ALUMINIO-CUADRUPLEX-AISLADO-3X4-0-2-0-N-A-XLPE,Cable Aluminio Cuadruplex Aislado 3x4/0 + 2/0 N.A XLPE,cable-trenzado-neutro,cuadruplex-aislado-xlpe,https://cablescolombia.com/producto/cable-aluminio-cuadruplex-aislado-3x4-0-2-0-n-a-xlpe,https://multimedia02.s3.us-east-2.amazonaws.com/Produccion/tiendas/127/productos/76755/c779b7963314e864.webp,Cable Aluminio Cuadruplex Aislado 3x4/0 + 2/0 N.A XLPE,2026-08-02,requiere_revision,requiere_permiso,"Inventario desde sitemap público. Validar SKU, ficha técnica, descripción propia, categoría Surtilec y permiso de imagen antes de importar.",,,,
CC-CABLE-ALUMINIO-CUADRUPLEX-AISLADO-3X4-0-1-0-N-A-XLPE,Cable Aluminio Cuadruplex Aislado 3x4/0 + 1/0 N.A XLPE,cable-trenzado-neutro,cuadruplex-aislado-xlpe,https://cablescolombia.com/producto/cable-aluminio-cuadruplex-aislado-3x4-0-1-0-n-a-xlpe,https://multimedia02.s3.us-east-2.amazonaws.com/Produccion/tiendas/127/productos/76756/8f5d468901875071.webp,Cable Aluminio Cuadruplex Aislado 3x4/0 + 1/0 N.A XLPE,2026-08-02,requiere_revision,requiere_permiso,"Inventario desde sitemap público. Validar SKU, ficha técnica, descripción propia, categoría Surtilec y permiso de imagen antes de importar.",,,,
CC-CABLE-ALUMINIO-CUADRUPLEX-AISLADO-3X2-0-2-0-N-A-XLPE,Cable Aluminio Cuadruplex Aislado 3x2/0 + 2/0 N.A XLPE,cable-trenzado-neutro,cuadruplex-aislado-xlpe,https://cablescolombia.com/producto/cable-aluminio-cuadruplex-aislado-3x2-0-2-0-n-a-xlpe,https://multimedia02.s3.us-east-2.amazonaws.com/Produccion/tiendas/127/productos/76757/e6c1d4a59b904ff1.webp,Cable Aluminio Cuadruplex Aislado 3x2/0 + 2/0 N.A XLPE,2026-08-02,requiere_revision,requiere_permiso,"Inventario desde sitemap público. Validar SKU, ficha técnica, descripción propia, categoría Surtilec y permiso de imagen antes de importar.",,,,
CC-CABLE-ALUMINIO-CUADRUPLEX-AISLADO-3X2-0-1-0-N-A-XLPE,Cable Aluminio Cuadruplex Aislado 3x2/0 + 1/0 N.A XLPE,cable-trenzado-neutro,cuadruplex-aislado-xlpe,https://cablescolombia.com/producto/cable-aluminio-cuadruplex-aislado-3x2-0-1-0-n-a-xlpe,https://multimedia02.s3.us-east-2.amazonaws.com/Produccion/tiendas/127/productos/76758/f9ea81b5a058a17d.webp,Cable Aluminio Cuadruplex Aislado 3x2/0 + 1/0 N.A XLPE,2026-08-02,requiere_revision,requiere_permiso,"Inventario desde sitemap público. Validar SKU, ficha técnica, descripción propia, categoría Surtilec y permiso de imagen antes de importar.",CDC-I0858,Cable Aluminio Cuadruplex Aislado 3x2/0 + 1/0 N.A XLPE,https://cablescolombia.com/categoria/cable-trenzado-neutro/cuadruplex-aislado-xlpe,https://multimedia02.s3.us-east-2.amazonaws.com/Produccion/tiendas/127/productos/76758/thumb/f13f09e44c87c13c75f8778faa87a5ee.webp
CC-CABLE-ALUMINIO-CUADRUPLEX-AISLADO-3X1-0-1-0-N-A-XLPE,Cable Aluminio Cuadruplex Aislado 3x1/0 + 1/0 N.A XLPE,cable-trenzado-neutro,cuadruplex-aislado-xlpe,https://cablescolombia.com/producto/cable-aluminio-cuadruplex-aislado-3x1-0-1-0-n-a-xlpe,https://multimedia02.s3.us-east-2.amazonaws.com/Produccion/tiendas/127/productos/76759/5ae0cff83c62c73d.webp,Cable Aluminio Cuadruplex Aislado 3x1/0 + 1/0 N.A XLPE,2026-08-02,requiere_revision,requiere_permiso,"Inventario desde sitemap público. Validar SKU, ficha técnica, descripción propia, categoría Surtilec y permiso de imagen antes de importar.",,,,
CC-CABLE-ALUMINIO-CUADRUPLEX-AISLADO-3X1-0-2-N-A-XLPE,Cable Aluminio Cuadruplex Aislado 3x1/0 + 2 N.A XLPE,cable-trenzado-neutro,cuadruplex-aislado-xlpe,https://cablescolombia.com/producto/cable-aluminio-cuadruplex-aislado-3x1-0-2-n-a-xlpe,https://multimedia02.s3.us-east-2.amazonaws.com/Produccion/tiendas/127/productos/76760/ea88e87ddc00e75f.webp,Cable Aluminio Cuadruplex Aislado 3x1/0 + 2 N.A XLPE,2026-08-02,requiere_revision,requiere_permiso,"Inventario desde sitemap público. Validar SKU, ficha técnica, descripción propia, categoría Surtilec y permiso de imagen antes de importar.",,,,
CC-CABLE-ALUMINIO-CUADRUPLEX-AISLADO-3X2-1-0-N-A-XLPE,Cable Aluminio Cuadruplex Aislado 3x2 + 1/0 N.A XLPE,cable-trenzado-neutro,cuadruplex-aislado-xlpe,https://cablescolombia.com/producto/cable-aluminio-cuadruplex-aislado-3x2-1-0-n-a-xlpe,https://multimedia02.s3.us-east-2.amazonaws.com/Produccion/tiendas/127/productos/76761/79fad18da8df1e9d.webp,Cable Aluminio Cuadruplex Aislado 3x2 + 1/0 N.A XLPE,2026-08-02,requiere_revision,requiere_permiso,"Inventario desde sitemap público. Validar SKU, ficha técnica, descripción propia, categoría Surtilec y permiso de imagen antes de importar.",,,,
CC-CABLE-ALUMINIO-CUADRUPLEX-AISLADO-3X2-2-N-A-XLPE,Cable Aluminio Cuadruplex Aislado 3x2 + 2 N.A XLPE,cable-trenzado-neutro,cuadruplex-aislado-xlpe,https://cablescolombia.com/producto/cable-aluminio-cuadruplex-aislado-3x2-2-n-a-xlpe,https://multimedia02.s3.us-east-2.amazonaws.com/Produccion/tiendas/127/productos/76762/39bd1bd8b924aa90.webp,Cable Aluminio Cuadruplex Aislado 3x2 + 2 N.A XLPE,2026-08-02,requiere_revision,requiere_permiso,"Inventario desde sitemap público. Validar SKU, ficha técnica, descripción propia, categoría Surtilec y permiso de imagen antes de importar.",,,,
CC-CABLE-ALUMINIO-CUADRUPLEX-AISLADO-3X4-4-N-A-XLPE,Cable Aluminio Cuadruplex Aislado 3x4 + 4 N.A XLPE,cable-trenzado-neutro,cuadruplex-aislado-xlpe,https://cablescolombia.com/producto/cable-aluminio-cuadruplex-aislado-3x4-4-n-a-xlpe,https://multimedia02.s3.us-east-2.amazonaws.com/Produccion/tiendas/127/productos/76763/fe78d28a03f85871.webp,Cable Aluminio Cuadruplex Aislado 3x4 + 4 N.A XLPE,2026-08-02,requiere_revision,requiere_permiso,"Inventario desde sitemap público. Validar SKU, ficha técnica, descripción propia, categoría Surtilec y permiso de imagen antes de importar.",,,,
CC-CABLE-ALUMINIO-CUADRUPLEX-DESNUDO-3X4-0-4-0-N-D-XLPE,Cable Aluminio Cuadruplex Desnudo 3x4/0 + 4/0 N.D XLPE,cable-trenzado-neutro,cuadruplex-desnudo-xlpe,https://cablescolombia.com/producto/cable-aluminio-cuadruplex-desnudo-3x4-0-4-0-n-d-xlpe,https://multimedia02.s3.us-east-2.amazonaws.com/Produccion/tiendas/127/productos/76764/4e2ff80defb3b555.webp,Cable Aluminio Cuadruplex Desnudo 3x4/0 + 4/0 N.D XLPE,2026-08-02,requiere_revision,requiere_permiso,"Inventario desde sitemap público. Validar SKU, ficha técnica, descripción propia, categoría Surtilec y permiso de imagen antes de importar.",CDC-I0772,Cable Aluminio Cuadruplex Desnudo 3x4/0 + 4/0 N.D XLPE,https://cablescolombia.com/categoria/cable-trenzado-neutro/cuadruplex-desnudo-xlpe,https://multimedia02.s3.us-east-2.amazonaws.com/Produccion/tiendas/127/productos/76764/thumb/ef96e17b66cc85cf1bd8f3946b54f03a.webp
CC-CABLE-ALUMINIO-CUADRUPLEX-DESNUDO-3X4-0-2-0-N-D-XLPE,Cable Aluminio Cuadruplex Desnudo 3x4/0 + 2/0 N.D XLPE,cable-trenzado-neutro,cuadruplex-desnudo-xlpe,https://cablescolombia.com/producto/cable-aluminio-cuadruplex-desnudo-3x4-0-2-0-n-d-xlpe,https://multimedia02.s3.us-east-2.amazonaws.com/Produccion/tiendas/127/productos/76765/3dac831918c9b999.webp,Cable Aluminio Cuadruplex Desnudo 3x4/0 + 2/0 N.D XLPE,2026-08-02,requiere_revision,requiere_permiso,"Inventario desde sitemap público. Validar SKU, ficha técnica, descripción propia, categoría Surtilec y permiso de imagen antes de importar.",,,,
CC-CABLE-ALUMINIO-CUADRUPLEX-DESNUDO-3X2-0-2-0-N-D-XLPE,Cable Aluminio Cuadruplex Desnudo 3x2/0 + 2/0 N.D XLPE,cable-trenzado-neutro,cuadruplex-desnudo-xlpe,https://cablescolombia.com/producto/cable-aluminio-cuadruplex-desnudo-3x2-0-2-0-n-d-xlpe,https://multimedia02.s3.us-east-2.amazonaws.com/Produccion/tiendas/127/productos/76766/c043cf73d3c82e22.webp,Cable Aluminio Cuadruplex Desnudo 3x2/0 + 2/0 N.D XLPE,2026-08-02,requiere_revision,requiere_permiso,"Inventario desde sitemap público. Validar SKU, ficha técnica, descripción propia, categoría Surtilec y permiso de imagen antes de importar.",,,,
CC-CABLE-ALUMINIO-CUADRUPLEX-DESNUDO-3X2-0-1-0-N-D-XLPE,Cable Aluminio Cuadruplex Desnudo 3x2/0 + 1/0 N.D XLPE,cable-trenzado-neutro,cuadruplex-desnudo-xlpe,https://cablescolombia.com/producto/cable-aluminio-cuadruplex-desnudo-3x2-0-1-0-n-d-xlpe,https://multimedia02.s3.us-east-2.amazonaws.com/Produccion/tiendas/127/productos/76767/258f400fe8175563.webp,Cable Aluminio Cuadruplex Desnudo 3x2/0 + 1/0 N.D XLPE,2026-08-02,requiere_revision,requiere_permiso,"Inventario desde sitemap público. Validar SKU, ficha técnica, descripción propia, categoría Surtilec y permiso de imagen antes de importar.",,,,
CC-CABLE-ALUMINIO-CUADRUPLEX-DESNUDO-3X1-0-1-0-N-D-XLPE,Cable Aluminio Cuadruplex Desnudo 3x1/0 + 1/0 N.D XLPE,cable-trenzado-neutro,cuadruplex-desnudo-xlpe,https://cablescolombia.com/producto/cable-aluminio-cuadruplex-desnudo-3x1-0-1-0-n-d-xlpe,https://multimedia02.s3.us-east-2.amazonaws.com/Produccion/tiendas/127/productos/76768/645a60c85a25d88e.webp,Cable Aluminio Cuadruplex Desnudo 3x1/0 + 1/0 N.D XLPE,2026-08-02,requiere_revision,requiere_permiso,"Inventario desde sitemap público. Validar SKU, ficha técnica, descripción propia, categoría Surtilec y permiso de imagen antes de importar.",,,,
CC-CABLE-ALUMINIO-CUADRUPLEX-DESNUDO-3X1-0-2-N-D-XLPE,Cable Aluminio Cuadruplex Desnudo 3x1/0 + 2 N.D XLPE,cable-trenzado-neutro,cuadruplex-desnudo-xlpe,https://cablescolombia.com/producto/cable-aluminio-cuadruplex-desnudo-3x1-0-2-n-d-xlpe,https://multimedia02.s3.us-east-2.amazonaws.com/Produccion/tiendas/127/productos/76769/3e298cd6a3178165.webp,Cable Aluminio Cuadruplex Desnudo 3x1/0 + 2 N.D XLPE,2026-08-02,requiere_revision,requiere_permiso,"Inventario desde sitemap público. Validar SKU, ficha técnica, descripción propia, categoría Surtilec y permiso de imagen antes de importar.",,,,
CC-CABLE-ALUMINIO-CUADRUPLEX-DESNUDO-3X2-2-N-D-XLPE,Cable Aluminio Cuadruplex Desnudo 3x2 + 2 N.D XLPE,cable-trenzado-neutro,cuadruplex-desnudo-xlpe,https://cablescolombia.com/producto/cable-aluminio-cuadruplex-desnudo-3x2-2-n-d-xlpe,https://multimedia02.s3.us-east-2.amazonaws.com/Produccion/tiendas/127/productos/76770/c6064aca6c7c4274.webp,Cable Aluminio Cuadruplex Desnudo 3x2 + 2 N.D XLPE,2026-08-02,requiere_revision,requiere_permiso,"Inventario desde sitemap público. Validar SKU, ficha técnica, descripción propia, categoría Surtilec y permiso de imagen antes de importar.",,,,
CC-CABLE-ALUMINIO-CUADRUPLEX-DESNUDO-3X2-4-N-D-XLPE,Cable Aluminio Cuadruplex Desnudo 3x2 + 4 N.D XLPE,cable-trenzado-neutro,cuadruplex-desnudo-xlpe,https://cablescolombia.com/producto/cable-aluminio-cuadruplex-desnudo-3x2-4-n-d-xlpe,https://multimedia02.s3.us-east-2.amazonaws.com/Produccion/tiendas/127/productos/76771/37581586d306ffdf.webp,Cable Aluminio Cuadruplex Desnudo 3x2 + 4 N.D XLPE,2026-08-02,requiere_revision,requiere_permiso,"Inventario desde sitemap público. Validar SKU, ficha técnica, descripción propia, categoría Surtilec y permiso de imagen antes de importar.",,,,
CC-CABLE-ALUMINIO-CUADRUPLEX-DESNUDO-3X4-4-N-D-XLPE,Cable Aluminio Cuadruplex Desnudo 3x4 + 4 N.D XLPE,cable-trenzado-neutro,cuadruplex-desnudo-xlpe,https://cablescolombia.com/producto/cable-aluminio-cuadruplex-desnudo-3x4-4-n-d-xlpe,https://multimedia02.s3.us-east-2.amazonaws.com/Produccion/tiendas/127/productos/76772/b5397196d5f87ce8.webp,Cable Aluminio Cuadruplex Desnudo 3x4 + 4 N.D XLPE,2026-08-02,requiere_revision,requiere_permiso,"Inventario desde sitemap público. Validar SKU, ficha técnica, descripción propia, categoría Surtilec y permiso de imagen antes de importar.",CDC-I1053,Cable Aluminio Cuadruplex Desnudo 3x4 + 4 N.D XLPE,https://cablescolombia.com/categoria/cable-trenzado-neutro/cuadruplex-desnudo-xlpe,https://multimedia02.s3.us-east-2.amazonaws.com/Produccion/tiendas/127/productos/76772/thumb/b1b4522c5b47503d1763a4aebd7542b7.webp
CC-CABLE-ALUMINIO-CUADRUPLEX-DESNUDO-3X6-6-N-D-XLPE,Cable Aluminio Cuadruplex Desnudo 3x6 + 6 N.D XLPE,cable-trenzado-neutro,cuadruplex-desnudo-xlpe,https://cablescolombia.com/producto/cable-aluminio-cuadruplex-desnudo-3x6-6-n-d-xlpe,https://multimedia02.s3.us-east-2.amazonaws.com/Produccion/tiendas/127/productos/76773/c0e01819709d990a.webp,Cable Aluminio Cuadruplex Desnudo 3x6 + 6 N.D XLPE,2026-08-02,requiere_revision,requiere_permiso,"Inventario desde sitemap público. Validar SKU, ficha técnica, descripción propia, categoría Surtilec y permiso de imagen antes de importar.",,,,
CC-CABLE-ALUMINIO-TRIPLEX-DESNUDO-2X4-0-4-0-N-D-XLPE,Cable Aluminio Triplex Desnudo 2x4/0 + 4/0 N.D XLPE,cable-trenzado-neutro,-triplex-desnudo-xlpe,https://cablescolombia.com/producto/cable-aluminio-triplex-desnudo-2x4-0-4-0-n-d-xlpe,https://multimedia02.s3.us-east-2.amazonaws.com/Produccion/tiendas/127/productos/76789/365e44c51eac6cb5.webp,Cable Aluminio Triplex Desnudo 2x4/0 + 4/0 N.D XLPE,2026-08-02,requiere_revision,requiere_permiso,"Inventario desde sitemap público. Validar SKU, ficha técnica, descripción propia, categoría Surtilec y permiso de imagen antes de importar.",,,,
CC-CABLE-ALUMINIO-TRIPLEX-DESNUDO-2X4-0-2-0-N-D-XLPE,Cable Aluminio Triplex Desnudo 2x4/0 + 2/0 N.D XLPE,cable-trenzado-neutro,-triplex-desnudo-xlpe,https://cablescolombia.com/producto/cable-aluminio-triplex-desnudo-2x4-0-2-0-n-d-xlpe,https://multimedia02.s3.us-east-2.amazonaws.com/Produccion/tiendas/127/productos/76790/79e234562eb208b1.webp,Cable Aluminio Triplex Desnudo 2x4/0 + 2/0 N.D XLPE,2026-08-02,requiere_revision,requiere_permiso,"Inventario desde sitemap público. Validar SKU, ficha técnica, descripción propia, categoría Surtilec y permiso de imagen antes de importar.",,,,
CC-CABLE-ALUMINIO-TRIPLEX-DESNUDO-2X2-0-2-0-N-D-XLPE,Cable Aluminio Triplex Desnudo 2x2/0 + 2/0 N.D XLPE,cable-trenzado-neutro,-triplex-desnudo-xlpe,https://cablescolombia.com/producto/cable-aluminio-triplex-desnudo-2x2-0-2-0-n-d-xlpe,https://multimedia02.s3.us-east-2.amazonaws.com/Produccion/tiendas/127/productos/76791/9ec7e8d89c4543c1.webp,Cable Aluminio Triplex Desnudo 2x2/0 + 2/0 N.D XLPE,2026-08-02,requiere_revision,requiere_permiso,"Inventario desde sitemap público. Validar SKU, ficha técnica, descripción propia, categoría Surtilec y permiso de imagen antes de importar.",,,,
CC-CABLE-ALUMINIO-TRIPLEX-DESNUDO-2X2-0-1-0-N-D-XLPE,Cable Aluminio Triplex Desnudo 2x2/0 + 1/0 N.D XLPE,cable-trenzado-neutro,-triplex-desnudo-xlpe,https://cablescolombia.com/producto/cable-aluminio-triplex-desnudo-2x2-0-1-0-n-d-xlpe,https://multimedia02.s3.us-east-2.amazonaws.com/Produccion/tiendas/127/productos/76792/04f5634993ed4aef.webp,Cable Aluminio Triplex Desnudo 2x2/0 + 1/0 N.D XLPE,2026-08-02,requiere_revision,requiere_permiso,"Inventario desde sitemap público. Validar SKU, ficha técnica, descripción propia, categoría Surtilec y permiso de imagen antes de importar.",,,,
CC-CABLE-ALUMINIO-TRIPLEX-DESNUDO-2X1-0-1-0-N-D-XLPE,Cable Aluminio Triplex Desnudo 2x1/0 + 1/0 N.D XLPE,cable-trenzado-neutro,-triplex-desnudo-xlpe,https://cablescolombia.com/producto/cable-aluminio-triplex-desnudo-2x1-0-1-0-n-d-xlpe,https://multimedia02.s3.us-east-2.amazonaws.com/Produccion/tiendas/127/productos/76793/d110b3f873e9be85.webp,Cable Aluminio Triplex Desnudo 2x1/0 + 1/0 N.D XLPE,2026-08-02,requiere_revision,requiere_permiso,"Inventario desde sitemap público. Validar SKU, ficha técnica, descripción propia, categoría Surtilec y permiso de imagen antes de importar.",,,,
CC-CABLE-ALUMINIO-TRIPLEX-DESNUDO-2X1-0-2-N-D-XLPE,Cable Aluminio Triplex Desnudo 2x1/0 + 2 N.D XLPE,cable-trenzado-neutro,-triplex-desnudo-xlpe,https://cablescolombia.com/producto/cable-aluminio-triplex-desnudo-2x1-0-2-n-d-xlpe,https://multimedia02.s3.us-east-2.amazonaws.com/Produccion/tiendas/127/productos/76794/33f0588149d94583.webp,Cable Aluminio Triplex Desnudo 2x1/0 + 2 N.D XLPE,2026-08-02,requiere_revision,requiere_permiso,"Inventario desde sitemap público. Validar SKU, ficha técnica, descripción propia, categoría Surtilec y permiso de imagen antes de importar.",,,,
CC-CABLE-ALUMINIO-TRIPLEX-DESNUDO-2X2-2-N-D-XLPE,Cable Aluminio Triplex Desnudo 2x2 + 2 N.D XLPE,cable-trenzado-neutro,-triplex-desnudo-xlpe,https://cablescolombia.com/producto/cable-aluminio-triplex-desnudo-2x2-2-n-d-xlpe,https://multimedia02.s3.us-east-2.amazonaws.com/Produccion/tiendas/127/productos/76795/d603cbff899e054a.webp,Cable Aluminio Triplex Desnudo 2x2 + 2 N.D XLPE,2026-08-02,requiere_revision,requiere_permiso,"Inventario desde sitemap público. Validar SKU, ficha técnica, descripción propia, categoría Surtilec y permiso de imagen antes de importar.",,,,
CC-CABLE-ALUMINIO-TRIPLEX-DESNUDO-2X2-4-N-D-XLPE,Cable Aluminio Triplex Desnudo 2x2 + 4 N.D XLPE,cable-trenzado-neutro,-triplex-desnudo-xlpe,https://cablescolombia.com/producto/cable-aluminio-triplex-desnudo-2x2-4-n-d-xlpe,https://multimedia02.s3.us-east-2.amazonaws.com/Produccion/tiendas/127/productos/76796/a8024e36be74aa4d.webp,Cable Aluminio Triplex Desnudo 2x2 + 4 N.D XLPE,2026-08-02,requiere_revision,requiere_permiso,"Inventario desde sitemap público. Validar SKU, ficha técnica, descripción propia, categoría Surtilec y permiso de imagen antes de importar.",,,,
CC-CABLE-ALUMINIO-TRIPLEX-DESNUDO-2X4-4-N-D-XLPE,Cable Aluminio Triplex Desnudo 2x4 + 4 N.D XLPE,cable-trenzado-neutro,-triplex-desnudo-xlpe,https://cablescolombia.com/producto/cable-aluminio-triplex-desnudo-2x4-4-n-d-xlpe,https://multimedia02.s3.us-east-2.amazonaws.com/Produccion/tiendas/127/productos/76797/7a062570e3b72c56.webp,Cable Aluminio Triplex Desnudo 2x4 + 4 N.D XLPE,2026-08-02,requiere_revision,requiere_permiso,"Inventario desde sitemap público. Validar SKU, ficha técnica, descripción propia, categoría Surtilec y permiso de imagen antes de importar.",,,,
CC-CABLE-ALUMINIO-TRIPLEX-DESNUDO-2X6-6-N-D-XLPE,Cable Aluminio Triplex Desnudo 2x6 + 6 N.D XLPE,cable-trenzado-neutro,-triplex-desnudo-xlpe,https://cablescolombia.com/producto/cable-aluminio-triplex-desnudo-2x6-6-n-d-xlpe,https://multimedia02.s3.us-east-2.amazonaws.com/Produccion/tiendas/127/productos/76798/729ba49e2d6e6572.webp,Cable Aluminio Triplex Desnudo 2x6 + 6 N.D XLPE,2026-08-02,requiere_revision,requiere_permiso,"Inventario desde sitemap público. Validar SKU, ficha técnica, descripción propia, categoría Surtilec y permiso de imagen antes de importar.",,,,
CC-CABLE-ALUMINIO-TRIPLEX-AISLADO-2X1-0-123-3-KCMIL-AAAC-N-A,Cable Aluminio Triplex Aislado 2x1/0 + 123.3 Kcmil AAAC N.A,cable-trenzado-neutro,triplex-aislado-xlpe,https://cablescolombia.com/producto/cable-aluminio-triplex-aislado-2x1-0-123-3-kcmil-aaac-n-a,https://multimedia02.s3.us-east-2.amazonaws.com/Produccion/tiendas/127/productos/76778/d0eae5230da7c528.webp,Cable Aluminio Triplex Aislado 2x1/0 + 123.3 Kcmil AAAC N.A,2026-08-02,requiere_revision,requiere_permiso,"Inventario desde sitemap público. Validar SKU, ficha técnica, descripción propia, categoría Surtilec y permiso de imagen antes de importar.",,,,
CC-CABLE-ALUMINIO-TRIPLEX-AISLADO-2X4-0-4-0-N-A-XLPE,Cable Aluminio Triplex Aislado 2x4/0 + 4/0 N.A XLPE,cable-trenzado-neutro,triplex-aislado-xlpe,https://cablescolombia.com/producto/cable-aluminio-triplex-aislado-2x4-0-4-0-n-a-xlpe,https://multimedia02.s3.us-east-2.amazonaws.com/Produccion/tiendas/127/productos/76779/8b932497eee902c0.webp,Cable Aluminio Triplex Aislado 2x4/0 + 4/0 N.A XLPE,2026-08-02,requiere_revision,requiere_permiso,"Inventario desde sitemap público. Validar SKU, ficha técnica, descripción propia, categoría Surtilec y permiso de imagen antes de importar.",CDC-I0844,Cable Aluminio Triplex Aislado 2x4/0 + 4/0 N.A XLPE,https://cablescolombia.com/categoria/cable-trenzado-neutro/triplex-aislado-xlpe,https://multimedia02.s3.us-east-2.amazonaws.com/Produccion/tiendas/127/productos/76779/thumb/d75a1deeb9970e72d6f1f6d255d7060e.webp
CC-CABLE-ALUMINIO-TRIPLEX-AISLADO-2X4-0-2-0-N-A-XLPE,Cable Aluminio Triplex Aislado 2x4/0 + 2/0 N.A XLPE,cable-trenzado-neutro,triplex-aislado-xlpe,https://cablescolombia.com/producto/cable-aluminio-triplex-aislado-2x4-0-2-0-n-a-xlpe,https://multimedia02.s3.us-east-2.amazonaws.com/Produccion/tiendas/127/productos/76780/9f4ee56f3b66ad50.webp,Cable Aluminio Triplex Aislado 2x4/0 + 2/0 N.A XLPE,2026-08-02,requiere_revision,requiere_permiso,"Inventario desde sitemap público. Validar SKU, ficha técnica, descripción propia, categoría Surtilec y permiso de imagen antes de importar.",,,,
CC-CABLE-ALUMINIO-TRIPLEX-AISLADO-2X2-0-2-0-N-A-XLPE,Cable Aluminio Triplex Aislado 2x2/0 + 2/0 N.A XLPE,cable-trenzado-neutro,triplex-aislado-xlpe,https://cablescolombia.com/producto/cable-aluminio-triplex-aislado-2x2-0-2-0-n-a-xlpe,https://multimedia02.s3.us-east-2.amazonaws.com/Produccion/tiendas/127/productos/76781/1b964fc8697df966.webp,Cable Aluminio Triplex Aislado 2x2/0 + 2/0 N.A XLPE,2026-08-02,requiere_revision,requiere_permiso,"Inventario desde sitemap público. Validar SKU, ficha técnica, descripción propia, categoría Surtilec y permiso de imagen antes de importar.",,,,
CC-CABLE-ALUMINIO-TRIPLEX-AISLADO-2X2-0-1-0-N-A-XLPE,Cable Aluminio Triplex Aislado 2x2/0 + 1/0 N.A XLPE,cable-trenzado-neutro,triplex-aislado-xlpe,https://cablescolombia.com/producto/cable-aluminio-triplex-aislado-2x2-0-1-0-n-a-xlpe,https://multimedia02.s3.us-east-2.amazonaws.com/Produccion/tiendas/127/productos/76782/e4a49390b456a804.webp,Cable Aluminio Triplex Aislado 2x2/0 + 1/0 N.A XLPE,2026-08-02,requiere_revision,requiere_permiso,"Inventario desde sitemap público. Validar SKU, ficha técnica, descripción propia, categoría Surtilec y permiso de imagen antes de importar.",,,,
CC-CABLE-ALUMINIO-TRIPLEX-AISLADO-2X1-0-1-0-N-A-XLPE,Cable Aluminio Triplex Aislado 2x1/0 + 1/0 N.A XLPE,cable-trenzado-neutro,triplex-aislado-xlpe,https://cablescolombia.com/producto/cable-aluminio-triplex-aislado-2x1-0-1-0-n-a-xlpe,https://multimedia02.s3.us-east-2.amazonaws.com/Produccion/tiendas/127/productos/76783/5f3d942b349a715a.webp,Cable Aluminio Triplex Aislado 2x1/0 + 1/0 N.A XLPE,2026-08-02,requiere_revision,requiere_permiso,"Inventario desde sitemap público. Validar SKU, ficha técnica, descripción propia, categoría Surtilec y permiso de imagen antes de importar.",,,,
CC-CABLE-ALUMINIO-TRIPLEX-AISLADO-2X1-0-2-N-A-XLPE,Cable Aluminio Triplex Aislado 2x1/0 + 2 N.A XLPE,cable-trenzado-neutro,triplex-aislado-xlpe,https://cablescolombia.com/producto/cable-aluminio-triplex-aislado-2x1-0-2-n-a-xlpe,https://multimedia02.s3.us-east-2.amazonaws.com/Produccion/tiendas/127/productos/76784/77a5787cfc14df3c.webp,Cable Aluminio Triplex Aislado 2x1/0 + 2 N.A XLPE,2026-08-02,requiere_revision,requiere_permiso,"Inventario desde sitemap público. Validar SKU, ficha técnica, descripción propia, categoría Surtilec y permiso de imagen antes de importar.",,,,
CC-CABLE-ALUMINIO-TRIPLEX-AISLADO-2X2-1-0-N-A-XLPE,Cable Aluminio Triplex Aislado 2x2 + 1/0 N.A XLPE,cable-trenzado-neutro,triplex-aislado-xlpe,https://cablescolombia.com/producto/cable-aluminio-triplex-aislado-2x2-1-0-n-a-xlpe,https://multimedia02.s3.us-east-2.amazonaws.com/Produccion/tiendas/127/productos/76785/fcc698f97269fd0e.webp,Cable Aluminio Triplex Aislado 2x2 + 1/0 N.A XLPE,2026-08-02,requiere_revision,requiere_permiso,"Inventario desde sitemap público. Validar SKU, ficha técnica, descripción propia, categoría Surtilec y permiso de imagen antes de importar.",,,,
CC-CABLE-ALUMINIO-TRIPLEX-AISLADO-2X2-2-N-A-XLPE,Cable Aluminio Triplex Aislado 2x2 + 2 N.A XLPE,cable-trenzado-neutro,triplex-aislado-xlpe,https://cablescolombia.com/producto/cable-aluminio-triplex-aislado-2x2-2-n-a-xlpe,https://multimedia02.s3.us-east-2.amazonaws.com/Produccion/tiendas/127/productos/76786/0548fdf10ce8d3b8.webp,Cable Aluminio Triplex Aislado 2x2 + 2 N.A XLPE,2026-08-02,requiere_revision,requiere_permiso,"Inventario desde sitemap público. Validar SKU, ficha técnica, descripción propia, categoría Surtilec y permiso de imagen antes de importar.",,,,
CC-CABLE-ALUMINIO-TRIPLEX-AISLADO-2X4-2-N-A-XLPE,Cable Aluminio Triplex Aislado 2x4 + 2 N.A XLPE,cable-trenzado-neutro,triplex-aislado-xlpe,https://cablescolombia.com/producto/cable-aluminio-triplex-aislado-2x4-2-n-a-xlpe,https://multimedia02.s3.us-east-2.amazonaws.com/Produccion/tiendas/127/productos/76787/8689d6b0209bfbc5.webp,Cable Aluminio Triplex Aislado 2x4 + 2 N.A XLPE,2026-08-02,requiere_revision,requiere_permiso,"Inventario desde sitemap público. Validar SKU, ficha técnica, descripción propia, categoría Surtilec y permiso de imagen antes de importar.",,,,
CC-CABLE-ALUMINIO-TRIPLEX-AISLADO-2X4-4-N-A-XLPE,Cable Aluminio Triplex Aislado 2x4 + 4 N.A XLPE,cable-trenzado-neutro,triplex-aislado-xlpe,https://cablescolombia.com/producto/cable-aluminio-triplex-aislado-2x4-4-n-a-xlpe,https://multimedia02.s3.us-east-2.amazonaws.com/Produccion/tiendas/127/productos/76788/2bf581fa278a444f.webp,Cable Aluminio Triplex Aislado 2x4 + 4 N.A XLPE,2026-08-02,requiere_revision,requiere_permiso,"Inventario desde sitemap público. Validar SKU, ficha técnica, descripción propia, categoría Surtilec y permiso de imagen antes de importar.",,,,
CC-CABLE-ALUMINIO-DUPLEX-DESNUDO-1X2-2-N-D-XLPE,Cable Aluminio Duplex Desnudo 1X2 + 2 N.D XLPE,cable-trenzado-neutro,duplex-aislado-desnudo-xlpe,https://cablescolombia.com/producto/cable-aluminio-duplex-desnudo-1x2-2-n-d-xlpe,https://multimedia02.s3.us-east-2.amazonaws.com/Produccion/tiendas/127/productos/76774/d74d3186c0bd876c.webp,Cable Aluminio Duplex Desnudo 1X2 + 2 N.D XLPE,2026-08-02,requiere_revision,requiere_permiso,"Inventario desde sitemap público. Validar SKU, ficha técnica, descripción propia, categoría Surtilec y permiso de imagen antes de importar.",,,,
CC-CABLE-ALUMINIO-DUPLEX-DESNUDO-1X4-4-N-D-XLPE,Cable Aluminio Duplex Desnudo 1X4 + 4 N.D XLPE,cable-trenzado-neutro,duplex-aislado-desnudo-xlpe,https://cablescolombia.com/producto/cable-aluminio-duplex-desnudo-1x4-4-n-d-xlpe,https://multimedia02.s3.us-east-2.amazonaws.com/Produccion/tiendas/127/productos/76775/af4ee589dbf2cd0e.webp,Cable Aluminio Duplex Desnudo 1X4 + 4 N.D XLPE,2026-08-02,requiere_revision,requiere_permiso,"Inventario desde sitemap público. Validar SKU, ficha técnica, descripción propia, categoría Surtilec y permiso de imagen antes de importar.",,,,
CC-CABLE-ALUMINIO-DUPLEX-1X2-2-N-A-XLPE,Cable Aluminio Duplex 1x2+ 2 N.A XLPE,cable-trenzado-neutro,duplex-aislado-desnudo-xlpe,https://cablescolombia.com/producto/cable-aluminio-duplex-1x2-2-n-a-xlpe,https://multimedia02.s3.us-east-2.amazonaws.com/Produccion/tiendas/127/productos/76776/368704ad81642bc4.webp,Cable Aluminio Duplex 1x2+ 2 N.A XLPE,2026-08-02,requiere_revision,requiere_permiso,"Inventario desde sitemap público. Validar SKU, ficha técnica, descripción propia, categoría Surtilec y permiso de imagen antes de importar.",,,,
CC-CABLE-ALUMINIO-DUPLEX-1X4-4-N-A-XLPE,Cable Aluminio Duplex 1x4+ 4 N.A XLPE,cable-trenzado-neutro,duplex-aislado-desnudo-xlpe,https://cablescolombia.com/producto/cable-aluminio-duplex-1x4-4-n-a-xlpe,https://multimedia02.s3.us-east-2.amazonaws.com/Produccion/tiendas/127/productos/76777/4530f1e4feaeef5d.webp,Cable Aluminio Duplex 1x4+ 4 N.A XLPE,2026-08-02,requiere_revision,requiere_permiso,"Inventario desde sitemap público. Validar SKU, ficha técnica, descripción propia, categoría Surtilec y permiso de imagen antes de importar.",,,,
CC-CABLE-BATERIA-N4,Cable Bateria N4,cable-bateria-cu,,https://cablescolombia.com/producto/cable-bateria-n4,https://multimedia02.s3.us-east-2.amazonaws.com/Produccion/tiendas/127/productos/394/8533ce64745195f7.webp,Cable Bateria N4,2026-08-02,requiere_revision,requiere_permiso,"Inventario desde sitemap público. Validar SKU, ficha técnica, descripción propia, categoría Surtilec y permiso de imagen antes de importar.",,,,
CC-CABLE-BATERIA-N2,Cable Bateria N2,cable-bateria-cu,,https://cablescolombia.com/producto/cable-bateria-n2,https://multimedia02.s3.us-east-2.amazonaws.com/Produccion/tiendas/127/productos/396/6af63cad4886b3bd.webp,Cable Bateria N2,2026-08-02,requiere_revision,requiere_permiso,"Inventario desde sitemap público. Validar SKU, ficha técnica, descripción propia, categoría Surtilec y permiso de imagen antes de importar.",,,,
CC-CABLE-CONTROL-7X12-AWG-PC-CU-PVC,Cable Control 7x12 AWG PC Cu PVC,cable-control,,https://cablescolombia.com/producto/cable-control-7x12-awg-pc-cu-pvc,https://multimedia02.s3.us-east-2.amazonaws.com/Produccion/tiendas/127/productos/76680/b715465cb0d0048a.webp,Cable Control 7x12 AWG PC Cu PVC,2026-08-02,requiere_revision,requiere_permiso,"Inventario desde sitemap público. Validar SKU, ficha técnica, descripción propia, categoría Surtilec y permiso de imagen antes de importar.",,,,
CC-CABLE-CONTROL-2X14-20-AWG-CU-PVC-TC-LS-90-C-600V,Cable Control 2x14+20 awg cu pvc tc ls 90°c 600v,cable-control,,https://cablescolombia.com/producto/cable-control-2x14-20-awg-cu-pvc-tc-ls-90-c-600v,https://multimedia02.s3.us-east-2.amazonaws.com/Produccion/tiendas/127/productos/415/1988be1f06be85cb.webp,Cable Control 2x14+20 awg cu pvc tc ls 90°c 600v,2026-08-02,requiere_revision,requiere_permiso,"Inventario desde sitemap público. Validar SKU, ficha técnica, descripción propia, categoría Surtilec y permiso de imagen antes de importar.",,,,
CC-CABLE-CONTROL-4X14-20-AWG-CU-PVC-TC-LS-90-C-600V,Cable Control 4x14+20 awg cu pvc tc ls 90°c 600v,cable-control,,https://cablescolombia.com/producto/cable-control-4x14-20-awg-cu-pvc-tc-ls-90-c-600v,https://multimedia02.s3.us-east-2.amazonaws.com/Produccion/tiendas/127/productos/421/ac540133bc2e9982.webp,Cable Control 4x14+20 awg cu pvc tc ls 90°c 600v,2026-08-02,requiere_revision,requiere_permiso,"Inventario desde sitemap público. Validar SKU, ficha técnica, descripción propia, categoría Surtilec y permiso de imagen antes de importar.",,,,
CC-CABLE-CONTROL-6X14-20-AWG-CU-PVC-TC-LS-90-C-600V,Cable Control 6x14+20 awg cu pvc tc ls 90°c 600v,cable-control,,https://cablescolombia.com/producto/cable-control-6x14-20-awg-cu-pvc-tc-ls-90-c-600v,https://multimedia02.s3.us-east-2.amazonaws.com/Produccion/tiendas/127/productos/423/0809db027d7d89df.webp,Cable Control 6x14+20 awg cu pvc tc ls 90°c 600v,2026-08-02,requiere_revision,requiere_permiso,"Inventario desde sitemap público. Validar SKU, ficha técnica, descripción propia, categoría Surtilec y permiso de imagen antes de importar.",,,,
CC-CABLE-CONTROL-9X14-20-AWG-CU-PVC-TC-LS-90-C-600V,Cable Control 9x14+20 awg cu pvc tc ls 90°c 600v,cable-control,,https://cablescolombia.com/producto/cable-control-9x14-20-awg-cu-pvc-tc-ls-90-c-600v,https://multimedia02.s3.us-east-2.amazonaws.com/Produccion/tiendas/127/productos/424/35c44286ce861fec.webp,Cable Control 9x14+20 awg cu pvc tc ls 90°c 600v,2026-08-02,requiere_revision,requiere_permiso,"Inventario desde sitemap público. Validar SKU, ficha técnica, descripción propia, categoría Surtilec y permiso de imagen antes de importar.",,,,
CC-CABLE-CONTROL-2X12-20-AWG-CU-PVC-TC-LS-90-C-600V,Cable Control 2x12+20 awg cu pvc tc ls 90°c 600v,cable-control,,https://cablescolombia.com/producto/cable-control-2x12-20-awg-cu-pvc-tc-ls-90-c-600v,https://multimedia02.s3.us-east-2.amazonaws.com/Produccion/tiendas/127/productos/427/627a7b984de569c2.webp,Cable Control 2x12+20 awg cu pvc tc ls 90°c 600v,2026-08-02,requiere_revision,requiere_permiso,"Inventario desde sitemap público. Validar SKU, ficha técnica, descripción propia, categoría Surtilec y permiso de imagen antes de importar.",,,,
CC-CABLE-CONTROL-4X12-20-AWG-CU-PVC-TC-LS-90-C-600V,Cable Control 4x12+20 awg cu pvc tc ls 90°c 600v,cable-control,,https://cablescolombia.com/producto/cable-control-4x12-20-awg-cu-pvc-tc-ls-90-c-600v,https://multimedia02.s3.us-east-2.amazonaws.com/Produccion/tiendas/127/productos/428/8e810da0f826d11e.webp,Cable Control 4x12+20 awg cu pvc tc ls 90°c 600v,2026-08-02,requiere_revision,requiere_permiso,"Inventario desde sitemap público. Validar SKU, ficha técnica, descripción propia, categoría Surtilec y permiso de imagen antes de importar.",,,,
CC-CABLE-CONTROL-6X12-20-AWG-CU-PVC-TC-LS-90-C-600V,Cable Control 6x12+20 awg cu pvc tc ls 90°c 600v,cable-control,,https://cablescolombia.com/producto/cable-control-6x12-20-awg-cu-pvc-tc-ls-90-c-600v,https://multimedia02.s3.us-east-2.amazonaws.com/Produccion/tiendas/127/productos/430/1349945d44dbdabc.webp,Cable Control 6x12+20 awg cu pvc tc ls 90°c 600v,2026-08-02,requiere_revision,requiere_permiso,"Inventario desde sitemap público. Validar SKU, ficha técnica, descripción propia, categoría Surtilec y permiso de imagen antes de importar.",,,,
CC-CABLE-CONTROL-9X12-20-AWG-CU-PVC-TC-LS-90-C-600V,Cable Control 9x12+20 awg cu pvc tc ls 90°c 600v,cable-control,,https://cablescolombia.com/producto/cable-control-9x12-20-awg-cu-pvc-tc-ls-90-c-600v,https://multimedia02.s3.us-east-2.amazonaws.com/Produccion/tiendas/127/productos/431/eefb284e5a09f7dd.webp,Cable Control 9x12+20 awg cu pvc tc ls 90°c 600v,2026-08-02,requiere_revision,requiere_permiso,"Inventario desde sitemap público. Validar SKU, ficha técnica, descripción propia, categoría Surtilec y permiso de imagen antes de importar.",,,,
CC-CABLE-CONTROL-2X10-20-AWG-CU-PVC-TC-LS-90-C-600V,Cable Control 2x10+20 awg cu pvc tc ls 90°c 600v,cable-control,,https://cablescolombia.com/producto/cable-control-2x10-20-awg-cu-pvc-tc-ls-90-c-600v,https://multimedia02.s3.us-east-2.amazonaws.com/Produccion/tiendas/127/productos/433/52e55d75f0cb6057.webp,Cable Control 2x10+20 awg cu pvc tc ls 90°c 600v,2026-08-02,requiere_revision,requiere_permiso,"Inventario desde sitemap público. Validar SKU, ficha técnica, descripción propia, categoría Surtilec y permiso de imagen antes de importar.",,,,
CC-CABLE-CONTROL-4X10-20-AWG-CU-PVC-TC-LS-90-C-600V,Cable Control 4x10+20 awg cu pvc tc ls 90°c 600v,cable-control,,https://cablescolombia.com/producto/cable-control-4x10-20-awg-cu-pvc-tc-ls-90-c-600v,https://multimedia02.s3.us-east-2.amazonaws.com/Produccion/tiendas/127/productos/435/6f63eb7a8dbc5819.webp,Cable Control 4x10+20 awg cu pvc tc ls 90°c 600v,2026-08-02,requiere_revision,requiere_permiso,"Inventario desde sitemap público. Validar SKU, ficha técnica, descripción propia, categoría Surtilec y permiso de imagen antes de importar.",,,,
CC-CABLE-CONTROL-9X10-20-AWG-CU-PVC-TC-LS-90-C-600V,Cable Control 9x10+20 awg cu pvc tc ls 90°c 600v,cable-control,,https://cablescolombia.com/producto/cable-control-9x10-20-awg-cu-pvc-tc-ls-90-c-600v,https://multimedia02.s3.us-east-2.amazonaws.com/Produccion/tiendas/127/productos/437/55d96da33d6a57ec.webp,Cable Control 9x10+20 awg cu pvc tc ls 90°c 600v,2026-08-02,requiere_revision,requiere_permiso,"Inventario desde sitemap público. Validar SKU, ficha técnica, descripción propia, categoría Surtilec y permiso de imagen antes de importar.",,,,
CC-CABLE-ACOMETIDA-1X8-8-MONOFASICO-CU,Cable Acometida 1X8+8 Monofasico Cu,cable-acometida-cu-al,,https://cablescolombia.com/producto/cable-acometida-1x8-8-monofasico-cu,https://multimedia02.s3.us-east-2.amazonaws.com/Produccion/tiendas/127/productos/455/e86d5d8261b33a99.webp,Cable Acometida 1X8+8 Monofasico Cu,2026-08-02,requiere_revision,requiere_permiso,"Inventario desde sitemap público. Validar SKU, ficha técnica, descripción propia, categoría Surtilec y permiso de imagen antes de importar.",,,,
CC-CABLE-ACOMETIDA-2X8-8-BIFASICO-CU,Cable Acometida 2X8+8 Bifasico Cu,cable-acometida-cu-al,,https://cablescolombia.com/producto/cable-acometida-2x8-8-bifasico-cu,https://multimedia02.s3.us-east-2.amazonaws.com/Produccion/tiendas/127/productos/457/9380d77a1b796bd0.webp,Cable Acometida 2X8+8 Bifasico Cu,2026-08-02,requiere_revision,requiere_permiso,"Inventario desde sitemap público. Validar SKU, ficha técnica, descripción propia, categoría Surtilec y permiso de imagen antes de importar.",,,,
CC-CABLE-ACOMETIDA-3X8-10-TRIFASICO-TREBOL-CU-2,Cable Acometida 3X8+10 Trifásico Trébol Cu,cable-acometida-cu-al,,https://cablescolombia.com/producto/cable-acometida-3x8-10-trifasico-trebol-cu_2,https://multimedia02.s3.us-east-2.amazonaws.com/Produccion/tiendas/127/productos/487/492c330ea2f7a311.webp,Cable Acometida 3X8+10 Trifásico Trébol Cu,2026-08-02,requiere_revision,requiere_permiso,"Inventario desde sitemap público. Validar SKU, ficha técnica, descripción propia, categoría Surtilec y permiso de imagen antes de importar.",,,,
CC-CABLE-ACOMETIDA-3X8-8-TRIFASICO-CU,Cable Acometida 3X8+8 Trifásico Cu,cable-acometida-cu-al,,https://cablescolombia.com/producto/cable-acometida-3x8-8-trifasico-cu,https://multimedia02.s3.us-east-2.amazonaws.com/Produccion/tiendas/127/productos/488/47668232fd2cb329.webp,Cable Acometida 3X8+8 Trifásico Cu,2026-08-02,requiere_revision,requiere_permiso,"Inventario desde sitemap público. Validar SKU, ficha técnica, descripción propia, categoría Surtilec y permiso de imagen antes de importar.",,,,
CC-CABLE-ACOMETIDA-3X6-8-TRIFASICO-TREBOL-CU-3,Cable Acometida 3X6+8 Trifásico Trébol Cu,cable-acometida-cu-al,,https://cablescolombia.com/producto/cable-acometida-3x6-8-trifasico-trebol-cu_3,https://multimedia02.s3.us-east-2.amazonaws.com/Produccion/tiendas/127/productos/489/b49f3d812a0d475d.webp,Cable Acometida 3X6+8 Trifásico Trébol Cu,2026-08-02,requiere_revision,requiere_permiso,"Inventario desde sitemap público. Validar SKU, ficha técnica, descripción propia, categoría Surtilec y permiso de imagen antes de importar.",,,,
CC-CABLE-ACOMETIDA-3X4-6-TRIFASICO-TREBOL-CU-6,Cable Acometida 3X4+6 Trifásico Trébol Cu,cable-acometida-cu-al,,https://cablescolombia.com/producto/cable-acometida-3x4-6-trifasico-trebol-cu_6,https://multimedia02.s3.us-east-2.amazonaws.com/Produccion/tiendas/127/productos/502/dd37bf9185234dca.webp,Cable Acometida 3X4+6 Trifásico Trébol Cu,2026-08-02,requiere_revision,requiere_permiso,"Inventario desde sitemap público. Validar SKU, ficha técnica, descripción propia, categoría Surtilec y permiso de imagen antes de importar.",,,,
CC-CABLE-ACOMETIDA-3X2-4-TREBOL-TRIFASICO-CU,Cable Acometida 3X2+4 Trebol Trifasico Cu,cable-acometida-cu-al,,https://cablescolombia.com/producto/cable-acometida-3x2-4-trebol-trifasico-cu,https://multimedia02.s3.us-east-2.amazonaws.com/Produccion/tiendas/127/productos/503/5a653a54d604bd0f.webp,Cable Acometida 3X2+4 Trebol Trifasico Cu,2026-08-02,requiere_revision,requiere_permiso,"Inventario desde sitemap público. Validar SKU, ficha técnica, descripción propia, categoría Surtilec y permiso de imagen antes de importar.",,,,
CC-CABLE-ACOMETIDA-ALUMINIO-1X6-6-MONOFASICO,Cable Acometida Aluminio 1x6+6 Monofásico,cable-acometida-cu-al,,https://cablescolombia.com/producto/cable-acometida-aluminio-1x6-6-monofasico,https://multimedia02.s3.us-east-2.amazonaws.com/Produccion/tiendas/127/productos/38435/80704f26c5ce19d6.webp,Cable Acometida Aluminio 1x6+6 Monofásico,2026-08-02,requiere_revision,requiere_permiso,"Inventario desde sitemap público. Validar SKU, ficha técnica, descripción propia, categoría Surtilec y permiso de imagen antes de importar.",,,,
CC-CABLE-ECOLOGICO-AL-ACSR-1-0-13-2KV-15KV-5,Cable Ecologico AL-ACSR 1/0 13.2KV/15KV,cable-ecologico-al,,https://cablescolombia.com/producto/cable-ecologico-al-acsr-1-0-13-2kv-15kv_5,https://multimedia02.s3.us-east-2.amazonaws.com/Produccion/tiendas/127/productos/512/d9d923ab4b3d7e30.webp,Cable Ecologico AL-ACSR 1/0 13.2KV/15KV,2026-08-02,requiere_revision,requiere_permiso,"Inventario desde sitemap público. Validar SKU, ficha técnica, descripción propia, categoría Surtilec y permiso de imagen antes de importar.",,,,
CC-CABLE-ECOLOGICO-AL-ACSR-2-0-13-2KV-15KV-2,Cable Ecologico AL-ACSR 2/0 13.2KV/15KV,cable-ecologico-al,,https://cablescolombia.com/producto/cable-ecologico-al-acsr-2-0-13-2kv-15kv_2,https://multimedia02.s3.us-east-2.amazonaws.com/Produccion/tiendas/127/productos/516/abc35cb895b90e0d.webp,Cable Ecologico AL-ACSR 2/0 13.2KV/15KV,2026-08-02,requiere_revision,requiere_permiso,"Inventario desde sitemap público. Validar SKU, ficha técnica, descripción propia, categoría Surtilec y permiso de imagen antes de importar.",,,,
CC-CABLE-ECOLOGICO-AL-ACSR-4-0-13-2KV-15KV-5,Cable Ecologico AL-ACSR 4/0 13.2KV/15KV,cable-ecologico-al,,https://cablescolombia.com/producto/cable-ecologico-al-acsr-4-0-13-2kv-15kv_5,https://multimedia02.s3.us-east-2.amazonaws.com/Produccion/tiendas/127/productos/519/715233eddad861de.webp,Cable Ecologico AL-ACSR 4/0 13.2KV/15KV,2026-08-02,requiere_revision,requiere_permiso,"Inventario desde sitemap público. Validar SKU, ficha técnica, descripción propia, categoría Surtilec y permiso de imagen antes de importar.",,,,
CC-CABLE-ECOLOGICO-AL-ACSR-266-38-13-2KV-15KV,Cable Ecológico AL-ACSR 266.38 13.2KV/15KV,cable-ecologico-al,,https://cablescolombia.com/producto/cable-ecologico-al-acsr-266-38-13-2kv-15kv,https://multimedia02.s3.us-east-2.amazonaws.com/Produccion/tiendas/127/productos/520/36c23eb81f566cfd.webp,Cable Ecológico AL-ACSR 266.38 13.2KV/15KV,2026-08-02,requiere_revision,requiere_permiso,"Inventario desde sitemap público. Validar SKU, ficha técnica, descripción propia, categoría Surtilec y permiso de imagen antes de importar.",,,,
CC-CABLE-ECOLOGICO-AL-ACSR-1-0-34-5KV-7,Cable Ecologico AL-ACSR 1/0 34.5KV,cable-ecologico-al,,https://cablescolombia.com/producto/cable-ecologico-al-acsr-1-0-34-5kv_7,https://multimedia02.s3.us-east-2.amazonaws.com/Produccion/tiendas/127/productos/522/2f92d9233d33b1cc.webp,Cable Ecologico AL-ACSR 1/0 34.5KV,2026-08-02,requiere_revision,requiere_permiso,"Inventario desde sitemap público. Validar SKU, ficha técnica, descripción propia, categoría Surtilec y permiso de imagen antes de importar.",,,,
CC-CABLE-ECOLOGICO-AL-ACSR-2-0-34-5KV-1,Cable Ecologico AL-ACSR 2/0 34.5KV,cable-ecologico-al,,https://cablescolombia.com/producto/cable-ecologico-al-acsr-2-0-34-5kv_1,https://multimedia02.s3.us-east-2.amazonaws.com/Produccion/tiendas/127/productos/529/6c57c0432a5e7c6e.webp,Cable Ecologico AL-ACSR 2/0 34.5KV,2026-08-02,requiere_revision,requiere_permiso,"Inventario desde sitemap público. Validar SKU, ficha técnica, descripción propia, categoría Surtilec y permiso de imagen antes de importar.",,,,
CC-CABLE-ECOLOGICO-AL-ACSR-4-0-34-5KV-5,Cable Ecologico AL-ACSR 4/0 34.5KV,cable-ecologico-al,,https://cablescolombia.com/producto/cable-ecologico-al-acsr-4-0-34-5kv_5,https://multimedia02.s3.us-east-2.amazonaws.com/Produccion/tiendas/127/productos/530/07424c430ad663eb.webp,Cable Ecologico AL-ACSR 4/0 34.5KV,2026-08-02,requiere_revision,requiere_permiso,"Inventario desde sitemap público. Validar SKU, ficha técnica, descripción propia, categoría Surtilec y permiso de imagen antes de importar.",,,,
CC-CABLE-ECOLOGICO-AL-ACSR-266-8-34-5KV,Cable Ecológico AL-ACSR 266.8 34.5KV,cable-ecologico-al,,https://cablescolombia.com/producto/cable-ecologico-al-acsr-266-8-34-5kv,https://multimedia02.s3.us-east-2.amazonaws.com/Produccion/tiendas/127/productos/531/e4bc238ca0df7179.webp,Cable Ecológico AL-ACSR 266.8 34.5KV,2026-08-02,requiere_revision,requiere_permiso,"Inventario desde sitemap público. Validar SKU, ficha técnica, descripción propia, categoría Surtilec y permiso de imagen antes de importar.",,,,
CC-CABLE-FIBRA-OPTICA-LSZH-4-NUCLEOS-ROLLO-100M,Cable Fibra Optica LSZH 4 Núcleos Rollo 100m,cable-fibra-optica,,https://cablescolombia.com/producto/cable-fibra-optica-lszh-4-nucleos-rollo-100m,https://multimedia02.s3.us-east-2.amazonaws.com/Produccion/tiendas/127/productos/38444/adee143d7ee61df5.webp,Cable Fibra Optica LSZH 4 Núcleos Rollo 100m,2026-08-02,requiere_revision,requiere_permiso,"Inventario desde sitemap público. Validar SKU, ficha técnica, descripción propia, categoría Surtilec y permiso de imagen antes de importar.",,,,
CC-CABLE-FIBRA-OPTICA-LSZH-2-NUCLEOS-ROLLO-100M,Cable Fibra Optica LSZH 2 Núcleos Rollo 100m,cable-fibra-optica,,https://cablescolombia.com/producto/cable-fibra-optica-lszh-2-nucleos-rollo-100m,https://multimedia02.s3.us-east-2.amazonaws.com/Produccion/tiendas/127/productos/38445/4e4ed3f030e3b370.webp,Cable Fibra Optica LSZH 2 Núcleos Rollo 100m,2026-08-02,requiere_revision,requiere_permiso,"Inventario desde sitemap público. Validar SKU, ficha técnica, descripción propia, categoría Surtilec y permiso de imagen antes de importar.",,,,
CC-CABLE-FIBRA-OPTICA-LSZH-1-NUCLEO-ROLLO-100M,Cable Fibra Optica LSZH 1 Núcleo Rollo 100m,cable-fibra-optica,,https://cablescolombia.com/producto/cable-fibra-optica-lszh-1-nucleo-rollo-100m,https://multimedia02.s3.us-east-2.amazonaws.com/Produccion/tiendas/127/productos/38446/35824caefaddf71d.webp,Cable Fibra Optica LSZH 1 Núcleo Rollo 100m,2026-08-02,requiere_revision,requiere_permiso,"Inventario desde sitemap público. Validar SKU, ficha técnica, descripción propia, categoría Surtilec y permiso de imagen antes de importar.",,,,
CC-CABLE-FIBRA-ADSS-24-HILOS-2-KM-USO-EXTERIOR-SPAN-100,Cable Fibra Adss 24 Hilos - *2 Km (Uso Exterior - Span 100),cable-fibra-optica,,https://cablescolombia.com/producto/cable-fibra-adss-24-hilos-2-km-uso-exterior-span-100,https://multimedia02.s3.us-east-2.amazonaws.com/Produccion/tiendas/127/productos/38447/e08ba5a87efc79c4.webp,Cable Fibra Adss 24 Hilos - *2 Km (Uso Exterior - Span 100),2026-08-02,requiere_revision,requiere_permiso,"Inventario desde sitemap público. Validar SKU, ficha técnica, descripción propia, categoría Surtilec y permiso de imagen antes de importar.",,,,
CC-CABLE-FIBRA-ADSS-12-HILOS-2-KM-USO-EXTERIOR-SPAN-100,Cable Fibra Adss 12 Hilos - *2 Km (Uso Exterior - Span 100),cable-fibra-optica,,https://cablescolombia.com/producto/cable-fibra-adss-12-hilos-2-km-uso-exterior-span-100,https://multimedia02.s3.us-east-2.amazonaws.com/Produccion/tiendas/127/productos/38448/97aa5b89536e0ae2.webp,Cable Fibra Adss 12 Hilos - *2 Km (Uso Exterior - Span 100),2026-08-02,requiere_revision,requiere_permiso,"Inventario desde sitemap público. Validar SKU, ficha técnica, descripción propia, categoría Surtilec y permiso de imagen antes de importar.",,,,
CC-CABLE-FIBRA-ADSS-6-HILOS-2-KM-USO-EXTERIOR-SPAN-100,Cable Fibra Adss 6 Hilos - *2 Km (Uso Exterior - Span 100),cable-fibra-optica,,https://cablescolombia.com/producto/cable-fibra-adss-6-hilos-2-km-uso-exterior-span-100,https://multimedia02.s3.us-east-2.amazonaws.com/Produccion/tiendas/127/productos/38449/abe7a09a352eda79.webp,Cable Fibra Adss 6 Hilos - *2 Km (Uso Exterior - Span 100),2026-08-02,requiere_revision,requiere_permiso,"Inventario desde sitemap público. Validar SKU, ficha técnica, descripción propia, categoría Surtilec y permiso de imagen antes de importar.",,,,
CC-CABLE-FIBRA-DROP-2-HILOS-CON-MENSAJERO-1KM-USO-EXTERIOR-LSZH,Cable Fibra Drop 2 Hilos Con Mensajero - * 1Km (Uso Exterior - Lszh),cable-fibra-optica,,https://cablescolombia.com/producto/cable-fibra-drop-2-hilos-con-mensajero-1km-uso-exterior-lszh,https://multimedia02.s3.us-east-2.amazonaws.com/Produccion/tiendas/127/productos/38450/9bfb6b7a931bc50a.webp,Cable Fibra Drop 2 Hilos Con Mensajero - * 1Km (Uso Exterior - Lszh),2026-08-02,requiere_revision,requiere_permiso,"Inventario desde sitemap público. Validar SKU, ficha técnica, descripción propia, categoría Surtilec y permiso de imagen antes de importar.",,,,
CC-CABLE-FIBRA-DROP-1-HILO-CON-MENSAJERO-1KM-USO-EXTERIOR-LSZH,Cable Fibra Drop 1 Hilo Con Mensajero - * 1Km (Uso Exterior - Lszh),cable-fibra-optica,,https://cablescolombia.com/producto/cable-fibra-drop-1-hilo-con-mensajero-1km-uso-exterior-lszh,https://multimedia02.s3.us-east-2.amazonaws.com/Produccion/tiendas/127/productos/38451/b3967f840c0958f6.webp,Cable Fibra Drop 1 Hilo Con Mensajero - * 1Km (Uso Exterior - Lszh),2026-08-02,requiere_revision,requiere_permiso,"Inventario desde sitemap público. Validar SKU, ficha técnica, descripción propia, categoría Surtilec y permiso de imagen antes de importar.",,,,
CC-CABLE-SOLAR-FOTOVOLTAICO-4MM2,Cable Solar Fotovoltaico 4Mm2,cable-fotovoltaico,,https://cablescolombia.com/producto/cable-solar-fotovoltaico-4mm2,https://multimedia02.s3.us-east-2.amazonaws.com/Produccion/tiendas/127/productos/536/f8f01558adafeeb8.webp,Cable Solar Fotovoltaico 4Mm2,2026-08-02,requiere_revision,requiere_permiso,"Inventario desde sitemap público. Validar SKU, ficha técnica, descripción propia, categoría Surtilec y permiso de imagen antes de importar.",,,,
CC-CABLE-SOLAR-FOTOVOLTAICO-6MM2,Cable Solar Fotovoltaico 6Mm2,cable-fotovoltaico,,https://cablescolombia.com/producto/cable-solar-fotovoltaico-6mm2,https://multimedia02.s3.us-east-2.amazonaws.com/Produccion/tiendas/127/productos/539/2e05ceb12d244c26.webp,Cable Solar Fotovoltaico 6Mm2,2026-08-02,requiere_revision,requiere_permiso,"Inventario desde sitemap público. Validar SKU, ficha técnica, descripción propia, categoría Surtilec y permiso de imagen antes de importar.",,,,
CC-CABLE-SOLAR-FOTOVOLTAICO-10MM2,Cable Solar Fotovoltaico 10Mm2,cable-fotovoltaico,,https://cablescolombia.com/producto/cable-solar-fotovoltaico-10mm2,https://multimedia02.s3.us-east-2.amazonaws.com/Produccion/tiendas/127/productos/541/276cfbab44603e08.webp,Cable Solar Fotovoltaico 10Mm2,2026-08-02,requiere_revision,requiere_permiso,"Inventario desde sitemap público. Validar SKU, ficha técnica, descripción propia, categoría Surtilec y permiso de imagen antes de importar.",,,,
CC-CABLE-SOLAR-FOTOVOLTAICO-35MM2,Cable Solar Fotovoltaico 35Mm2,cable-fotovoltaico,,https://cablescolombia.com/producto/cable-solar-fotovoltaico-35mm2,https://multimedia02.s3.us-east-2.amazonaws.com/Produccion/tiendas/127/productos/542/6c23f69a0d7ebd03.webp,Cable Solar Fotovoltaico 35Mm2,2026-08-02,requiere_revision,requiere_permiso,"Inventario desde sitemap público. Validar SKU, ficha técnica, descripción propia, categoría Surtilec y permiso de imagen antes de importar.",,,,
CC-CABLE-SOLAR-FOTOVOLTAICO-16MM2,Cable Solar Fotovoltaico 16Mm2,cable-fotovoltaico,,https://cablescolombia.com/producto/cable-solar-fotovoltaico-16mm2,https://multimedia02.s3.us-east-2.amazonaws.com/Produccion/tiendas/127/productos/543/356b84dac1537b4d.webp,Cable Solar Fotovoltaico 16Mm2,2026-08-02,requiere_revision,requiere_permiso,"Inventario desde sitemap público. Validar SKU, ficha técnica, descripción propia, categoría Surtilec y permiso de imagen antes de importar.",,,,
CC-CABLE-SOLAR-FOTOVOLTAICO-50MM2,Cable Solar Fotovoltaico 50Mm2,cable-fotovoltaico,,https://cablescolombia.com/producto/cable-solar-fotovoltaico-50mm2,https://multimedia02.s3.us-east-2.amazonaws.com/Produccion/tiendas/127/productos/545/5dafce681e6132d8.webp,Cable Solar Fotovoltaico 50Mm2,2026-08-02,requiere_revision,requiere_permiso,"Inventario desde sitemap público. Validar SKU, ficha técnica, descripción propia, categoría Surtilec y permiso de imagen antes de importar.",,,,
CC-CABLE-ILUMINACION-AWM-CC-10-AWG-CU-PVC-105-9,Cable Iluminación AWM CC 10 AWG Cu PVC 105°,cable-iluminacion-awm-cc-20-awg-cu-pvc-105,,https://cablescolombia.com/producto/cable-iluminacion-awm-cc-10-awg-cu-pvc-105_9,https://multimedia02.s3.us-east-2.amazonaws.com/Produccion/tiendas/127/productos/544/1bec53286f60fc83.webp,Cable Iluminación AWM CC 10 AWG Cu PVC 105°,2026-08-02,requiere_revision,requiere_permiso,"Inventario desde sitemap público. Validar SKU, ficha técnica, descripción propia, categoría Surtilec y permiso de imagen antes de importar.",,,,
CC-CABLE-ILUMINACION-AWM-CC-12-AWG-CU-PVC-105-5,Cable Iluminación AWM CC 12 AWG Cu PVC 105°,cable-iluminacion-awm-cc-20-awg-cu-pvc-105,,https://cablescolombia.com/producto/cable-iluminacion-awm-cc-12-awg-cu-pvc-105_5,https://multimedia02.s3.us-east-2.amazonaws.com/Produccion/tiendas/127/productos/548/ee2f295f1d1ae258.webp,Cable Iluminación AWM CC 12 AWG Cu PVC 105°,2026-08-02,requiere_revision,requiere_permiso,"Inventario desde sitemap público. Validar SKU, ficha técnica, descripción propia, categoría Surtilec y permiso de imagen antes de importar.",,,,
CC-CABLE-ILUMINACION-AWM-CC-14-AWG-CU-PVC-105-1,Cable Iluminación AWM CC 14 AWG Cu PVC 105°,cable-iluminacion-awm-cc-20-awg-cu-pvc-105,,https://cablescolombia.com/producto/cable-iluminacion-awm-cc-14-awg-cu-pvc-105_1,https://multimedia02.s3.us-east-2.amazonaws.com/Produccion/tiendas/127/productos/551/72f87da0bda726f7.webp,Cable Iluminación AWM CC 14 AWG Cu PVC 105°,2026-08-02,requiere_revision,requiere_permiso,"Inventario desde sitemap público. Validar SKU, ficha técnica, descripción propia, categoría Surtilec y permiso de imagen antes de importar.",,,,
CC-CABLE-ILUMINACION-AWM-CC-16-AWG-CU-PVC-105-7,Cable Iluminación AWM CC 16 AWG Cu PVC 105°,cable-iluminacion-awm-cc-20-awg-cu-pvc-105,,https://cablescolombia.com/producto/cable-iluminacion-awm-cc-16-awg-cu-pvc-105_7,https://multimedia02.s3.us-east-2.amazonaws.com/Produccion/tiendas/127/productos/553/6bd9a323a7379520.webp,Cable Iluminación AWM CC 16 AWG Cu PVC 105°,2026-08-02,requiere_revision,requiere_permiso,"Inventario desde sitemap público. Validar SKU, ficha técnica, descripción propia, categoría Surtilec y permiso de imagen antes de importar.",,,,
CC-CABLE-ILUMINACION-AWM-CC-18-AWG-CU-PVC-105-2,Cable Iluminación AWM CC 18 AWG Cu PVC 105°,cable-iluminacion-awm-cc-20-awg-cu-pvc-105,,https://cablescolombia.com/producto/cable-iluminacion-awm-cc-18-awg-cu-pvc-105_2,https://multimedia02.s3.us-east-2.amazonaws.com/Produccion/tiendas/127/productos/556/d784b27e74373560.webp,Cable Iluminación AWM CC 18 AWG Cu PVC 105°,2026-08-02,requiere_revision,requiere_permiso,"Inventario desde sitemap público. Validar SKU, ficha técnica, descripción propia, categoría Surtilec y permiso de imagen antes de importar.",,,,
CC-CABLE-ILUMINACION-AWM-CC-20-AWG-CU-PVC-105-3,Cable Iluminación AWM CC 20 AWG Cu PVC 105°,cable-iluminacion-awm-cc-20-awg-cu-pvc-105,,https://cablescolombia.com/producto/cable-iluminacion-awm-cc-20-awg-cu-pvc-105_3,https://multimedia02.s3.us-east-2.amazonaws.com/Produccion/tiendas/127/productos/560/536cf79ffebc0791.webp,Cable Iluminación AWM CC 20 AWG Cu PVC 105°,2026-08-02,requiere_revision,requiere_permiso,"Inventario desde sitemap público. Validar SKU, ficha técnica, descripción propia, categoría Surtilec y permiso de imagen antes de importar.",,,,
CC-CABLE-INSTRUMENTACION-2X18-20-AWG-CU-PVC-TC-105-C-600V-300V,Cable Instrumentación 2x18+20 awg cu pvc tc 105°c 600v/300v,cable-instrumentacion,,https://cablescolombia.com/producto/cable-instrumentacion-2x18-20-awg-cu-pvc-tc-105-c-600v-300v,https://multimedia02.s3.us-east-2.amazonaws.com/Produccion/tiendas/127/productos/546/45c21a0d2333ca95.webp,Cable Instrumentación 2x18+20 awg cu pvc tc 105°c 600v/300v,2026-08-02,requiere_revision,requiere_permiso,"Inventario desde sitemap público. Validar SKU, ficha técnica, descripción propia, categoría Surtilec y permiso de imagen antes de importar.",,,,
CC-CABLE-INSTRUMENTACION-3X18-20-AWG-CU-PVC-TC-105-C-600V-300V,Cable Instrumentación 3x18+20 awg cu pvc tc 105°c 600v/300v,cable-instrumentacion,,https://cablescolombia.com/producto/cable-instrumentacion-3x18-20-awg-cu-pvc-tc-105-c-600v-300v,https://multimedia02.s3.us-east-2.amazonaws.com/Produccion/tiendas/127/productos/547/8bb2807b699e9b8b.webp,Cable Instrumentación 3x18+20 awg cu pvc tc 105°c 600v/300v,2026-08-02,requiere_revision,requiere_permiso,"Inventario desde sitemap público. Validar SKU, ficha técnica, descripción propia, categoría Surtilec y permiso de imagen antes de importar.",,,,
CC-CABLE-INSTRUMENTACION-4X18-20-AWG-CU-PVC-TC-105-C-600V-300V,Cable Instrumentación 4x18+20 awg cu pvc tc 105°c 600v/300v,cable-instrumentacion,,https://cablescolombia.com/producto/cable-instrumentacion-4x18-20-awg-cu-pvc-tc-105-c-600v-300v,https://multimedia02.s3.us-east-2.amazonaws.com/Produccion/tiendas/127/productos/549/6a61a58b9e761544.webp,Cable Instrumentación 4x18+20 awg cu pvc tc 105°c 600v/300v,2026-08-02,requiere_revision,requiere_permiso,"Inventario desde sitemap público. Validar SKU, ficha técnica, descripción propia, categoría Surtilec y permiso de imagen antes de importar.",,,,
CC-CABLE-INSTRUMENTACION-6X18-20-AWG-CU-PVC-TC-105-C-600V-300V,Cable Instrumentación 6x18+20 awg cu pvc tc 105°c 600v/300v,cable-instrumentacion,,https://cablescolombia.com/producto/cable-instrumentacion-6x18-20-awg-cu-pvc-tc-105-c-600v-300v,https://multimedia02.s3.us-east-2.amazonaws.com/Produccion/tiendas/127/productos/550/d8b02671b9214b2f.webp,Cable Instrumentación 6x18+20 awg cu pvc tc 105°c 600v/300v,2026-08-02,requiere_revision,requiere_permiso,"Inventario desde sitemap público. Validar SKU, ficha técnica, descripción propia, categoría Surtilec y permiso de imagen antes de importar.",,,,
CC-CABLE-INSTRUMENTACION-12X18-20-AWG-CU-PVC-TC-105-C-600V-300V,Cable Instrumentación 12x18+20 awg cu pvc tc 105°c 600v/300v,cable-instrumentacion,,https://cablescolombia.com/producto/cable-instrumentacion-12x18-20-awg-cu-pvc-tc-105-c-600v-300v,https://multimedia02.s3.us-east-2.amazonaws.com/Produccion/tiendas/127/productos/552/ef01963100cd144b.webp,Cable Instrumentación 12x18+20 awg cu pvc tc 105°c 600v/300v,2026-08-02,requiere_revision,requiere_permiso,"Inventario desde sitemap público. Validar SKU, ficha técnica, descripción propia, categoría Surtilec y permiso de imagen antes de importar.",,,,
CC-CABLE-INSTRUMENTACION-18X18-20-AWG-CU-PVC-TC-105-C-600V-300V,Cable Instrumentación 18x18+20 awg cu pvc tc 105°c 600v/300v,cable-instrumentacion,,https://cablescolombia.com/producto/cable-instrumentacion-18x18-20-awg-cu-pvc-tc-105-c-600v-300v,https://multimedia02.s3.us-east-2.amazonaws.com/Produccion/tiendas/127/productos/554/2b688fafb3baeca2.webp,Cable Instrumentación 18x18+20 awg cu pvc tc 105°c 600v/300v,2026-08-02,requiere_revision,requiere_permiso,"Inventario desde sitemap público. Validar SKU, ficha técnica, descripción propia, categoría Surtilec y permiso de imagen antes de importar.",,,,
CC-CABLE-INSTRUMENTACION-2X16-20-AWG-CU-PVC-TC-105-C-600V-300V,Cable Instrumentación 2x16+20 awg cu pvc tc 105°c 600v/300v,cable-instrumentacion,,https://cablescolombia.com/producto/cable-instrumentacion-2x16-20-awg-cu-pvc-tc-105-c-600v-300v,https://multimedia02.s3.us-east-2.amazonaws.com/Produccion/tiendas/127/productos/555/bb08c8ec687f36bb.webp,Cable Instrumentación 2x16+20 awg cu pvc tc 105°c 600v/300v,2026-08-02,requiere_revision,requiere_permiso,"Inventario desde sitemap público. Validar SKU, ficha técnica, descripción propia, categoría Surtilec y permiso de imagen antes de importar.",,,,
CC-CABLE-INSTRUMENTACION-3X16-20-AWG-CU-PVC-TC-105-C-600V-300V,Cable Instrumentación 3x16+20 awg cu pvc tc 105°c 600v/300v,cable-instrumentacion,,https://cablescolombia.com/producto/cable-instrumentacion-3x16-20-awg-cu-pvc-tc-105-c-600v-300v,https://multimedia02.s3.us-east-2.amazonaws.com/Produccion/tiendas/127/productos/557/c690005aa074fe12.webp,Cable Instrumentación 3x16+20 awg cu pvc tc 105°c 600v/300v,2026-08-02,requiere_revision,requiere_permiso,"Inventario desde sitemap público. Validar SKU, ficha técnica, descripción propia, categoría Surtilec y permiso de imagen antes de importar.",,,,
CC-CABLE-INSTRUMENTACION-4X16-20-AWG-CU-PVC-TC-105-C-600V-300V,Cable Instrumentación 4x16+20 awg cu pvc tc 105°c 600v/300v,cable-instrumentacion,,https://cablescolombia.com/producto/cable-instrumentacion-4x16-20-awg-cu-pvc-tc-105-c-600v-300v,https://multimedia02.s3.us-east-2.amazonaws.com/Produccion/tiendas/127/productos/558/623f7491cb6f854f.webp,Cable Instrumentación 4x16+20 awg cu pvc tc 105°c 600v/300v,2026-08-02,requiere_revision,requiere_permiso,"Inventario desde sitemap público. Validar SKU, ficha técnica, descripción propia, categoría Surtilec y permiso de imagen antes de importar.",,,,
CC-CABLE-INSTRUMENTACION-9X18-20-AWG-CU-PVC-TC-105-C-600V-300V,Cable Instrumentación 9x18+20 awg cu pvc tc 105°c 600v/300v,cable-instrumentacion,,https://cablescolombia.com/producto/cable-instrumentacion-9x18-20-awg-cu-pvc-tc-105-c-600v-300v,https://multimedia02.s3.us-east-2.amazonaws.com/Produccion/tiendas/127/productos/559/74fce5911003414b.webp,Cable Instrumentación 9x18+20 awg cu pvc tc 105°c 600v/300v,2026-08-02,requiere_revision,requiere_permiso,"Inventario desde sitemap público. Validar SKU, ficha técnica, descripción propia, categoría Surtilec y permiso de imagen antes de importar.",,,,
CC-CABLE-INSTRUMENTACION-9X16-20-AWG-CU-PVC-TC-105-C-600V-300V,Cable Instrumentación 9x16+20 awg cu pvc tc 105°c 600v/300v,cable-instrumentacion,,https://cablescolombia.com/producto/cable-instrumentacion-9x16-20-awg-cu-pvc-tc-105-c-600v-300v,https://multimedia02.s3.us-east-2.amazonaws.com/Produccion/tiendas/127/productos/561/6972f5ad8cae14d3.webp,Cable Instrumentación 9x16+20 awg cu pvc tc 105°c 600v/300v,2026-08-02,requiere_revision,requiere_permiso,"Inventario desde sitemap público. Validar SKU, ficha técnica, descripción propia, categoría Surtilec y permiso de imagen antes de importar.",,,,
CC-CABLE-INSTRUMENTACION-12X16-20-AWG-CU-PVC-TC-105-C-600V-300V,Cable Instrumentación 12x16+20 awg cu pvc tc 105°c 600v/300v,cable-instrumentacion,,https://cablescolombia.com/producto/cable-instrumentacion-12x16-20-awg-cu-pvc-tc-105-c-600v-300v,https://multimedia02.s3.us-east-2.amazonaws.com/Produccion/tiendas/127/productos/562/1b2190765ac26d84.webp,Cable Instrumentación 12x16+20 awg cu pvc tc 105°c 600v/300v,2026-08-02,requiere_revision,requiere_permiso,"Inventario desde sitemap público. Validar SKU, ficha técnica, descripción propia, categoría Surtilec y permiso de imagen antes de importar.",,,,
CC-CABLE-INSTRUMENTACION-18X16-20-AWG-CU-PVC-TC-105-C-600V-300V,Cable Instrumentación 18x16+20 awg cu pvc tc 105°c 600v/300v,cable-instrumentacion,,https://cablescolombia.com/producto/cable-instrumentacion-18x16-20-awg-cu-pvc-tc-105-c-600v-300v,https://multimedia02.s3.us-east-2.amazonaws.com/Produccion/tiendas/127/productos/563/08d25c46c5285b4e.webp,Cable Instrumentación 18x16+20 awg cu pvc tc 105°c 600v/300v,2026-08-02,requiere_revision,requiere_permiso,"Inventario desde sitemap público. Validar SKU, ficha técnica, descripción propia, categoría Surtilec y permiso de imagen antes de importar.",,,,
CC-MEDIA-TENSION-ALUMINIO-XLPE-35KV-133-PC-PVC-2-AWG,Media Tensión Aluminio XLPE 35kV 133% PC PVC 2 AWG,cable-media-tension,-mt-aluminio-35kv,https://cablescolombia.com/producto/media-tension-aluminio-xlpe-35kv-133-pc-pvc-2-awg,https://multimedia02.s3.us-east-2.amazonaws.com/Produccion/tiendas/127/productos/40456/0fe518ba4d9c8d97.webp,Media Tensión Aluminio XLPE 35kV 133% PC PVC 2 AWG,2026-08-02,requiere_revision,requiere_permiso,"Inventario desde sitemap público. Validar SKU, ficha técnica, descripción propia, categoría Surtilec y permiso de imagen antes de importar.",,,,
CC-MEDIA-TENSION-ALUMINIO-XLPE-35KV-133-PC-PVC-1-0-AWG,Media Tensión Aluminio XLPE 35kV 133% PC PVC 1/0 AWG,cable-media-tension,-mt-aluminio-35kv,https://cablescolombia.com/producto/media-tension-aluminio-xlpe-35kv-133-pc-pvc-1-0-awg,https://multimedia02.s3.us-east-2.amazonaws.com/Produccion/tiendas/127/productos/40458/a1a50d1e07785016.webp,Media Tensión Aluminio XLPE 35kV 133% PC PVC 1/0 AWG,2026-08-02,requiere_revision,requiere_permiso,"Inventario desde sitemap público. Validar SKU, ficha técnica, descripción propia, categoría Surtilec y permiso de imagen antes de importar.",,,,
CC-MEDIA-TENSION-ALUMINIO-XLPE-35KV-133-PC-PVC-2-0-AWG,Media Tensión Aluminio XLPE 35kV 133% PC PVC 2/0 AWG,cable-media-tension,-mt-aluminio-35kv,https://cablescolombia.com/producto/media-tension-aluminio-xlpe-35kv-133-pc-pvc-2-0-awg,https://multimedia02.s3.us-east-2.amazonaws.com/Produccion/tiendas/127/productos/40460/f9584f20f24eda3f.webp,Media Tensión Aluminio XLPE 35kV 133% PC PVC 2/0 AWG,2026-08-02,requiere_revision,requiere_permiso,"Inventario desde sitemap público. Validar SKU, ficha técnica, descripción propia, categoría Surtilec y permiso de imagen antes de importar.",,,,
CC-MEDIA-TENSION-ALUMINIO-XLPE-35KV-133-PC-PVC-3-0-AWG,Media Tensión Aluminio XLPE 35kV 133% PC PVC 3/0 AWG,cable-media-tension,-mt-aluminio-35kv,https://cablescolombia.com/producto/media-tension-aluminio-xlpe-35kv-133-pc-pvc-3-0-awg,https://multimedia02.s3.us-east-2.amazonaws.com/Produccion/tiendas/127/productos/40462/a8b4d074ab9373eb.webp,Media Tensión Aluminio XLPE 35kV 133% PC PVC 3/0 AWG,2026-08-02,requiere_revision,requiere_permiso,"Inventario desde sitemap público. Validar SKU, ficha técnica, descripción propia, categoría Surtilec y permiso de imagen antes de importar.",,,,
CC-MEDIA-TENSION-ALUMINIO-XLPE-35KV-133-PC-PVC-4-0-AWG,Media Tensión Aluminio XLPE 35kV 133% PC PVC 4/0 AWG,cable-media-tension,-mt-aluminio-35kv,https://cablescolombia.com/producto/media-tension-aluminio-xlpe-35kv-133-pc-pvc-4-0-awg,https://multimedia02.s3.us-east-2.amazonaws.com/Produccion/tiendas/127/productos/40464/855c293d0e906f3d.webp,Media Tensión Aluminio XLPE 35kV 133% PC PVC 4/0 AWG,2026-08-02,requiere_revision,requiere_permiso,"Inventario desde sitemap público. Validar SKU, ficha técnica, descripción propia, categoría Surtilec y permiso de imagen antes de importar.",,,,
CC-MEDIA-TENSION-ALUMINIO-XLPE-35KV-133-PC-PVC-250-KCMIL,Media Tensión Aluminio XLPE 35kV 133% PC PVC 250 kcmil,cable-media-tension,-mt-aluminio-35kv,https://cablescolombia.com/producto/media-tension-aluminio-xlpe-35kv-133-pc-pvc-250-kcmil,https://multimedia02.s3.us-east-2.amazonaws.com/Produccion/tiendas/127/productos/40465/4829ab522a6f4423.webp,Media Tensión Aluminio XLPE 35kV 133% PC PVC 250 kcmil,2026-08-02,requiere_revision,requiere_permiso,"Inventario desde sitemap público. Validar SKU, ficha técnica, descripción propia, categoría Surtilec y permiso de imagen antes de importar.",,,,
CC-MEDIA-TENSION-ALUMINIO-XLPE-35KV-133-PC-PVC-350-KCMIL,Media Tensión Aluminio XLPE 35kV 133% PC PVC 350 kcmil,cable-media-tension,-mt-aluminio-35kv,https://cablescolombia.com/producto/media-tension-aluminio-xlpe-35kv-133-pc-pvc-350-kcmil,https://multimedia02.s3.us-east-2.amazonaws.com/Produccion/tiendas/127/productos/40468/3fc855310facd713.webp,Media Tensión Aluminio XLPE 35kV 133% PC PVC 350 kcmil,2026-08-02,requiere_revision,requiere_permiso,"Inventario desde sitemap público. Validar SKU, ficha técnica, descripción propia, categoría Surtilec y permiso de imagen antes de importar.",,,,
CC-MEDIA-TENSION-ALUMINIO-XLPE-35KV-133-PC-PVC-500-KCMIL,Media Tensión Aluminio XLPE 35kV 133% PC PVC 500 kcmil,cable-media-tension,-mt-aluminio-35kv,https://cablescolombia.com/producto/media-tension-aluminio-xlpe-35kv-133-pc-pvc-500-kcmil,https://multimedia02.s3.us-east-2.amazonaws.com/Produccion/tiendas/127/productos/40469/c88b96f5441ce262.webp,Media Tensión Aluminio XLPE 35kV 133% PC PVC 500 kcmil,2026-08-02,requiere_revision,requiere_permiso,"Inventario desde sitemap público. Validar SKU, ficha técnica, descripción propia, categoría Surtilec y permiso de imagen antes de importar.",,,,
CC-MEDIA-TENSION-ALUMINIO-90-C-XLPE-HILOS-35-KV-100-N-1-3-PVC-1-0-AWG,Media Tensión Aluminio 90°C XLPE Hilos 35 kV 100% N=1/3 PVC 1/0 AWG,cable-media-tension,-mt-aluminio-35kv,https://cablescolombia.com/producto/media-tension-aluminio-90-c-xlpe-hilos-35-kv-100-n-1-3-pvc-1-0-awg,https://multimedia02.s3.us-east-2.amazonaws.com/Produccion/tiendas/127/productos/40495/c1fce45b7eb0c83b.webp,Media Tensión Aluminio 90°C XLPE Hilos 35 kV 100% N=1/3 PVC 1/0 AWG,2026-08-02,requiere_revision,requiere_permiso,"Inventario desde sitemap público. Validar SKU, ficha técnica, descripción propia, categoría Surtilec y permiso de imagen antes de importar.",,,,
CC-MEDIA-TENSION-ALUMINIO-90-C-XLPE-HILOS-35-KV-100-N-1-3-PVC-2-0-AWG,Media Tensión Aluminio 90°C XLPE Hilos  35 kV 100% N=1/3 PVC 2/0 AWG,cable-media-tension,-mt-aluminio-35kv,https://cablescolombia.com/producto/media-tension-aluminio-90-c-xlpe-hilos-35-kv-100-n-1-3-pvc-2-0-awg,https://multimedia02.s3.us-east-2.amazonaws.com/Produccion/tiendas/127/productos/40497/8c05f4c0776542f2.webp,Media Tensión Aluminio 90°C XLPE Hilos  35 kV 100% N=1/3 PVC 2/0 AWG,2026-08-02,requiere_revision,requiere_permiso,"Inventario desde sitemap público. Validar SKU, ficha técnica, descripción propia, categoría Surtilec y permiso de imagen antes de importar.",,,,
CC-MEDIA-TENSION-ALUMINIO-90-C-XLPE-HILOS-35-KV-100-N-1-3-PVC-3-0-AWG,Media Tensión Aluminio 90°C XLPE Hilos 35 kV 100% N=1/3 PVC 3/0 AWG,cable-media-tension,-mt-aluminio-35kv,https://cablescolombia.com/producto/media-tension-aluminio-90-c-xlpe-hilos-35-kv-100-n-1-3-pvc-3-0-awg,https://multimedia02.s3.us-east-2.amazonaws.com/Produccion/tiendas/127/productos/40498/43eea0edd77b7d38.webp,Media Tensión Aluminio 90°C XLPE Hilos 35 kV 100% N=1/3 PVC 3/0 AWG,2026-08-02,requiere_revision,requiere_permiso,"Inventario desde sitemap público. Validar SKU, ficha técnica, descripción propia, categoría Surtilec y permiso de imagen antes de importar.",,,,
CC-MEDIA-TENSION-ALUMINIO-90-C-XLPE-HILOS-35-KV-100-N-1-3-PVC-4-0-AWG,Media Tensión Aluminio 90°C XLPE Hilos  35 kV 100% N=1/3 PVC 4/0 AWG,cable-media-tension,-mt-aluminio-35kv,https://cablescolombia.com/producto/media-tension-aluminio-90-c-xlpe-hilos-35-kv-100-n-1-3-pvc-4-0-awg,https://multimedia02.s3.us-east-2.amazonaws.com/Produccion/tiendas/127/productos/40499/4b9b27f1afe9f14b.webp,Media Tensión Aluminio 90°C XLPE Hilos  35 kV 100% N=1/3 PVC 4/0 AWG,2026-08-02,requiere_revision,requiere_permiso,"Inventario desde sitemap público. Validar SKU, ficha técnica, descripción propia, categoría Surtilec y permiso de imagen antes de importar.",,,,
CC-MEDIA-TENSION-ALUMINIO-90-C-XLPE-HILOS-35-KV-100-N-1-3-PVC-250-KCMIL,Media Tensión Aluminio 90°C XLPE Hilos 35 kV 100% N=1/3 PVC 250 kcmil,cable-media-tension,-mt-aluminio-35kv,https://cablescolombia.com/producto/media-tension-aluminio-90-c-xlpe-hilos-35-kv-100-n-1-3-pvc-250-kcmil,https://multimedia02.s3.us-east-2.amazonaws.com/Produccion/tiendas/127/productos/40500/b115fec3449ccdea.webp,Media Tensión Aluminio 90°C XLPE Hilos 35 kV 100% N=1/3 PVC 250 kcmil,2026-08-02,requiere_revision,requiere_permiso,"Inventario desde sitemap público. Validar SKU, ficha técnica, descripción propia, categoría Surtilec y permiso de imagen antes de importar.",,,,
CC-MEDIA-TENSION-ALUMINIO-90-C-XLPE-HILOS-35-KV-100-N-1-3-PVC-350-KCMIL,Media Tensión Aluminio 90°C XLPE Hilos  35 kV 100% N=1/3 PVC 350 kcmil,cable-media-tension,-mt-aluminio-35kv,https://cablescolombia.com/producto/media-tension-aluminio-90-c-xlpe-hilos-35-kv-100-n-1-3-pvc-350-kcmil,https://multimedia02.s3.us-east-2.amazonaws.com/Produccion/tiendas/127/productos/40501/149527837de1860f.webp,Media Tensión Aluminio 90°C XLPE Hilos  35 kV 100% N=1/3 PVC 350 kcmil,2026-08-02,requiere_revision,requiere_permiso,"Inventario desde sitemap público. Validar SKU, ficha técnica, descripción propia, categoría Surtilec y permiso de imagen antes de importar.",,,,
CC-MEDIA-TENSION-ALUMINIO-90-C-XLPE-HILOS-35-KV-100-N-1-3-PVC-500-KCMIL,Media Tensión Aluminio 90°C XLPE Hilos  35 kV 100% N=1/3 PVC 500 kcmil,cable-media-tension,-mt-aluminio-35kv,https://cablescolombia.com/producto/media-tension-aluminio-90-c-xlpe-hilos-35-kv-100-n-1-3-pvc-500-kcmil,https://multimedia02.s3.us-east-2.amazonaws.com/Produccion/tiendas/127/productos/40502/bcf7c9068f46c613.webp,Media Tensión Aluminio 90°C XLPE Hilos  35 kV 100% N=1/3 PVC 500 kcmil,2026-08-02,requiere_revision,requiere_permiso,"Inventario desde sitemap público. Validar SKU, ficha técnica, descripción propia, categoría Surtilec y permiso de imagen antes de importar.",,,,
CC-MEDIA-TENSION-ALUMINIO-90-C-XLPE-HILOS-35-KV-133-N-1-3-PVC-1-0-AWG,Media Tensión Aluminio 90°C XLPE Hilos  35 kV 133% N=1/3 PVC 1/0 AWG,cable-media-tension,-mt-aluminio-35kv,https://cablescolombia.com/producto/media-tension-aluminio-90-c-xlpe-hilos-35-kv-133-n-1-3-pvc-1-0-awg,https://multimedia02.s3.us-east-2.amazonaws.com/Produccion/tiendas/127/productos/40503/4fba7a9f4a9915e9.webp,Media Tensión Aluminio 90°C XLPE Hilos  35 kV 133% N=1/3 PVC 1/0 AWG,2026-08-02,requiere_revision,requiere_permiso,"Inventario desde sitemap público. Validar SKU, ficha técnica, descripción propia, categoría Surtilec y permiso de imagen antes de importar.",,,,
CC-MEDIA-TENSION-ALUMINIO-90-C-XLPE-HILOS-35-KV-133-N-1-3-PVC-2-0-AWG,Media Tensión Aluminio 90°C XLPE Hilos 35 kV 133% N=1/3 PVC 2/0 AWG,cable-media-tension,-mt-aluminio-35kv,https://cablescolombia.com/producto/media-tension-aluminio-90-c-xlpe-hilos-35-kv-133-n-1-3-pvc-2-0-awg,https://multimedia02.s3.us-east-2.amazonaws.com/Produccion/tiendas/127/productos/40504/5a0ba0ee2e3a6abf.webp,Media Tensión Aluminio 90°C XLPE Hilos 35 kV 133% N=1/3 PVC 2/0 AWG,2026-08-02,requiere_revision,requiere_permiso,"Inventario desde sitemap público. Validar SKU, ficha técnica, descripción propia, categoría Surtilec y permiso de imagen antes de importar.",,,,
CC-MEDIA-TENSION-ALUMINIO-90-C-XLPE-HILOS-35-KV-133-N-1-3-PVC-3-0-AWG,Media Tensión Aluminio 90°C XLPE Hilos 35 kV 133% N=1/3 PVC 3/0 AWG,cable-media-tension,-mt-aluminio-35kv,https://cablescolombia.com/producto/media-tension-aluminio-90-c-xlpe-hilos-35-kv-133-n-1-3-pvc-3-0-awg,https://multimedia02.s3.us-east-2.amazonaws.com/Produccion/tiendas/127/productos/40505/2e21ab1c99dee9b6.webp,Media Tensión Aluminio 90°C XLPE Hilos 35 kV 133% N=1/3 PVC 3/0 AWG,2026-08-02,requiere_revision,requiere_permiso,"Inventario desde sitemap público. Validar SKU, ficha técnica, descripción propia, categoría Surtilec y permiso de imagen antes de importar.",,,,
CC-MEDIA-TENSION-ALUMINIO-90-C-XLPE-HILOS-35-KV-133-N-1-3-PVC-4-0-AWG,Media Tensión Aluminio 90°C XLPE Hilos 35 kV 133% N=1/3 PVC 4/0 AWG,cable-media-tension,-mt-aluminio-35kv,https://cablescolombia.com/producto/media-tension-aluminio-90-c-xlpe-hilos-35-kv-133-n-1-3-pvc-4-0-awg,https://multimedia02.s3.us-east-2.amazonaws.com/Produccion/tiendas/127/productos/40506/640ab1d9eb4d65d9.webp,Media Tensión Aluminio 90°C XLPE Hilos 35 kV 133% N=1/3 PVC 4/0 AWG,2026-08-02,requiere_revision,requiere_permiso,"Inventario desde sitemap público. Validar SKU, ficha técnica, descripción propia, categoría Surtilec y permiso de imagen antes de importar.",,,,
CC-MEDIA-TENSION-ALUMINIO-90-C-XLPE-HILOS-35-KV-133-N-1-3-PVC-250-KCMIL,Media Tensión Aluminio 90°C XLPE Hilos 35 kV 133% N=1/3 PVC 250 kcmil,cable-media-tension,-mt-aluminio-35kv,https://cablescolombia.com/producto/media-tension-aluminio-90-c-xlpe-hilos-35-kv-133-n-1-3-pvc-250-kcmil,https://multimedia02.s3.us-east-2.amazonaws.com/Produccion/tiendas/127/productos/40507/042a3d9cdd2e4e2e.webp,Media Tensión Aluminio 90°C XLPE Hilos 35 kV 133% N=1/3 PVC 250 kcmil,2026-08-02,requiere_revision,requiere_permiso,"Inventario desde sitemap público. Validar SKU, ficha técnica, descripción propia, categoría Surtilec y permiso de imagen antes de importar.",,,,
CC-MEDIA-TENSION-ALUMINIO-90-C-XLPE-HILOS-35-KV-133-N-1-3-PVC-350-KCMIL,Media Tensión Aluminio 90°C XLPE Hilos 35 kV 133% N=1/3 PVC 350 kcmil,cable-media-tension,-mt-aluminio-35kv,https://cablescolombia.com/producto/media-tension-aluminio-90-c-xlpe-hilos-35-kv-133-n-1-3-pvc-350-kcmil,https://multimedia02.s3.us-east-2.amazonaws.com/Produccion/tiendas/127/productos/40508/da135abec86c1ef6.webp,Media Tensión Aluminio 90°C XLPE Hilos 35 kV 133% N=1/3 PVC 350 kcmil,2026-08-02,requiere_revision,requiere_permiso,"Inventario desde sitemap público. Validar SKU, ficha técnica, descripción propia, categoría Surtilec y permiso de imagen antes de importar.",,,,
CC-MEDIA-TENSION-ALUMINIO-90-C-XLPE-HILOS-35-KV-133-N-1-3-PVC-500-KCMIL,Media Tensión Aluminio 90°C XLPE Hilos 35 kV 133% N=1/3 PVC 500 kcmil,cable-media-tension,-mt-aluminio-35kv,https://cablescolombia.com/producto/media-tension-aluminio-90-c-xlpe-hilos-35-kv-133-n-1-3-pvc-500-kcmil,https://multimedia02.s3.us-east-2.amazonaws.com/Produccion/tiendas/127/productos/40509/c72911f3d3908054.webp,Media Tensión Aluminio 90°C XLPE Hilos 35 kV 133% N=1/3 PVC 500 kcmil,2026-08-02,requiere_revision,requiere_permiso,"Inventario desde sitemap público. Validar SKU, ficha técnica, descripción propia, categoría Surtilec y permiso de imagen antes de importar.",,,,
CC-CABLE-ALUMINIO-1-0-AWG-15KV-PH-100-N-100,Cable Aluminio 1/0 AWG 15kV PH 100% N 100%,cable-media-tension,mt-aluminio-15kv,https://cablescolombia.com/producto/cable-aluminio-1-0-awg-15kv-ph-100-n-100,https://multimedia02.s3.us-east-2.amazonaws.com/Produccion/tiendas/127/productos/76716/08d0aa011de01c5c.webp,Cable Aluminio 1/0 AWG 15kV PH 100% N 100%,2026-08-02,requiere_revision,requiere_permiso,"Inventario desde sitemap público. Validar SKU, ficha técnica, descripción propia, categoría Surtilec y permiso de imagen antes de importar.",,,,
CC-CABLE-ALUMINIO-1-0-AWG-15KV-PH-133,Cable Aluminio 1/0 AWG 15kV PH 133%,cable-media-tension,mt-aluminio-15kv,https://cablescolombia.com/producto/cable-aluminio-1-0-awg-15kv-ph-133,https://multimedia02.s3.us-east-2.amazonaws.com/Produccion/tiendas/127/productos/76717/43921c0f9b03a029.webp,Cable Aluminio 1/0 AWG 15kV PH 133%,2026-08-02,requiere_revision,requiere_permiso,"Inventario desde sitemap público. Validar SKU, ficha técnica, descripción propia, categoría Surtilec y permiso de imagen antes de importar.",,,,
CC-CABLE-ALUMINIO-185MM-15KV-PH-100,Cable Aluminio 185mm² 15kV PH 100%,cable-media-tension,mt-aluminio-15kv,https://cablescolombia.com/producto/cable-aluminio-185mm-15kv-ph-100,https://multimedia02.s3.us-east-2.amazonaws.com/Produccion/tiendas/127/productos/76718/539b904b82e84a53.webp,Cable Aluminio 185mm² 15kV PH 100%,2026-08-02,requiere_revision,requiere_permiso,"Inventario desde sitemap público. Validar SKU, ficha técnica, descripción propia, categoría Surtilec y permiso de imagen antes de importar.",,,,
CC-CABLE-ALUMINIO-240MM-15KV-PH-100,Cable Aluminio 240mm² 15kV PH 100%,cable-media-tension,mt-aluminio-15kv,https://cablescolombia.com/producto/cable-aluminio-240mm-15kv-ph-100,https://multimedia02.s3.us-east-2.amazonaws.com/Produccion/tiendas/127/productos/76719/cfa2a176437c2adb.webp,Cable Aluminio 240mm² 15kV PH 100%,2026-08-02,requiere_revision,requiere_permiso,"Inventario desde sitemap público. Validar SKU, ficha técnica, descripción propia, categoría Surtilec y permiso de imagen antes de importar.",,,,
CC-CABLE-ALUMINIO-95MM-15KV-PH-100,Cable Aluminio 95mm² 15kV PH 100%,cable-media-tension,mt-aluminio-15kv,https://cablescolombia.com/producto/cable-aluminio-95mm-15kv-ph-100,https://multimedia02.s3.us-east-2.amazonaws.com/Produccion/tiendas/127/productos/76720/f8fbd93e594c6c51.webp,Cable Aluminio 95mm² 15kV PH 100%,2026-08-02,requiere_revision,requiere_permiso,"Inventario desde sitemap público. Validar SKU, ficha técnica, descripción propia, categoría Surtilec y permiso de imagen antes de importar.",,,,
CC-CABLE-ALUMINIO-70MM-15KV-PH-100,Cable Aluminio 70mm² 15kV PH 100%,cable-media-tension,mt-aluminio-15kv,https://cablescolombia.com/producto/cable-aluminio-70mm-15kv-ph-100,https://multimedia02.s3.us-east-2.amazonaws.com/Produccion/tiendas/127/productos/76721/cbdeb4056d9fa95d.webp,Cable Aluminio 70mm² 15kV PH 100%,2026-08-02,requiere_revision,requiere_permiso,"Inventario desde sitemap público. Validar SKU, ficha técnica, descripción propia, categoría Surtilec y permiso de imagen antes de importar.",,,,
CC-CABLE-ALUMINIO-240MM-15KV-PH-133,Cable Aluminio 240mm² 15kV PH 133%,cable-media-tension,mt-aluminio-15kv,https://cablescolombia.com/producto/cable-aluminio-240mm-15kv-ph-133,https://multimedia02.s3.us-east-2.amazonaws.com/Produccion/tiendas/127/productos/76722/9683886a9cf663be.webp,Cable Aluminio 240mm² 15kV PH 133%,2026-08-02,requiere_revision,requiere_permiso,"Inventario desde sitemap público. Validar SKU, ficha técnica, descripción propia, categoría Surtilec y permiso de imagen antes de importar.",,,,
CC-CABLE-ALUMINIO-185MM-15KV-PH-133,Cable Aluminio 185mm² 15kV PH 133%,cable-media-tension,mt-aluminio-15kv,https://cablescolombia.com/producto/cable-aluminio-185mm-15kv-ph-133,https://multimedia02.s3.us-east-2.amazonaws.com/Produccion/tiendas/127/productos/76723/479c8c5fdac3feb4.webp,Cable Aluminio 185mm² 15kV PH 133%,2026-08-02,requiere_revision,requiere_permiso,"Inventario desde sitemap público. Validar SKU, ficha técnica, descripción propia, categoría Surtilec y permiso de imagen antes de importar.",,,,
CC-CABLE-ALUMINIO-120MM-15KV-PH-133,Cable Aluminio 120mm² 15kV PH 133%,cable-media-tension,mt-aluminio-15kv,https://cablescolombia.com/producto/cable-aluminio-120mm-15kv-ph-133,https://multimedia02.s3.us-east-2.amazonaws.com/Produccion/tiendas/127/productos/76724/a90d3ad29ec5df81.webp,Cable Aluminio 120mm² 15kV PH 133%,2026-08-02,requiere_revision,requiere_permiso,"Inventario desde sitemap público. Validar SKU, ficha técnica, descripción propia, categoría Surtilec y permiso de imagen antes de importar.",,,,
CC-CABLE-ALUMINIO-95MM-15KV-PH-133,Cable Aluminio 95mm² 15kV PH 133%,cable-media-tension,mt-aluminio-15kv,https://cablescolombia.com/producto/cable-aluminio-95mm-15kv-ph-133,https://multimedia02.s3.us-east-2.amazonaws.com/Produccion/tiendas/127/productos/76725/7aaf21f9a4ba3bad.webp,Cable Aluminio 95mm² 15kV PH 133%,2026-08-02,requiere_revision,requiere_permiso,"Inventario desde sitemap público. Validar SKU, ficha técnica, descripción propia, categoría Surtilec y permiso de imagen antes de importar.",,,,
CC-CABLE-ALUMINIO-70MM-15KV-PH-133,Cable Aluminio 70mm² 15kV PH 133%,cable-media-tension,mt-aluminio-15kv,https://cablescolombia.com/producto/cable-aluminio-70mm-15kv-ph-133,https://multimedia02.s3.us-east-2.amazonaws.com/Produccion/tiendas/127/productos/76726/1990637700f18c08.webp,Cable Aluminio 70mm² 15kV PH 133%,2026-08-02,requiere_revision,requiere_permiso,"Inventario desde sitemap público. Validar SKU, ficha técnica, descripción propia, categoría Surtilec y permiso de imagen antes de importar.",,,,
CC-CABLE-MEDIA-TENSION-ALUMINIO-90-C-XLPE-15KV-NO-2-100-PC-PVC,Cable Media Tensión Aluminio 90°C XLPE 15kV No 2 100% PC PVC,cable-media-tension,mt-aluminio-15kv,https://cablescolombia.com/producto/cable-media-tension-aluminio-90-c-xlpe-15kv-no-2-100-pc-pvc,https://multimedia02.s3.us-east-2.amazonaws.com/Produccion/tiendas/127/productos/588/b0ab13d5c795461c.webp,Cable Media Tensión Aluminio 90°C XLPE 15kV No 2 100% PC PVC,2026-08-02,requiere_revision,requiere_permiso,"Inventario desde sitemap público. Validar SKU, ficha técnica, descripción propia, categoría Surtilec y permiso de imagen antes de importar.",,,,
CC-CABLE-MEDIA-TENSION-ALUMINIO-90-C-XLPE-15KV-NO-350-KCMIL-100-PC-PVC,Cable Media Tensión Aluminio 90°C XLPE 15kV No 350 kcmil 100% PC PVC,cable-media-tension,mt-aluminio-15kv,https://cablescolombia.com/producto/cable-media-tension-aluminio-90-c-xlpe-15kv-no-350-kcmil-100-pc-pvc,https://multimedia02.s3.us-east-2.amazonaws.com/Produccion/tiendas/127/productos/589/b08fba9390361572.webp,Cable Media Tensión Aluminio 90°C XLPE 15kV No 350 kcmil 100% PC PVC,2026-08-02,requiere_revision,requiere_permiso,"Inventario desde sitemap público. Validar SKU, ficha técnica, descripción propia, categoría Surtilec y permiso de imagen antes de importar.",,,,
CC-CABLE-MEDIA-TENSION-ALUMINIO-90-C-XLPE-15KV-NO-500-KCMIL-100-PC-PVC,Cable Media Tensión Aluminio 90°C XLPE 15kV No 500 Kcmil 100% PC PVC,cable-media-tension,mt-aluminio-15kv,https://cablescolombia.com/producto/cable-media-tension-aluminio-90-c-xlpe-15kv-no-500-kcmil-100-pc-pvc,https://multimedia02.s3.us-east-2.amazonaws.com/Produccion/tiendas/127/productos/590/f0cfb6aec06a3f66.webp,Cable Media Tensión Aluminio 90°C XLPE 15kV No 500 Kcmil 100% PC PVC,2026-08-02,requiere_revision,requiere_permiso,"Inventario desde sitemap público. Validar SKU, ficha técnica, descripción propia, categoría Surtilec y permiso de imagen antes de importar.",,,,
CC-CABLE-MEDIA-TENSION-ALUMINIO-90-C-XLPE-15KV-NO-4-0-100-PC-PVC,Cable Media Tensión Aluminio 90°C XLPE 15kV No 4/0 100% PC PVC,cable-media-tension,mt-aluminio-15kv,https://cablescolombia.com/producto/cable-media-tension-aluminio-90-c-xlpe-15kv-no-4-0-100-pc-pvc,https://multimedia02.s3.us-east-2.amazonaws.com/Produccion/tiendas/127/productos/38468/a7b90be46d857340.webp,Cable Media Tensión Aluminio 90°C XLPE 15kV No 4/0 100% PC PVC,2026-08-02,requiere_revision,requiere_permiso,"Inventario desde sitemap público. Validar SKU, ficha técnica, descripción propia, categoría Surtilec y permiso de imagen antes de importar.",,,,
CC-CABLE-MEDIA-TENSION-ALUMINIO-90-C-XLPE-15KV-NO-1-0-100-PC-PVC,Cable Media Tensión Aluminio 90°C XLPE 15kV No 1/0 100% PC PVC,cable-media-tension,mt-aluminio-15kv,https://cablescolombia.com/producto/cable-media-tension-aluminio-90-c-xlpe-15kv-no-1-0-100-pc-pvc,https://multimedia02.s3.us-east-2.amazonaws.com/Produccion/tiendas/127/productos/40420/91ea3b7ab683cb6c.webp,Cable Media Tensión Aluminio 90°C XLPE 15kV No 1/0 100% PC PVC,2026-08-02,requiere_revision,requiere_permiso,"Inventario desde sitemap público. Validar SKU, ficha técnica, descripción propia, categoría Surtilec y permiso de imagen antes de importar.",,,,
CC-CABLE-MEDIA-TENSION-ALUMINIO-90-C-XLPE-15KV-NO-2-0-100-PC-PVC,Cable Media Tensión Aluminio 90°C XLPE 15kV No 2/0 100% PC PVC,cable-media-tension,mt-aluminio-15kv,https://cablescolombia.com/producto/cable-media-tension-aluminio-90-c-xlpe-15kv-no-2-0-100-pc-pvc,https://multimedia02.s3.us-east-2.amazonaws.com/Produccion/tiendas/127/productos/40421/aab5b6027711849f.webp,Cable Media Tensión Aluminio 90°C XLPE 15kV No 2/0 100% PC PVC,2026-08-02,requiere_revision,requiere_permiso,"Inventario desde sitemap público. Validar SKU, ficha técnica, descripción propia, categoría Surtilec y permiso de imagen antes de importar.",,,,
CC-CABLE-MEDIA-TENSION-ALUMINIO-90-C-XLPE-15KV-NO-3-0-100-PC-PVC,Cable Media Tensión Aluminio 90°C XLPE 15kV No 3/0 100% PC PVC,cable-media-tension,mt-aluminio-15kv,https://cablescolombia.com/producto/cable-media-tension-aluminio-90-c-xlpe-15kv-no-3-0-100-pc-pvc,https://multimedia02.s3.us-east-2.amazonaws.com/Produccion/tiendas/127/productos/40424/7809c0fe2b5db8a8.webp,Cable Media Tensión Aluminio 90°C XLPE 15kV No 3/0 100% PC PVC,2026-08-02,requiere_revision,requiere_permiso,"Inventario desde sitemap público. Validar SKU, ficha técnica, descripción propia, categoría Surtilec y permiso de imagen antes de importar.",,,,
CC-CABLE-MEDIA-TENSION-ALUMINIO-90-C-XLPE-15KV-NO-250-KCMIL-100-PC-PVC,Cable Media Tensión Aluminio 90°C XLPE 15kV No 250 Kcmil 100% PC PVC,cable-media-tension,mt-aluminio-15kv,https://cablescolombia.com/producto/cable-media-tension-aluminio-90-c-xlpe-15kv-no-250-kcmil-100-pc-pvc,https://multimedia02.s3.us-east-2.amazonaws.com/Produccion/tiendas/127/productos/40425/b3998212387123f8.webp,Cable Media Tensión Aluminio 90°C XLPE 15kV No 250 Kcmil 100% PC PVC,2026-08-02,requiere_revision,requiere_permiso,"Inventario desde sitemap público. Validar SKU, ficha técnica, descripción propia, categoría Surtilec y permiso de imagen antes de importar.",,,,
CC-MEDIA-TENSION-ALUMINIO-90-C-XLPE-15KV-133-PC-PVC-2-AWG,Media Tensión Aluminio 90°C XLPE 15kV 133% PC PVC 2 AWG,cable-media-tension,mt-aluminio-15kv,https://cablescolombia.com/producto/media-tension-aluminio-90-c-xlpe-15kv-133-pc-pvc-2-awg,https://multimedia02.s3.us-east-2.amazonaws.com/Produccion/tiendas/127/productos/40444/e5f2f8547c565915.webp,Media Tensión Aluminio 90°C XLPE 15kV 133% PC PVC 2 AWG,2026-08-02,requiere_revision,requiere_permiso,"Inventario desde sitemap público. Validar SKU, ficha técnica, descripción propia, categoría Surtilec y permiso de imagen antes de importar.",,,,
CC-MEDIA-TENSION-ALUMINIO-90-C-XLPE-15KV-133-PC-PVC-1-0-AWG,Media Tensión Aluminio 90°C XLPE 15kV 133% PC PVC 1/0 AWG,cable-media-tension,mt-aluminio-15kv,https://cablescolombia.com/producto/media-tension-aluminio-90-c-xlpe-15kv-133-pc-pvc-1-0-awg,https://multimedia02.s3.us-east-2.amazonaws.com/Produccion/tiendas/127/productos/40445/3542419582f214c3.webp,Media Tensión Aluminio 90°C XLPE 15kV 133% PC PVC 1/0 AWG,2026-08-02,requiere_revision,requiere_permiso,"Inventario desde sitemap público. Validar SKU, ficha técnica, descripción propia, categoría Surtilec y permiso de imagen antes de importar.",,,,
CC-MEDIA-TENSION-ALUMINIO-90-C-XLPE-15KV-133-PC-PVC-2-0-AWG,Media Tensión Aluminio 90°C XLPE 15kV 133% PC PVC 2/0 AWG,cable-media-tension,mt-aluminio-15kv,https://cablescolombia.com/producto/media-tension-aluminio-90-c-xlpe-15kv-133-pc-pvc-2-0-awg,https://multimedia02.s3.us-east-2.amazonaws.com/Produccion/tiendas/127/productos/40446/924ba3f4641fb1c9.webp,Media Tensión Aluminio 90°C XLPE 15kV 133% PC PVC 2/0 AWG,2026-08-02,requiere_revision,requiere_permiso,"Inventario desde sitemap público. Validar SKU, ficha técnica, descripción propia, categoría Surtilec y permiso de imagen antes de importar.",,,,
CC-MEDIA-TENSION-ALUMINIO-90-C-XLPE-15KV-133-PC-PVC-3-0-AWG,Media Tensión Aluminio 90°C XLPE 15kV 133% PC PVC 3/0 AWG,cable-media-tension,mt-aluminio-15kv,https://cablescolombia.com/producto/media-tension-aluminio-90-c-xlpe-15kv-133-pc-pvc-3-0-awg,https://multimedia02.s3.us-east-2.amazonaws.com/Produccion/tiendas/127/productos/40447/05e8fa54445b08a2.webp,Media Tensión Aluminio 90°C XLPE 15kV 133% PC PVC 3/0 AWG,2026-08-02,requiere_revision,requiere_permiso,"Inventario desde sitemap público. Validar SKU, ficha técnica, descripción propia, categoría Surtilec y permiso de imagen antes de importar.",,,,
CC-MEDIA-TENSION-ALUMINIO-90-C-XLPE-15KV-133-PC-PVC-4-0-AWG,Media Tensión Aluminio 90°C XLPE 15kV 133% PC PVC 4/0 AWG,cable-media-tension,mt-aluminio-15kv,https://cablescolombia.com/producto/media-tension-aluminio-90-c-xlpe-15kv-133-pc-pvc-4-0-awg,https://multimedia02.s3.us-east-2.amazonaws.com/Produccion/tiendas/127/productos/40448/58d97a337df020bc.webp,Media Tensión Aluminio 90°C XLPE 15kV 133% PC PVC 4/0 AWG,2026-08-02,requiere_revision,requiere_permiso,"Inventario desde sitemap público. Validar SKU, ficha técnica, descripción propia, categoría Surtilec y permiso de imagen antes de importar.",,,,
CC-MEDIA-TENSION-ALUMINIO-90-C-XLPE-15KV-133-PC-PVC-250-KCMIL,Media Tensión Aluminio 90°C XLPE 15kV 133% PC PVC 250 kcmil,cable-media-tension,mt-aluminio-15kv,https://cablescolombia.com/producto/media-tension-aluminio-90-c-xlpe-15kv-133-pc-pvc-250-kcmil,https://multimedia02.s3.us-east-2.amazonaws.com/Produccion/tiendas/127/productos/40449/04118754841165fe.webp,Media Tensión Aluminio 90°C XLPE 15kV 133% PC PVC 250 kcmil,2026-08-02,requiere_revision,requiere_permiso,"Inventario desde sitemap público. Validar SKU, ficha técnica, descripción propia, categoría Surtilec y permiso de imagen antes de importar.",,,,
CC-MEDIA-TENSION-ALUMINIO-90-C-XLPE-15KV-133-PC-PVC-350-KCMIL,Media Tensión Aluminio 90°C XLPE 15kV 133% PC PVC 350 kcmil,cable-media-tension,mt-aluminio-15kv,https://cablescolombia.com/producto/media-tension-aluminio-90-c-xlpe-15kv-133-pc-pvc-350-kcmil,https://multimedia02.s3.us-east-2.amazonaws.com/Produccion/tiendas/127/productos/40450/6deb7df85bce6b54.webp,Media Tensión Aluminio 90°C XLPE 15kV 133% PC PVC 350 kcmil,2026-08-02,requiere_revision,requiere_permiso,"Inventario desde sitemap público. Validar SKU, ficha técnica, descripción propia, categoría Surtilec y permiso de imagen antes de importar.",,,,
CC-MEDIA-TENSION-ALUMINIO-90-C-XLPE-15KV-133-PC-PVC-500-KCMIL,Media Tensión Aluminio 90°C XLPE 15kV 133% PC PVC 500 kcmil,cable-media-tension,mt-aluminio-15kv,https://cablescolombia.com/producto/media-tension-aluminio-90-c-xlpe-15kv-133-pc-pvc-500-kcmil,https://multimedia02.s3.us-east-2.amazonaws.com/Produccion/tiendas/127/productos/40451/50913eb5430a4a81.webp,Media Tensión Aluminio 90°C XLPE 15kV 133% PC PVC 500 kcmil,2026-08-02,requiere_revision,requiere_permiso,"Inventario desde sitemap público. Validar SKU, ficha técnica, descripción propia, categoría Surtilec y permiso de imagen antes de importar.",,,,
CC-MEDIA-TENSION-ALUMINIO-90-C-XLPE-HILOS-15-KV-100-N-1-3-PVC-2-AWG,Media Tensión Aluminio 90°C XLPE Hilos 15 kV 100% N=1/3 PVC 2 AWG,cable-media-tension,mt-aluminio-15kv,https://cablescolombia.com/producto/media-tension-aluminio-90-c-xlpe-hilos-15-kv-100-n-1-3-pvc-2-awg,https://multimedia02.s3.us-east-2.amazonaws.com/Produccion/tiendas/127/productos/40477/3b5a151155735684.webp,Media Tensión Aluminio 90°C XLPE Hilos 15 kV 100% N=1/3 PVC 2 AWG,2026-08-02,requiere_revision,requiere_permiso,"Inventario desde sitemap público. Validar SKU, ficha técnica, descripción propia, categoría Surtilec y permiso de imagen antes de importar.",,,,
CC-MEDIA-TENSION-ALUMINIO-90-C-XLPE-HILOS-15-KV-100-N-1-3-PVC-1-0-AWG,Media Tensión Aluminio 90°C XLPE Hilos  15 kV 100% N=1/3 PVC 1/0 AWG,cable-media-tension,mt-aluminio-15kv,https://cablescolombia.com/producto/media-tension-aluminio-90-c-xlpe-hilos-15-kv-100-n-1-3-pvc-1-0-awg,https://multimedia02.s3.us-east-2.amazonaws.com/Produccion/tiendas/127/productos/40478/25f3316d6a605634.webp,Media Tensión Aluminio 90°C XLPE Hilos  15 kV 100% N=1/3 PVC 1/0 AWG,2026-08-02,requiere_revision,requiere_permiso,"Inventario desde sitemap público. Validar SKU, ficha técnica, descripción propia, categoría Surtilec y permiso de imagen antes de importar.",,,,
CC-MEDIA-TENSION-ALUMINIO-90-C-XLPE-HILOS-15-KV-100-N-1-3-PVC-2-0-AWG,Media Tensión Aluminio 90°C XLPE Hilos 15 kV 100% N=1/3 PVC 2/0 AWG,cable-media-tension,mt-aluminio-15kv,https://cablescolombia.com/producto/media-tension-aluminio-90-c-xlpe-hilos-15-kv-100-n-1-3-pvc-2-0-awg,https://multimedia02.s3.us-east-2.amazonaws.com/Produccion/tiendas/127/productos/40479/9ebfc2adcb07edb9.webp,Media Tensión Aluminio 90°C XLPE Hilos 15 kV 100% N=1/3 PVC 2/0 AWG,2026-08-02,requiere_revision,requiere_permiso,"Inventario desde sitemap público. Validar SKU, ficha técnica, descripción propia, categoría Surtilec y permiso de imagen antes de importar.",,,,
CC-MEDIA-TENSION-ALUMINIO-90-C-XLPE-HILOS-15-KV-100-N-1-3-PVC-3-0-AWG,Media Tensión Aluminio 90°C XLPE Hilos  15 kV 100% N=1/3 PVC 3/0 AWG,cable-media-tension,mt-aluminio-15kv,https://cablescolombia.com/producto/media-tension-aluminio-90-c-xlpe-hilos-15-kv-100-n-1-3-pvc-3-0-awg,https://multimedia02.s3.us-east-2.amazonaws.com/Produccion/tiendas/127/productos/40481/33411cab7c9b9e08.webp,Media Tensión Aluminio 90°C XLPE Hilos  15 kV 100% N=1/3 PVC 3/0 AWG,2026-08-02,requiere_revision,requiere_permiso,"Inventario desde sitemap público. Validar SKU, ficha técnica, descripción propia, categoría Surtilec y permiso de imagen antes de importar.",,,,
CC-MEDIA-TENSION-ALUMINIO-90-C-XLPE-HILOS-15-KV-100-N-1-3-PVC-4-0-AWG,Media Tensión Aluminio 90°C XLPE Hilos  15 kV 100% N=1/3 PVC 4/0 AWG,cable-media-tension,mt-aluminio-15kv,https://cablescolombia.com/producto/media-tension-aluminio-90-c-xlpe-hilos-15-kv-100-n-1-3-pvc-4-0-awg,https://multimedia02.s3.us-east-2.amazonaws.com/Produccion/tiendas/127/productos/40482/226e0c058edc47c7.webp,Media Tensión Aluminio 90°C XLPE Hilos  15 kV 100% N=1/3 PVC 4/0 AWG,2026-08-02,requiere_revision,requiere_permiso,"Inventario desde sitemap público. Validar SKU, ficha técnica, descripción propia, categoría Surtilec y permiso de imagen antes de importar.",,,,
CC-MEDIA-TENSION-ALUMINIO-90-C-XLPE-HILOS-15-KV-100-N-1-3-PVC-350-KCMIL,Media Tensión Aluminio 90°C XLPE Hilos  15 kV 100% N=1/3 PVC 350 kcmil,cable-media-tension,mt-aluminio-15kv,https://cablescolombia.com/producto/media-tension-aluminio-90-c-xlpe-hilos-15-kv-100-n-1-3-pvc-350-kcmil,https://multimedia02.s3.us-east-2.amazonaws.com/Produccion/tiendas/127/productos/40484/ab46dede6d5af0aa.webp,Media Tensión Aluminio 90°C XLPE Hilos  15 kV 100% N=1/3 PVC 350 kcmil,2026-08-02,requiere_revision,requiere_permiso,"Inventario desde sitemap público. Validar SKU, ficha técnica, descripción propia, categoría Surtilec y permiso de imagen antes de importar.",,,,
CC-MEDIA-TENSION-ALUMINIO-90-C-XLPE-HILOS-15-KV-100-N-1-3-PVC-500-KCMIL,Media Tensión Aluminio 90°C XLPE Hilos  15 kV 100% N=1/3 PVC 500 kcmil,cable-media-tension,mt-aluminio-15kv,https://cablescolombia.com/producto/media-tension-aluminio-90-c-xlpe-hilos-15-kv-100-n-1-3-pvc-500-kcmil,https://multimedia02.s3.us-east-2.amazonaws.com/Produccion/tiendas/127/productos/40486/51d7535291ae3e66.webp,Media Tensión Aluminio 90°C XLPE Hilos  15 kV 100% N=1/3 PVC 500 kcmil,2026-08-02,requiere_revision,requiere_permiso,"Inventario desde sitemap público. Validar SKU, ficha técnica, descripción propia, categoría Surtilec y permiso de imagen antes de importar.",,,,
CC-MEDIA-TENSION-ALUMINIO-90-C-XLPE-HILOS-15-KV-133-N-1-3-PVC-2-AWG,Media Tensión Aluminio 90°C XLPE Hilos 15 kV 133% N=1/3 PVC 2 AWG,cable-media-tension,mt-aluminio-15kv,https://cablescolombia.com/producto/media-tension-aluminio-90-c-xlpe-hilos-15-kv-133-n-1-3-pvc-2-awg,https://multimedia02.s3.us-east-2.amazonaws.com/Produccion/tiendas/127/productos/40487/0aaf83683abdd872.webp,Media Tensión Aluminio 90°C XLPE Hilos 15 kV 133% N=1/3 PVC 2 AWG,2026-08-02,requiere_revision,requiere_permiso,"Inventario desde sitemap público. Validar SKU, ficha técnica, descripción propia, categoría Surtilec y permiso de imagen antes de importar.",,,,
CC-MEDIA-TENSION-ALUMINIO-90-C-XLPE-HILOS-15-KV-133-N-1-3-PVC-1-0-AWG,Media Tensión Aluminio 90°C XLPE Hilos 15 kV 133% N=1/3 PVC 1/0 AWG,cable-media-tension,mt-aluminio-15kv,https://cablescolombia.com/producto/media-tension-aluminio-90-c-xlpe-hilos-15-kv-133-n-1-3-pvc-1-0-awg,https://multimedia02.s3.us-east-2.amazonaws.com/Produccion/tiendas/127/productos/40488/2b68c8b579d9dfb4.webp,Media Tensión Aluminio 90°C XLPE Hilos 15 kV 133% N=1/3 PVC 1/0 AWG,2026-08-02,requiere_revision,requiere_permiso,"Inventario desde sitemap público. Validar SKU, ficha técnica, descripción propia, categoría Surtilec y permiso de imagen antes de importar.",,,,
CC-MEDIA-TENSION-ALUMINIO-90-C-XLPE-HILOS-15-KV-133-N-1-3-PVC-2-0-AWG,Media Tensión Aluminio 90°C XLPE Hilos  15 kV 133% N=1/3 PVC 2/0 AWG,cable-media-tension,mt-aluminio-15kv,https://cablescolombia.com/producto/media-tension-aluminio-90-c-xlpe-hilos-15-kv-133-n-1-3-pvc-2-0-awg,https://multimedia02.s3.us-east-2.amazonaws.com/Produccion/tiendas/127/productos/40489/3115e958a09d5b0b.webp,Media Tensión Aluminio 90°C XLPE Hilos  15 kV 133% N=1/3 PVC 2/0 AWG,2026-08-02,requiere_revision,requiere_permiso,"Inventario desde sitemap público. Validar SKU, ficha técnica, descripción propia, categoría Surtilec y permiso de imagen antes de importar.",,,,
CC-MEDIA-TENSION-ALUMINIO-90-C-XLPE-HILOS-15-KV-133-N-1-3-PVC-3-0-AWG,Media Tensión Aluminio 90°C XLPE Hilos  15 kV 133% N=1/3 PVC 3/0 AWG,cable-media-tension,mt-aluminio-15kv,https://cablescolombia.com/producto/media-tension-aluminio-90-c-xlpe-hilos-15-kv-133-n-1-3-pvc-3-0-awg,https://multimedia02.s3.us-east-2.amazonaws.com/Produccion/tiendas/127/productos/40490/1a723cfcd0f5542b.webp,Media Tensión Aluminio 90°C XLPE Hilos  15 kV 133% N=1/3 PVC 3/0 AWG,2026-08-02,requiere_revision,requiere_permiso,"Inventario desde sitemap público. Validar SKU, ficha técnica, descripción propia, categoría Surtilec y permiso de imagen antes de importar.",,,,
CC-MEDIA-TENSION-ALUMINIO-90-C-XLPE-HILOS-15-KV-133-N-1-3-PVC-4-0-AWG,Media Tensión Aluminio 90°C XLPE hilos 15 kV 133% N=1/3 PVC 4/0 AWG,cable-media-tension,mt-aluminio-15kv,https://cablescolombia.com/producto/media-tension-aluminio-90-c-xlpe-hilos-15-kv-133-n-1-3-pvc-4-0-awg,https://multimedia02.s3.us-east-2.amazonaws.com/Produccion/tiendas/127/productos/40491/762022133bb29786.webp,Media Tensión Aluminio 90°C XLPE hilos 15 kV 133% N=1/3 PVC 4/0 AWG,2026-08-02,requiere_revision,requiere_permiso,"Inventario desde sitemap público. Validar SKU, ficha técnica, descripción propia, categoría Surtilec y permiso de imagen antes de importar.",,,,
CC-MEDIA-TENSION-ALUMINIO-90-C-XLPE-HILOS-15-KV-133-N-1-3-PVC-250-KCMIL,Media Tensión Aluminio 90°C XLPE Hilos  15 kV 133% N=1/3 PVC 250 kcmil,cable-media-tension,mt-aluminio-15kv,https://cablescolombia.com/producto/media-tension-aluminio-90-c-xlpe-hilos-15-kv-133-n-1-3-pvc-250-kcmil,https://multimedia02.s3.us-east-2.amazonaws.com/Produccion/tiendas/127/productos/40492/3d6648871709a204.webp,Media Tensión Aluminio 90°C XLPE Hilos  15 kV 133% N=1/3 PVC 250 kcmil,2026-08-02,requiere_revision,requiere_permiso,"Inventario desde sitemap público. Validar SKU, ficha técnica, descripción propia, categoría Surtilec y permiso de imagen antes de importar.",,,,
CC-MEDIA-TENSION-ALUMINIO-90-C-XLPE-HILOS-15-KV-133-N-1-3-PVC-350-KCMIL,Media Tensión Aluminio 90°C XLPE Hilos  15 kV 133% N=1/3 PVC 350 kcmil,cable-media-tension,mt-aluminio-15kv,https://cablescolombia.com/producto/media-tension-aluminio-90-c-xlpe-hilos-15-kv-133-n-1-3-pvc-350-kcmil,https://multimedia02.s3.us-east-2.amazonaws.com/Produccion/tiendas/127/productos/40493/8d1073c34a8216ee.webp,Media Tensión Aluminio 90°C XLPE Hilos  15 kV 133% N=1/3 PVC 350 kcmil,2026-08-02,requiere_revision,requiere_permiso,"Inventario desde sitemap público. Validar SKU, ficha técnica, descripción propia, categoría Surtilec y permiso de imagen antes de importar.",,,,
CC-MEDIA-TENSION-ALUMINIO-90-C-XLPE-HILOS-15-KV-133-N-1-3-PVC-500-KCMIL,Media Tensión Aluminio 90°C XLPE Hilos  15 kV 133% N=1/3 PVC 500 kcmil,cable-media-tension,mt-aluminio-15kv,https://cablescolombia.com/producto/media-tension-aluminio-90-c-xlpe-hilos-15-kv-133-n-1-3-pvc-500-kcmil,https://multimedia02.s3.us-east-2.amazonaws.com/Produccion/tiendas/127/productos/40494/4f87fa214439fb3e.webp,Media Tensión Aluminio 90°C XLPE Hilos  15 kV 133% N=1/3 PVC 500 kcmil,2026-08-02,requiere_revision,requiere_permiso,"Inventario desde sitemap público. Validar SKU, ficha técnica, descripción propia, categoría Surtilec y permiso de imagen antes de importar.",,,,
CC-MEDIA-TENSION-ALUMINIO-90-C-XLPE-HILOS-8-7-15KV-N-25MM2-PVC-70-MM2,Media Tensión Aluminio 90°C XLPE Hilos 8.7/15kV N=25mm2 PVC 70 mm2,cable-media-tension,mt-aluminio-15kv,https://cablescolombia.com/producto/media-tension-aluminio-90-c-xlpe-hilos-8-7-15kv-n-25mm2-pvc-70-mm2,https://multimedia02.s3.us-east-2.amazonaws.com/Produccion/tiendas/127/productos/40510/defb06cf5dfc0e19.webp,Media Tensión Aluminio 90°C XLPE Hilos 8.7/15kV N=25mm2 PVC 70 mm2,2026-08-02,requiere_revision,requiere_permiso,"Inventario desde sitemap público. Validar SKU, ficha técnica, descripción propia, categoría Surtilec y permiso de imagen antes de importar.",,,,
CC-MEDIA-TENSION-ALUMINIO-90-C-XLPE-HILOS-8-7-15KV-N-25MM2-PVC-95-MM2,Media Tensión Aluminio 90°C XLPE Hilos 8.7/15kV N=25mm2 PVC 95 mm2,cable-media-tension,mt-aluminio-15kv,https://cablescolombia.com/producto/media-tension-aluminio-90-c-xlpe-hilos-8-7-15kv-n-25mm2-pvc-95-mm2,https://multimedia02.s3.us-east-2.amazonaws.com/Produccion/tiendas/127/productos/40511/95349bdba11a0526.webp,Media Tensión Aluminio 90°C XLPE Hilos 8.7/15kV N=25mm2 PVC 95 mm2,2026-08-02,requiere_revision,requiere_permiso,"Inventario desde sitemap público. Validar SKU, ficha técnica, descripción propia, categoría Surtilec y permiso de imagen antes de importar.",,,,
CC-MEDIA-TENSION-ALUMINIO-90-C-XLPE-HILOS-8-7-15KV-N-25MM2-PVC-120-MM2,Media Tensión Aluminio 90°C XLPE Hilos 8.7/15kV N=25mm2 PVC 120 mm2,cable-media-tension,mt-aluminio-15kv,https://cablescolombia.com/producto/media-tension-aluminio-90-c-xlpe-hilos-8-7-15kv-n-25mm2-pvc-120-mm2,https://multimedia02.s3.us-east-2.amazonaws.com/Produccion/tiendas/127/productos/40512/e648ae968286d32e.webp,Media Tensión Aluminio 90°C XLPE Hilos 8.7/15kV N=25mm2 PVC 120 mm2,2026-08-02,requiere_revision,requiere_permiso,"Inventario desde sitemap público. Validar SKU, ficha técnica, descripción propia, categoría Surtilec y permiso de imagen antes de importar.",,,,
CC-MEDIA-TENSION-ALUMINIO-90-C-XLPE-HILOS-8-7-15KV-N-25MM2-PVC-185-MM2,Media Tensión Aluminio 90°C XLPE Hilos 8.7/15kV N=25mm2 PVC 185 mm2,cable-media-tension,mt-aluminio-15kv,https://cablescolombia.com/producto/media-tension-aluminio-90-c-xlpe-hilos-8-7-15kv-n-25mm2-pvc-185-mm2,https://multimedia02.s3.us-east-2.amazonaws.com/Produccion/tiendas/127/productos/40513/b61fba0ae665b83a.webp,Media Tensión Aluminio 90°C XLPE Hilos 8.7/15kV N=25mm2 PVC 185 mm2,2026-08-02,requiere_revision,requiere_permiso,"Inventario desde sitemap público. Validar SKU, ficha técnica, descripción propia, categoría Surtilec y permiso de imagen antes de importar.",,,,
CC-MEDIA-TENSION-ALUMINIO-90-C-XLPE-HILOS-8-7-15KV-N-25MM-200MM2-PVC,Media Tensión Aluminio 90°C XLPE Hilos 8.7/15kV N=25mm 200mm2 PVC,cable-media-tension,mt-aluminio-15kv,https://cablescolombia.com/producto/media-tension-aluminio-90-c-xlpe-hilos-8-7-15kv-n-25mm-200mm2-pvc,https://multimedia02.s3.us-east-2.amazonaws.com/Produccion/tiendas/127/productos/40514/0010f4e922f70f60.webp,Media Tensión Aluminio 90°C XLPE Hilos 8.7/15kV N=25mm 200mm2 PVC,2026-08-02,requiere_revision,requiere_permiso,"Inventario desde sitemap público. Validar SKU, ficha técnica, descripción propia, categoría Surtilec y permiso de imagen antes de importar.",,,,
CC-MEDIA-TENSION-ALUMINIO-90-C-XLPE-HILOS-15-KV-100-N-1-3-PVC-250-KCMIL,Media Tensión Aluminio 90°C XLPE Hilos  15 kV 100% N=1/3 PVC 250 kcmil,cable-media-tension,mt-aluminio-15kv,https://cablescolombia.com/producto/media-tension-aluminio-90-c-xlpe-hilos-15-kv-100-n-1-3-pvc-250-kcmil,https://multimedia02.s3.us-east-2.amazonaws.com/Produccion/tiendas/127/productos/40483/408510f28ad9cbf8.webp,Media Tensión Aluminio 90°C XLPE Hilos  15 kV 100% N=1/3 PVC 250 kcmil,2026-08-02,requiere_revision,requiere_permiso,"Inventario desde sitemap público. Validar SKU, ficha técnica, descripción propia, categoría Surtilec y permiso de imagen antes de importar.",,,,
CC-MEDIA-TENSION-COBRE-90-C-XLPE-25KV-NO-2-0-100-PC-PVC,Media Tensión Cobre 90°C XLPE 35kV No 2/0 100% PC PVC,cable-media-tension,mt-cobre-35kv,https://cablescolombia.com/producto/media-tension-cobre-90-c-xlpe-25kv-no-2-0-100-pc-pvc,https://multimedia02.s3.us-east-2.amazonaws.com/Produccion/tiendas/127/productos/40384/313dac43a1efb354.webp,Media Tensión Cobre 90°C XLPE 35kV No 2/0 100% PC PVC,2026-08-02,requiere_revision,requiere_permiso,"Inventario desde sitemap público. Validar SKU, ficha técnica, descripción propia, categoría Surtilec y permiso de imagen antes de importar.",,,,
CC-MEDIA-TENSION-COBRE-90-C-XLPE-35KV-NO-4-0-100-PC-PVC,Media Tensión Cobre 90°C XLPE 35kV No 4/0 100% PC PVC,cable-media-tension,mt-cobre-35kv,https://cablescolombia.com/producto/media-tension-cobre-90-c-xlpe-35kv-no-4-0-100-pc-pvc,https://multimedia02.s3.us-east-2.amazonaws.com/Produccion/tiendas/127/productos/40385/aa3d9e0f85bdca6d.webp,Media Tensión Cobre 90°C XLPE 35kV No 4/0 100% PC PVC,2026-08-02,requiere_revision,requiere_permiso,"Inventario desde sitemap público. Validar SKU, ficha técnica, descripción propia, categoría Surtilec y permiso de imagen antes de importar.",,,,
CC-MEDIA-TENSION-COBRE-90-C-XLPE-35KV-NO-1-0-133-PC-PVC,Media Tensión Cobre 90°C XLPE 35kV No 1/0 133% PC PVC,cable-media-tension,mt-cobre-35kv,https://cablescolombia.com/producto/media-tension-cobre-90-c-xlpe-35kv-no-1-0-133-pc-pvc,https://multimedia02.s3.us-east-2.amazonaws.com/Produccion/tiendas/127/productos/40386/1e350962118730fe.webp,Media Tensión Cobre 90°C XLPE 35kV No 1/0 133% PC PVC,2026-08-02,requiere_revision,requiere_permiso,"Inventario desde sitemap público. Validar SKU, ficha técnica, descripción propia, categoría Surtilec y permiso de imagen antes de importar.",,,,
CC-MEDIA-TENSION-COBRE-90-C-XLPE-35KV-NO-2-0-133-PC-PVC,Media Tensión Cobre 90°C XLPE 35kV No 2/0 133% PC PVC,cable-media-tension,mt-cobre-35kv,https://cablescolombia.com/producto/media-tension-cobre-90-c-xlpe-35kv-no-2-0-133-pc-pvc,https://multimedia02.s3.us-east-2.amazonaws.com/Produccion/tiendas/127/productos/40387/869e5060d7d9c9e6.webp,Media Tensión Cobre 90°C XLPE 35kV No 2/0 133% PC PVC,2026-08-02,requiere_revision,requiere_permiso,"Inventario desde sitemap público. Validar SKU, ficha técnica, descripción propia, categoría Surtilec y permiso de imagen antes de importar.",,,,
CC-MEDIA-TENSION-COBRE-90-C-XLPE-35KV-NO-3-0-133-PC-PVC,Media Tensión Cobre 90°C XLPE 35kV No 3/0 133% PC PVC,cable-media-tension,mt-cobre-35kv,https://cablescolombia.com/producto/media-tension-cobre-90-c-xlpe-35kv-no-3-0-133-pc-pvc,https://multimedia02.s3.us-east-2.amazonaws.com/Produccion/tiendas/127/productos/40388/90135d32e22c7619.webp,Media Tensión Cobre 90°C XLPE 35kV No 3/0 133% PC PVC,2026-08-02,requiere_revision,requiere_permiso,"Inventario desde sitemap público. Validar SKU, ficha técnica, descripción propia, categoría Surtilec y permiso de imagen antes de importar.",,,,
CC-MEDIA-TENSION-COBRE-90-C-XLPE-35KV-NO-4-0-133-PC-PVC,Media Tensión Cobre 90°C XLPE 35kV No 4/0 133% PC PVC,cable-media-tension,mt-cobre-35kv,https://cablescolombia.com/producto/media-tension-cobre-90-c-xlpe-35kv-no-4-0-133-pc-pvc,https://multimedia02.s3.us-east-2.amazonaws.com/Produccion/tiendas/127/productos/40389/1c10a8c5791708cc.webp,Media Tensión Cobre 90°C XLPE 35kV No 4/0 133% PC PVC,2026-08-02,requiere_revision,requiere_permiso,"Inventario desde sitemap público. Validar SKU, ficha técnica, descripción propia, categoría Surtilec y permiso de imagen antes de importar.",,,,
CC-MEDIA-TENSION-COBRE-90-C-XLPE-35KV-NO-250-133-PC-PVC,Media Tensión Cobre 90°C XLPE 35kV No 250 133% PC PVC,cable-media-tension,mt-cobre-35kv,https://cablescolombia.com/producto/media-tension-cobre-90-c-xlpe-35kv-no-250-133-pc-pvc,https://multimedia02.s3.us-east-2.amazonaws.com/Produccion/tiendas/127/productos/40390/aa459e42104df907.webp,Media Tensión Cobre 90°C XLPE 35kV No 250 133% PC PVC,2026-08-02,requiere_revision,requiere_permiso,"Inventario desde sitemap público. Validar SKU, ficha técnica, descripción propia, categoría Surtilec y permiso de imagen antes de importar.",,,,
CC-MEDIA-TENSION-COBRE-90-C-XLPE-35KV-NO-350-133-PC-PVC,Media Tensión Cobre 90°C XLPE 35kV No 350 133% PC PVC,cable-media-tension,mt-cobre-35kv,https://cablescolombia.com/producto/media-tension-cobre-90-c-xlpe-35kv-no-350-133-pc-pvc,https://multimedia02.s3.us-east-2.amazonaws.com/Produccion/tiendas/127/productos/40391/958f561635d76ea3.webp,Media Tensión Cobre 90°C XLPE 35kV No 350 133% PC PVC,2026-08-02,requiere_revision,requiere_permiso,"Inventario desde sitemap público. Validar SKU, ficha técnica, descripción propia, categoría Surtilec y permiso de imagen antes de importar.",,,,
CC-MEDIA-TENSION-COBRE-90-C-XLPE-35KV-NO-500-133-PC-PVC,Media Tensión Cobre 90°C XLPE 35kV No 500 133% PC PVC,cable-media-tension,mt-cobre-35kv,https://cablescolombia.com/producto/media-tension-cobre-90-c-xlpe-35kv-no-500-133-pc-pvc,https://multimedia02.s3.us-east-2.amazonaws.com/Produccion/tiendas/127/productos/40392/1a9ceff02b159a3a.webp,Media Tensión Cobre 90°C XLPE 35kV No 500 133% PC PVC,2026-08-02,requiere_revision,requiere_permiso,"Inventario desde sitemap público. Validar SKU, ficha técnica, descripción propia, categoría Surtilec y permiso de imagen antes de importar.",,,,
CC-CABLE-MEDIA-TENSION-COBRE-XLPE-1-0-AWG-15KV-100-PH,Cable Media Tensión Cobre XLPE 1/0 AWG 15kV 100% PH,cable-media-tension,mt-cobre-15kv,https://cablescolombia.com/producto/cable-media-tension-cobre-xlpe-1-0-awg-15kv-100-ph,https://multimedia02.s3.us-east-2.amazonaws.com/Produccion/tiendas/127/productos/76737/2c08f25a414e86b4.webp,Cable Media Tensión Cobre XLPE 1/0 AWG 15kV 100% PH,2026-08-02,requiere_revision,requiere_permiso,"Inventario desde sitemap público. Validar SKU, ficha técnica, descripción propia, categoría Surtilec y permiso de imagen antes de importar.",,,,
CC-CABLE-MEDIA-TENSION-COBRE-XLPE-1-0-AWG-15KV-133-PC,Cable Media Tensión Cobre XLPE 1/0 AWG 15kV 133% PC,cable-media-tension,mt-cobre-15kv,https://cablescolombia.com/producto/cable-media-tension-cobre-xlpe-1-0-awg-15kv-133-pc,https://multimedia02.s3.us-east-2.amazonaws.com/Produccion/tiendas/127/productos/76738/38173b3291625462.webp,Cable Media Tensión Cobre XLPE 1/0 AWG 15kV 133% PC,2026-08-02,requiere_revision,requiere_permiso,"Inventario desde sitemap público. Validar SKU, ficha técnica, descripción propia, categoría Surtilec y permiso de imagen antes de importar.",,,,
CC-CABLE-MEDIA-TENSION-COBRE-XLPE-1-0-AWG-15KV-100-PC,Cable Media Tensión Cobre XLPE 1/0 AWG 15kV 100% PC,cable-media-tension,mt-cobre-15kv,https://cablescolombia.com/producto/cable-media-tension-cobre-xlpe-1-0-awg-15kv-100-pc,https://multimedia02.s3.us-east-2.amazonaws.com/Produccion/tiendas/127/productos/76739/ccdc6b1cead1e46d.webp,Cable Media Tensión Cobre XLPE 1/0 AWG 15kV 100% PC,2026-08-02,requiere_revision,requiere_permiso,"Inventario desde sitemap público. Validar SKU, ficha técnica, descripción propia, categoría Surtilec y permiso de imagen antes de importar.",,,,
CC-CABLE-MEDIA-TENSION-COBRE-XLPE-2-AWG-15KV-133-PH,Cable Media Tensión Cobre XLPE 2 AWG 15kV 133% PH,cable-media-tension,mt-cobre-15kv,https://cablescolombia.com/producto/cable-media-tension-cobre-xlpe-2-awg-15kv-133-ph,https://multimedia02.s3.us-east-2.amazonaws.com/Produccion/tiendas/127/productos/76740/e91c4a2a8c32b1aa.webp,Cable Media Tensión Cobre XLPE 2 AWG 15kV 133% PH,2026-08-02,requiere_revision,requiere_permiso,"Inventario desde sitemap público. Validar SKU, ficha técnica, descripción propia, categoría Surtilec y permiso de imagen antes de importar.",,,,
CC-CABLE-MEDIA-TENSION-COBRE-XLPE-2-AWG-15KV-100-PH,Cable Media Tensión Cobre XLPE 2 AWG 15kV 100% PH,cable-media-tension,mt-cobre-15kv,https://cablescolombia.com/producto/cable-media-tension-cobre-xlpe-2-awg-15kv-100-ph,https://multimedia02.s3.us-east-2.amazonaws.com/Produccion/tiendas/127/productos/76741/197a802f6e21df4a.webp,Cable Media Tensión Cobre XLPE 2 AWG 15kV 100% PH,2026-08-02,requiere_revision,requiere_permiso,"Inventario desde sitemap público. Validar SKU, ficha técnica, descripción propia, categoría Surtilec y permiso de imagen antes de importar.",,,,
CC-CABLE-MEDIA-TENSION-COBRE-XLPE-2-AWG-15KV-133-PC,Cable Media Tensión Cobre XLPE 2 AWG 15kV 133% PC,cable-media-tension,mt-cobre-15kv,https://cablescolombia.com/producto/cable-media-tension-cobre-xlpe-2-awg-15kv-133-pc,https://multimedia02.s3.us-east-2.amazonaws.com/Produccion/tiendas/127/productos/76742/44c538a8a4e1156b.webp,Cable Media Tensión Cobre XLPE 2 AWG 15kV 133% PC,2026-08-02,requiere_revision,requiere_permiso,"Inventario desde sitemap público. Validar SKU, ficha técnica, descripción propia, categoría Surtilec y permiso de imagen antes de importar.",,,,
CC-CABLE-MEDIA-TENSION-COBRE-XLPE-2-AWG-15KV-100-PC,Cable Media Tensión Cobre XLPE 2 AWG 15kV 100% PC,cable-media-tension,mt-cobre-15kv,https://cablescolombia.com/producto/cable-media-tension-cobre-xlpe-2-awg-15kv-100-pc,https://multimedia02.s3.us-east-2.amazonaws.com/Produccion/tiendas/127/productos/76743/917353ea31eb5ff8.webp,Cable Media Tensión Cobre XLPE 2 AWG 15kV 100% PC,2026-08-02,requiere_revision,requiere_permiso,"Inventario desde sitemap público. Validar SKU, ficha técnica, descripción propia, categoría Surtilec y permiso de imagen antes de importar.",,,,
CC-MEDIA-TENSION-COBRE-90-C-XLPE-15KV-NO-2-0-100-PC-PVC,Media Tensión Cobre 90°C XLPE 15kV No 2/0 100% PC PVC,cable-media-tension,mt-cobre-15kv,https://cablescolombia.com/producto/media-tension-cobre-90-c-xlpe-15kv-no-2-0-100-pc-pvc,https://multimedia02.s3.us-east-2.amazonaws.com/Produccion/tiendas/127/productos/596/42a9b38ecc5648bc.webp,Media Tensión Cobre 90°C XLPE 15kV No 2/0 100% PC PVC,2026-08-02,requiere_revision,requiere_permiso,"Inventario desde sitemap público. Validar SKU, ficha técnica, descripción propia, categoría Surtilec y permiso de imagen antes de importar.",,,,
CC-MEDIA-TENSION-COBRE-90-C-XLPE-15KV-NO-2-133-PC-PVC,Media Tensión Cobre 90°C XLPE 15kV No 2 133% PC PVC,cable-media-tension,mt-cobre-15kv,https://cablescolombia.com/producto/media-tension-cobre-90-c-xlpe-15kv-no-2-133-pc-pvc,https://multimedia02.s3.us-east-2.amazonaws.com/Produccion/tiendas/127/productos/592/0022cf6b71983686.webp,Media Tensión Cobre 90°C XLPE 15kV No 2 133% PC PVC,2026-08-02,requiere_revision,requiere_permiso,"Inventario desde sitemap público. Validar SKU, ficha técnica, descripción propia, categoría Surtilec y permiso de imagen antes de importar.",,,,
CC-MEDIA-TENSION-COBRE-90-C-XLPE-15KV-NO-1-0-100-PC-PVC,Media Tensión Cobre 90°C XLPE 15kV No 1/0 100% PC PVC,cable-media-tension,mt-cobre-15kv,https://cablescolombia.com/producto/media-tension-cobre-90-c-xlpe-15kv-no-1-0-100-pc-pvc,https://multimedia02.s3.us-east-2.amazonaws.com/Produccion/tiendas/127/productos/594/aafece892b2ade73.webp,Media Tensión Cobre 90°C XLPE 15kV No 1/0 100% PC PVC,2026-08-02,requiere_revision,requiere_permiso,"Inventario desde sitemap público. Validar SKU, ficha técnica, descripción propia, categoría Surtilec y permiso de imagen antes de importar.",,,,
CC-MEDIA-TENSION-COBRE-90-C-XLPE-15KV-NO-3-0-133-PC-PVC,Media Tensión Cobre 90°C XLPE 15kV No 3/0 133% PC PVC,cable-media-tension,mt-cobre-15kv,https://cablescolombia.com/producto/media-tension-cobre-90-c-xlpe-15kv-no-3-0-133-pc-pvc,https://multimedia02.s3.us-east-2.amazonaws.com/Produccion/tiendas/127/productos/598/4fa7fa7daf7c1a8b.webp,Media Tensión Cobre 90°C XLPE 15kV No 3/0 133% PC PVC,2026-08-02,requiere_revision,requiere_permiso,"Inventario desde sitemap público. Validar SKU, ficha técnica, descripción propia, categoría Surtilec y permiso de imagen antes de importar.",,,,
CC-MEDIA-TENSION-COBRE-90-C-XLPE-15KV-NO-4-0-133-PC-PVC,Media Tensión Cobre 90°C XLPE 15kV No 4/0 133% PC PVC,cable-media-tension,mt-cobre-15kv,https://cablescolombia.com/producto/media-tension-cobre-90-c-xlpe-15kv-no-4-0-133-pc-pvc,https://multimedia02.s3.us-east-2.amazonaws.com/Produccion/tiendas/127/productos/601/2d4acdfda6ae3f2f.webp,Media Tensión Cobre 90°C XLPE 15kV No 4/0 133% PC PVC,2026-08-02,requiere_revision,requiere_permiso,"Inventario desde sitemap público. Validar SKU, ficha técnica, descripción propia, categoría Surtilec y permiso de imagen antes de importar.",,,,
CC-MEDIA-TENSION-COBRE-90-C-XLPE-15KV-NO-1-0-133-PC-PVC,Media Tensión Cobre 90°C XLPE 15kV No 1/0 133% PC PVC,cable-media-tension,mt-cobre-15kv,https://cablescolombia.com/producto/media-tension-cobre-90-c-xlpe-15kv-no-1-0-133-pc-pvc,https://multimedia02.s3.us-east-2.amazonaws.com/Produccion/tiendas/127/productos/38470/9ba62d48d1c902fb.webp,Media Tensión Cobre 90°C XLPE 15kV No 1/0 133% PC PVC,2026-08-02,requiere_revision,requiere_permiso,"Inventario desde sitemap público. Validar SKU, ficha técnica, descripción propia, categoría Surtilec y permiso de imagen antes de importar.",,,,
CC-CABLE-DE-COBRE-XLPE-DE-15-KV-NO-250-KCMIL-EN-CINTA-133,Cable De Cobre XLPE De 15 KV No 250 Kcmil En Cinta 133%,cable-media-tension,mt-cobre-15kv,https://cablescolombia.com/producto/cable-de-cobre-xlpe-de-15-kv-no-250-kcmil-en-cinta-133-,https://multimedia02.s3.us-east-2.amazonaws.com/Produccion/tiendas/127/productos/38471/45201905f5d7b920.webp,Cable De Cobre XLPE De 15 KV No 250 Kcmil En Cinta 133%,2026-08-02,requiere_revision,requiere_permiso,"Inventario desde sitemap público. Validar SKU, ficha técnica, descripción propia, categoría Surtilec y permiso de imagen antes de importar.",,,,
CC-MEDIA-TENSION-COBRE-90-C-XLPE-15KV-NO-350-KCMIL-133-PC-PVC,Media Tensión Cobre 90°C XLPE 15kV No 350 Kcmil 133% PC PVC,cable-media-tension,mt-cobre-15kv,https://cablescolombia.com/producto/media-tension-cobre-90-c-xlpe-15kv-no-350-kcmil-133-pc-pvc,https://multimedia02.s3.us-east-2.amazonaws.com/Produccion/tiendas/127/productos/38472/764c2df6f9015713.webp,Media Tensión Cobre 90°C XLPE 15kV No 350 Kcmil 133% PC PVC,2026-08-02,requiere_revision,requiere_permiso,"Inventario desde sitemap público. Validar SKU, ficha técnica, descripción propia, categoría Surtilec y permiso de imagen antes de importar.",,,,
CC-MEDIA-TENSION-COBRE-90-C-XLPE-15KV-NO-2-0-133-PC-PVC,Media Tensión Cobre 90°C XLPE 15kV No 2/0 133% PC PVC,cable-media-tension,mt-cobre-15kv,https://cablescolombia.com/producto/media-tension-cobre-90-c-xlpe-15kv-no-2-0-133-pc-pvc,https://multimedia02.s3.us-east-2.amazonaws.com/Produccion/tiendas/127/productos/38473/9c6b6e3477b5ce59.webp,Media Tensión Cobre 90°C XLPE 15kV No 2/0 133% PC PVC,2026-08-02,requiere_revision,requiere_permiso,"Inventario desde sitemap público. Validar SKU, ficha técnica, descripción propia, categoría Surtilec y permiso de imagen antes de importar.",,,,
CC-MEDIA-TENSION-COBRE-90-C-XLPE-15KV-NO-2-100-PC-PVC,Media Tensión Cobre 90°C XLPE 15kV No 2 100% PC PVC,cable-media-tension,mt-cobre-15kv,https://cablescolombia.com/producto/media-tension-cobre-90-c-xlpe-15kv-no-2-100-pc-pvc,https://multimedia02.s3.us-east-2.amazonaws.com/Produccion/tiendas/127/productos/40278/fb34be332f320d21.webp,Media Tensión Cobre 90°C XLPE 15kV No 2 100% PC PVC,2026-08-02,requiere_revision,requiere_permiso,"Inventario desde sitemap público. Validar SKU, ficha técnica, descripción propia, categoría Surtilec y permiso de imagen antes de importar.",,,,
CC-MEDIA-TENSION-COBRE-90-C-XLPE-15KV-NO-3-0-100-PC-PVC,Media Tensión Cobre 90°C XLPE 15kV No 3/0 100% PC PVC,cable-media-tension,mt-cobre-15kv,https://cablescolombia.com/producto/media-tension-cobre-90-c-xlpe-15kv-no-3-0-100-pc-pvc,https://multimedia02.s3.us-east-2.amazonaws.com/Produccion/tiendas/127/productos/40325/e0538227389ed0ff.webp,Media Tensión Cobre 90°C XLPE 15kV No 3/0 100% PC PVC,2026-08-02,requiere_revision,requiere_permiso,"Inventario desde sitemap público. Validar SKU, ficha técnica, descripción propia, categoría Surtilec y permiso de imagen antes de importar.",,,,
CC-MEDIA-TENSION-COBRE-90-C-XLPE-15KV-NO-4-0-100-PC-PVC,Media Tensión Cobre 90°C XLPE 15kV No 4/0 100% PC PVC,cable-media-tension,mt-cobre-15kv,https://cablescolombia.com/producto/media-tension-cobre-90-c-xlpe-15kv-no-4-0-100-pc-pvc,https://multimedia02.s3.us-east-2.amazonaws.com/Produccion/tiendas/127/productos/40345/bb822dd5c0657980.webp,Media Tensión Cobre 90°C XLPE 15kV No 4/0 100% PC PVC,2026-08-02,requiere_revision,requiere_permiso,"Inventario desde sitemap público. Validar SKU, ficha técnica, descripción propia, categoría Surtilec y permiso de imagen antes de importar.",,,,
CC-MEDIA-TENSION-COBRE-90-C-XLPE-15KV-NO-250-KCMIL-100-PC-PVC,Media Tensión Cobre 90°C XLPE 15kV No 250 kcmil 100% PC PVC,cable-media-tension,mt-cobre-15kv,https://cablescolombia.com/producto/media-tension-cobre-90-c-xlpe-15kv-no-250-kcmil-100-pc-pvc,https://multimedia02.s3.us-east-2.amazonaws.com/Produccion/tiendas/127/productos/40346/2045f20d1e44d2a2.webp,Media Tensión Cobre 90°C XLPE 15kV No 250 kcmil 100% PC PVC,2026-08-02,requiere_revision,requiere_permiso,"Inventario desde sitemap público. Validar SKU, ficha técnica, descripción propia, categoría Surtilec y permiso de imagen antes de importar.",,,,
CC-MEDIA-TENSION-COBRE-90-C-XLPE-15KV-NO-350-KCMIL-100-PC-PVC,Media Tensión Cobre 90°C XLPE 15kV No 350 kcmil 100% PC PVC,cable-media-tension,mt-cobre-15kv,https://cablescolombia.com/producto/media-tension-cobre-90-c-xlpe-15kv-no-350-kcmil-100-pc-pvc,https://multimedia02.s3.us-east-2.amazonaws.com/Produccion/tiendas/127/productos/40354/17f990bc230e13a0.webp,Media Tensión Cobre 90°C XLPE 15kV No 350 kcmil 100% PC PVC,2026-08-02,requiere_revision,requiere_permiso,"Inventario desde sitemap público. Validar SKU, ficha técnica, descripción propia, categoría Surtilec y permiso de imagen antes de importar.",,,,
CC-MEDIA-TENSION-COBRE-90-C-XLPE-15KV-NO-500-KCMIL-100-PC-PVC,Media Tensión Cobre 90°C XLPE 15kV No 500 kcmil 100% PC PVC,cable-media-tension,mt-cobre-15kv,https://cablescolombia.com/producto/media-tension-cobre-90-c-xlpe-15kv-no-500-kcmil-100-pc-pvc,https://multimedia02.s3.us-east-2.amazonaws.com/Produccion/tiendas/127/productos/40356/181bc9e9e7beed3b.webp,Media Tensión Cobre 90°C XLPE 15kV No 500 kcmil 100% PC PVC,2026-08-02,requiere_revision,requiere_permiso,"Inventario desde sitemap público. Validar SKU, ficha técnica, descripción propia, categoría Surtilec y permiso de imagen antes de importar.",,,,
CC-CABLE-DE-COBRE-XLPE-DE-15-KV-NO-500-KCMIL-EN-CINTA-133,Cable De Cobre XLPE De 15 KV No 500 Kcmil En Cinta 133%,cable-media-tension,mt-cobre-15kv,https://cablescolombia.com/producto/cable-de-cobre-xlpe-de-15-kv-no-500-kcmil-en-cinta-133-,https://multimedia02.s3.us-east-2.amazonaws.com/Produccion/tiendas/127/productos/40383/57564dd990b3f7f4.webp,Cable De Cobre XLPE De 15 KV No 500 Kcmil En Cinta 133%,2026-08-02,requiere_revision,requiere_permiso,"Inventario desde sitemap público. Validar SKU, ficha técnica, descripción propia, categoría Surtilec y permiso de imagen antes de importar.",,,,
CC-CABLE-SEMAFORIZACION-CC-3X16-AWG-CU-PVC-90-C-600V,Cable Semaforización CC 3X16 AWG Cu PVC 90°C 600V,cable-semaforizacion,,https://cablescolombia.com/producto/cable-semaforizacion-cc-3x16-awg-cu-pvc-90-c-600v,https://multimedia02.s3.us-east-2.amazonaws.com/Produccion/tiendas/127/productos/634/3cc5648d6aa53f7b.webp,Cable Semaforización CC 3X16 AWG Cu PVC 90°C 600V,2026-08-02,requiere_revision,requiere_permiso,"Inventario desde sitemap público. Validar SKU, ficha técnica, descripción propia, categoría Surtilec y permiso de imagen antes de importar.",,,,
CC-CABLE-SEMAFORIZACION-CC-4X16-AWG-CU-PVC-90-C-600V,Cable Semaforización CC 4X16 AWG Cu PVC 90°C 600V,cable-semaforizacion,,https://cablescolombia.com/producto/cable-semaforizacion-cc-4x16-awg-cu-pvc-90-c-600v,https://multimedia02.s3.us-east-2.amazonaws.com/Produccion/tiendas/127/productos/635/57e71940ee502b2f.webp,Cable Semaforización CC 4X16 AWG Cu PVC 90°C 600V,2026-08-02,requiere_revision,requiere_permiso,"Inventario desde sitemap público. Validar SKU, ficha técnica, descripción propia, categoría Surtilec y permiso de imagen antes de importar.",,,,
CC-CABLE-SEMAFORIZACION-CC-4X18-AWG-CU-PVC-90-C-600V,Cable Semaforización CC 4X18 AWG Cu PVC 90°C 600V,cable-semaforizacion,,https://cablescolombia.com/producto/cable-semaforizacion-cc-4x18-awg-cu-pvc-90-c-600v,https://multimedia02.s3.us-east-2.amazonaws.com/Produccion/tiendas/127/productos/636/aca15e0c38b81531.webp,Cable Semaforización CC 4X18 AWG Cu PVC 90°C 600V,2026-08-02,requiere_revision,requiere_permiso,"Inventario desde sitemap público. Validar SKU, ficha técnica, descripción propia, categoría Surtilec y permiso de imagen antes de importar.",,,,
CC-CABLE-SILICONADO-FV-6AWG,Cable Siliconado FV 6AWG,cable-siliconado,,https://cablescolombia.com/producto/cable-siliconado-fv-6awg,https://multimedia02.s3.us-east-2.amazonaws.com/Produccion/tiendas/127/productos/76807/bf87787ec94aafa9.webp,Cable Siliconado FV 6AWG,2026-08-02,requiere_revision,requiere_permiso,"Inventario desde sitemap público. Validar SKU, ficha técnica, descripción propia, categoría Surtilec y permiso de imagen antes de importar.",,,,
CC-CABLE-SILICONADO-FV-10AWG,Cable Siliconado FV 10Awg,cable-siliconado,,https://cablescolombia.com/producto/cable-siliconado-fv-10awg,https://multimedia02.s3.us-east-2.amazonaws.com/Produccion/tiendas/127/productos/637/34431284373abb69.webp,Cable Siliconado FV 10Awg,2026-08-02,requiere_revision,requiere_permiso,"Inventario desde sitemap público. Validar SKU, ficha técnica, descripción propia, categoría Surtilec y permiso de imagen antes de importar.",,,,
CC-CABLE-SILICONADO-FV-8AWG,Cable Siliconado FV 8Awg,cable-siliconado,,https://cablescolombia.com/producto/cable-siliconado-fv-8awg,https://multimedia02.s3.us-east-2.amazonaws.com/Produccion/tiendas/127/productos/638/602c9438750e6ae1.webp,Cable Siliconado FV 8Awg,2026-08-02,requiere_revision,requiere_permiso,"Inventario desde sitemap público. Validar SKU, ficha técnica, descripción propia, categoría Surtilec y permiso de imagen antes de importar.",,,,
CC-CABLE-SILICONADO-FV-12AWG,Cable Siliconado FV 12Awg,cable-siliconado,,https://cablescolombia.com/producto/cable-siliconado-fv-12awg,https://multimedia02.s3.us-east-2.amazonaws.com/Produccion/tiendas/127/productos/639/6f2438f2a1842113.webp,Cable Siliconado FV 12Awg,2026-08-02,requiere_revision,requiere_permiso,"Inventario desde sitemap público. Validar SKU, ficha técnica, descripción propia, categoría Surtilec y permiso de imagen antes de importar.",,,,
CC-CABLE-SILICONADO-FV-14AWG,Cable Siliconado FV 14Awg,cable-siliconado,,https://cablescolombia.com/producto/cable-siliconado-fv-14awg,https://multimedia02.s3.us-east-2.amazonaws.com/Produccion/tiendas/127/productos/640/409dcbe7f99fe012.webp,Cable Siliconado FV 14Awg,2026-08-02,requiere_revision,requiere_permiso,"Inventario desde sitemap público. Validar SKU, ficha técnica, descripción propia, categoría Surtilec y permiso de imagen antes de importar.",,,,
CC-CABLE-SILICONADO-FV-16AWG,Cable Siliconado FV 16AWG,cable-siliconado,,https://cablescolombia.com/producto/cable-siliconado-fv-16awg,https://multimedia02.s3.us-east-2.amazonaws.com/Produccion/tiendas/127/productos/641/19815d3c81d1ba16.webp,Cable Siliconado FV 16AWG,2026-08-02,requiere_revision,requiere_permiso,"Inventario desde sitemap público. Validar SKU, ficha técnica, descripción propia, categoría Surtilec y permiso de imagen antes de importar.",,,,
CC-CABLE-SILICONADO-FV-18AWG,Cable Siliconado FV 18Awg,cable-siliconado,,https://cablescolombia.com/producto/cable-siliconado-fv-18awg,https://multimedia02.s3.us-east-2.amazonaws.com/Produccion/tiendas/127/productos/642/85e4efecceb15016.webp,Cable Siliconado FV 18Awg,2026-08-02,requiere_revision,requiere_permiso,"Inventario desde sitemap público. Validar SKU, ficha técnica, descripción propia, categoría Surtilec y permiso de imagen antes de importar.",,,,
CC-CABLE-SOLDADOR-N6,Cable Soldador N6,cable-soldador,,https://cablescolombia.com/producto/cable-soldador-n6,https://multimedia02.s3.us-east-2.amazonaws.com/Produccion/tiendas/127/productos/643/f2f11fbaffad801a.webp,Cable Soldador N6,2026-08-02,requiere_revision,requiere_permiso,"Inventario desde sitemap público. Validar SKU, ficha técnica, descripción propia, categoría Surtilec y permiso de imagen antes de importar.",CBS-10041165,Cable Soldador N6,https://cablescolombia.com/categoria/cable-soldador,https://multimedia02.s3.us-east-2.amazonaws.com/Produccion/tiendas/127/productos/643/thumb/ffd2b0ab937e49b15581429d5bc79901.webp
CC-CABLE-SOLDADOR-N4,Cable Soldador N4,cable-soldador,,https://cablescolombia.com/producto/cable-soldador-n4,https://multimedia02.s3.us-east-2.amazonaws.com/Produccion/tiendas/127/productos/644/1bd7eb99e96ad78c.webp,Cable Soldador N4,2026-08-02,requiere_revision,requiere_permiso,"Inventario desde sitemap público. Validar SKU, ficha técnica, descripción propia, categoría Surtilec y permiso de imagen antes de importar.",CBS-10041166,Cable Soldador N4,https://cablescolombia.com/categoria/cable-soldador,https://multimedia02.s3.us-east-2.amazonaws.com/Produccion/tiendas/127/productos/644/thumb/f368646705592b47eae6e34f3411a595.webp
CC-CABLE-SOLDADOR-N2,Cable Soldador N2,cable-soldador,,https://cablescolombia.com/producto/cable-soldador-n2,https://multimedia02.s3.us-east-2.amazonaws.com/Produccion/tiendas/127/productos/645/2536ea2601b7524b.webp,Cable Soldador N2,2026-08-02,requiere_revision,requiere_permiso,"Inventario desde sitemap público. Validar SKU, ficha técnica, descripción propia, categoría Surtilec y permiso de imagen antes de importar.",CBS-10041167,Cable Soldador N2,https://cablescolombia.com/categoria/cable-soldador,https://multimedia02.s3.us-east-2.amazonaws.com/Produccion/tiendas/127/productos/645/thumb/ffe797648a5932c7bd8354c4a425a0ee.webp
CC-CABLE-SOLDADOR-1-0-AWG,Cable Soldador 1/0 AWG,cable-soldador,,https://cablescolombia.com/producto/cable-soldador-1-0-awg,https://multimedia02.s3.us-east-2.amazonaws.com/Produccion/tiendas/127/productos/646/8cf8262159da2495.webp,Cable Soldador 1/0 AWG,2026-08-02,requiere_revision,requiere_permiso,"Inventario desde sitemap público. Validar SKU, ficha técnica, descripción propia, categoría Surtilec y permiso de imagen antes de importar.",,,,
CC-CABLE-SOLDADOR-2-0-AWG,Cable Soldador 2/0 AWG,cable-soldador,,https://cablescolombia.com/producto/cable-soldador-2-0-awg,https://multimedia02.s3.us-east-2.amazonaws.com/Produccion/tiendas/127/productos/647/142d393de279f8ce.webp,Cable Soldador 2/0 AWG,2026-08-02,requiere_revision,requiere_permiso,"Inventario desde sitemap público. Validar SKU, ficha técnica, descripción propia, categoría Surtilec y permiso de imagen antes de importar.",,,,
CC-CABLE-SOLDADOR-3-0-AWG,Cable Soldador 3/0 AWG,cable-soldador,,https://cablescolombia.com/producto/cable-soldador-3-0-awg,https://multimedia02.s3.us-east-2.amazonaws.com/Produccion/tiendas/127/productos/648/978e247e979e9045.webp,Cable Soldador 3/0 AWG,2026-08-02,requiere_revision,requiere_permiso,"Inventario desde sitemap público. Validar SKU, ficha técnica, descripción propia, categoría Surtilec y permiso de imagen antes de importar.",CBS-3-0,Cable Soldador 3/0 AWG,https://cablescolombia.com/categoria/cable-soldador,https://multimedia02.s3.us-east-2.amazonaws.com/Produccion/tiendas/127/productos/648/thumb/1718fcebe34d38cb80f3ee6edbd14b26.webp
CC-CABLE-SOLDADOR-4-0-AWG,Cable Soldador 4/0 AWG,cable-soldador,,https://cablescolombia.com/producto/cable-soldador-4-0-awg,https://multimedia02.s3.us-east-2.amazonaws.com/Produccion/tiendas/127/productos/649/129cf874341a952c.webp,Cable Soldador 4/0 AWG,2026-08-02,requiere_revision,requiere_permiso,"Inventario desde sitemap público. Validar SKU, ficha técnica, descripción propia, categoría Surtilec y permiso de imagen antes de importar.",CBS-10041171,Cable Soldador 4/0 AWG,https://cablescolombia.com/categoria/cable-soldador,https://multimedia02.s3.us-east-2.amazonaws.com/Produccion/tiendas/127/productos/649/thumb/7d770e3154a1d0786d4383758aadd525.webp
CC-CABLE-UTP-ALEACION-CAT-5E-CARRETE-INTERIOR,Cable UTP Aleacion Cat 5E Carrete Interior,cable-utp,,https://cablescolombia.com/producto/cable-utp-aleacion-cat-5e-carrete-interior,https://multimedia02.s3.us-east-2.amazonaws.com/Produccion/tiendas/127/productos/675/30914456999f0f8a.webp,Cable UTP Aleacion Cat 5E Carrete Interior,2026-08-02,requiere_revision,requiere_permiso,"Inventario desde sitemap público. Validar SKU, ficha técnica, descripción propia, categoría Surtilec y permiso de imagen antes de importar.",,,,
CC-CABLE-UTP-ALEACION-CAT-5E-CARRETE-EXTERIOR,Cable Utp Aleacion Cat 5E Carrete Exterior,cable-utp,,https://cablescolombia.com/producto/cable-utp-aleacion-cat-5e-carrete-exterior,https://multimedia02.s3.us-east-2.amazonaws.com/Produccion/tiendas/127/productos/676/99131d9c96dd622f.webp,Cable Utp Aleacion Cat 5E Carrete Exterior,2026-08-02,requiere_revision,requiere_permiso,"Inventario desde sitemap público. Validar SKU, ficha técnica, descripción propia, categoría Surtilec y permiso de imagen antes de importar.",,,,
CC-CABLE-UTP-ALEACION-CAT-6-CARRETE-INTERIOR,Cable Utp Aleacion Cat 6 Carrete Interior,cable-utp,,https://cablescolombia.com/producto/cable-utp-aleacion-cat-6-carrete-interior,https://multimedia02.s3.us-east-2.amazonaws.com/Produccion/tiendas/127/productos/677/959189983afd9b67.webp,Cable Utp Aleacion Cat 6 Carrete Interior,2026-08-02,requiere_revision,requiere_permiso,"Inventario desde sitemap público. Validar SKU, ficha técnica, descripción propia, categoría Surtilec y permiso de imagen antes de importar.",,,,
CC-CABLE-UTP-ALEACION-CAT-6-CARRETE-EXTERIOR,Cable Utp Aleacion Cat 6 Carrete Exterior,cable-utp,,https://cablescolombia.com/producto/cable-utp-aleacion-cat-6-carrete-exterior,https://multimedia02.s3.us-east-2.amazonaws.com/Produccion/tiendas/127/productos/679/f70df09ff8ee59c0.webp,Cable Utp Aleacion Cat 6 Carrete Exterior,2026-08-02,requiere_revision,requiere_permiso,"Inventario desde sitemap público. Validar SKU, ficha técnica, descripción propia, categoría Surtilec y permiso de imagen antes de importar.",,,,
CC-CABLE-UTP-100-COBRE-CAT-5E-CARRETE-INTERIOR,Cable Utp 100% Cobre Cat 5E Carrete Interior,cable-utp,,https://cablescolombia.com/producto/cable-utp-100-cobre-cat-5e-carrete-interior,https://multimedia02.s3.us-east-2.amazonaws.com/Produccion/tiendas/127/productos/680/3b745ccc41d4f554.webp,Cable Utp 100% Cobre Cat 5E Carrete Interior,2026-08-02,requiere_revision,requiere_permiso,"Inventario desde sitemap público. Validar SKU, ficha técnica, descripción propia, categoría Surtilec y permiso de imagen antes de importar.",,,,
CC-CABLE-UTP-100-COBRE-CAT-5E-CARRETE-EXTERIOR,Cable Utp 100% Cobre Cat 5E Carrete Exterior,cable-utp,,https://cablescolombia.com/producto/cable-utp-100-cobre-cat-5e-carrete-exterior,https://multimedia02.s3.us-east-2.amazonaws.com/Produccion/tiendas/127/productos/681/bebbf9a9328982ed.webp,Cable Utp 100% Cobre Cat 5E Carrete Exterior,2026-08-02,requiere_revision,requiere_permiso,"Inventario desde sitemap público. Validar SKU, ficha técnica, descripción propia, categoría Surtilec y permiso de imagen antes de importar.",,,,
CC-CABLE-UTP-100-COBRE-CAT-6-CARRETE-INTERIOR,Cable Utp 100% Cobre Cat 6 Carrete Interior,cable-utp,,https://cablescolombia.com/producto/cable-utp-100-cobre-cat-6-carrete-interior,https://multimedia02.s3.us-east-2.amazonaws.com/Produccion/tiendas/127/productos/682/ad168bee6517d2a7.webp,Cable Utp 100% Cobre Cat 6 Carrete Interior,2026-08-02,requiere_revision,requiere_permiso,"Inventario desde sitemap público. Validar SKU, ficha técnica, descripción propia, categoría Surtilec y permiso de imagen antes de importar.",,,,
CC-CABLE-UTP-100-COBRE-CAT-6-CARRETE-EXTERIOR,Cable Utp 100% Cobre Cat 6 Carrete Exterior,cable-utp,,https://cablescolombia.com/producto/cable-utp-100-cobre-cat-6-carrete-exterior,https://multimedia02.s3.us-east-2.amazonaws.com/Produccion/tiendas/127/productos/683/9704c88d6c1b6d86.webp,Cable Utp 100% Cobre Cat 6 Carrete Exterior,2026-08-02,requiere_revision,requiere_permiso,"Inventario desde sitemap público. Validar SKU, ficha técnica, descripción propia, categoría Surtilec y permiso de imagen antes de importar.",,,,
CC-CABLE-UTP-100-COBRE-CAT-6A-CARRETE-INTERIOR,Cable Utp 100% Cobre Cat 6A Carrete Interior,cable-utp,,https://cablescolombia.com/producto/cable-utp-100-cobre-cat-6a-carrete-interior,https://multimedia02.s3.us-east-2.amazonaws.com/Produccion/tiendas/127/productos/685/3e249e03a549279c.webp,Cable Utp 100% Cobre Cat 6A Carrete Interior,2026-08-02,requiere_revision,requiere_permiso,"Inventario desde sitemap público. Validar SKU, ficha técnica, descripción propia, categoría Surtilec y permiso de imagen antes de importar.",,,,
CC-CABLE-UTP-100-COBRE-CAT-6A-CARRETE-EXTERIOR,Cable Utp 100% Cobre Cat 6A Carrete Exterior,cable-utp,,https://cablescolombia.com/producto/cable-utp-100-cobre-cat-6a-carrete-exterior,https://multimedia02.s3.us-east-2.amazonaws.com/Produccion/tiendas/127/productos/688/c949e4646d377439.webp,Cable Utp 100% Cobre Cat 6A Carrete Exterior,2026-08-02,requiere_revision,requiere_permiso,"Inventario desde sitemap público. Validar SKU, ficha técnica, descripción propia, categoría Surtilec y permiso de imagen antes de importar.",,,,
CC-CABLE-BAJA-N6-BLANCO,Cable Baja N6 Blanco,cable-vehiculo-gpt-mtw-tff,,https://cablescolombia.com/producto/cable-baja-n6-blanco,https://multimedia02.s3.us-east-2.amazonaws.com/Produccion/tiendas/127/productos/692/b7a9d10471d4944c.webp,Cable Baja N6 Blanco,2026-08-02,requiere_revision,requiere_permiso,"Inventario desde sitemap público. Validar SKU, ficha técnica, descripción propia, categoría Surtilec y permiso de imagen antes de importar.",,,,
CC-CABLE-BAJA-N6-CAFE,Cable Baja N6 Cafe,cable-vehiculo-gpt-mtw-tff,,https://cablescolombia.com/producto/cable-baja-n6-cafe,https://multimedia02.s3.us-east-2.amazonaws.com/Produccion/tiendas/127/productos/693/ce2f61136d5e0e0d.webp,Cable Baja N6 Cafe,2026-08-02,requiere_revision,requiere_permiso,"Inventario desde sitemap público. Validar SKU, ficha técnica, descripción propia, categoría Surtilec y permiso de imagen antes de importar.",,,,
CC-CABLE-BAJA-N6-MORADO,Cable Baja N6 Morado,cable-vehiculo-gpt-mtw-tff,,https://cablescolombia.com/producto/cable-baja-n6-morado,https://multimedia02.s3.us-east-2.amazonaws.com/Produccion/tiendas/127/productos/694/b440f9d2d72cab20.webp,Cable Baja N6 Morado,2026-08-02,requiere_revision,requiere_permiso,"Inventario desde sitemap público. Validar SKU, ficha técnica, descripción propia, categoría Surtilec y permiso de imagen antes de importar.",,,,
CC-CABLE-BAJA-N6-NARANJA,Cable Baja N6 Naranja,cable-vehiculo-gpt-mtw-tff,,https://cablescolombia.com/producto/cable-baja-n6-naranja,https://multimedia02.s3.us-east-2.amazonaws.com/Produccion/tiendas/127/productos/695/c3d4ce67ff4fa628.webp,Cable Baja N6 Naranja,2026-08-02,requiere_revision,requiere_permiso,"Inventario desde sitemap público. Validar SKU, ficha técnica, descripción propia, categoría Surtilec y permiso de imagen antes de importar.",,,,
CC-CABLE-BAJA-N6-NEGRO,Cable Baja N6 Negro,cable-vehiculo-gpt-mtw-tff,,https://cablescolombia.com/producto/cable-baja-n6-negro,https://multimedia02.s3.us-east-2.amazonaws.com/Produccion/tiendas/127/productos/696/1a997eee22878f08.webp,Cable Baja N6 Negro,2026-08-02,requiere_revision,requiere_permiso,"Inventario desde sitemap público. Validar SKU, ficha técnica, descripción propia, categoría Surtilec y permiso de imagen antes de importar.",,,,
CC-CABLE-BAJA-N6-ROJO,Cable Baja N6 Rojo,cable-vehiculo-gpt-mtw-tff,,https://cablescolombia.com/producto/cable-baja-n6-rojo,https://multimedia02.s3.us-east-2.amazonaws.com/Produccion/tiendas/127/productos/697/56c8ad262ce54f65.webp,Cable Baja N6 Rojo,2026-08-02,requiere_revision,requiere_permiso,"Inventario desde sitemap público. Validar SKU, ficha técnica, descripción propia, categoría Surtilec y permiso de imagen antes de importar.",,,,
CC-CABLE-BAJA-N6-VERDE,Cable Baja N6 Verde,cable-vehiculo-gpt-mtw-tff,,https://cablescolombia.com/producto/cable-baja-n6-verde,https://multimedia02.s3.us-east-2.amazonaws.com/Produccion/tiendas/127/productos/698/1b958ca9d21e1b26.webp,Cable Baja N6 Verde,2026-08-02,requiere_revision,requiere_permiso,"Inventario desde sitemap público. Validar SKU, ficha técnica, descripción propia, categoría Surtilec y permiso de imagen antes de importar.",,,,
CC-CABLE-CC-MTW-TWK-N10-AMARILLO,Cable CC MTW(TWK) N10 Amarillo,cable-vehiculo-gpt-mtw-tff,,https://cablescolombia.com/producto/cable-cc-mtw-twk-n10-amarillo,https://multimedia02.s3.us-east-2.amazonaws.com/Produccion/tiendas/127/productos/699/411681c755f9b867.webp,Cable CC MTW(TWK) N10 Amarillo,2026-08-02,requiere_revision,requiere_permiso,"Inventario desde sitemap público. Validar SKU, ficha técnica, descripción propia, categoría Surtilec y permiso de imagen antes de importar.",,,,
CC-CABLE-CC-MTW-TWK-N10-BLANCO,Cable CC MTW(TWK) N10 Blanco,cable-vehiculo-gpt-mtw-tff,,https://cablescolombia.com/producto/cable-cc-mtw-twk-n10-blanco,https://multimedia02.s3.us-east-2.amazonaws.com/Produccion/tiendas/127/productos/701/cbadb9d202199392.webp,Cable CC MTW(TWK) N10 Blanco,2026-08-02,requiere_revision,requiere_permiso,"Inventario desde sitemap público. Validar SKU, ficha técnica, descripción propia, categoría Surtilec y permiso de imagen antes de importar.",,,,
CC-CABLE-CC-MTW-TWK-N10-CAFE,Cable CC MTW(TWK) N10 Café,cable-vehiculo-gpt-mtw-tff,,https://cablescolombia.com/producto/cable-cc-mtw-twk-n10-cafe,https://multimedia02.s3.us-east-2.amazonaws.com/Produccion/tiendas/127/productos/702/b2630623c8a55fd2.webp,Cable CC MTW(TWK) N10 Café,2026-08-02,requiere_revision,requiere_permiso,"Inventario desde sitemap público. Validar SKU, ficha técnica, descripción propia, categoría Surtilec y permiso de imagen antes de importar.",,,,
CC-CABLE-CC-MTW-TWK-N10-MORADO,Cable CC MTW(TWK) N10 Morado,cable-vehiculo-gpt-mtw-tff,,https://cablescolombia.com/producto/cable-cc-mtw-twk-n10-morado,https://multimedia02.s3.us-east-2.amazonaws.com/Produccion/tiendas/127/productos/703/38a9b856f3350d9e.webp,Cable CC MTW(TWK) N10 Morado,2026-08-02,requiere_revision,requiere_permiso,"Inventario desde sitemap público. Validar SKU, ficha técnica, descripción propia, categoría Surtilec y permiso de imagen antes de importar.",,,,
CC-CABLE-CC-MTW-TWK-N10-NARANJA,Cable CC MTW(TWK) N10 Naranja,cable-vehiculo-gpt-mtw-tff,,https://cablescolombia.com/producto/cable-cc-mtw-twk-n10-naranja,https://multimedia02.s3.us-east-2.amazonaws.com/Produccion/tiendas/127/productos/705/1766c4ddbd059d83.webp,Cable CC MTW(TWK) N10 Naranja,2026-08-02,requiere_revision,requiere_permiso,"Inventario desde sitemap público. Validar SKU, ficha técnica, descripción propia, categoría Surtilec y permiso de imagen antes de importar.",,,,
CC-CABLE-CC-MTW-TWK-N10-NEGRO,Cable CC MTW(TWK) N10 Negro,cable-vehiculo-gpt-mtw-tff,,https://cablescolombia.com/producto/cable-cc-mtw-twk-n10-negro,https://multimedia02.s3.us-east-2.amazonaws.com/Produccion/tiendas/127/productos/708/c702baa2e34ae367.webp,Cable CC MTW(TWK) N10 Negro,2026-08-02,requiere_revision,requiere_permiso,"Inventario desde sitemap público. Validar SKU, ficha técnica, descripción propia, categoría Surtilec y permiso de imagen antes de importar.",,,,
CC-CABLE-CC-MTW-TWK-N10-ROJO,Cable CC MTW(TWK) N10 Rojo,cable-vehiculo-gpt-mtw-tff,,https://cablescolombia.com/producto/cable-cc-mtw-twk-n10-rojo,https://multimedia02.s3.us-east-2.amazonaws.com/Produccion/tiendas/127/productos/709/0cf2fc4f96d31a2f.webp,Cable CC MTW(TWK) N10 Rojo,2026-08-02,requiere_revision,requiere_permiso,"Inventario desde sitemap público. Validar SKU, ficha técnica, descripción propia, categoría Surtilec y permiso de imagen antes de importar.",,,,
CC-CABLE-CC-MTW-TWK-N10-VERDE,Cable CC MTW(TWK) N10 Verde,cable-vehiculo-gpt-mtw-tff,,https://cablescolombia.com/producto/cable-cc-mtw-twk-n10-verde,https://multimedia02.s3.us-east-2.amazonaws.com/Produccion/tiendas/127/productos/711/1505d451da949621.webp,Cable CC MTW(TWK) N10 Verde,2026-08-02,requiere_revision,requiere_permiso,"Inventario desde sitemap público. Validar SKU, ficha técnica, descripción propia, categoría Surtilec y permiso de imagen antes de importar.",,,,
CC-CABLE-CC-MTW-TWK-N12-AMARILLO,Cable CC MTW(TWK) N12 Amarillo,cable-vehiculo-gpt-mtw-tff,,https://cablescolombia.com/producto/cable-cc-mtw-twk-n12-amarillo,https://multimedia02.s3.us-east-2.amazonaws.com/Produccion/tiendas/127/productos/714/10e9b7558dccbd41.webp,Cable CC MTW(TWK) N12 Amarillo,2026-08-02,requiere_revision,requiere_permiso,"Inventario desde sitemap público. Validar SKU, ficha técnica, descripción propia, categoría Surtilec y permiso de imagen antes de importar.",,,,
CC-CABLE-CC-MTW-TWK-N12-BLANCO,Cable CC MTW(TWK) N12 Blanco,cable-vehiculo-gpt-mtw-tff,,https://cablescolombia.com/producto/cable-cc-mtw-twk-n12-blanco,https://multimedia02.s3.us-east-2.amazonaws.com/Produccion/tiendas/127/productos/715/2855471f04e40607.webp,Cable CC MTW(TWK) N12 Blanco,2026-08-02,requiere_revision,requiere_permiso,"Inventario desde sitemap público. Validar SKU, ficha técnica, descripción propia, categoría Surtilec y permiso de imagen antes de importar.",,,,
CC-CABLE-CC-MTW-TWK-N12-CAFE,Cable CC MTW(TWK) N12 Café,cable-vehiculo-gpt-mtw-tff,,https://cablescolombia.com/producto/cable-cc-mtw-twk-n12-cafe,https://multimedia02.s3.us-east-2.amazonaws.com/Produccion/tiendas/127/productos/716/7b701a9d2b0359b9.webp,Cable CC MTW(TWK) N12 Café,2026-08-02,requiere_revision,requiere_permiso,"Inventario desde sitemap público. Validar SKU, ficha técnica, descripción propia, categoría Surtilec y permiso de imagen antes de importar.",,,,
CC-CABLE-CC-MTW-TWK-N12-NARANJA,Cable CC MTW(TWK) N12 Naranja,cable-vehiculo-gpt-mtw-tff,,https://cablescolombia.com/producto/cable-cc-mtw-twk-n12-naranja,https://multimedia02.s3.us-east-2.amazonaws.com/Produccion/tiendas/127/productos/721/c9e006224560386d.webp,Cable CC MTW(TWK) N12 Naranja,2026-08-02,requiere_revision,requiere_permiso,"Inventario desde sitemap público. Validar SKU, ficha técnica, descripción propia, categoría Surtilec y permiso de imagen antes de importar.",,,,
CC-CABLE-CC-MTW-TWK-N12-NEGRO,Cable CC MTW(TWK) N12 Negro,cable-vehiculo-gpt-mtw-tff,,https://cablescolombia.com/producto/cable-cc-mtw-twk-n12-negro,https://multimedia02.s3.us-east-2.amazonaws.com/Produccion/tiendas/127/productos/723/2f0f9ab0e2095bb7.webp,Cable CC MTW(TWK) N12 Negro,2026-08-02,requiere_revision,requiere_permiso,"Inventario desde sitemap público. Validar SKU, ficha técnica, descripción propia, categoría Surtilec y permiso de imagen antes de importar.",,,,
CC-CABLE-CC-MTW-TWK-N12-ROJO,Cable CC MTW(TWK) N12 Rojo,cable-vehiculo-gpt-mtw-tff,,https://cablescolombia.com/producto/cable-cc-mtw-twk-n12-rojo,https://multimedia02.s3.us-east-2.amazonaws.com/Produccion/tiendas/127/productos/724/834fdd0d488050d7.webp,Cable CC MTW(TWK) N12 Rojo,2026-08-02,requiere_revision,requiere_permiso,"Inventario desde sitemap público. Validar SKU, ficha técnica, descripción propia, categoría Surtilec y permiso de imagen antes de importar.",,,,
CC-CABLE-CC-MTW-TWK-N12-VERDE,Cable CC MTW(TWK) N12 Verde,cable-vehiculo-gpt-mtw-tff,,https://cablescolombia.com/producto/cable-cc-mtw-twk-n12-verde,https://multimedia02.s3.us-east-2.amazonaws.com/Produccion/tiendas/127/productos/728/dbb3b4fa8d0a0b86.webp,Cable CC MTW(TWK) N12 Verde,2026-08-02,requiere_revision,requiere_permiso,"Inventario desde sitemap público. Validar SKU, ficha técnica, descripción propia, categoría Surtilec y permiso de imagen antes de importar.",,,,
CC-CABLE-CC-MTW-TWK-N14-AMARILLO,Cable CC MTW(TWK) N14 Amarillo,cable-vehiculo-gpt-mtw-tff,,https://cablescolombia.com/producto/cable-cc-mtw-twk-n14-amarillo,https://multimedia02.s3.us-east-2.amazonaws.com/Produccion/tiendas/127/productos/730/9b04ec4bc3c5f25e.webp,Cable CC MTW(TWK) N14 Amarillo,2026-08-02,requiere_revision,requiere_permiso,"Inventario desde sitemap público. Validar SKU, ficha técnica, descripción propia, categoría Surtilec y permiso de imagen antes de importar.",,,,
CC-CABLE-CC-MTW-TWK-N14-BLANCO,Cable CC MTW(TWK) N14 Blanco,cable-vehiculo-gpt-mtw-tff,,https://cablescolombia.com/producto/cable-cc-mtw-twk-n14-blanco,https://multimedia02.s3.us-east-2.amazonaws.com/Produccion/tiendas/127/productos/732/53f3a1998eea00d5.webp,Cable CC MTW(TWK) N14 Blanco,2026-08-02,requiere_revision,requiere_permiso,"Inventario desde sitemap público. Validar SKU, ficha técnica, descripción propia, categoría Surtilec y permiso de imagen antes de importar.",,,,
CC-CABLE-CC-MTW-TWK-N14-CAFE,Cable CC MTW(TWK) N14 Café,cable-vehiculo-gpt-mtw-tff,,https://cablescolombia.com/producto/cable-cc-mtw-twk-n14-cafe,https://multimedia02.s3.us-east-2.amazonaws.com/Produccion/tiendas/127/productos/733/8b5744444ece9514.webp,Cable CC MTW(TWK) N14 Café,2026-08-02,requiere_revision,requiere_permiso,"Inventario desde sitemap público. Validar SKU, ficha técnica, descripción propia, categoría Surtilec y permiso de imagen antes de importar.",,,,
CC-CABLE-CC-MTW-TWK-N14-MORADO,Cable CC MTW(TWK) N14 Morado,cable-vehiculo-gpt-mtw-tff,,https://cablescolombia.com/producto/cable-cc-mtw-twk-n14-morado,https://multimedia02.s3.us-east-2.amazonaws.com/Produccion/tiendas/127/productos/735/64739fa33d3f1af6.webp,Cable CC MTW(TWK) N14 Morado,2026-08-02,requiere_revision,requiere_permiso,"Inventario desde sitemap público. Validar SKU, ficha técnica, descripción propia, categoría Surtilec y permiso de imagen antes de importar.",,,,
CC-CABLE-CC-MTW-TWK-N14-NARANJA,Cable CC MTW(TWK) N14 Naranja,cable-vehiculo-gpt-mtw-tff,,https://cablescolombia.com/producto/cable-cc-mtw-twk-n14-naranja,https://multimedia02.s3.us-east-2.amazonaws.com/Produccion/tiendas/127/productos/737/d6300d62a2273294.webp,Cable CC MTW(TWK) N14 Naranja,2026-08-02,requiere_revision,requiere_permiso,"Inventario desde sitemap público. Validar SKU, ficha técnica, descripción propia, categoría Surtilec y permiso de imagen antes de importar.",,,,
CC-CABLE-CC-MTW-TWK-N14-NEGRO,Cable CC MTW(TWK) N14 Negro,cable-vehiculo-gpt-mtw-tff,,https://cablescolombia.com/producto/cable-cc-mtw-twk-n14-negro,https://multimedia02.s3.us-east-2.amazonaws.com/Produccion/tiendas/127/productos/738/76e795cd0264a45f.webp,Cable CC MTW(TWK) N14 Negro,2026-08-02,requiere_revision,requiere_permiso,"Inventario desde sitemap público. Validar SKU, ficha técnica, descripción propia, categoría Surtilec y permiso de imagen antes de importar.",,,,
CC-CABLE-CC-MTW-TWK-N14-ROJO,Cable CC MTW(TWK) N14 Rojo,cable-vehiculo-gpt-mtw-tff,,https://cablescolombia.com/producto/cable-cc-mtw-twk-n14-rojo,https://multimedia02.s3.us-east-2.amazonaws.com/Produccion/tiendas/127/productos/740/3df9d09914991bc8.webp,Cable CC MTW(TWK) N14 Rojo,2026-08-02,requiere_revision,requiere_permiso,"Inventario desde sitemap público. Validar SKU, ficha técnica, descripción propia, categoría Surtilec y permiso de imagen antes de importar.",,,,
CC-CABLE-CC-MTW-TWK-N14-VERDE,Cable CC MTW(TWK) N14 Verde,cable-vehiculo-gpt-mtw-tff,,https://cablescolombia.com/producto/cable-cc-mtw-twk-n14-verde,https://multimedia02.s3.us-east-2.amazonaws.com/Produccion/tiendas/127/productos/742/3f5fc6b5811276ef.webp,Cable CC MTW(TWK) N14 Verde,2026-08-02,requiere_revision,requiere_permiso,"Inventario desde sitemap público. Validar SKU, ficha técnica, descripción propia, categoría Surtilec y permiso de imagen antes de importar.",,,,
CC-CABLE-CC-TFF-N16-AMARILLO,Cable CC TFF N16 Amarillo,cable-vehiculo-gpt-mtw-tff,,https://cablescolombia.com/producto/cable-cc-tff-n16-amarillo,https://multimedia02.s3.us-east-2.amazonaws.com/Produccion/tiendas/127/productos/746/0d0c93e5f62a5dc8.webp,Cable CC TFF N16 Amarillo,2026-08-02,requiere_revision,requiere_permiso,"Inventario desde sitemap público. Validar SKU, ficha técnica, descripción propia, categoría Surtilec y permiso de imagen antes de importar.",,,,
CC-CABLE-CC-TFF-N16-BLANCO,Cable CC TFF N16 Blanco,cable-vehiculo-gpt-mtw-tff,,https://cablescolombia.com/producto/cable-cc-tff-n16-blanco,https://multimedia02.s3.us-east-2.amazonaws.com/Produccion/tiendas/127/productos/749/5b56c2d12c6630da.webp,Cable CC TFF N16 Blanco,2026-08-02,requiere_revision,requiere_permiso,"Inventario desde sitemap público. Validar SKU, ficha técnica, descripción propia, categoría Surtilec y permiso de imagen antes de importar.",,,,
CC-CABLE-CC-TFF-N16-CAFE,Cable CC TFF N16 Café,cable-vehiculo-gpt-mtw-tff,,https://cablescolombia.com/producto/cable-cc-tff-n16-cafe,https://multimedia02.s3.us-east-2.amazonaws.com/Produccion/tiendas/127/productos/750/cf261174d0b3eaa5.webp,Cable CC TFF N16 Café,2026-08-02,requiere_revision,requiere_permiso,"Inventario desde sitemap público. Validar SKU, ficha técnica, descripción propia, categoría Surtilec y permiso de imagen antes de importar.",,,,
CC-CABLE-CC-TFF-N16-MORADO,Cable CC TFF N16 Morado,cable-vehiculo-gpt-mtw-tff,,https://cablescolombia.com/producto/cable-cc-tff-n16-morado,https://multimedia02.s3.us-east-2.amazonaws.com/Produccion/tiendas/127/productos/751/49fa1e51bb17f220.webp,Cable CC TFF N16 Morado,2026-08-02,requiere_revision,requiere_permiso,"Inventario desde sitemap público. Validar SKU, ficha técnica, descripción propia, categoría Surtilec y permiso de imagen antes de importar.",,,,
CC-CABLE-CC-TFF-N16-NARANJA,Cable CC TFF N16 Naranja,cable-vehiculo-gpt-mtw-tff,,https://cablescolombia.com/producto/cable-cc-tff-n16-naranja,https://multimedia02.s3.us-east-2.amazonaws.com/Produccion/tiendas/127/productos/753/9bbe07a7880c9572.webp,Cable CC TFF N16 Naranja,2026-08-02,requiere_revision,requiere_permiso,"Inventario desde sitemap público. Validar SKU, ficha técnica, descripción propia, categoría Surtilec y permiso de imagen antes de importar.",,,,
CC-CABLE-CC-TFF-N16-NEGRO,Cable CC TFF N16 Negro,cable-vehiculo-gpt-mtw-tff,,https://cablescolombia.com/producto/cable-cc-tff-n16-negro,https://multimedia02.s3.us-east-2.amazonaws.com/Produccion/tiendas/127/productos/755/6c73ce409d423d2b.webp,Cable CC TFF N16 Negro,2026-08-02,requiere_revision,requiere_permiso,"Inventario desde sitemap público. Validar SKU, ficha técnica, descripción propia, categoría Surtilec y permiso de imagen antes de importar.",,,,
CC-CABLE-CC-TFF-N16-ROJO,Cable CC TFF N16 Rojo,cable-vehiculo-gpt-mtw-tff,,https://cablescolombia.com/producto/cable-cc-tff-n16-rojo,https://multimedia02.s3.us-east-2.amazonaws.com/Produccion/tiendas/127/productos/756/03bd07005fd14e07.webp,Cable CC TFF N16 Rojo,2026-08-02,requiere_revision,requiere_permiso,"Inventario desde sitemap público. Validar SKU, ficha técnica, descripción propia, categoría Surtilec y permiso de imagen antes de importar.",,,,
CC-CABLE-CC-TFF-N16-VERDE,Cable CC TFF N16 Verde,cable-vehiculo-gpt-mtw-tff,,https://cablescolombia.com/producto/cable-cc-tff-n16-verde,https://multimedia02.s3.us-east-2.amazonaws.com/Produccion/tiendas/127/productos/758/d08cd99e9c45af4e.webp,Cable CC TFF N16 Verde,2026-08-02,requiere_revision,requiere_permiso,"Inventario desde sitemap público. Validar SKU, ficha técnica, descripción propia, categoría Surtilec y permiso de imagen antes de importar.",,,,
CC-CABLE-CC-TFF-N18-BLANCO,Cable CC TFF N18 Blanco,cable-vehiculo-gpt-mtw-tff,,https://cablescolombia.com/producto/cable-cc-tff-n18-blanco,https://multimedia02.s3.us-east-2.amazonaws.com/Produccion/tiendas/127/productos/760/809cbdc5020bf699.webp,Cable CC TFF N18 Blanco,2026-08-02,requiere_revision,requiere_permiso,"Inventario desde sitemap público. Validar SKU, ficha técnica, descripción propia, categoría Surtilec y permiso de imagen antes de importar.",,,,
CC-CABLE-CC-TFF-N18-CAFE,Cable CC TFF N18 Café,cable-vehiculo-gpt-mtw-tff,,https://cablescolombia.com/producto/cable-cc-tff-n18-cafe,https://multimedia02.s3.us-east-2.amazonaws.com/Produccion/tiendas/127/productos/762/e5bb7cfc48e2a6bc.webp,Cable CC TFF N18 Café,2026-08-02,requiere_revision,requiere_permiso,"Inventario desde sitemap público. Validar SKU, ficha técnica, descripción propia, categoría Surtilec y permiso de imagen antes de importar.",,,,
CC-CABLE-CC-TFF-N18-MORADO,Cable CC TFF N18 Morado,cable-vehiculo-gpt-mtw-tff,,https://cablescolombia.com/producto/cable-cc-tff-n18-morado,https://multimedia02.s3.us-east-2.amazonaws.com/Produccion/tiendas/127/productos/763/f29ad177f9abca93.webp,Cable CC TFF N18 Morado,2026-08-02,requiere_revision,requiere_permiso,"Inventario desde sitemap público. Validar SKU, ficha técnica, descripción propia, categoría Surtilec y permiso de imagen antes de importar.",,,,
CC-CABLE-CC-TFF-N18-NARANJA,Cable CC TFF N18 Naranja,cable-vehiculo-gpt-mtw-tff,,https://cablescolombia.com/producto/cable-cc-tff-n18-naranja,https://multimedia02.s3.us-east-2.amazonaws.com/Produccion/tiendas/127/productos/765/7b5a02a8097ccf38.webp,Cable CC TFF N18 Naranja,2026-08-02,requiere_revision,requiere_permiso,"Inventario desde sitemap público. Validar SKU, ficha técnica, descripción propia, categoría Surtilec y permiso de imagen antes de importar.",,,,
CC-CABLE-CC-TFF-N18-NEGRO,Cable CC TFF N18 Negro,cable-vehiculo-gpt-mtw-tff,,https://cablescolombia.com/producto/cable-cc-tff-n18-negro,https://multimedia02.s3.us-east-2.amazonaws.com/Produccion/tiendas/127/productos/766/458568755a59d0b5.webp,Cable CC TFF N18 Negro,2026-08-02,requiere_revision,requiere_permiso,"Inventario desde sitemap público. Validar SKU, ficha técnica, descripción propia, categoría Surtilec y permiso de imagen antes de importar.",,,,
CC-CABLE-CC-TFF-N18-ROJO,Cable CC TFF N18 Rojo,cable-vehiculo-gpt-mtw-tff,,https://cablescolombia.com/producto/cable-cc-tff-n18-rojo,https://multimedia02.s3.us-east-2.amazonaws.com/Produccion/tiendas/127/productos/768/e53381ebd3109de2.webp,Cable CC TFF N18 Rojo,2026-08-02,requiere_revision,requiere_permiso,"Inventario desde sitemap público. Validar SKU, ficha técnica, descripción propia, categoría Surtilec y permiso de imagen antes de importar.",,,,
CC-CABLE-CC-TFF-N18-VERDE,Cable CC TFF N18 Verde,cable-vehiculo-gpt-mtw-tff,,https://cablescolombia.com/producto/cable-cc-tff-n18-verde,https://multimedia02.s3.us-east-2.amazonaws.com/Produccion/tiendas/127/productos/769/1be6fc4bc0b05501.webp,Cable CC TFF N18 Verde,2026-08-02,requiere_revision,requiere_permiso,"Inventario desde sitemap público. Validar SKU, ficha técnica, descripción propia, categoría Surtilec y permiso de imagen antes de importar.",,,,
CC-CABLE-CC-TFF-N6-AMARILLO,Cable CC TFF N6 Amarillo,cable-vehiculo-gpt-mtw-tff,,https://cablescolombia.com/producto/cable-cc-tff-n6-amarillo,https://multimedia02.s3.us-east-2.amazonaws.com/Produccion/tiendas/127/productos/770/02969e5907ec8adb.webp,Cable CC TFF N6 Amarillo,2026-08-02,requiere_revision,requiere_permiso,"Inventario desde sitemap público. Validar SKU, ficha técnica, descripción propia, categoría Surtilec y permiso de imagen antes de importar.",,,,
CC-CABLE-CC-TFF-N8-CAFE,Cable CC TFF N8 Café,cable-vehiculo-gpt-mtw-tff,,https://cablescolombia.com/producto/cable-cc-tff-n8-cafe,https://multimedia02.s3.us-east-2.amazonaws.com/Produccion/tiendas/127/productos/778/ea7faf5cb5bd927e.webp,Cable CC TFF N8 Café,2026-08-02,requiere_revision,requiere_permiso,"Inventario desde sitemap público. Validar SKU, ficha técnica, descripción propia, categoría Surtilec y permiso de imagen antes de importar.",,,,
CC-CABLE-CC-TFF-N8-MORADO,Cable CC TFF N8 Morado,cable-vehiculo-gpt-mtw-tff,,https://cablescolombia.com/producto/cable-cc-tff-n8-morado,https://multimedia02.s3.us-east-2.amazonaws.com/Produccion/tiendas/127/productos/779/3b20f105491c23df.webp,Cable CC TFF N8 Morado,2026-08-02,requiere_revision,requiere_permiso,"Inventario desde sitemap público. Validar SKU, ficha técnica, descripción propia, categoría Surtilec y permiso de imagen antes de importar.",,,,
CC-CABLE-CC-TFF-N8-NARANJA,Cable CC TFF N8 Naranja,cable-vehiculo-gpt-mtw-tff,,https://cablescolombia.com/producto/cable-cc-tff-n8-naranja,https://multimedia02.s3.us-east-2.amazonaws.com/Produccion/tiendas/127/productos/780/d02511446ae00d5e.webp,Cable CC TFF N8 Naranja,2026-08-02,requiere_revision,requiere_permiso,"Inventario desde sitemap público. Validar SKU, ficha técnica, descripción propia, categoría Surtilec y permiso de imagen antes de importar.",,,,
CC-CABLE-CC-TFF-N8-NEGRO,Cable CC TFF N8 Negro,cable-vehiculo-gpt-mtw-tff,,https://cablescolombia.com/producto/cable-cc-tff-n8-negro,https://multimedia02.s3.us-east-2.amazonaws.com/Produccion/tiendas/127/productos/781/4063e6dabde5edf6.webp,Cable CC TFF N8 Negro,2026-08-02,requiere_revision,requiere_permiso,"Inventario desde sitemap público. Validar SKU, ficha técnica, descripción propia, categoría Surtilec y permiso de imagen antes de importar.",,,,
CC-CABLE-CC-TFF-N8-ROJO,Cable CC TFF N8 Rojo,cable-vehiculo-gpt-mtw-tff,,https://cablescolombia.com/producto/cable-cc-tff-n8-rojo,https://multimedia02.s3.us-east-2.amazonaws.com/Produccion/tiendas/127/productos/782/8d5972865d7b85be.webp,Cable CC TFF N8 Rojo,2026-08-02,requiere_revision,requiere_permiso,"Inventario desde sitemap público. Validar SKU, ficha técnica, descripción propia, categoría Surtilec y permiso de imagen antes de importar.",,,,
CC-CABLE-CC-TFF-N8-VERDE,Cable CC TFF N8 Verde,cable-vehiculo-gpt-mtw-tff,,https://cablescolombia.com/producto/cable-cc-tff-n8-verde,https://multimedia02.s3.us-east-2.amazonaws.com/Produccion/tiendas/127/productos/783/36f6d25fc9207bf7.webp,Cable CC TFF N8 Verde,2026-08-02,requiere_revision,requiere_permiso,"Inventario desde sitemap público. Validar SKU, ficha técnica, descripción propia, categoría Surtilec y permiso de imagen antes de importar.",,,,
CC-CABLE-ALUMOWELD-7X10-AWG,Cable Alumoweld 7x10 AWG,cable-alumoweld,,https://cablescolombia.com/producto/cable-alumoweld-7x10-awg,https://multimedia02.s3.us-east-2.amazonaws.com/Produccion/tiendas/127/productos/76678/b6b313313c4ea727.webp,Cable Alumoweld 7x10 AWG,2026-08-02,requiere_revision,requiere_permiso,"Inventario desde sitemap público. Validar SKU, ficha técnica, descripción propia, categoría Surtilec y permiso de imagen antes de importar.",,,,
CC-CABLE-ALUMOWELD-7X8-AWG,Cable Alumoweld 7x8 AWG,cable-alumoweld,,https://cablescolombia.com/producto/cable-alumoweld-7x8-awg,https://multimedia02.s3.us-east-2.amazonaws.com/Produccion/tiendas/127/productos/76679/172b99fec1355635.webp,Cable Alumoweld 7x8 AWG,2026-08-02,requiere_revision,requiere_permiso,"Inventario desde sitemap público. Validar SKU, ficha técnica, descripción propia, categoría Surtilec y permiso de imagen antes de importar.",,,,
CC-CABLE-DE-ACERO-GALVANIZADO-3-8,"Cable De Acero Galvanizado 3/8""",cable-acero,,https://cablescolombia.com/producto/cable-de-acero-galvanizado-3-8,https://multimedia02.s3.us-east-2.amazonaws.com/Produccion/tiendas/127/productos/76659/7b9156864a70dfa2.webp,"Cable De Acero Galvanizado 3/8""",2026-08-02,requiere_revision,requiere_permiso,"Inventario desde sitemap público. Validar SKU, ficha técnica, descripción propia, categoría Surtilec y permiso de imagen antes de importar.",,,,
CC-CABLE-DE-ACERO-GALVANIZADO-5-16,"Cable De Acero Galvanizado 5/16""",cable-acero,,https://cablescolombia.com/producto/cable-de-acero-galvanizado-5-16,https://multimedia02.s3.us-east-2.amazonaws.com/Produccion/tiendas/127/productos/76660/3b50a720e9bbda0d.webp,"Cable De Acero Galvanizado 5/16""",2026-08-02,requiere_revision,requiere_permiso,"Inventario desde sitemap público. Validar SKU, ficha técnica, descripción propia, categoría Surtilec y permiso de imagen antes de importar.",,,,
CC-CABLE-DE-ACERO-GALVANIZADO-1-4,"Cable De Acero Galvanizado 1/4""",cable-acero,,https://cablescolombia.com/producto/cable-de-acero-galvanizado-1-4,https://multimedia02.s3.us-east-2.amazonaws.com/Produccion/tiendas/127/productos/76661/5eb1b80aebf56ec3.webp,"Cable De Acero Galvanizado 1/4""",2026-08-02,requiere_revision,requiere_permiso,"Inventario desde sitemap público. Validar SKU, ficha técnica, descripción propia, categoría Surtilec y permiso de imagen antes de importar.",,,,
CC-CABLE-ACERO-DE-COBRE-CCS-7X8AWG,Cable Acero De Cobre CCS 7x8AWG,cable-acero,,https://cablescolombia.com/producto/cable-acero-de-cobre-ccs-7x8awg,https://multimedia02.s3.us-east-2.amazonaws.com/Produccion/tiendas/127/productos/76662/ea7463920040042c.webp,Cable Acero De Cobre CCS 7x8AWG,2026-08-02,requiere_revision,requiere_permiso,"Inventario desde sitemap público. Validar SKU, ficha técnica, descripción propia, categoría Surtilec y permiso de imagen antes de importar.",,,,
CC-CABLE-ACERO-DE-COBRE-CCS-7X10AWG,Cable Acero De Cobre CCS 7x10AWG,cable-acero,,https://cablescolombia.com/producto/cable-acero-de-cobre-ccs-7x10awg,https://multimedia02.s3.us-east-2.amazonaws.com/Produccion/tiendas/127/productos/76663/9cdbe06632a3569d.webp,Cable Acero De Cobre CCS 7x10AWG,2026-08-02,requiere_revision,requiere_permiso,"Inventario desde sitemap público. Validar SKU, ficha técnica, descripción propia, categoría Surtilec y permiso de imagen antes de importar.",,,,
