sku,nombre,estado_staging,source_key,nota_staging
SRT-PENDING-70D84407714D,Pendiente de verificación - Alambre Aislado N10 Amarillo X Metro,pendiente_investigacion,CC-ALAMBRE-AISLADO-N10-AMARILLO-X-METRO,"Referencia descubierta; ficha oficial exacta, marca e imagen todavía pendientes."
SRT-PENDING-5CF53639D7B1,Pendiente de verificación - Alambre Aislado N10 Azul X Metro,pendiente_investigacion,CC-ALAMBRE-AISLADO-N10-AZUL-X-METRO-6,"Referencia descubierta; ficha oficial exacta, marca e imagen todavía pendientes."
SRT-PENDING-5C3DCAA96773,Pendiente de verificación - Alambre Aislado N10 Blanco X Metro,pendiente_investigacion,CC-ALAMBRE-AISLADO-N10-BLANCO-X-METRO,"Referencia descubierta; ficha oficial exacta, marca e imagen todavía pendientes."
SRT-PENDING-936DED368A99,Pendiente de verificación - Alambre Aislado N10 Negro X Metro,pendiente_investigacion,CC-ALAMBRE-AISLADO-N10-NEGRO-X-METRO,"Referencia descubierta; ficha oficial exacta, marca e imagen todavía pendientes."
SRT-PENDING-4DB22C8C2B3C,Pendiente de verificación - Alambre Aislado N10 Rojo X Metro,pendiente_investigacion,CC-ALAMBRE-AISLADO-N10-ROJO-X-METRO,"Referencia descubierta; ficha oficial exacta, marca e imagen todavía pendientes."
SRT-PENDING-884A01319AA2,Pendiente de verificación - Alambre Aislado N10 Verde X Metro,pendiente_investigacion,CC-ALAMBRE-AISLADO-N10-VERDE-X-METRO,"Referencia descubierta; ficha oficial exacta, marca e imagen todavía pendientes."
SRT-PENDING-E1E5B737ED58,Pendiente de verificación - Alambre Aislado N8 Amarillo X Metro,pendiente_investigacion,CC-ALAMBRE-AISLADO-N8-AMARILLO-X-METRO,"Referencia descubierta; ficha oficial exacta, marca e imagen todavía pendientes."
SRT-PENDING-66B9A018EE33,Pendiente de verificación - Alambre Aislado N8 Azul X Metro,pendiente_investigacion,CC-ALAMBRE-AISLADO-N8-AZUL-X-METRO,"Referencia descubierta; ficha oficial exacta, marca e imagen todavía pendientes."
SRT-PENDING-266DB75795E4,Pendiente de verificación - Alambre Aislado N8 Blanco X Metro,pendiente_investigacion,CC-ALAMBRE-AISLADO-N8-BLANCO-X-METRO,"Referencia descubierta; ficha oficial exacta, marca e imagen todavía pendientes."
SRT-PENDING-824826305DC2,Pendiente de verificación - Alambre Aislado N8 Negro X Metro,pendiente_investigacion,CC-ALAMBRE-AISLADO-N8-NEGRO-X-METRO,"Referencia descubierta; ficha oficial exacta, marca e imagen todavía pendientes."
SRT-PENDING-FBFCC917B264,Pendiente de verificación - Alambre Aislado N8 Rojo X Metro,pendiente_investigacion,CC-ALAMBRE-AISLADO-N8-ROJO-X-METRO,"Referencia descubierta; ficha oficial exacta, marca e imagen todavía pendientes."
SRT-PENDING-9EECB1397244,Pendiente de verificación - Alambre Aislado N8 Verde X Metro,pendiente_investigacion,CC-ALAMBRE-AISLADO-N8-VERDE-X-METRO,"Referencia descubierta; ficha oficial exacta, marca e imagen todavía pendientes."
SRT-PENDING-4C332162507B,Pendiente de verificación - Alambre Aislado N10 Azul X Metro,pendiente_investigacion,CC-ALAMBRE-AISLADO-N10-AZUL-X-METRO,"Referencia descubierta; ficha oficial exacta, marca e imagen todavía pendientes."
SRT-PENDING-C526999CC316,Pendiente de verificación - Cable Aislado Thhw Cu N14 Rojo,pendiente_investigacion,CC-CABLE-AISLADO-THHW-CU-N14-ROJO,"Referencia descubierta; ficha oficial exacta, marca e imagen todavía pendientes."
SRT-PENDING-0C9C276CC06B,Pendiente de verificación - Cable Aislado Thhw Cu N14 Azul,pendiente_investigacion,CC-CABLE-AISLADO-THHW-CU-N14-AZUL,"Referencia descubierta; ficha oficial exacta, marca e imagen todavía pendientes."
SRT-PENDING-6CE65FDFB4CD,Pendiente de verificación - Cable Aislado Thhw Cu N14 Blanco,pendiente_investigacion,CC-CABLE-AISLADO-THHW-CU-N14-BLANCO,"Referencia descubierta; ficha oficial exacta, marca e imagen todavía pendientes."
SRT-PENDING-D60273BF0E1F,Pendiente de verificación - Cable Aislado Thhw Cu N14 Negro,pendiente_investigacion,CC-CABLE-AISLADO-THHW-CU-N14-NEGRO,"Referencia descubierta; ficha oficial exacta, marca e imagen todavía pendientes."
SRT-PENDING-04E75D17520F,Pendiente de verificación - Cable Aislado Thhw Cu N14 Verde,pendiente_investigacion,CC-CABLE-AISLADO-THHW-CU-N14-VERDE,"Referencia descubierta; ficha oficial exacta, marca e imagen todavía pendientes."
SRT-PENDING-1166A4BE4FAB,Pendiente de verificación - Cable Aislado Thhw Cu N12 Azul,pendiente_investigacion,CC-CABLE-AISLADO-THHW-CU-N12-AZUL,"Referencia descubierta; ficha oficial exacta, marca e imagen todavía pendientes."
SRT-PENDING-75C2F07B5EC2,Pendiente de verificación - Cable Aislado Thhw Cu N12 Rojo,pendiente_investigacion,CC-CABLE-AISLADO-THHW-CU-N12-ROJO,"Referencia descubierta; ficha oficial exacta, marca e imagen todavía pendientes."
SRT-PENDING-DFD91AC5C680,Pendiente de verificación - Cable Aislado Thhw Cu N12 Negro,pendiente_investigacion,CC-CABLE-AISLADO-THHW-CU-N12-NEGRO,"Referencia descubierta; ficha oficial exacta, marca e imagen todavía pendientes."
SRT-PENDING-6C3361585ADF,Pendiente de verificación - Cable Aislado Thhw Cu N12 Blanco,pendiente_investigacion,CC-CABLE-AISLADO-THHW-CU-N12-BLANCO,"Referencia descubierta; ficha oficial exacta, marca e imagen todavía pendientes."
SRT-PENDING-756929C8D6E7,Pendiente de verificación - Cable Aislado Thhw Cu N12 Amarillo,pendiente_investigacion,CC-CABLE-AISLADO-THHW-CU-N12-AMARILLO,"Referencia descubierta; ficha oficial exacta, marca e imagen todavía pendientes."
SRT-PENDING-86987D275B9F,Pendiente de verificación - Cable Aislado Thhw Cu N12 Verde,pendiente_investigacion,CC-CABLE-AISLADO-THHW-CU-N12-VERDE,"Referencia descubierta; ficha oficial exacta, marca e imagen todavía pendientes."
SRT-PENDING-21FD6C300A41,Pendiente de verificación - Cable Aislado Thhw Cu N10 Blanco,pendiente_investigacion,CC-CABLE-AISLADO-THHW-CU-N10-BLANCO,"Referencia descubierta; ficha oficial exacta, marca e imagen todavía pendientes."
SRT-PENDING-F5A166F079E1,Pendiente de verificación - Cable Aislado Thhw Cu N10 Amarillo,pendiente_investigacion,CC-CABLE-AISLADO-THHW-CU-N10-AMARILLO,"Referencia descubierta; ficha oficial exacta, marca e imagen todavía pendientes."
SRT-PENDING-60537BFEA285,Pendiente de verificación - Cable Aislado Thhw Cu N10 Rojo,pendiente_investigacion,CC-CABLE-AISLADO-THHW-CU-N10-ROJO,"Referencia descubierta; ficha oficial exacta, marca e imagen todavía pendientes."
SRT-PENDING-AD03162171F4,Pendiente de verificación - Cable Aislado Thhw Cu N10 Azul,pendiente_investigacion,CC-CABLE-AISLADO-THHW-CU-N10-AZUL,"Referencia descubierta; ficha oficial exacta, marca e imagen todavía pendientes."
SRT-PENDING-C19135D919A3,Pendiente de verificación - Cable Aislado Thhw Cu N10 Verde,pendiente_investigacion,CC-CABLE-AISLADO-THHW-CU-N10-VERDE,"Referencia descubierta; ficha oficial exacta, marca e imagen todavía pendientes."
SRT-PENDING-B4C4339BB418,Pendiente de verificación - Cable Aislado Thhw Cu N10 Negro,pendiente_investigacion,CC-CABLE-AISLADO-THHW-CU-N10-NEGRO,"Referencia descubierta; ficha oficial exacta, marca e imagen todavía pendientes."
SRT-PENDING-BF4F71F6A068,Pendiente de verificación - Cable Aislado Thhw Cu N8 Verde,pendiente_investigacion,CC-CABLE-AISLADO-THHW-CU-N8-VERDE,"Referencia descubierta; ficha oficial exacta, marca e imagen todavía pendientes."
SRT-PENDING-CCECBBFDD5DE,Pendiente de verificación - Cable Aislado Thhw Cu N8 Azul,pendiente_investigacion,CC-CABLE-AISLADO-THHW-CU-N8-AZUL,"Referencia descubierta; ficha oficial exacta, marca e imagen todavía pendientes."
SRT-PENDING-816DD2F59DE2,Pendiente de verificación - Cable Aislado Thhw Cu N8 Blanco,pendiente_investigacion,CC-CABLE-AISLADO-THHW-CU-N8-BLANCO,"Referencia descubierta; ficha oficial exacta, marca e imagen todavía pendientes."
SRT-PENDING-CB8A583550CE,Pendiente de verificación - Cable Aislado Thhw Cu N8 Negro,pendiente_investigacion,CC-CABLE-AISLADO-THHW-CU-N8-NEGRO,"Referencia descubierta; ficha oficial exacta, marca e imagen todavía pendientes."
SRT-PENDING-8F3183B05B49,Pendiente de verificación - Cable Aislado Thhw Cu N8 Rojo,pendiente_investigacion,CC-CABLE-AISLADO-THHW-CU-N8-ROJO,"Referencia descubierta; ficha oficial exacta, marca e imagen todavía pendientes."
SRT-PENDING-073A5AB5611A,Pendiente de verificación - Cable Aislado Thhw Cu N8 Amarillo,pendiente_investigacion,CC-CABLE-AISLADO-THHW-CU-N8-AMARILLO,"Referencia descubierta; ficha oficial exacta, marca e imagen todavía pendientes."
SRT-PENDING-DDE1F397583D,Pendiente de verificación - Cable Aislado Thhw Cu 3X12 Trenzado Rojo,pendiente_investigacion,CC-CABLE-AISLADO-THHW-CU-3X12-TRENZADO-ROJO,"Referencia descubierta; ficha oficial exacta, marca e imagen todavía pendientes."
SRT-PENDING-692D488C739A,Pendiente de verificación - Cable Aislado Thhw Cu 3X12 Trenzado Azul,pendiente_investigacion,CC-CABLE-AISLADO-THHW-CU-3X12-TRENZADO-AZUL,"Referencia descubierta; ficha oficial exacta, marca e imagen todavía pendientes."
SRT-PENDING-0793CB189B99,Pendiente de verificación - Cable Aislado Thhw Cu N6 Amarillo,pendiente_investigacion,CC-CABLE-AISLADO-THHW-CU-N6-AMARILLO,"Referencia descubierta; ficha oficial exacta, marca e imagen todavía pendientes."
SRT-PENDING-E165E6F74DD3,Pendiente de verificación - Cable Aislado Thhw Cu N6 Azul,pendiente_investigacion,CC-CABLE-AISLADO-THHW-CU-N6-AZUL,"Referencia descubierta; ficha oficial exacta, marca e imagen todavía pendientes."
SRT-PENDING-92276926BA9C,Pendiente de verificación - Cable Aislado Thhw Cu N6 Blanco,pendiente_investigacion,CC-CABLE-AISLADO-THHW-CU-N6-BLANCO,"Referencia descubierta; ficha oficial exacta, marca e imagen todavía pendientes."
SRT-PENDING-1EE8DD2575A6,Pendiente de verificación - Cable Aislado Thhw Cu N6 Negro,pendiente_investigacion,CC-CABLE-AISLADO-THHW-CU-N6-NEGRO,"Referencia descubierta; ficha oficial exacta, marca e imagen todavía pendientes."
SRT-PENDING-6BA5A1DAA2AC,Pendiente de verificación - Cable Aislado Thhw Cu N6 Rojo,pendiente_investigacion,CC-CABLE-AISLADO-THHW-CU-N6-ROJO,"Referencia descubierta; ficha oficial exacta, marca e imagen todavía pendientes."
SRT-PENDING-8B3722E7CB2B,Pendiente de verificación - Cable Aislado Thhw Cu N6 Verde,pendiente_investigacion,CC-CABLE-AISLADO-THHW-CU-N6-VERDE,"Referencia descubierta; ficha oficial exacta, marca e imagen todavía pendientes."
SRT-PENDING-0CEB7A30C550,Pendiente de verificación - Cable Aislado Thhw Cu N4,pendiente_investigacion,CC-CABLE-AISLADO-THHW-CU-N4,"Referencia descubierta; ficha oficial exacta, marca e imagen todavía pendientes."
SRT-PENDING-1CEB98D50A52,Pendiente de verificación - Cable Aislado Thhw Cu N2,pendiente_investigacion,CC-CABLE-AISLADO-THHW-CU-N2,"Referencia descubierta; ficha oficial exacta, marca e imagen todavía pendientes."
SRT-PENDING-CCD73200B6F2,Pendiente de verificación - Cable Aislado Thhw Cu 1/0,pendiente_investigacion,CC-CABLE-AISLADO-THHW-CU-1-0,"Referencia descubierta; ficha oficial exacta, marca e imagen todavía pendientes."
SRT-PENDING-F261807B9900,Pendiente de verificación - Cable Aislado Thhw Cu 2/0,pendiente_investigacion,CC-CABLE-AISLADO-THHW-CU-2-0,"Referencia descubierta; ficha oficial exacta, marca e imagen todavía pendientes."
SRT-PENDING-4C460F3BCB10,Pendiente de verificación - Cable Aislado Thhw Cu 3/0,pendiente_investigacion,CC-CABLE-AISLADO-THHW-CU-3-0,"Referencia descubierta; ficha oficial exacta, marca e imagen todavía pendientes."
SRT-PENDING-B03FCD60601B,Pendiente de verificación - Cable Aislado Thhw Cu 4/0,pendiente_investigacion,CC-CABLE-AISLADO-THHW-CU-4-0,"Referencia descubierta; ficha oficial exacta, marca e imagen todavía pendientes."
SRT-PENDING-03893103C5CC,Pendiente de verificación - Cable Aislado Thhw Cu 250MCM,pendiente_investigacion,CC-CABLE-AISLADO-THHW-CU-250MCM,"Referencia descubierta; ficha oficial exacta, marca e imagen todavía pendientes."
SRT-PENDING-BB2B59952D1B,Pendiente de verificación - Cable Aislado Thhw Cu 350MCM,pendiente_investigacion,CC-CABLE-AISLADO-THHW-CU-350MCM,"Referencia descubierta; ficha oficial exacta, marca e imagen todavía pendientes."
SRT-PENDING-920AA95588FF,Pendiente de verificación - Cable Aislado Thhw Cu 500MCM,pendiente_investigacion,CC-CABLE-AISLADO-THHW-CU-500MCM,"Referencia descubierta; ficha oficial exacta, marca e imagen todavía pendientes."
SRT-PENDING-5D89757874CE,Pendiente de verificación - Cable Aislado Thhw Cu 400MCM,pendiente_investigacion,CC-CABLE-AISLADO-THHW-CU-400MCM,"Referencia descubierta; ficha oficial exacta, marca e imagen todavía pendientes."
SRT-PENDING-86DB4130DA9A,Pendiente de verificación - Cable Aislado Thhw Cu N14 Amarillo,pendiente_investigacion,CC-CABLE-AISLADO-THHW-CU-N14-AMARILLO,"Referencia descubierta; ficha oficial exacta, marca e imagen todavía pendientes."
SRT-PENDING-780ABB517110,Pendiente de verificación - Alambre Desnudo N14 x Metro,pendiente_investigacion,CC-ALAMBRE-DESNUDO-N14-X-METRO,"Referencia descubierta; ficha oficial exacta, marca e imagen todavía pendientes."
SRT-PENDING-1804F14F0031,Pendiente de verificación - Alambre Desnudo N12 x Metro,pendiente_investigacion,CC-ALAMBRE-DESNUDO-N12-X-METRO,"Referencia descubierta; ficha oficial exacta, marca e imagen todavía pendientes."
SRT-PENDING-CCE01012E007,Pendiente de verificación - Alambre Desnudo N10 x Metro,pendiente_investigacion,CC-ALAMBRE-DESNUDO-N10-X-METRO,"Referencia descubierta; ficha oficial exacta, marca e imagen todavía pendientes."
SRT-PENDING-E8DD5A6639BC,Pendiente de verificación - Alambre Desnudo N8 x Metro,pendiente_investigacion,CC-ALAMBRE-DESNUDO-N8-X-METRO,"Referencia descubierta; ficha oficial exacta, marca e imagen todavía pendientes."
SRT-PENDING-97A4BB65EF11,Pendiente de verificación - Cable Desnudo Cobre N14,pendiente_investigacion,CC-CABLE-DESNUDO-COBRE-N14,"Referencia descubierta; ficha oficial exacta, marca e imagen todavía pendientes."
SRT-PENDING-62ECCB9CBC7F,Pendiente de verificación - Cable Desnudo Cobre N12,pendiente_investigacion,CC-CABLE-DESNUDO-COBRE-N12,"Referencia descubierta; ficha oficial exacta, marca e imagen todavía pendientes."
SRT-PENDING-3E3E2E48D6A4,Pendiente de verificación - Cable Desnudo Cobre N10,pendiente_investigacion,CC-CABLE-DESNUDO-COBRE-N10,"Referencia descubierta; ficha oficial exacta, marca e imagen todavía pendientes."
SRT-PENDING-54AFC653C391,Pendiente de verificación - Cable Desnudo Cobre N8,pendiente_investigacion,CC-CABLE-DESNUDO-COBRE-N8,"Referencia descubierta; ficha oficial exacta, marca e imagen todavía pendientes."
SRT-PENDING-77E92A904BC9,Pendiente de verificación - Cable Desnudo Cobre N6,pendiente_investigacion,CC-CABLE-DESNUDO-COBRE-N6,"Referencia descubierta; ficha oficial exacta, marca e imagen todavía pendientes."
SRT-PENDING-84502B5390F0,Pendiente de verificación - Cable Desnudo Cobre N4,pendiente_investigacion,CC-CABLE-DESNUDO-COBRE-N4,"Referencia descubierta; ficha oficial exacta, marca e imagen todavía pendientes."
SRT-PENDING-8E7EFB9E9172,Pendiente de verificación - Cable Desnudo Cobre N2,pendiente_investigacion,CC-CABLE-DESNUDO-COBRE-N2,"Referencia descubierta; ficha oficial exacta, marca e imagen todavía pendientes."
SRT-PENDING-53E9D5D96B7F,Pendiente de verificación - Cable Desnudo Cobre 1/0,pendiente_investigacion,CC-CABLE-DESNUDO-COBRE-1-0,"Referencia descubierta; ficha oficial exacta, marca e imagen todavía pendientes."
SRT-PENDING-8EAF5D9C2C85,Pendiente de verificación - Cable Desnudo Cobre 2/0,pendiente_investigacion,CC-CABLE-DESNUDO-COBRE-2-0,"Referencia descubierta; ficha oficial exacta, marca e imagen todavía pendientes."
SRT-PENDING-54D394A49AB8,Pendiente de verificación - Cable Desnudo Cobre 4/0,pendiente_investigacion,CC-CABLE-DESNUDO-COBRE-4-0,"Referencia descubierta; ficha oficial exacta, marca e imagen todavía pendientes."
SRT-PENDING-F0425DF85B52,Pendiente de verificación - Cable Desnudo Cobre 3/0,pendiente_investigacion,CC-CABLE-DESNUDO-COBRE-3-0-3,"Referencia descubierta; ficha oficial exacta, marca e imagen todavía pendientes."
SRT-PENDING-69E2CF6A9559,Pendiente de verificación - Cable Libre de Halógeno N14 Amarillo Cu,pendiente_investigacion,CC-CABLE-LIBRE-DE-HALOGENO-N14-AMARILLO-CU,"Referencia descubierta; ficha oficial exacta, marca e imagen todavía pendientes."
SRT-PENDING-A0314224E766,Pendiente de verificación - Cable Libre de Halógeno N14 Azul Cu,pendiente_investigacion,CC-CABLE-LIBRE-DE-HALOGENO-N14-AZUL-CU,"Referencia descubierta; ficha oficial exacta, marca e imagen todavía pendientes."
SRT-PENDING-C94E1E870A26,Pendiente de verificación - Cable Libre de Halógeno N14 Blanco Cu,pendiente_investigacion,CC-CABLE-LIBRE-DE-HALOGENO-N14-BLANCO-CU,"Referencia descubierta; ficha oficial exacta, marca e imagen todavía pendientes."
SRT-PENDING-04ACB9EA61A1,Pendiente de verificación - Cable Libre de Halógeno N14 Negro Cu,pendiente_investigacion,CC-CABLE-LIBRE-DE-HALOGENO-N14-NEGRO-CU,"Referencia descubierta; ficha oficial exacta, marca e imagen todavía pendientes."
SRT-PENDING-756CD6407BE0,Pendiente de verificación - Cable Libre de Halógeno N14 Rojo Cu,pendiente_investigacion,CC-CABLE-LIBRE-DE-HALOGENO-N14-ROJO-CU,"Referencia descubierta; ficha oficial exacta, marca e imagen todavía pendientes."
SRT-PENDING-4BC064D08D6A,Pendiente de verificación - Cable Libre de Halógeno N14 Verde Cu,pendiente_investigacion,CC-CABLE-LIBRE-DE-HALOGENO-N14-VERDE-CU,"Referencia descubierta; ficha oficial exacta, marca e imagen todavía pendientes."
SRT-PENDING-7369268D0BC2,Pendiente de verificación - Cable Libre de Halógeno N12 Negro Cu,pendiente_investigacion,CC-CABLE-LIBRE-DE-HALOGENO-N12-NEGRO-CU,"Referencia descubierta; ficha oficial exacta, marca e imagen todavía pendientes."
SRT-PENDING-A0245B1C009E,Pendiente de verificación - Cable Libre de Halógeno N12 Amarillo,pendiente_investigacion,CC-CABLE-LIBRE-DE-HALOGENO-N12-AMARILLO,"Referencia descubierta; ficha oficial exacta, marca e imagen todavía pendientes."
SRT-PENDING-440FF4D96875,Pendiente de verificación - Cable Libre de Halógeno N12 Azul Cu,pendiente_investigacion,CC-CABLE-LIBRE-DE-HALOGENO-N12-AZUL-CU,"Referencia descubierta; ficha oficial exacta, marca e imagen todavía pendientes."
SRT-PENDING-10BAA11455B0,Pendiente de verificación - Cable Libre de Halógeno N12 Blanco Cu,pendiente_investigacion,CC-CABLE-LIBRE-DE-HALOGENO-N12-BLANCO-CU,"Referencia descubierta; ficha oficial exacta, marca e imagen todavía pendientes."
SRT-PENDING-243D5EC2CB12,Pendiente de verificación - Cable Libre de Halógeno N12 Rojo Cu,pendiente_investigacion,CC-CABLE-LIBRE-DE-HALOGENO-N12-ROJO-CU,"Referencia descubierta; ficha oficial exacta, marca e imagen todavía pendientes."
SRT-PENDING-754DB4144A5A,Pendiente de verificación - Cable Libre de Halógeno N12 Verde Cu,pendiente_investigacion,CC-CABLE-LIBRE-DE-HALOGENO-N12-VERDE-CU,"Referencia descubierta; ficha oficial exacta, marca e imagen todavía pendientes."
SRT-PENDING-FE40981C6EE2,Pendiente de verificación - Cable Libre de Halógeno N10 Amarillo Cu,pendiente_investigacion,CC-CABLE-LIBRE-DE-HALOGENO-N10-AMARILLO-CU,"Referencia descubierta; ficha oficial exacta, marca e imagen todavía pendientes."
SRT-PENDING-8A5260740314,Pendiente de verificación - Cable Libre de Halógeno N10 Azul Cu,pendiente_investigacion,CC-CABLE-LIBRE-DE-HALOGENO-N10-AZUL-CU,"Referencia descubierta; ficha oficial exacta, marca e imagen todavía pendientes."
SRT-PENDING-EB924394D412,Pendiente de verificación - Cable Libre de Halógeno N10 Blanco Cu,pendiente_investigacion,CC-CABLE-LIBRE-DE-HALOGENO-N10-BLANCO-CU-6,"Referencia descubierta; ficha oficial exacta, marca e imagen todavía pendientes."
SRT-PENDING-04898B1D8929,Pendiente de verificación - Cable Libre de Halógeno N10 Negro Cu,pendiente_investigacion,CC-CABLE-LIBRE-DE-HALOGENO-N10-NEGRO-CU,"Referencia descubierta; ficha oficial exacta, marca e imagen todavía pendientes."
SRT-PENDING-CBCDD04A16CB,Pendiente de verificación - Cable Libre de Halógeno N10 Rojo Cu,pendiente_investigacion,CC-CABLE-LIBRE-DE-HALOGENO-N10-ROJO-CU,"Referencia descubierta; ficha oficial exacta, marca e imagen todavía pendientes."
SRT-PENDING-9D1C28539091,Pendiente de verificación - Cable Libre de Halógeno N10 Verde Cu,pendiente_investigacion,CC-CABLE-LIBRE-DE-HALOGENO-N10-VERDE-CU,"Referencia descubierta; ficha oficial exacta, marca e imagen todavía pendientes."
SRT-PENDING-B30A4A9CBDD7,Pendiente de verificación - Cable Libre de Halógeno N8 Amarillo Cu,pendiente_investigacion,CC-CABLE-LIBRE-DE-HALOGENO-N8-AMARILLO-CU,"Referencia descubierta; ficha oficial exacta, marca e imagen todavía pendientes."
SRT-PENDING-1B13B1046562,Pendiente de verificación - Cable Libre de Halógeno N8 Azul Cu,pendiente_investigacion,CC-CABLE-LIBRE-DE-HALOGENO-N8-AZUL-CU,"Referencia descubierta; ficha oficial exacta, marca e imagen todavía pendientes."
SRT-PENDING-35553BFE8787,Pendiente de verificación - Cable Libre de Halógeno N8 Blanco Cu,pendiente_investigacion,CC-CABLE-LIBRE-DE-HALOGENO-N8-BLANCO-CU,"Referencia descubierta; ficha oficial exacta, marca e imagen todavía pendientes."
SRT-PENDING-D7EDD3DFC08C,Pendiente de verificación - Cable Libre de Halógeno N8 Negro Cu,pendiente_investigacion,CC-CABLE-LIBRE-DE-HALOGENO-N8-NEGRO-CU,"Referencia descubierta; ficha oficial exacta, marca e imagen todavía pendientes."
SRT-PENDING-A97EFB583217,Pendiente de verificación - Cable Libre de Halógeno N8 Rojo Cu,pendiente_investigacion,CC-CABLE-LIBRE-DE-HALOGENO-N8-ROJO-CU,"Referencia descubierta; ficha oficial exacta, marca e imagen todavía pendientes."
SRT-PENDING-CEC6A01178EF,Pendiente de verificación - Cable Libre de Halógeno N8 Verde Cu,pendiente_investigacion,CC-CABLE-LIBRE-DE-HALOGENO-N8-VERDE-CU,"Referencia descubierta; ficha oficial exacta, marca e imagen todavía pendientes."
SRT-PENDING-A046D906ADB0,Pendiente de verificación - Cable Libre de Halógeno N6 Amarillo Cu,pendiente_investigacion,CC-CABLE-LIBRE-DE-HALOGENO-N6-AMARILLO-CU,"Referencia descubierta; ficha oficial exacta, marca e imagen todavía pendientes."
SRT-PENDING-07FA0BD6AEB2,Pendiente de verificación - Cable Libre de Halógeno N6 Azul Cu,pendiente_investigacion,CC-CABLE-LIBRE-DE-HALOGENO-N6-AZUL-CU,"Referencia descubierta; ficha oficial exacta, marca e imagen todavía pendientes."
SRT-PENDING-2089E87C0AAF,Pendiente de verificación - Cable Libre de Halógeno N6 Blanco Cu,pendiente_investigacion,CC-CABLE-LIBRE-DE-HALOGENO-N6-BLANCO-CU,"Referencia descubierta; ficha oficial exacta, marca e imagen todavía pendientes."
SRT-PENDING-077F4FF8E9DE,Pendiente de verificación - Cable Libre de Halógeno N6 Negro Cu,pendiente_investigacion,CC-CABLE-LIBRE-DE-HALOGENO-N6-NEGRO-CU,"Referencia descubierta; ficha oficial exacta, marca e imagen todavía pendientes."
SRT-PENDING-82C171848667,Pendiente de verificación - Cable Libre de Halógeno N6 Rojo Cu,pendiente_investigacion,CC-CABLE-LIBRE-DE-HALOGENO-N6-ROJO-CU,"Referencia descubierta; ficha oficial exacta, marca e imagen todavía pendientes."
SRT-PENDING-C88FD9CE58CA,Pendiente de verificación - Cable Libre de Halógeno N6 Verde Cu,pendiente_investigacion,CC-CABLE-LIBRE-DE-HALOGENO-N6-VERDE-CU,"Referencia descubierta; ficha oficial exacta, marca e imagen todavía pendientes."
SRT-PENDING-DB9D247A6425,Pendiente de verificación - Cable Libre de Halógeno N4 Cu,pendiente_investigacion,CC-CABLE-LIBRE-DE-HALOGENO-N4-CU,"Referencia descubierta; ficha oficial exacta, marca e imagen todavía pendientes."
SRT-PENDING-8D8F8E0DCE81,Pendiente de verificación - Cable Libre de Halógeno N2 Cu,pendiente_investigacion,CC-CABLE-LIBRE-DE-HALOGENO-N2-CU,"Referencia descubierta; ficha oficial exacta, marca e imagen todavía pendientes."
SRT-PENDING-029EB10AC9CB,Pendiente de verificación - Cable Libre de Halógeno N1/0 Cu,pendiente_investigacion,CC-CABLE-LIBRE-DE-HALOGENO-N1-0-CU,"Referencia descubierta; ficha oficial exacta, marca e imagen todavía pendientes."
SRT-PENDING-388A73331D8A,Pendiente de verificación - Cable Libre de Halógeno N2/0 Cu,pendiente_investigacion,CC-CABLE-LIBRE-DE-HALOGENO-N2-0-CU,"Referencia descubierta; ficha oficial exacta, marca e imagen todavía pendientes."
SRT-PENDING-017B0187FD40,Pendiente de verificación - Cable Libre de Halógeno N4/0 Cu,pendiente_investigacion,CC-CABLE-LIBRE-DE-HALOGENO-N4-0-CU,"Referencia descubierta; ficha oficial exacta, marca e imagen todavía pendientes."
SRT-PENDING-AE93C6CB0019,Pendiente de verificación - Cable Libre de Halógeno N3/0 Cu,pendiente_investigacion,CC-CABLE-LIBRE-DE-HALOGENO-N3-0-CU,"Referencia descubierta; ficha oficial exacta, marca e imagen todavía pendientes."
SRT-PENDING-38E9EBE15577,Pendiente de verificación - Cable Libre de Halógeno N250 Cu,pendiente_investigacion,CC-CABLE-LIBRE-DE-HALOGENO-N250-CU,"Referencia descubierta; ficha oficial exacta, marca e imagen todavía pendientes."
SRT-PENDING-02119178F055,Pendiente de verificación - Cable Libre de Halógeno N300 Cu,pendiente_investigacion,CC-CABLE-LIBRE-DE-HALOGENO-N300-CU,"Referencia descubierta; ficha oficial exacta, marca e imagen todavía pendientes."
SRT-PENDING-971D42F0840C,Pendiente de verificación - Cable Libre de Halógeno N350 Cu,pendiente_investigacion,CC-CABLE-LIBRE-DE-HALOGENO-N350-CU,"Referencia descubierta; ficha oficial exacta, marca e imagen todavía pendientes."
SRT-PENDING-F7158784A620,Pendiente de verificación - Cable Libre de Halógeno N500 Cu,pendiente_investigacion,CC-CABLE-LIBRE-DE-HALOGENO-N500-CU,"Referencia descubierta; ficha oficial exacta, marca e imagen todavía pendientes."
SRT-ENCAU-7x16AWG-CU,Pendiente de verificación - Cable Encauchetado 7X16 AWG CU,pendiente_piloto,CC-CABLE-ENCAUCHETADO-7X16-AWG-CU,La tabla Termoflex MP revisada no publica 7 conductores en 16 AWG.
SRT-ENCAU-7x14AWG-CU,Pendiente de verificación - Cable Encauchetado 7X14 AWG CU,pendiente_piloto,CC-CABLE-ENCAUCHETADO-7X14-AWG-CU,La tabla Termoflex MP revisada no publica 7 conductores en 14 AWG.
SRT-ENCAU-7x10AWG-CU,Pendiente de verificación - Cable Encauchetado 7X10 AWG CU,pendiente_piloto,CC-CABLE-ENCAUCHETADO-7X10-AWG-CU,La tabla Termoflex MP revisada no publica 7 conductores en 10 AWG.
SRT-ENCAU-6x18AWG-CU,Pendiente de verificación - Cable Encauchetado 6X18 AWG CU,pendiente_piloto,CC-CABLE-ENCAUCHETADO-6X18-AWG-CU,La tabla Termoflex MP revisada no publica 6 conductores en 18 AWG.
SRT-ENCAU-6x16AWG-CU,Pendiente de verificación - Cable Encauchetado 6X16 AWG Cu,pendiente_piloto,CC-CABLE-ENCAUCHETADO-6X16-AWG-CU,La tabla Termoflex MP revisada no publica 6 conductores en 16 AWG.
SRT-ENCAU-6x14AWG-CU,Pendiente de verificación - Cable Encauchetado 6X14 AWG CU,pendiente_piloto,CC-CABLE-ENCAUCHETADO-6X14-AWG-CU,La tabla Termoflex MP revisada no publica 6 conductores en 14 AWG.
SRT-ENCAU-6x12AWG-CU,Pendiente de verificación - Cable Encauchetado 6X12 AWG CU,pendiente_piloto,CC-CABLE-ENCAUCHETADO-6X12-AWG-CU,La tabla Termoflex MP revisada no publica 6 conductores en 12 AWG.
SRT-ENCAU-5x18AWG-CU,Pendiente de verificación - Cable Encauchetado 5X18 AWG Cu,pendiente_piloto,CC-CABLE-ENCAUCHETADO-5X18-AWG-CU,La tabla Termoflex MP revisada no publica 5 conductores en 18 AWG.
SRT-ENCAU-5x16AWG-CU,Pendiente de verificación - Cable Encauchetado 5X16 AWG Cu,pendiente_piloto,CC-CABLE-ENCAUCHETADO-5X16-AWG-CU,La tabla Termoflex MP revisada no publica 5 conductores en 16 AWG.
SRT-PENDING-79A2BDF66D2B,Pendiente de verificación - Cable Encauchetado 3X10 Cu,pendiente_investigacion,CC-CABLE-ENCAUCHETADO-3X10-CU,"Referencia descubierta; ficha oficial exacta, marca e imagen todavía pendientes."
SRT-PENDING-93AC5F0F0161,Pendiente de verificación - Cable Encauchetado 3X12 Cu,pendiente_investigacion,CC-CABLE-ENCAUCHETADO-3X12-CU,"Referencia descubierta; ficha oficial exacta, marca e imagen todavía pendientes."
SRT-PENDING-E11C429FBC9C,Pendiente de verificación - Cable Encauchetado 3X14 Cu,pendiente_investigacion,CC-CABLE-ENCAUCHETADO-3X14-CU,"Referencia descubierta; ficha oficial exacta, marca e imagen todavía pendientes."
SRT-PENDING-9C954DF4F63F,Pendiente de verificación - Cable Encauchetado 3X16 Cu,pendiente_investigacion,CC-CABLE-ENCAUCHETADO-3X16-CU,"Referencia descubierta; ficha oficial exacta, marca e imagen todavía pendientes."
SRT-PENDING-F5F1E89CBB39,Pendiente de verificación - Cable Encauchetado 3X18 Cu,pendiente_investigacion,CC-CABLE-ENCAUCHETADO-3X18-CU,"Referencia descubierta; ficha oficial exacta, marca e imagen todavía pendientes."
SRT-PENDING-8851C823D3C1,Pendiente de verificación - Cable Encauchetado 4X8 Cu,pendiente_investigacion,CC-CABLE-ENCAUCHETADO-4X8-CU,"Referencia descubierta; ficha oficial exacta, marca e imagen todavía pendientes."
SRT-PENDING-9E30CCD48105,Pendiente de verificación - Cable Encauchetado 4X10 Cu,pendiente_investigacion,CC-CABLE-ENCAUCHETADO-4X10-CU,"Referencia descubierta; ficha oficial exacta, marca e imagen todavía pendientes."
SRT-PENDING-69DA3B02F573,Pendiente de verificación - Cable Encauchetado 4X12 Cu,pendiente_investigacion,CC-CABLE-ENCAUCHETADO-4X12-CU,"Referencia descubierta; ficha oficial exacta, marca e imagen todavía pendientes."
SRT-PENDING-5DC320A76AD7,Pendiente de verificación - Cable Encauchetado 4X14 Cu,pendiente_investigacion,CC-CABLE-ENCAUCHETADO-4X14-CU,"Referencia descubierta; ficha oficial exacta, marca e imagen todavía pendientes."
SRT-PENDING-19640B390520,Pendiente de verificación - Cable Encauchetado 4X16 Cu,pendiente_investigacion,CC-CABLE-ENCAUCHETADO-4X16-CU,"Referencia descubierta; ficha oficial exacta, marca e imagen todavía pendientes."
SRT-PENDING-D23957217C5F,Pendiente de verificación - Cable Encauchetado 4X18 Cu,pendiente_investigacion,CC-CABLE-ENCAUCHETADO-4X18-CU,"Referencia descubierta; ficha oficial exacta, marca e imagen todavía pendientes."
SRT-PENDING-AF3A85B543EB,Pendiente de verificación - Cable Encauchetado Libre De Halogenos STF LS 2X18AWG,pendiente_investigacion,CC-CABLE-ENCAUCHETADO-LIBRE-DE-HALOGENOS-STF-LS-2X18AWG,"Referencia descubierta; ficha oficial exacta, marca e imagen todavía pendientes."
SRT-PENDING-5FB84384A44F,Pendiente de verificación - Cable Encauchetado Libre De Halogenos STF LS 3X18AWG,pendiente_investigacion,CC-CABLE-ENCAUCHETADO-LIBRE-DE-HALOGENOS-STF-LS-3X18AWG,"Referencia descubierta; ficha oficial exacta, marca e imagen todavía pendientes."
SRT-PENDING-8BD8E77FFE26,Pendiente de verificación - Cable Encauchetado Libre De Halogenos STF LS 4X18AWG,pendiente_investigacion,CC-CABLE-ENCAUCHETADO-LIBRE-DE-HALOGENOS-STF-LS-4X18AWG,"Referencia descubierta; ficha oficial exacta, marca e imagen todavía pendientes."
SRT-PENDING-B33C9EA4395B,Pendiente de verificación - Cable Encauchetado Libre De Halogenos STF LS 2X16AWG,pendiente_investigacion,CC-CABLE-ENCAUCHETADO-LIBRE-DE-HALOGENOS-STF-LS-2X16AWG,"Referencia descubierta; ficha oficial exacta, marca e imagen todavía pendientes."
SRT-PENDING-60380DD3295A,Pendiente de verificación - Cable Encauchetado Libre De Halogenos STF LS 3X16AWG,pendiente_investigacion,CC-CABLE-ENCAUCHETADO-LIBRE-DE-HALOGENOS-STF-LS-3X16AWG,"Referencia descubierta; ficha oficial exacta, marca e imagen todavía pendientes."
SRT-PENDING-99CACFBA8491,Pendiente de verificación - Cable Encauchetado Libre De Halogenos STF LS 4X16AWG,pendiente_investigacion,CC-CABLE-ENCAUCHETADO-LIBRE-DE-HALOGENOS-STF-LS-4X16AWG,"Referencia descubierta; ficha oficial exacta, marca e imagen todavía pendientes."
SRT-PENDING-EF31466FE03C,Pendiente de verificación - Cable Encauchetado Libre De Halogenos STF LS 2X14AWG,pendiente_investigacion,CC-CABLE-ENCAUCHETADO-LIBRE-DE-HALOGENOS-STF-LS-2X14AWG,"Referencia descubierta; ficha oficial exacta, marca e imagen todavía pendientes."
SRT-PENDING-5A5C2682E16C,Pendiente de verificación - Cable Encauchetado Libre De Halogenos STF LS 3X14AWG,pendiente_investigacion,CC-CABLE-ENCAUCHETADO-LIBRE-DE-HALOGENOS-STF-LS-3X14AWG,"Referencia descubierta; ficha oficial exacta, marca e imagen todavía pendientes."
SRT-PENDING-F53EF417439D,Pendiente de verificación - Cable Encauchetado Libre De Halogenos STF LS 4X14AWG,pendiente_investigacion,CC-CABLE-ENCAUCHETADO-LIBRE-DE-HALOGENOS-STF-LS-4X14AWG,"Referencia descubierta; ficha oficial exacta, marca e imagen todavía pendientes."
SRT-PENDING-2FAD996C1713,Pendiente de verificación - Cable Encauchetado Libre De Halogenos STF LS 2X12AWG,pendiente_investigacion,CC-CABLE-ENCAUCHETADO-LIBRE-DE-HALOGENOS-STF-LS-2X12AWG,"Referencia descubierta; ficha oficial exacta, marca e imagen todavía pendientes."
SRT-PENDING-AB3433A8A279,Pendiente de verificación - Cable Encauchetado Libre De Halogenos STF LS 3X12AWG,pendiente_investigacion,CC-CABLE-ENCAUCHETADO-LIBRE-DE-HALOGENOS-STF-LS-3X12AWG,"Referencia descubierta; ficha oficial exacta, marca e imagen todavía pendientes."
SRT-PENDING-64F6D52D1104,Pendiente de verificación - Cable Encauchetado Libre De Halogenos STF LS 4X12AWG,pendiente_investigacion,CC-CABLE-ENCAUCHETADO-LIBRE-DE-HALOGENOS-STF-LS-4X12AWG,"Referencia descubierta; ficha oficial exacta, marca e imagen todavía pendientes."
SRT-PENDING-F599C358F081,Pendiente de verificación - Cable Encauchetado Libre De Halogenos STF LS 2X10AWG,pendiente_investigacion,CC-CABLE-ENCAUCHETADO-LIBRE-DE-HALOGENOS-STF-LS-2X10AWG,"Referencia descubierta; ficha oficial exacta, marca e imagen todavía pendientes."
SRT-PENDING-C11966418B2F,Pendiente de verificación - Cable Encauchetado Libre De Halogenos STF LS 3X10AWG,pendiente_investigacion,CC-CABLE-ENCAUCHETADO-LIBRE-DE-HALOGENOS-STF-LS-3X10AWG,"Referencia descubierta; ficha oficial exacta, marca e imagen todavía pendientes."
SRT-PENDING-54C0621797BA,Pendiente de verificación - Cable Encauchetado Libre De Halogenos STF LS 4X10AWG,pendiente_investigacion,CC-CABLE-ENCAUCHETADO-LIBRE-DE-HALOGENOS-STF-LS-4X10AWG,"Referencia descubierta; ficha oficial exacta, marca e imagen todavía pendientes."
SRT-PENDING-745B2E9EFC41,Pendiente de verificación - Cable Encauchetado Libre De Halogenos STF LS 2X8AWG,pendiente_investigacion,CC-CABLE-ENCAUCHETADO-LIBRE-DE-HALOGENOS-STF-LS-2X8AWG,"Referencia descubierta; ficha oficial exacta, marca e imagen todavía pendientes."
SRT-PENDING-A23F84BEAF24,Pendiente de verificación - Cable Encauchetado Libre De Halogenos STF LS 3X8AWG,pendiente_investigacion,CC-CABLE-ENCAUCHETADO-LIBRE-DE-HALOGENOS-STF-LS-3X8AWG,"Referencia descubierta; ficha oficial exacta, marca e imagen todavía pendientes."
SRT-PENDING-48317269D40B,Pendiente de verificación - Cable Encauchetado Libre De Halogenos STF LS 4X8AWG,pendiente_investigacion,CC-CABLE-ENCAUCHETADO-LIBRE-DE-HALOGENOS-STF-LS-4X8AWG,"Referencia descubierta; ficha oficial exacta, marca e imagen todavía pendientes."
SRT-PENDING-23FC537018EE,Pendiente de verificación - Cable Dúplex Polarizado 2X10 Cu,pendiente_investigacion,CC-CABLE-DUPLEX-POLARIZADO-2X10-CU,"Referencia descubierta; ficha oficial exacta, marca e imagen todavía pendientes."
SRT-PENDING-E0C7582D9DF4,Pendiente de verificación - Cable Dúplex Polarizado 2X12 Cu,pendiente_investigacion,CC-CABLE-DUPLEX-POLARIZADO-2X12-CU,"Referencia descubierta; ficha oficial exacta, marca e imagen todavía pendientes."
SRT-PENDING-FC14EDD12C47,Pendiente de verificación - Cable Dúplex Polarizado 2X14 Cu,pendiente_investigacion,CC-CABLE-DUPLEX-POLARIZADO-2X14-CU,"Referencia descubierta; ficha oficial exacta, marca e imagen todavía pendientes."
SRT-PENDING-197AD43647B6,Pendiente de verificación - Cable Duplex Polarizado 2X16 Cu,pendiente_investigacion,CC-CABLE-DUPLEX-POLARIZADO-2X16-CU-3,"Referencia descubierta; ficha oficial exacta, marca e imagen todavía pendientes."
SRT-PENDING-EAF6D9A252F8,Pendiente de verificación - Cable Dúplex Polarizado 2X18 Cu,pendiente_investigacion,CC-CABLE-DUPLEX-POLARIZADO-2X18-CU,"Referencia descubierta; ficha oficial exacta, marca e imagen todavía pendientes."
SRT-PENDING-A318A86A3026,Pendiente de verificación - Cable Dúplex Polarizado 2X20 Cu,pendiente_investigacion,CC-CABLE-DUPLEX-POLARIZADO-2X20-CU,"Referencia descubierta; ficha oficial exacta, marca e imagen todavía pendientes."
SRT-PENDING-AA8592B17B19,Pendiente de verificación - Cable Duplex 2X10 Cu,pendiente_investigacion,CC-CABLE-DUPLEX-2X10-CU,"Referencia descubierta; ficha oficial exacta, marca e imagen todavía pendientes."
SRT-PENDING-38D59C99D61B,Pendiente de verificación - Cable Duplex 2X12 Cu,pendiente_investigacion,CC-CABLE-DUPLEX-2X12-CU,"Referencia descubierta; ficha oficial exacta, marca e imagen todavía pendientes."
SRT-PENDING-DA4E2A0F5D22,Pendiente de verificación - Cable Duplex 2X14 Cu,pendiente_investigacion,CC-CABLE-DUPLEX-2X14-CU,"Referencia descubierta; ficha oficial exacta, marca e imagen todavía pendientes."
SRT-PENDING-A787A4628636,Pendiente de verificación - Cable Duplex 2X16 Cu,pendiente_investigacion,CC-CABLE-DUPLEX-2X16-CU,"Referencia descubierta; ficha oficial exacta, marca e imagen todavía pendientes."
SRT-PENDING-93FB91870A58,Pendiente de verificación - Cable Duplex 2X18 Cu,pendiente_investigacion,CC-CABLE-DUPLEX-2X18-CU,"Referencia descubierta; ficha oficial exacta, marca e imagen todavía pendientes."
SRT-PENDING-41FBFE6E73E8,Pendiente de verificación - Cable Duplex 2X14 Negro Cu,pendiente_investigacion,CC-CABLE-DUPLEX-2X14-NEGRO-CU,"Referencia descubierta; ficha oficial exacta, marca e imagen todavía pendientes."
SRT-PENDING-2C19362BAAE5,Pendiente de verificación - Cable Duplex 2X16 Negro Cu,pendiente_investigacion,CC-CABLE-DUPLEX-2X16-NEGRO-CU,"Referencia descubierta; ficha oficial exacta, marca e imagen todavía pendientes."
SRT-PENDING-32E3F97E7A37,Pendiente de verificación - Cable Duplex Desoxigenado N10 Cu - Al,pendiente_investigacion,CC-CABLE-DUPLEX-DESOXIGENADO-N10-CU-AL,"Referencia descubierta; ficha oficial exacta, marca e imagen todavía pendientes."
SRT-PENDING-025FBE5A4E6A,Pendiente de verificación - Cable Duplex Desoxigenado N12 Cu - Al,pendiente_investigacion,CC-CABLE-DUPLEX-DESOXIGENADO-N12-CU-AL,"Referencia descubierta; ficha oficial exacta, marca e imagen todavía pendientes."
SRT-PENDING-9A6072001869,Pendiente de verificación - Cable Duplex Desoxigenado N14 Cu - Al,pendiente_investigacion,CC-CABLE-DUPLEX-DESOXIGENADO-N14-CU-AL,"Referencia descubierta; ficha oficial exacta, marca e imagen todavía pendientes."
SRT-PENDING-BB6C17498CE3,Pendiente de verificación - Cable Duplex Desoxigenado N16 Cu - Al,pendiente_investigacion,CC-CABLE-DUPLEX-DESOXIGENADO-N16-CU-AL,"Referencia descubierta; ficha oficial exacta, marca e imagen todavía pendientes."
SRT-PENDING-9DE2ECCC6E24,Pendiente de verificación - Cable Duplex Desoxigenado N18 Cu - Al,pendiente_investigacion,CC-CABLE-DUPLEX-DESOXIGENADO-N18-CU-AL,"Referencia descubierta; ficha oficial exacta, marca e imagen todavía pendientes."
SRT-PENDING-71B6AC43BD2A,Pendiente de verificación - Cable Duplex Desoxigenado N22 Cu - Al,pendiente_investigacion,CC-CABLE-DUPLEX-DESOXIGENADO-N22-CU-AL,"Referencia descubierta; ficha oficial exacta, marca e imagen todavía pendientes."
SRT-PENDING-098875622BFE,Pendiente de verificación - Cable Duplex Desoxigenado N20 Cu - Al,pendiente_investigacion,CC-CABLE-DUPLEX-DESOXIGENADO-N20-CU-AL,"Referencia descubierta; ficha oficial exacta, marca e imagen todavía pendientes."
SRT-PENDING-6D85330E7595,Pendiente de verificación - Cable Duplex Cristal 2X20 Cu,pendiente_investigacion,CC-CABLE-DUPLEX-CRISTAL-2X20-CU,"Referencia descubierta; ficha oficial exacta, marca e imagen todavía pendientes."
SRT-PENDING-BE050281F599,Pendiente de verificación - Cable Duplex Cristal 2X16 Cu,pendiente_investigacion,CC-CABLE-DUPLEX-CRISTAL-2X16-CU,"Referencia descubierta; ficha oficial exacta, marca e imagen todavía pendientes."
SRT-PENDING-DA37AC5700DE,Pendiente de verificación - Cable Duplex Cristal 2X14 Cu,pendiente_investigacion,CC-CABLE-DUPLEX-CRISTAL-2X14-CU,"Referencia descubierta; ficha oficial exacta, marca e imagen todavía pendientes."
SRT-PENDING-BD7A7E1B007A,Pendiente de verificación - Cable Duplex Cristal 2X12 Cu,pendiente_investigacion,CC-CABLE-DUPLEX-CRISTAL-2X12-CU,"Referencia descubierta; ficha oficial exacta, marca e imagen todavía pendientes."
SRT-PENDING-1F5C990D1A3D,Pendiente de verificación - Cable Duplex Cristal 2X22 Cu,pendiente_investigacion,CC-CABLE-DUPLEX-CRISTAL-2X22-CU,"Referencia descubierta; ficha oficial exacta, marca e imagen todavía pendientes."
SRT-PENDING-F6E3F9037813,Pendiente de verificación - Cable Duplex Cristal 2X10 Cu,pendiente_investigacion,CC-CABLE-DUPLEX-CRISTAL-2X10-CU,"Referencia descubierta; ficha oficial exacta, marca e imagen todavía pendientes."
SRT-PENDING-F303325FA0CC,Pendiente de verificación - Cable Duplex Cristal 2X18 Cu,pendiente_investigacion,CC-CABLE-DUPLEX-CRISTAL-2X18-CU,"Referencia descubierta; ficha oficial exacta, marca e imagen todavía pendientes."
SRT-PENDING-618220FAA1AB,Pendiente de verificación - Cable Aluminio 6 Awg Serie 8000,pendiente_investigacion,CC-CABLE-ALUMINIO-6-AWG-SERIE-8000,"Referencia descubierta; ficha oficial exacta, marca e imagen todavía pendientes."
SRT-PENDING-7802C84DE1B3,Pendiente de verificación - Cable Aluminio 4 Awg Serie 8000,pendiente_investigacion,CC-CABLE-ALUMINIO-4-AWG-SERIE-8000,"Referencia descubierta; ficha oficial exacta, marca e imagen todavía pendientes."
SRT-PENDING-BD8088AD9745,Pendiente de verificación - Cable Aluminio 2 Awg Serie 8000,pendiente_investigacion,CC-CABLE-ALUMINIO-2-AWG-SERIE-8000,"Referencia descubierta; ficha oficial exacta, marca e imagen todavía pendientes."
SRT-PENDING-D2AF8D0AFA5B,Pendiente de verificación - Cable Aluminio 1/0 Awg Serie 8000,pendiente_investigacion,CC-CABLE-ALUMINIO-1-0-AWG-SERIE-8000,"Referencia descubierta; ficha oficial exacta, marca e imagen todavía pendientes."
SRT-PENDING-17B5235302EA,Pendiente de verificación - Cable Aluminio 2/0 Awg Serie 8000,pendiente_investigacion,CC-CABLE-ALUMINIO-2-0-AWG-SERIE-8000,"Referencia descubierta; ficha oficial exacta, marca e imagen todavía pendientes."
SRT-PENDING-FE68D8389306,Pendiente de verificación - Cable Aluminio 4/0 Awg Serie 8000,pendiente_investigacion,CC-CABLE-ALUMINIO-4-0-AWG-SERIE-8000,"Referencia descubierta; ficha oficial exacta, marca e imagen todavía pendientes."
SRT-PENDING-E4C3804FAEF6,Pendiente de verificación - Cable Aluminio 250 Kcmil Serie 8000,pendiente_investigacion,CC-CABLE-ALUMINIO-250-KCMIL-SERIE-8000,"Referencia descubierta; ficha oficial exacta, marca e imagen todavía pendientes."
SRT-PENDING-08F3829DA7AE,Pendiente de verificación - Cable Aluminio 350 Kcmil Serie 8000,pendiente_investigacion,CC-CABLE-ALUMINIO-350-KCMIL-SERIE-8000,"Referencia descubierta; ficha oficial exacta, marca e imagen todavía pendientes."
SRT-PENDING-2B93CC066BC7,Pendiente de verificación - Cable Aluminio 500 Kcmil Serie 8000,pendiente_investigacion,CC-CABLE-ALUMINIO-500-KCMIL-SERIE-8000,"Referencia descubierta; ficha oficial exacta, marca e imagen todavía pendientes."
SRT-PENDING-B57B2EE1A859,Pendiente de verificación - Cable Aluminio S8000 Libre de Halógeno N6,pendiente_investigacion,CC-CABLE-ALUMINIO-S8000-LIBRE-DE-HALOGENO-N6,"Referencia descubierta; ficha oficial exacta, marca e imagen todavía pendientes."
SRT-PENDING-B046A49FCC82,Pendiente de verificación - Cable Aluminio S8000 Libre de Halógeno N4,pendiente_investigacion,CC-CABLE-ALUMINIO-S8000-LIBRE-DE-HALOGENO-N4,"Referencia descubierta; ficha oficial exacta, marca e imagen todavía pendientes."
SRT-PENDING-7246E8E3A573,Pendiente de verificación - Cable Aluminio Serie 8000 Libre de Halógeno N2,pendiente_investigacion,CC-CABLE-ALUMINIO-SERIE-8000-LIBRE-DE-HALOGENO-N2,"Referencia descubierta; ficha oficial exacta, marca e imagen todavía pendientes."
SRT-PENDING-C775808B3073,Pendiente de verificación - Cable Aluminio Serie 8000 Libre de Halógeno 1/0,pendiente_investigacion,CC-CABLE-ALUMINIO-SERIE-8000-LIBRE-DE-HALOGENO-1-0-9,"Referencia descubierta; ficha oficial exacta, marca e imagen todavía pendientes."
SRT-PENDING-CDB94E717A0C,Pendiente de verificación - Cable Aluminio Serie 8000 Libre de Halógeno 2/0,pendiente_investigacion,CC-CABLE-ALUMINIO-SERIE-8000-LIBRE-DE-HALOGENO-2-0-8,"Referencia descubierta; ficha oficial exacta, marca e imagen todavía pendientes."
SRT-PENDING-510C78A9F1D1,Pendiente de verificación - Cable Aluminio Serie 8000 Libre de Halógeno 4/0,pendiente_investigacion,CC-CABLE-ALUMINIO-SERIE-8000-LIBRE-DE-HALOGENO-4-0-2,"Referencia descubierta; ficha oficial exacta, marca e imagen todavía pendientes."
SRT-PENDING-A0CFFB40DD66,Pendiente de verificación - Cable Aluminio Serie 8000 Libre de Halógeno 250kcm,pendiente_investigacion,CC-CABLE-ALUMINIO-SERIE-8000-LIBRE-DE-HALOGENO-250KCM,"Referencia descubierta; ficha oficial exacta, marca e imagen todavía pendientes."
SRT-PENDING-C395AD6C2B57,Pendiente de verificación - Cable Aluminio Serie 8000 Libre de Halógeno 350kcm,pendiente_investigacion,CC-CABLE-ALUMINIO-SERIE-8000-LIBRE-DE-HALOGENO-350KCM,"Referencia descubierta; ficha oficial exacta, marca e imagen todavía pendientes."
SRT-PENDING-4648B0B0D442,Pendiente de verificación - Cable Aluminio Serie 8000 Libre de Halógeno 500kcm,pendiente_investigacion,CC-CABLE-ALUMINIO-SERIE-8000-LIBRE-DE-HALOGENO-500KCM,"Referencia descubierta; ficha oficial exacta, marca e imagen todavía pendientes."
SRT-PENDING-263562792023,Pendiente de verificación - Cable Aluminio ACSR 336.4 Kcmil (26/7),pendiente_investigacion,CC-CABLE-ALUMINIO-ACSR-336-4-KCMIL-26-7,"Referencia descubierta; ficha oficial exacta, marca e imagen todavía pendientes."
SRT-PENDING-FEDCA5B2130A,Pendiente de verificación - Cable Aluminio ACSR 266.8 Kcmil (26/7),pendiente_investigacion,CC-CABLE-ALUMINIO-ACSR-266-8-KCMIL-26-7,"Referencia descubierta; ficha oficial exacta, marca e imagen todavía pendientes."
SRT-PENDING-FA246626787C,Pendiente de verificación - Cable Aluminio ACSR 266.8 Kcmil (18/1),pendiente_investigacion,CC-CABLE-ALUMINIO-ACSR-266-8-KCMIL-18-1,"Referencia descubierta; ficha oficial exacta, marca e imagen todavía pendientes."
SRT-PENDING-067154A42972,Pendiente de verificación - Cable ACSR 2,pendiente_investigacion,CC-CABLE-ACSR-2,"Referencia descubierta; ficha oficial exacta, marca e imagen todavía pendientes."
SRT-PENDING-0F15D54AACAC,Pendiente de verificación - Cable ACSR 1/0,pendiente_investigacion,CC-CABLE-ACSR-1-0,"Referencia descubierta; ficha oficial exacta, marca e imagen todavía pendientes."
SRT-PENDING-A73CFC9A0727,Pendiente de verificación - Cable ACSR 2/0,pendiente_investigacion,CC-CABLE-ACSR-2-0,"Referencia descubierta; ficha oficial exacta, marca e imagen todavía pendientes."
SRT-PENDING-266E0D610A17,Pendiente de verificación - Cable ACSR 4/0,pendiente_investigacion,CC-CABLE-ACSR-4-0,"Referencia descubierta; ficha oficial exacta, marca e imagen todavía pendientes."
SRT-PENDING-5023C4F2A294,Pendiente de verificación - Cable ACSR 3/0,pendiente_investigacion,CC-CABLE-ACSR-3-0-5,"Referencia descubierta; ficha oficial exacta, marca e imagen todavía pendientes."
SRT-PENDING-9E98C10B8CED,Pendiente de verificación - Cable Aluminio Acsr 4awg Desnudo,pendiente_investigacion,CC-CABLE-ALUMINIO-ACSR-4AWG-DESNUDO,"Referencia descubierta; ficha oficial exacta, marca e imagen todavía pendientes."
SRT-PENDING-A69BDCC48792,Pendiente de verificación - Cable Aluminio Acsr 266.8kcmil,pendiente_investigacion,CC-CABLE-ALUMINIO-ACSR-266-8KCMIL,"Referencia descubierta; ficha oficial exacta, marca e imagen todavía pendientes."
SRT-PENDING-8044A4C1B9DC,Pendiente de verificación - Cable Aluminio Cuadruplex Aislado 3x4/0 + 4/0 N.A XLPE,pendiente_investigacion,CC-CABLE-ALUMINIO-CUADRUPLEX-AISLADO-3X4-0-4-0-N-A-XLPE,"Referencia descubierta; ficha oficial exacta, marca e imagen todavía pendientes."
SRT-PENDING-75B78DEB2833,Pendiente de verificación - Cable Aluminio Cuadruplex Aislado 3x4/0 + 2/0 N.A XLPE,pendiente_investigacion,CC-CABLE-ALUMINIO-CUADRUPLEX-AISLADO-3X4-0-2-0-N-A-XLPE,"Referencia descubierta; ficha oficial exacta, marca e imagen todavía pendientes."
SRT-PENDING-B1B9FD4A3D6D,Pendiente de verificación - Cable Aluminio Cuadruplex Aislado 3x4/0 + 1/0 N.A XLPE,pendiente_investigacion,CC-CABLE-ALUMINIO-CUADRUPLEX-AISLADO-3X4-0-1-0-N-A-XLPE,"Referencia descubierta; ficha oficial exacta, marca e imagen todavía pendientes."
SRT-PENDING-27D8B25958DA,Pendiente de verificación - Cable Aluminio Cuadruplex Aislado 3x2/0 + 2/0 N.A XLPE,pendiente_investigacion,CC-CABLE-ALUMINIO-CUADRUPLEX-AISLADO-3X2-0-2-0-N-A-XLPE,"Referencia descubierta; ficha oficial exacta, marca e imagen todavía pendientes."
SRT-PENDING-D96DEC8CDC15,Pendiente de verificación - Cable Aluminio Cuadruplex Aislado 3x2/0 + 1/0 N.A XLPE,pendiente_investigacion,CC-CABLE-ALUMINIO-CUADRUPLEX-AISLADO-3X2-0-1-0-N-A-XLPE,"Referencia descubierta; ficha oficial exacta, marca e imagen todavía pendientes."
SRT-PENDING-4713A378D085,Pendiente de verificación - Cable Aluminio Cuadruplex Aislado 3x1/0 + 1/0 N.A XLPE,pendiente_investigacion,CC-CABLE-ALUMINIO-CUADRUPLEX-AISLADO-3X1-0-1-0-N-A-XLPE,"Referencia descubierta; ficha oficial exacta, marca e imagen todavía pendientes."
SRT-PENDING-2104A7D24A9E,Pendiente de verificación - Cable Aluminio Cuadruplex Aislado 3x1/0 + 2 N.A XLPE,pendiente_investigacion,CC-CABLE-ALUMINIO-CUADRUPLEX-AISLADO-3X1-0-2-N-A-XLPE,"Referencia descubierta; ficha oficial exacta, marca e imagen todavía pendientes."
SRT-PENDING-6B93A56C256A,Pendiente de verificación - Cable Aluminio Cuadruplex Aislado 3x2 + 1/0 N.A XLPE,pendiente_investigacion,CC-CABLE-ALUMINIO-CUADRUPLEX-AISLADO-3X2-1-0-N-A-XLPE,"Referencia descubierta; ficha oficial exacta, marca e imagen todavía pendientes."
SRT-PENDING-34D217C09266,Pendiente de verificación - Cable Aluminio Cuadruplex Aislado 3x2 + 2 N.A XLPE,pendiente_investigacion,CC-CABLE-ALUMINIO-CUADRUPLEX-AISLADO-3X2-2-N-A-XLPE,"Referencia descubierta; ficha oficial exacta, marca e imagen todavía pendientes."
SRT-PENDING-042EE4D4AB06,Pendiente de verificación - Cable Aluminio Cuadruplex Aislado 3x4 + 4 N.A XLPE,pendiente_investigacion,CC-CABLE-ALUMINIO-CUADRUPLEX-AISLADO-3X4-4-N-A-XLPE,"Referencia descubierta; ficha oficial exacta, marca e imagen todavía pendientes."
SRT-PENDING-196E7A66EC82,Pendiente de verificación - Cable Aluminio Cuadruplex Desnudo 3x4/0 + 4/0 N.D XLPE,pendiente_investigacion,CC-CABLE-ALUMINIO-CUADRUPLEX-DESNUDO-3X4-0-4-0-N-D-XLPE,"Referencia descubierta; ficha oficial exacta, marca e imagen todavía pendientes."
SRT-PENDING-6D4A60D14D34,Pendiente de verificación - Cable Aluminio Cuadruplex Desnudo 3x4/0 + 2/0 N.D XLPE,pendiente_investigacion,CC-CABLE-ALUMINIO-CUADRUPLEX-DESNUDO-3X4-0-2-0-N-D-XLPE,"Referencia descubierta; ficha oficial exacta, marca e imagen todavía pendientes."
SRT-PENDING-84363C00914B,Pendiente de verificación - Cable Aluminio Cuadruplex Desnudo 3x2/0 + 2/0 N.D XLPE,pendiente_investigacion,CC-CABLE-ALUMINIO-CUADRUPLEX-DESNUDO-3X2-0-2-0-N-D-XLPE,"Referencia descubierta; ficha oficial exacta, marca e imagen todavía pendientes."
SRT-PENDING-E00051A36FB6,Pendiente de verificación - Cable Aluminio Cuadruplex Desnudo 3x2/0 + 1/0 N.D XLPE,pendiente_investigacion,CC-CABLE-ALUMINIO-CUADRUPLEX-DESNUDO-3X2-0-1-0-N-D-XLPE,"Referencia descubierta; ficha oficial exacta, marca e imagen todavía pendientes."
SRT-PENDING-FB07F7E9A51B,Pendiente de verificación - Cable Aluminio Cuadruplex Desnudo 3x1/0 + 1/0 N.D XLPE,pendiente_investigacion,CC-CABLE-ALUMINIO-CUADRUPLEX-DESNUDO-3X1-0-1-0-N-D-XLPE,"Referencia descubierta; ficha oficial exacta, marca e imagen todavía pendientes."
SRT-PENDING-34CD8C37BC1C,Pendiente de verificación - Cable Aluminio Cuadruplex Desnudo 3x1/0 + 2 N.D XLPE,pendiente_investigacion,CC-CABLE-ALUMINIO-CUADRUPLEX-DESNUDO-3X1-0-2-N-D-XLPE,"Referencia descubierta; ficha oficial exacta, marca e imagen todavía pendientes."
SRT-PENDING-2D1847DB2E7B,Pendiente de verificación - Cable Aluminio Cuadruplex Desnudo 3x2 + 2 N.D XLPE,pendiente_investigacion,CC-CABLE-ALUMINIO-CUADRUPLEX-DESNUDO-3X2-2-N-D-XLPE,"Referencia descubierta; ficha oficial exacta, marca e imagen todavía pendientes."
SRT-PENDING-F8A7919373AD,Pendiente de verificación - Cable Aluminio Cuadruplex Desnudo 3x2 + 4 N.D XLPE,pendiente_investigacion,CC-CABLE-ALUMINIO-CUADRUPLEX-DESNUDO-3X2-4-N-D-XLPE,"Referencia descubierta; ficha oficial exacta, marca e imagen todavía pendientes."
SRT-PENDING-3BD5191D4ECE,Pendiente de verificación - Cable Aluminio Cuadruplex Desnudo 3x4 + 4 N.D XLPE,pendiente_investigacion,CC-CABLE-ALUMINIO-CUADRUPLEX-DESNUDO-3X4-4-N-D-XLPE,"Referencia descubierta; ficha oficial exacta, marca e imagen todavía pendientes."
SRT-PENDING-1FA91735D6F2,Pendiente de verificación - Cable Aluminio Cuadruplex Desnudo 3x6 + 6 N.D XLPE,pendiente_investigacion,CC-CABLE-ALUMINIO-CUADRUPLEX-DESNUDO-3X6-6-N-D-XLPE,"Referencia descubierta; ficha oficial exacta, marca e imagen todavía pendientes."
SRT-PENDING-4667F1459C76,Pendiente de verificación - Cable Aluminio Triplex Desnudo 2x4/0 + 4/0 N.D XLPE,pendiente_investigacion,CC-CABLE-ALUMINIO-TRIPLEX-DESNUDO-2X4-0-4-0-N-D-XLPE,"Referencia descubierta; ficha oficial exacta, marca e imagen todavía pendientes."
SRT-PENDING-A6EB12EB3ABE,Pendiente de verificación - Cable Aluminio Triplex Desnudo 2x4/0 + 2/0 N.D XLPE,pendiente_investigacion,CC-CABLE-ALUMINIO-TRIPLEX-DESNUDO-2X4-0-2-0-N-D-XLPE,"Referencia descubierta; ficha oficial exacta, marca e imagen todavía pendientes."
SRT-PENDING-98CDD9236AD2,Pendiente de verificación - Cable Aluminio Triplex Desnudo 2x2/0 + 2/0 N.D XLPE,pendiente_investigacion,CC-CABLE-ALUMINIO-TRIPLEX-DESNUDO-2X2-0-2-0-N-D-XLPE,"Referencia descubierta; ficha oficial exacta, marca e imagen todavía pendientes."
SRT-PENDING-4316A8FAA999,Pendiente de verificación - Cable Aluminio Triplex Desnudo 2x2/0 + 1/0 N.D XLPE,pendiente_investigacion,CC-CABLE-ALUMINIO-TRIPLEX-DESNUDO-2X2-0-1-0-N-D-XLPE,"Referencia descubierta; ficha oficial exacta, marca e imagen todavía pendientes."
SRT-PENDING-9EC49C7A28A9,Pendiente de verificación - Cable Aluminio Triplex Desnudo 2x1/0 + 1/0 N.D XLPE,pendiente_investigacion,CC-CABLE-ALUMINIO-TRIPLEX-DESNUDO-2X1-0-1-0-N-D-XLPE,"Referencia descubierta; ficha oficial exacta, marca e imagen todavía pendientes."
SRT-PENDING-3364423C1A92,Pendiente de verificación - Cable Aluminio Triplex Desnudo 2x1/0 + 2 N.D XLPE,pendiente_investigacion,CC-CABLE-ALUMINIO-TRIPLEX-DESNUDO-2X1-0-2-N-D-XLPE,"Referencia descubierta; ficha oficial exacta, marca e imagen todavía pendientes."
SRT-PENDING-6CB32956DF6E,Pendiente de verificación - Cable Aluminio Triplex Desnudo 2x2 + 2 N.D XLPE,pendiente_investigacion,CC-CABLE-ALUMINIO-TRIPLEX-DESNUDO-2X2-2-N-D-XLPE,"Referencia descubierta; ficha oficial exacta, marca e imagen todavía pendientes."
SRT-PENDING-4F6FC158B6F6,Pendiente de verificación - Cable Aluminio Triplex Desnudo 2x2 + 4 N.D XLPE,pendiente_investigacion,CC-CABLE-ALUMINIO-TRIPLEX-DESNUDO-2X2-4-N-D-XLPE,"Referencia descubierta; ficha oficial exacta, marca e imagen todavía pendientes."
SRT-PENDING-B16203A08F0E,Pendiente de verificación - Cable Aluminio Triplex Desnudo 2x4 + 4 N.D XLPE,pendiente_investigacion,CC-CABLE-ALUMINIO-TRIPLEX-DESNUDO-2X4-4-N-D-XLPE,"Referencia descubierta; ficha oficial exacta, marca e imagen todavía pendientes."
SRT-PENDING-9F87DBDC8A7A,Pendiente de verificación - Cable Aluminio Triplex Desnudo 2x6 + 6 N.D XLPE,pendiente_investigacion,CC-CABLE-ALUMINIO-TRIPLEX-DESNUDO-2X6-6-N-D-XLPE,"Referencia descubierta; ficha oficial exacta, marca e imagen todavía pendientes."
SRT-PENDING-97BC9D6F9F20,Pendiente de verificación - Cable Aluminio Triplex Aislado 2x1/0 + 123.3 Kcmil AAAC N.A,pendiente_investigacion,CC-CABLE-ALUMINIO-TRIPLEX-AISLADO-2X1-0-123-3-KCMIL-AAAC-N-A,"Referencia descubierta; ficha oficial exacta, marca e imagen todavía pendientes."
SRT-PENDING-489F09CF9F93,Pendiente de verificación - Cable Aluminio Triplex Aislado 2x4/0 + 4/0 N.A XLPE,pendiente_investigacion,CC-CABLE-ALUMINIO-TRIPLEX-AISLADO-2X4-0-4-0-N-A-XLPE,"Referencia descubierta; ficha oficial exacta, marca e imagen todavía pendientes."
SRT-PENDING-A489247D6512,Pendiente de verificación - Cable Aluminio Triplex Aislado 2x4/0 + 2/0 N.A XLPE,pendiente_investigacion,CC-CABLE-ALUMINIO-TRIPLEX-AISLADO-2X4-0-2-0-N-A-XLPE,"Referencia descubierta; ficha oficial exacta, marca e imagen todavía pendientes."
SRT-PENDING-781A57233F63,Pendiente de verificación - Cable Aluminio Triplex Aislado 2x2/0 + 2/0 N.A XLPE,pendiente_investigacion,CC-CABLE-ALUMINIO-TRIPLEX-AISLADO-2X2-0-2-0-N-A-XLPE,"Referencia descubierta; ficha oficial exacta, marca e imagen todavía pendientes."
SRT-PENDING-4867D6D22AAF,Pendiente de verificación - Cable Aluminio Triplex Aislado 2x2/0 + 1/0 N.A XLPE,pendiente_investigacion,CC-CABLE-ALUMINIO-TRIPLEX-AISLADO-2X2-0-1-0-N-A-XLPE,"Referencia descubierta; ficha oficial exacta, marca e imagen todavía pendientes."
SRT-PENDING-B11AA016E2B8,Pendiente de verificación - Cable Aluminio Triplex Aislado 2x1/0 + 1/0 N.A XLPE,pendiente_investigacion,CC-CABLE-ALUMINIO-TRIPLEX-AISLADO-2X1-0-1-0-N-A-XLPE,"Referencia descubierta; ficha oficial exacta, marca e imagen todavía pendientes."
SRT-PENDING-BEE533777F39,Pendiente de verificación - Cable Aluminio Triplex Aislado 2x1/0 + 2 N.A XLPE,pendiente_investigacion,CC-CABLE-ALUMINIO-TRIPLEX-AISLADO-2X1-0-2-N-A-XLPE,"Referencia descubierta; ficha oficial exacta, marca e imagen todavía pendientes."
SRT-PENDING-F0C739013C64,Pendiente de verificación - Cable Aluminio Triplex Aislado 2x2 + 1/0 N.A XLPE,pendiente_investigacion,CC-CABLE-ALUMINIO-TRIPLEX-AISLADO-2X2-1-0-N-A-XLPE,"Referencia descubierta; ficha oficial exacta, marca e imagen todavía pendientes."
SRT-PENDING-FEF1B0043135,Pendiente de verificación - Cable Aluminio Triplex Aislado 2x2 + 2 N.A XLPE,pendiente_investigacion,CC-CABLE-ALUMINIO-TRIPLEX-AISLADO-2X2-2-N-A-XLPE,"Referencia descubierta; ficha oficial exacta, marca e imagen todavía pendientes."
SRT-PENDING-9D6BDB0B6AF8,Pendiente de verificación - Cable Aluminio Triplex Aislado 2x4 + 2 N.A XLPE,pendiente_investigacion,CC-CABLE-ALUMINIO-TRIPLEX-AISLADO-2X4-2-N-A-XLPE,"Referencia descubierta; ficha oficial exacta, marca e imagen todavía pendientes."
SRT-PENDING-A5F2945A3C24,Pendiente de verificación - Cable Aluminio Triplex Aislado 2x4 + 4 N.A XLPE,pendiente_investigacion,CC-CABLE-ALUMINIO-TRIPLEX-AISLADO-2X4-4-N-A-XLPE,"Referencia descubierta; ficha oficial exacta, marca e imagen todavía pendientes."
SRT-PENDING-8C051F2F5E7C,Pendiente de verificación - Cable Aluminio Duplex Desnudo 1X2 + 2 N.D XLPE,pendiente_investigacion,CC-CABLE-ALUMINIO-DUPLEX-DESNUDO-1X2-2-N-D-XLPE,"Referencia descubierta; ficha oficial exacta, marca e imagen todavía pendientes."
SRT-PENDING-DDC30E095636,Pendiente de verificación - Cable Aluminio Duplex Desnudo 1X4 + 4 N.D XLPE,pendiente_investigacion,CC-CABLE-ALUMINIO-DUPLEX-DESNUDO-1X4-4-N-D-XLPE,"Referencia descubierta; ficha oficial exacta, marca e imagen todavía pendientes."
SRT-PENDING-9B3D2F96EFA8,Pendiente de verificación - Cable Aluminio Duplex 1x2+ 2 N.A XLPE,pendiente_investigacion,CC-CABLE-ALUMINIO-DUPLEX-1X2-2-N-A-XLPE,"Referencia descubierta; ficha oficial exacta, marca e imagen todavía pendientes."
SRT-PENDING-AD0F27BB25AA,Pendiente de verificación - Cable Aluminio Duplex 1x4+ 4 N.A XLPE,pendiente_investigacion,CC-CABLE-ALUMINIO-DUPLEX-1X4-4-N-A-XLPE,"Referencia descubierta; ficha oficial exacta, marca e imagen todavía pendientes."
SRT-PENDING-061EAC97419A,Pendiente de verificación - Cable Bateria N4,pendiente_investigacion,CC-CABLE-BATERIA-N4,"Referencia descubierta; ficha oficial exacta, marca e imagen todavía pendientes."
SRT-PENDING-358405226874,Pendiente de verificación - Cable Bateria N2,pendiente_investigacion,CC-CABLE-BATERIA-N2,"Referencia descubierta; ficha oficial exacta, marca e imagen todavía pendientes."
SRT-CTRL-7x12AWG-CU-PVC,Pendiente de verificación - Cable Control 7x12 AWG PC Cu PVC,pendiente_piloto,CC-CABLE-CONTROL-7X12-AWG-PC-CU-PVC,Configuración 7 x 12 AWG sin referencia de fabricante confirmada.
SRT-CTRL-2x14-20AWG-CU-PVC-600V,Pendiente de verificación - Cable Control 2x14+20 awg cu pvc tc ls 90°c 600v,pendiente_piloto,CC-CABLE-CONTROL-2X14-20-AWG-CU-PVC-TC-LS-90-C-600V,La composición incluye un conductor adicional de 20 AWG que no aparece en la ficha revisada.
SRT-CTRL-4x14-20AWG-CU-PVC-600V,Pendiente de verificación - Cable Control 4x14+20 awg cu pvc tc ls 90°c 600v,pendiente_piloto,CC-CABLE-CONTROL-4X14-20-AWG-CU-PVC-TC-LS-90-C-600V,La composición incluye un conductor adicional de 20 AWG que no aparece en la ficha revisada.
SRT-CTRL-6x14-20AWG-CU-PVC-600V,Pendiente de verificación - Cable Control 6x14+20 awg cu pvc tc ls 90°c 600v,pendiente_piloto,CC-CABLE-CONTROL-6X14-20-AWG-CU-PVC-TC-LS-90-C-600V,La composición incluye un conductor adicional de 20 AWG que no aparece en la ficha revisada.
SRT-CTRL-9x14-20AWG-CU-PVC-600V,Pendiente de verificación - Cable Control 9x14+20 awg cu pvc tc ls 90°c 600v,pendiente_piloto,CC-CABLE-CONTROL-9X14-20-AWG-CU-PVC-TC-LS-90-C-600V,La composición incluye un conductor adicional de 20 AWG que no aparece en la ficha revisada.
SRT-CTRL-2x12-20AWG-CU-PVC-600V,Pendiente de verificación - Cable Control 2x12+20 awg cu pvc tc ls 90°c 600v,pendiente_piloto,CC-CABLE-CONTROL-2X12-20-AWG-CU-PVC-TC-LS-90-C-600V,La composición incluye un conductor adicional de 20 AWG que no aparece en la ficha revisada.
SRT-CTRL-4x12-20AWG-CU-PVC-600V,Pendiente de verificación - Cable Control 4x12+20 awg cu pvc tc ls 90°c 600v,pendiente_piloto,CC-CABLE-CONTROL-4X12-20-AWG-CU-PVC-TC-LS-90-C-600V,La composición incluye un conductor adicional de 20 AWG que no aparece en la ficha revisada.
SRT-CTRL-6x12-20AWG-CU-PVC-600V,Pendiente de verificación - Cable Control 6x12+20 awg cu pvc tc ls 90°c 600v,pendiente_piloto,CC-CABLE-CONTROL-6X12-20-AWG-CU-PVC-TC-LS-90-C-600V,La composición incluye un conductor adicional de 20 AWG que no aparece en la ficha revisada.
SRT-CTRL-9x12-20AWG-CU-PVC-600V,Pendiente de verificación - Cable Control 9x12+20 awg cu pvc tc ls 90°c 600v,pendiente_piloto,CC-CABLE-CONTROL-9X12-20-AWG-CU-PVC-TC-LS-90-C-600V,La composición incluye un conductor adicional de 20 AWG que no aparece en la ficha revisada.
SRT-CTRL-2x10-20AWG-CU-PVC-600V,Pendiente de verificación - Cable Control 2x10+20 awg cu pvc tc ls 90°c 600v,pendiente_piloto,CC-CABLE-CONTROL-2X10-20-AWG-CU-PVC-TC-LS-90-C-600V,La composición incluye un conductor adicional de 20 AWG que no aparece en la ficha revisada.
SRT-CTRL-4x10-20AWG-CU-PVC-600V,Pendiente de verificación - Cable Control 4x10+20 awg cu pvc tc ls 90°c 600v,pendiente_piloto,CC-CABLE-CONTROL-4X10-20-AWG-CU-PVC-TC-LS-90-C-600V,La composición incluye un conductor adicional de 20 AWG que no aparece en la ficha revisada.
SRT-CTRL-9x10-20AWG-CU-PVC-600V,Pendiente de verificación - Cable Control 9x10+20 awg cu pvc tc ls 90°c 600v,pendiente_piloto,CC-CABLE-CONTROL-9X10-20-AWG-CU-PVC-TC-LS-90-C-600V,La composición incluye un conductor adicional de 20 AWG que no aparece en la ficha revisada.
SRT-PENDING-D5407E35166B,Pendiente de verificación - Cable Acometida 1X8+8 Monofasico Cu,pendiente_investigacion,CC-CABLE-ACOMETIDA-1X8-8-MONOFASICO-CU,"Referencia descubierta; ficha oficial exacta, marca e imagen todavía pendientes."
SRT-PENDING-057D58022FDD,Pendiente de verificación - Cable Acometida 2X8+8 Bifasico Cu,pendiente_investigacion,CC-CABLE-ACOMETIDA-2X8-8-BIFASICO-CU,"Referencia descubierta; ficha oficial exacta, marca e imagen todavía pendientes."
SRT-PENDING-3A016A2ED5CF,Pendiente de verificación - Cable Acometida 3X8+10 Trifásico Trébol Cu,pendiente_investigacion,CC-CABLE-ACOMETIDA-3X8-10-TRIFASICO-TREBOL-CU-2,"Referencia descubierta; ficha oficial exacta, marca e imagen todavía pendientes."
SRT-PENDING-4C5E4B9A7608,Pendiente de verificación - Cable Acometida 3X8+8 Trifásico Cu,pendiente_investigacion,CC-CABLE-ACOMETIDA-3X8-8-TRIFASICO-CU,"Referencia descubierta; ficha oficial exacta, marca e imagen todavía pendientes."
SRT-PENDING-CB11D6CC147A,Pendiente de verificación - Cable Acometida 3X6+8 Trifásico Trébol Cu,pendiente_investigacion,CC-CABLE-ACOMETIDA-3X6-8-TRIFASICO-TREBOL-CU-3,"Referencia descubierta; ficha oficial exacta, marca e imagen todavía pendientes."
SRT-PENDING-82211F992308,Pendiente de verificación - Cable Acometida 3X4+6 Trifásico Trébol Cu,pendiente_investigacion,CC-CABLE-ACOMETIDA-3X4-6-TRIFASICO-TREBOL-CU-6,"Referencia descubierta; ficha oficial exacta, marca e imagen todavía pendientes."
SRT-PENDING-84C5415A058A,Pendiente de verificación - Cable Acometida 3X2+4 Trebol Trifasico Cu,pendiente_investigacion,CC-CABLE-ACOMETIDA-3X2-4-TREBOL-TRIFASICO-CU,"Referencia descubierta; ficha oficial exacta, marca e imagen todavía pendientes."
SRT-PENDING-91D6A3C793FA,Pendiente de verificación - Cable Acometida Aluminio 1x6+6 Monofásico,pendiente_investigacion,CC-CABLE-ACOMETIDA-ALUMINIO-1X6-6-MONOFASICO,"Referencia descubierta; ficha oficial exacta, marca e imagen todavía pendientes."
SRT-PENDING-8E11A5B06622,Pendiente de verificación - Cable Ecologico AL-ACSR 1/0 13.2KV/15KV,pendiente_investigacion,CC-CABLE-ECOLOGICO-AL-ACSR-1-0-13-2KV-15KV-5,"Referencia descubierta; ficha oficial exacta, marca e imagen todavía pendientes."
SRT-PENDING-235E33CBA9A7,Pendiente de verificación - Cable Ecologico AL-ACSR 2/0 13.2KV/15KV,pendiente_investigacion,CC-CABLE-ECOLOGICO-AL-ACSR-2-0-13-2KV-15KV-2,"Referencia descubierta; ficha oficial exacta, marca e imagen todavía pendientes."
SRT-PENDING-4F60E7FF2406,Pendiente de verificación - Cable Ecologico AL-ACSR 4/0 13.2KV/15KV,pendiente_investigacion,CC-CABLE-ECOLOGICO-AL-ACSR-4-0-13-2KV-15KV-5,"Referencia descubierta; ficha oficial exacta, marca e imagen todavía pendientes."
SRT-PENDING-5EC7E5DAAF50,Pendiente de verificación - Cable Ecológico AL-ACSR 266.38 13.2KV/15KV,pendiente_investigacion,CC-CABLE-ECOLOGICO-AL-ACSR-266-38-13-2KV-15KV,"Referencia descubierta; ficha oficial exacta, marca e imagen todavía pendientes."
SRT-PENDING-8FCC4E5B7572,Pendiente de verificación - Cable Ecologico AL-ACSR 1/0 34.5KV,pendiente_investigacion,CC-CABLE-ECOLOGICO-AL-ACSR-1-0-34-5KV-7,"Referencia descubierta; ficha oficial exacta, marca e imagen todavía pendientes."
SRT-PENDING-78EE0A2AE0E5,Pendiente de verificación - Cable Ecologico AL-ACSR 2/0 34.5KV,pendiente_investigacion,CC-CABLE-ECOLOGICO-AL-ACSR-2-0-34-5KV-1,"Referencia descubierta; ficha oficial exacta, marca e imagen todavía pendientes."
SRT-PENDING-35EE11579D66,Pendiente de verificación - Cable Ecologico AL-ACSR 4/0 34.5KV,pendiente_investigacion,CC-CABLE-ECOLOGICO-AL-ACSR-4-0-34-5KV-5,"Referencia descubierta; ficha oficial exacta, marca e imagen todavía pendientes."
SRT-PENDING-E4258346E928,Pendiente de verificación - Cable Ecológico AL-ACSR 266.8 34.5KV,pendiente_investigacion,CC-CABLE-ECOLOGICO-AL-ACSR-266-8-34-5KV,"Referencia descubierta; ficha oficial exacta, marca e imagen todavía pendientes."
SRT-PENDING-8E4A84C51885,Pendiente de verificación - Cable Fibra Optica LSZH 4 Núcleos Rollo 100m,pendiente_investigacion,CC-CABLE-FIBRA-OPTICA-LSZH-4-NUCLEOS-ROLLO-100M,"Referencia descubierta; ficha oficial exacta, marca e imagen todavía pendientes."
SRT-PENDING-A6602A7A1353,Pendiente de verificación - Cable Fibra Optica LSZH 2 Núcleos Rollo 100m,pendiente_investigacion,CC-CABLE-FIBRA-OPTICA-LSZH-2-NUCLEOS-ROLLO-100M,"Referencia descubierta; ficha oficial exacta, marca e imagen todavía pendientes."
SRT-PENDING-99E26045D3D7,Pendiente de verificación - Cable Fibra Optica LSZH 1 Núcleo Rollo 100m,pendiente_investigacion,CC-CABLE-FIBRA-OPTICA-LSZH-1-NUCLEO-ROLLO-100M,"Referencia descubierta; ficha oficial exacta, marca e imagen todavía pendientes."
SRT-PENDING-DFC1513D0C3E,Pendiente de verificación - Cable Fibra Adss 24 Hilos - *2 Km (Uso Exterior - Span 100),pendiente_investigacion,CC-CABLE-FIBRA-ADSS-24-HILOS-2-KM-USO-EXTERIOR-SPAN-100,"Referencia descubierta; ficha oficial exacta, marca e imagen todavía pendientes."
SRT-PENDING-095A03DF0197,Pendiente de verificación - Cable Fibra Adss 12 Hilos - *2 Km (Uso Exterior - Span 100),pendiente_investigacion,CC-CABLE-FIBRA-ADSS-12-HILOS-2-KM-USO-EXTERIOR-SPAN-100,"Referencia descubierta; ficha oficial exacta, marca e imagen todavía pendientes."
SRT-PENDING-28C87BA093A9,Pendiente de verificación - Cable Fibra Adss 6 Hilos - *2 Km (Uso Exterior - Span 100),pendiente_investigacion,CC-CABLE-FIBRA-ADSS-6-HILOS-2-KM-USO-EXTERIOR-SPAN-100,"Referencia descubierta; ficha oficial exacta, marca e imagen todavía pendientes."
SRT-PENDING-AF3507515DDF,Pendiente de verificación - Cable Fibra Drop 2 Hilos Con Mensajero - * 1Km (Uso Exterior - Lszh),pendiente_investigacion,CC-CABLE-FIBRA-DROP-2-HILOS-CON-MENSAJERO-1KM-USO-EXTERIOR-LSZH,"Referencia descubierta; ficha oficial exacta, marca e imagen todavía pendientes."
SRT-PENDING-9BEC9FA35927,Pendiente de verificación - Cable Fibra Drop 1 Hilo Con Mensajero - * 1Km (Uso Exterior - Lszh),pendiente_investigacion,CC-CABLE-FIBRA-DROP-1-HILO-CON-MENSAJERO-1KM-USO-EXTERIOR-LSZH,"Referencia descubierta; ficha oficial exacta, marca e imagen todavía pendientes."
SRT-PENDING-A1412AE78FD3,Pendiente de verificación - Cable Solar Fotovoltaico 4Mm2,pendiente_investigacion,CC-CABLE-SOLAR-FOTOVOLTAICO-4MM2,"Referencia descubierta; ficha oficial exacta, marca e imagen todavía pendientes."
SRT-PENDING-805721FBF6F1,Pendiente de verificación - Cable Solar Fotovoltaico 6Mm2,pendiente_investigacion,CC-CABLE-SOLAR-FOTOVOLTAICO-6MM2,"Referencia descubierta; ficha oficial exacta, marca e imagen todavía pendientes."
SRT-PENDING-9A88679D8AD6,Pendiente de verificación - Cable Solar Fotovoltaico 10Mm2,pendiente_investigacion,CC-CABLE-SOLAR-FOTOVOLTAICO-10MM2,"Referencia descubierta; ficha oficial exacta, marca e imagen todavía pendientes."
SRT-PENDING-E67A9A1A46DB,Pendiente de verificación - Cable Solar Fotovoltaico 35Mm2,pendiente_investigacion,CC-CABLE-SOLAR-FOTOVOLTAICO-35MM2,"Referencia descubierta; ficha oficial exacta, marca e imagen todavía pendientes."
SRT-PENDING-86A1C7E43C49,Pendiente de verificación - Cable Solar Fotovoltaico 16Mm2,pendiente_investigacion,CC-CABLE-SOLAR-FOTOVOLTAICO-16MM2,"Referencia descubierta; ficha oficial exacta, marca e imagen todavía pendientes."
SRT-PENDING-03D1945CFA7D,Pendiente de verificación - Cable Solar Fotovoltaico 50Mm2,pendiente_investigacion,CC-CABLE-SOLAR-FOTOVOLTAICO-50MM2,"Referencia descubierta; ficha oficial exacta, marca e imagen todavía pendientes."
SRT-PENDING-7D60DB9DFF53,Pendiente de verificación - Cable Iluminación AWM CC 10 AWG Cu PVC 105°,pendiente_investigacion,CC-CABLE-ILUMINACION-AWM-CC-10-AWG-CU-PVC-105-9,"Referencia descubierta; ficha oficial exacta, marca e imagen todavía pendientes."
SRT-PENDING-EA778CFDDA9B,Pendiente de verificación - Cable Iluminación AWM CC 12 AWG Cu PVC 105°,pendiente_investigacion,CC-CABLE-ILUMINACION-AWM-CC-12-AWG-CU-PVC-105-5,"Referencia descubierta; ficha oficial exacta, marca e imagen todavía pendientes."
SRT-PENDING-EAC8A473BFEB,Pendiente de verificación - Cable Iluminación AWM CC 14 AWG Cu PVC 105°,pendiente_investigacion,CC-CABLE-ILUMINACION-AWM-CC-14-AWG-CU-PVC-105-1,"Referencia descubierta; ficha oficial exacta, marca e imagen todavía pendientes."
SRT-PENDING-C4114DD1AC80,Pendiente de verificación - Cable Iluminación AWM CC 16 AWG Cu PVC 105°,pendiente_investigacion,CC-CABLE-ILUMINACION-AWM-CC-16-AWG-CU-PVC-105-7,"Referencia descubierta; ficha oficial exacta, marca e imagen todavía pendientes."
SRT-PENDING-412FFC5C94B9,Pendiente de verificación - Cable Iluminación AWM CC 18 AWG Cu PVC 105°,pendiente_investigacion,CC-CABLE-ILUMINACION-AWM-CC-18-AWG-CU-PVC-105-2,"Referencia descubierta; ficha oficial exacta, marca e imagen todavía pendientes."
SRT-PENDING-3370646577EB,Pendiente de verificación - Cable Iluminación AWM CC 20 AWG Cu PVC 105°,pendiente_investigacion,CC-CABLE-ILUMINACION-AWM-CC-20-AWG-CU-PVC-105-3,"Referencia descubierta; ficha oficial exacta, marca e imagen todavía pendientes."
SRT-PENDING-919E21897BBE,Pendiente de verificación - Cable Instrumentación 2x18+20 awg cu pvc tc 105°c 600v/300v,pendiente_investigacion,CC-CABLE-INSTRUMENTACION-2X18-20-AWG-CU-PVC-TC-105-C-600V-300V,"Referencia descubierta; ficha oficial exacta, marca e imagen todavía pendientes."
SRT-PENDING-B4AEE6492655,Pendiente de verificación - Cable Instrumentación 3x18+20 awg cu pvc tc 105°c 600v/300v,pendiente_investigacion,CC-CABLE-INSTRUMENTACION-3X18-20-AWG-CU-PVC-TC-105-C-600V-300V,"Referencia descubierta; ficha oficial exacta, marca e imagen todavía pendientes."
SRT-PENDING-94AC706D41A6,Pendiente de verificación - Cable Instrumentación 4x18+20 awg cu pvc tc 105°c 600v/300v,pendiente_investigacion,CC-CABLE-INSTRUMENTACION-4X18-20-AWG-CU-PVC-TC-105-C-600V-300V,"Referencia descubierta; ficha oficial exacta, marca e imagen todavía pendientes."
SRT-PENDING-10B212FEBFFE,Pendiente de verificación - Cable Instrumentación 6x18+20 awg cu pvc tc 105°c 600v/300v,pendiente_investigacion,CC-CABLE-INSTRUMENTACION-6X18-20-AWG-CU-PVC-TC-105-C-600V-300V,"Referencia descubierta; ficha oficial exacta, marca e imagen todavía pendientes."
SRT-PENDING-C1CC25DAE03E,Pendiente de verificación - Cable Instrumentación 12x18+20 awg cu pvc tc 105°c 600v/300v,pendiente_investigacion,CC-CABLE-INSTRUMENTACION-12X18-20-AWG-CU-PVC-TC-105-C-600V-300V,"Referencia descubierta; ficha oficial exacta, marca e imagen todavía pendientes."
SRT-PENDING-8D5E569C3F69,Pendiente de verificación - Cable Instrumentación 18x18+20 awg cu pvc tc 105°c 600v/300v,pendiente_investigacion,CC-CABLE-INSTRUMENTACION-18X18-20-AWG-CU-PVC-TC-105-C-600V-300V,"Referencia descubierta; ficha oficial exacta, marca e imagen todavía pendientes."
SRT-PENDING-F651D769D79D,Pendiente de verificación - Cable Instrumentación 2x16+20 awg cu pvc tc 105°c 600v/300v,pendiente_investigacion,CC-CABLE-INSTRUMENTACION-2X16-20-AWG-CU-PVC-TC-105-C-600V-300V,"Referencia descubierta; ficha oficial exacta, marca e imagen todavía pendientes."
SRT-PENDING-A18F6A8F29EA,Pendiente de verificación - Cable Instrumentación 3x16+20 awg cu pvc tc 105°c 600v/300v,pendiente_investigacion,CC-CABLE-INSTRUMENTACION-3X16-20-AWG-CU-PVC-TC-105-C-600V-300V,"Referencia descubierta; ficha oficial exacta, marca e imagen todavía pendientes."
SRT-PENDING-C4355DF306F7,Pendiente de verificación - Cable Instrumentación 4x16+20 awg cu pvc tc 105°c 600v/300v,pendiente_investigacion,CC-CABLE-INSTRUMENTACION-4X16-20-AWG-CU-PVC-TC-105-C-600V-300V,"Referencia descubierta; ficha oficial exacta, marca e imagen todavía pendientes."
SRT-PENDING-14AF2C78A875,Pendiente de verificación - Cable Instrumentación 9x18+20 awg cu pvc tc 105°c 600v/300v,pendiente_investigacion,CC-CABLE-INSTRUMENTACION-9X18-20-AWG-CU-PVC-TC-105-C-600V-300V,"Referencia descubierta; ficha oficial exacta, marca e imagen todavía pendientes."
SRT-PENDING-05B89A5D3499,Pendiente de verificación - Cable Instrumentación 9x16+20 awg cu pvc tc 105°c 600v/300v,pendiente_investigacion,CC-CABLE-INSTRUMENTACION-9X16-20-AWG-CU-PVC-TC-105-C-600V-300V,"Referencia descubierta; ficha oficial exacta, marca e imagen todavía pendientes."
SRT-PENDING-9C5726EFF653,Pendiente de verificación - Cable Instrumentación 12x16+20 awg cu pvc tc 105°c 600v/300v,pendiente_investigacion,CC-CABLE-INSTRUMENTACION-12X16-20-AWG-CU-PVC-TC-105-C-600V-300V,"Referencia descubierta; ficha oficial exacta, marca e imagen todavía pendientes."
SRT-PENDING-3772A6900D19,Pendiente de verificación - Cable Instrumentación 18x16+20 awg cu pvc tc 105°c 600v/300v,pendiente_investigacion,CC-CABLE-INSTRUMENTACION-18X16-20-AWG-CU-PVC-TC-105-C-600V-300V,"Referencia descubierta; ficha oficial exacta, marca e imagen todavía pendientes."
SRT-PENDING-4DB43417FE55,Pendiente de verificación - Media Tensión Aluminio XLPE 35kV 133% PC PVC 2 AWG,pendiente_investigacion,CC-MEDIA-TENSION-ALUMINIO-XLPE-35KV-133-PC-PVC-2-AWG,"Referencia descubierta; ficha oficial exacta, marca e imagen todavía pendientes."
SRT-PENDING-7C4F0C4F8DDC,Pendiente de verificación - Media Tensión Aluminio XLPE 35kV 133% PC PVC 1/0 AWG,pendiente_investigacion,CC-MEDIA-TENSION-ALUMINIO-XLPE-35KV-133-PC-PVC-1-0-AWG,"Referencia descubierta; ficha oficial exacta, marca e imagen todavía pendientes."
SRT-PENDING-0E4D564DCC73,Pendiente de verificación - Media Tensión Aluminio XLPE 35kV 133% PC PVC 2/0 AWG,pendiente_investigacion,CC-MEDIA-TENSION-ALUMINIO-XLPE-35KV-133-PC-PVC-2-0-AWG,"Referencia descubierta; ficha oficial exacta, marca e imagen todavía pendientes."
SRT-PENDING-927455C1F75E,Pendiente de verificación - Media Tensión Aluminio XLPE 35kV 133% PC PVC 3/0 AWG,pendiente_investigacion,CC-MEDIA-TENSION-ALUMINIO-XLPE-35KV-133-PC-PVC-3-0-AWG,"Referencia descubierta; ficha oficial exacta, marca e imagen todavía pendientes."
SRT-PENDING-DD34CD3E0D87,Pendiente de verificación - Media Tensión Aluminio XLPE 35kV 133% PC PVC 4/0 AWG,pendiente_investigacion,CC-MEDIA-TENSION-ALUMINIO-XLPE-35KV-133-PC-PVC-4-0-AWG,"Referencia descubierta; ficha oficial exacta, marca e imagen todavía pendientes."
SRT-PENDING-0A2A49AD2D7A,Pendiente de verificación - Media Tensión Aluminio XLPE 35kV 133% PC PVC 250 kcmil,pendiente_investigacion,CC-MEDIA-TENSION-ALUMINIO-XLPE-35KV-133-PC-PVC-250-KCMIL,"Referencia descubierta; ficha oficial exacta, marca e imagen todavía pendientes."
SRT-PENDING-43D7CB471925,Pendiente de verificación - Media Tensión Aluminio XLPE 35kV 133% PC PVC 350 kcmil,pendiente_investigacion,CC-MEDIA-TENSION-ALUMINIO-XLPE-35KV-133-PC-PVC-350-KCMIL,"Referencia descubierta; ficha oficial exacta, marca e imagen todavía pendientes."
SRT-PENDING-1C231A9009BF,Pendiente de verificación - Media Tensión Aluminio XLPE 35kV 133% PC PVC 500 kcmil,pendiente_investigacion,CC-MEDIA-TENSION-ALUMINIO-XLPE-35KV-133-PC-PVC-500-KCMIL,"Referencia descubierta; ficha oficial exacta, marca e imagen todavía pendientes."
SRT-PENDING-4FC9B9A4A075,Pendiente de verificación - Media Tensión Aluminio 90°C XLPE Hilos 35 kV 100% N=1/3 PVC 1/0 AWG,pendiente_investigacion,CC-MEDIA-TENSION-ALUMINIO-90-C-XLPE-HILOS-35-KV-100-N-1-3-PVC-1-0-AWG,"Referencia descubierta; ficha oficial exacta, marca e imagen todavía pendientes."
SRT-PENDING-21FDEE12A15A,Pendiente de verificación - Media Tensión Aluminio 90°C XLPE Hilos 35 kV 100% N=1/3 PVC 2/0 AWG,pendiente_investigacion,CC-MEDIA-TENSION-ALUMINIO-90-C-XLPE-HILOS-35-KV-100-N-1-3-PVC-2-0-AWG,"Referencia descubierta; ficha oficial exacta, marca e imagen todavía pendientes."
SRT-PENDING-4CF105DE30C2,Pendiente de verificación - Media Tensión Aluminio 90°C XLPE Hilos 35 kV 100% N=1/3 PVC 3/0 AWG,pendiente_investigacion,CC-MEDIA-TENSION-ALUMINIO-90-C-XLPE-HILOS-35-KV-100-N-1-3-PVC-3-0-AWG,"Referencia descubierta; ficha oficial exacta, marca e imagen todavía pendientes."
SRT-PENDING-5EEA3418D619,Pendiente de verificación - Media Tensión Aluminio 90°C XLPE Hilos 35 kV 100% N=1/3 PVC 4/0 AWG,pendiente_investigacion,CC-MEDIA-TENSION-ALUMINIO-90-C-XLPE-HILOS-35-KV-100-N-1-3-PVC-4-0-AWG,"Referencia descubierta; ficha oficial exacta, marca e imagen todavía pendientes."
SRT-PENDING-664ADB6569BA,Pendiente de verificación - Media Tensión Aluminio 90°C XLPE Hilos 35 kV 100% N=1/3 PVC 250 kcmil,pendiente_investigacion,CC-MEDIA-TENSION-ALUMINIO-90-C-XLPE-HILOS-35-KV-100-N-1-3-PVC-250-KCMIL,"Referencia descubierta; ficha oficial exacta, marca e imagen todavía pendientes."
SRT-PENDING-24B076CA4A91,Pendiente de verificación - Media Tensión Aluminio 90°C XLPE Hilos 35 kV 100% N=1/3 PVC 350 kcmil,pendiente_investigacion,CC-MEDIA-TENSION-ALUMINIO-90-C-XLPE-HILOS-35-KV-100-N-1-3-PVC-350-KCMIL,"Referencia descubierta; ficha oficial exacta, marca e imagen todavía pendientes."
SRT-PENDING-4D7A8DBC465B,Pendiente de verificación - Media Tensión Aluminio 90°C XLPE Hilos 35 kV 100% N=1/3 PVC 500 kcmil,pendiente_investigacion,CC-MEDIA-TENSION-ALUMINIO-90-C-XLPE-HILOS-35-KV-100-N-1-3-PVC-500-KCMIL,"Referencia descubierta; ficha oficial exacta, marca e imagen todavía pendientes."
SRT-PENDING-5B87EE556F4F,Pendiente de verificación - Media Tensión Aluminio 90°C XLPE Hilos 35 kV 133% N=1/3 PVC 1/0 AWG,pendiente_investigacion,CC-MEDIA-TENSION-ALUMINIO-90-C-XLPE-HILOS-35-KV-133-N-1-3-PVC-1-0-AWG,"Referencia descubierta; ficha oficial exacta, marca e imagen todavía pendientes."
SRT-PENDING-36C5EDC88BF4,Pendiente de verificación - Media Tensión Aluminio 90°C XLPE Hilos 35 kV 133% N=1/3 PVC 2/0 AWG,pendiente_investigacion,CC-MEDIA-TENSION-ALUMINIO-90-C-XLPE-HILOS-35-KV-133-N-1-3-PVC-2-0-AWG,"Referencia descubierta; ficha oficial exacta, marca e imagen todavía pendientes."
SRT-PENDING-2805FE222FAB,Pendiente de verificación - Media Tensión Aluminio 90°C XLPE Hilos 35 kV 133% N=1/3 PVC 3/0 AWG,pendiente_investigacion,CC-MEDIA-TENSION-ALUMINIO-90-C-XLPE-HILOS-35-KV-133-N-1-3-PVC-3-0-AWG,"Referencia descubierta; ficha oficial exacta, marca e imagen todavía pendientes."
SRT-PENDING-7163D24622CF,Pendiente de verificación - Media Tensión Aluminio 90°C XLPE Hilos 35 kV 133% N=1/3 PVC 4/0 AWG,pendiente_investigacion,CC-MEDIA-TENSION-ALUMINIO-90-C-XLPE-HILOS-35-KV-133-N-1-3-PVC-4-0-AWG,"Referencia descubierta; ficha oficial exacta, marca e imagen todavía pendientes."
SRT-PENDING-FB810094753B,Pendiente de verificación - Media Tensión Aluminio 90°C XLPE Hilos 35 kV 133% N=1/3 PVC 250 kcmil,pendiente_investigacion,CC-MEDIA-TENSION-ALUMINIO-90-C-XLPE-HILOS-35-KV-133-N-1-3-PVC-250-KCMIL,"Referencia descubierta; ficha oficial exacta, marca e imagen todavía pendientes."
SRT-PENDING-05BE371389F4,Pendiente de verificación - Media Tensión Aluminio 90°C XLPE Hilos 35 kV 133% N=1/3 PVC 350 kcmil,pendiente_investigacion,CC-MEDIA-TENSION-ALUMINIO-90-C-XLPE-HILOS-35-KV-133-N-1-3-PVC-350-KCMIL,"Referencia descubierta; ficha oficial exacta, marca e imagen todavía pendientes."
SRT-PENDING-45A5EB711460,Pendiente de verificación - Media Tensión Aluminio 90°C XLPE Hilos 35 kV 133% N=1/3 PVC 500 kcmil,pendiente_investigacion,CC-MEDIA-TENSION-ALUMINIO-90-C-XLPE-HILOS-35-KV-133-N-1-3-PVC-500-KCMIL,"Referencia descubierta; ficha oficial exacta, marca e imagen todavía pendientes."
SRT-PENDING-2B279C123F20,Pendiente de verificación - Cable Aluminio 1/0 AWG 15kV PH 100% N 100%,pendiente_investigacion,CC-CABLE-ALUMINIO-1-0-AWG-15KV-PH-100-N-100,"Referencia descubierta; ficha oficial exacta, marca e imagen todavía pendientes."
SRT-PENDING-8190551DE932,Pendiente de verificación - Cable Aluminio 1/0 AWG 15kV PH 133%,pendiente_investigacion,CC-CABLE-ALUMINIO-1-0-AWG-15KV-PH-133,"Referencia descubierta; ficha oficial exacta, marca e imagen todavía pendientes."
SRT-PENDING-A6E3F754CE04,Pendiente de verificación - Cable Aluminio 185mm² 15kV PH 100%,pendiente_investigacion,CC-CABLE-ALUMINIO-185MM-15KV-PH-100,"Referencia descubierta; ficha oficial exacta, marca e imagen todavía pendientes."
SRT-PENDING-5DBBBDA2896B,Pendiente de verificación - Cable Aluminio 240mm² 15kV PH 100%,pendiente_investigacion,CC-CABLE-ALUMINIO-240MM-15KV-PH-100,"Referencia descubierta; ficha oficial exacta, marca e imagen todavía pendientes."
SRT-PENDING-A2FFEA41745E,Pendiente de verificación - Cable Aluminio 95mm² 15kV PH 100%,pendiente_investigacion,CC-CABLE-ALUMINIO-95MM-15KV-PH-100,"Referencia descubierta; ficha oficial exacta, marca e imagen todavía pendientes."
SRT-PENDING-D5281A627DB0,Pendiente de verificación - Cable Aluminio 70mm² 15kV PH 100%,pendiente_investigacion,CC-CABLE-ALUMINIO-70MM-15KV-PH-100,"Referencia descubierta; ficha oficial exacta, marca e imagen todavía pendientes."
SRT-PENDING-34EF4D91B8ED,Pendiente de verificación - Cable Aluminio 240mm² 15kV PH 133%,pendiente_investigacion,CC-CABLE-ALUMINIO-240MM-15KV-PH-133,"Referencia descubierta; ficha oficial exacta, marca e imagen todavía pendientes."
SRT-PENDING-3FCD38309023,Pendiente de verificación - Cable Aluminio 185mm² 15kV PH 133%,pendiente_investigacion,CC-CABLE-ALUMINIO-185MM-15KV-PH-133,"Referencia descubierta; ficha oficial exacta, marca e imagen todavía pendientes."
SRT-PENDING-EF8381DEF90E,Pendiente de verificación - Cable Aluminio 120mm² 15kV PH 133%,pendiente_investigacion,CC-CABLE-ALUMINIO-120MM-15KV-PH-133,"Referencia descubierta; ficha oficial exacta, marca e imagen todavía pendientes."
SRT-PENDING-C474385D0CD5,Pendiente de verificación - Cable Aluminio 95mm² 15kV PH 133%,pendiente_investigacion,CC-CABLE-ALUMINIO-95MM-15KV-PH-133,"Referencia descubierta; ficha oficial exacta, marca e imagen todavía pendientes."
SRT-PENDING-58249E8B06CE,Pendiente de verificación - Cable Aluminio 70mm² 15kV PH 133%,pendiente_investigacion,CC-CABLE-ALUMINIO-70MM-15KV-PH-133,"Referencia descubierta; ficha oficial exacta, marca e imagen todavía pendientes."
SRT-PENDING-BBA3D6BF9EDC,Pendiente de verificación - Cable Media Tensión Aluminio 90°C XLPE 15kV No 2 100% PC PVC,pendiente_investigacion,CC-CABLE-MEDIA-TENSION-ALUMINIO-90-C-XLPE-15KV-NO-2-100-PC-PVC,"Referencia descubierta; ficha oficial exacta, marca e imagen todavía pendientes."
SRT-PENDING-A54804483E6B,Pendiente de verificación - Cable Media Tensión Aluminio 90°C XLPE 15kV No 350 kcmil 100% PC PVC,pendiente_investigacion,CC-CABLE-MEDIA-TENSION-ALUMINIO-90-C-XLPE-15KV-NO-350-KCMIL-100-PC-PVC,"Referencia descubierta; ficha oficial exacta, marca e imagen todavía pendientes."
SRT-PENDING-203BBF52C5D5,Pendiente de verificación - Cable Media Tensión Aluminio 90°C XLPE 15kV No 500 Kcmil 100% PC PVC,pendiente_investigacion,CC-CABLE-MEDIA-TENSION-ALUMINIO-90-C-XLPE-15KV-NO-500-KCMIL-100-PC-PVC,"Referencia descubierta; ficha oficial exacta, marca e imagen todavía pendientes."
SRT-PENDING-CB612095409C,Pendiente de verificación - Cable Media Tensión Aluminio 90°C XLPE 15kV No 4/0 100% PC PVC,pendiente_investigacion,CC-CABLE-MEDIA-TENSION-ALUMINIO-90-C-XLPE-15KV-NO-4-0-100-PC-PVC,"Referencia descubierta; ficha oficial exacta, marca e imagen todavía pendientes."
SRT-PENDING-CB6E228A3272,Pendiente de verificación - Cable Media Tensión Aluminio 90°C XLPE 15kV No 1/0 100% PC PVC,pendiente_investigacion,CC-CABLE-MEDIA-TENSION-ALUMINIO-90-C-XLPE-15KV-NO-1-0-100-PC-PVC,"Referencia descubierta; ficha oficial exacta, marca e imagen todavía pendientes."
SRT-PENDING-2929BC6D87A2,Pendiente de verificación - Cable Media Tensión Aluminio 90°C XLPE 15kV No 2/0 100% PC PVC,pendiente_investigacion,CC-CABLE-MEDIA-TENSION-ALUMINIO-90-C-XLPE-15KV-NO-2-0-100-PC-PVC,"Referencia descubierta; ficha oficial exacta, marca e imagen todavía pendientes."
SRT-PENDING-AA1D791BFE33,Pendiente de verificación - Cable Media Tensión Aluminio 90°C XLPE 15kV No 3/0 100% PC PVC,pendiente_investigacion,CC-CABLE-MEDIA-TENSION-ALUMINIO-90-C-XLPE-15KV-NO-3-0-100-PC-PVC,"Referencia descubierta; ficha oficial exacta, marca e imagen todavía pendientes."
SRT-PENDING-C65574C8189E,Pendiente de verificación - Cable Media Tensión Aluminio 90°C XLPE 15kV No 250 Kcmil 100% PC PVC,pendiente_investigacion,CC-CABLE-MEDIA-TENSION-ALUMINIO-90-C-XLPE-15KV-NO-250-KCMIL-100-PC-PVC,"Referencia descubierta; ficha oficial exacta, marca e imagen todavía pendientes."
SRT-PENDING-8C1CDD016042,Pendiente de verificación - Media Tensión Aluminio 90°C XLPE 15kV 133% PC PVC 2 AWG,pendiente_investigacion,CC-MEDIA-TENSION-ALUMINIO-90-C-XLPE-15KV-133-PC-PVC-2-AWG,"Referencia descubierta; ficha oficial exacta, marca e imagen todavía pendientes."
SRT-PENDING-D27B33BF98AF,Pendiente de verificación - Media Tensión Aluminio 90°C XLPE 15kV 133% PC PVC 1/0 AWG,pendiente_investigacion,CC-MEDIA-TENSION-ALUMINIO-90-C-XLPE-15KV-133-PC-PVC-1-0-AWG,"Referencia descubierta; ficha oficial exacta, marca e imagen todavía pendientes."
SRT-PENDING-4C2645D6F44E,Pendiente de verificación - Media Tensión Aluminio 90°C XLPE 15kV 133% PC PVC 2/0 AWG,pendiente_investigacion,CC-MEDIA-TENSION-ALUMINIO-90-C-XLPE-15KV-133-PC-PVC-2-0-AWG,"Referencia descubierta; ficha oficial exacta, marca e imagen todavía pendientes."
SRT-PENDING-4D475875C29C,Pendiente de verificación - Media Tensión Aluminio 90°C XLPE 15kV 133% PC PVC 3/0 AWG,pendiente_investigacion,CC-MEDIA-TENSION-ALUMINIO-90-C-XLPE-15KV-133-PC-PVC-3-0-AWG,"Referencia descubierta; ficha oficial exacta, marca e imagen todavía pendientes."
SRT-PENDING-697D8A7D63E2,Pendiente de verificación - Media Tensión Aluminio 90°C XLPE 15kV 133% PC PVC 4/0 AWG,pendiente_investigacion,CC-MEDIA-TENSION-ALUMINIO-90-C-XLPE-15KV-133-PC-PVC-4-0-AWG,"Referencia descubierta; ficha oficial exacta, marca e imagen todavía pendientes."
SRT-PENDING-EED5A17010C9,Pendiente de verificación - Media Tensión Aluminio 90°C XLPE 15kV 133% PC PVC 250 kcmil,pendiente_investigacion,CC-MEDIA-TENSION-ALUMINIO-90-C-XLPE-15KV-133-PC-PVC-250-KCMIL,"Referencia descubierta; ficha oficial exacta, marca e imagen todavía pendientes."
SRT-PENDING-6106DBF723E4,Pendiente de verificación - Media Tensión Aluminio 90°C XLPE 15kV 133% PC PVC 350 kcmil,pendiente_investigacion,CC-MEDIA-TENSION-ALUMINIO-90-C-XLPE-15KV-133-PC-PVC-350-KCMIL,"Referencia descubierta; ficha oficial exacta, marca e imagen todavía pendientes."
SRT-PENDING-41719E3AD7A9,Pendiente de verificación - Media Tensión Aluminio 90°C XLPE 15kV 133% PC PVC 500 kcmil,pendiente_investigacion,CC-MEDIA-TENSION-ALUMINIO-90-C-XLPE-15KV-133-PC-PVC-500-KCMIL,"Referencia descubierta; ficha oficial exacta, marca e imagen todavía pendientes."
SRT-PENDING-2E1E744FA0B7,Pendiente de verificación - Media Tensión Aluminio 90°C XLPE Hilos 15 kV 100% N=1/3 PVC 2 AWG,pendiente_investigacion,CC-MEDIA-TENSION-ALUMINIO-90-C-XLPE-HILOS-15-KV-100-N-1-3-PVC-2-AWG,"Referencia descubierta; ficha oficial exacta, marca e imagen todavía pendientes."
SRT-PENDING-A4394BCB4A1A,Pendiente de verificación - Media Tensión Aluminio 90°C XLPE Hilos 15 kV 100% N=1/3 PVC 1/0 AWG,pendiente_investigacion,CC-MEDIA-TENSION-ALUMINIO-90-C-XLPE-HILOS-15-KV-100-N-1-3-PVC-1-0-AWG,"Referencia descubierta; ficha oficial exacta, marca e imagen todavía pendientes."
SRT-PENDING-B957BF39DB5A,Pendiente de verificación - Media Tensión Aluminio 90°C XLPE Hilos 15 kV 100% N=1/3 PVC 2/0 AWG,pendiente_investigacion,CC-MEDIA-TENSION-ALUMINIO-90-C-XLPE-HILOS-15-KV-100-N-1-3-PVC-2-0-AWG,"Referencia descubierta; ficha oficial exacta, marca e imagen todavía pendientes."
SRT-PENDING-4A63CBD45621,Pendiente de verificación - Media Tensión Aluminio 90°C XLPE Hilos 15 kV 100% N=1/3 PVC 3/0 AWG,pendiente_investigacion,CC-MEDIA-TENSION-ALUMINIO-90-C-XLPE-HILOS-15-KV-100-N-1-3-PVC-3-0-AWG,"Referencia descubierta; ficha oficial exacta, marca e imagen todavía pendientes."
SRT-PENDING-C08BCCBE5E8A,Pendiente de verificación - Media Tensión Aluminio 90°C XLPE Hilos 15 kV 100% N=1/3 PVC 4/0 AWG,pendiente_investigacion,CC-MEDIA-TENSION-ALUMINIO-90-C-XLPE-HILOS-15-KV-100-N-1-3-PVC-4-0-AWG,"Referencia descubierta; ficha oficial exacta, marca e imagen todavía pendientes."
SRT-PENDING-DA1DDA0F1AE4,Pendiente de verificación - Media Tensión Aluminio 90°C XLPE Hilos 15 kV 100% N=1/3 PVC 350 kcmil,pendiente_investigacion,CC-MEDIA-TENSION-ALUMINIO-90-C-XLPE-HILOS-15-KV-100-N-1-3-PVC-350-KCMIL,"Referencia descubierta; ficha oficial exacta, marca e imagen todavía pendientes."
SRT-PENDING-FC3EF16AF7AB,Pendiente de verificación - Media Tensión Aluminio 90°C XLPE Hilos 15 kV 100% N=1/3 PVC 500 kcmil,pendiente_investigacion,CC-MEDIA-TENSION-ALUMINIO-90-C-XLPE-HILOS-15-KV-100-N-1-3-PVC-500-KCMIL,"Referencia descubierta; ficha oficial exacta, marca e imagen todavía pendientes."
SRT-PENDING-3D4135D6F164,Pendiente de verificación - Media Tensión Aluminio 90°C XLPE Hilos 15 kV 133% N=1/3 PVC 2 AWG,pendiente_investigacion,CC-MEDIA-TENSION-ALUMINIO-90-C-XLPE-HILOS-15-KV-133-N-1-3-PVC-2-AWG,"Referencia descubierta; ficha oficial exacta, marca e imagen todavía pendientes."
SRT-PENDING-27662CB9D45E,Pendiente de verificación - Media Tensión Aluminio 90°C XLPE Hilos 15 kV 133% N=1/3 PVC 1/0 AWG,pendiente_investigacion,CC-MEDIA-TENSION-ALUMINIO-90-C-XLPE-HILOS-15-KV-133-N-1-3-PVC-1-0-AWG,"Referencia descubierta; ficha oficial exacta, marca e imagen todavía pendientes."
SRT-PENDING-DA11D6041422,Pendiente de verificación - Media Tensión Aluminio 90°C XLPE Hilos 15 kV 133% N=1/3 PVC 2/0 AWG,pendiente_investigacion,CC-MEDIA-TENSION-ALUMINIO-90-C-XLPE-HILOS-15-KV-133-N-1-3-PVC-2-0-AWG,"Referencia descubierta; ficha oficial exacta, marca e imagen todavía pendientes."
SRT-PENDING-1DCABF714A1D,Pendiente de verificación - Media Tensión Aluminio 90°C XLPE Hilos 15 kV 133% N=1/3 PVC 3/0 AWG,pendiente_investigacion,CC-MEDIA-TENSION-ALUMINIO-90-C-XLPE-HILOS-15-KV-133-N-1-3-PVC-3-0-AWG,"Referencia descubierta; ficha oficial exacta, marca e imagen todavía pendientes."
SRT-PENDING-36B099E7846C,Pendiente de verificación - Media Tensión Aluminio 90°C XLPE hilos 15 kV 133% N=1/3 PVC 4/0 AWG,pendiente_investigacion,CC-MEDIA-TENSION-ALUMINIO-90-C-XLPE-HILOS-15-KV-133-N-1-3-PVC-4-0-AWG,"Referencia descubierta; ficha oficial exacta, marca e imagen todavía pendientes."
SRT-PENDING-4DC0746ECBFB,Pendiente de verificación - Media Tensión Aluminio 90°C XLPE Hilos 15 kV 133% N=1/3 PVC 250 kcmil,pendiente_investigacion,CC-MEDIA-TENSION-ALUMINIO-90-C-XLPE-HILOS-15-KV-133-N-1-3-PVC-250-KCMIL,"Referencia descubierta; ficha oficial exacta, marca e imagen todavía pendientes."
SRT-PENDING-46F0BDD5F53E,Pendiente de verificación - Media Tensión Aluminio 90°C XLPE Hilos 15 kV 133% N=1/3 PVC 350 kcmil,pendiente_investigacion,CC-MEDIA-TENSION-ALUMINIO-90-C-XLPE-HILOS-15-KV-133-N-1-3-PVC-350-KCMIL,"Referencia descubierta; ficha oficial exacta, marca e imagen todavía pendientes."
SRT-PENDING-A4E8ED35EE7F,Pendiente de verificación - Media Tensión Aluminio 90°C XLPE Hilos 15 kV 133% N=1/3 PVC 500 kcmil,pendiente_investigacion,CC-MEDIA-TENSION-ALUMINIO-90-C-XLPE-HILOS-15-KV-133-N-1-3-PVC-500-KCMIL,"Referencia descubierta; ficha oficial exacta, marca e imagen todavía pendientes."
SRT-PENDING-2D373E3FD73E,Pendiente de verificación - Media Tensión Aluminio 90°C XLPE Hilos 8.7/15kV N=25mm2 PVC 70 mm2,pendiente_investigacion,CC-MEDIA-TENSION-ALUMINIO-90-C-XLPE-HILOS-8-7-15KV-N-25MM2-PVC-70-MM2,"Referencia descubierta; ficha oficial exacta, marca e imagen todavía pendientes."
SRT-PENDING-DAA55C842BE3,Pendiente de verificación - Media Tensión Aluminio 90°C XLPE Hilos 8.7/15kV N=25mm2 PVC 95 mm2,pendiente_investigacion,CC-MEDIA-TENSION-ALUMINIO-90-C-XLPE-HILOS-8-7-15KV-N-25MM2-PVC-95-MM2,"Referencia descubierta; ficha oficial exacta, marca e imagen todavía pendientes."
SRT-PENDING-590D4330D95C,Pendiente de verificación - Media Tensión Aluminio 90°C XLPE Hilos 8.7/15kV N=25mm2 PVC 120 mm2,pendiente_investigacion,CC-MEDIA-TENSION-ALUMINIO-90-C-XLPE-HILOS-8-7-15KV-N-25MM2-PVC-120-MM2,"Referencia descubierta; ficha oficial exacta, marca e imagen todavía pendientes."
SRT-PENDING-5F2E45451001,Pendiente de verificación - Media Tensión Aluminio 90°C XLPE Hilos 8.7/15kV N=25mm2 PVC 185 mm2,pendiente_investigacion,CC-MEDIA-TENSION-ALUMINIO-90-C-XLPE-HILOS-8-7-15KV-N-25MM2-PVC-185-MM2,"Referencia descubierta; ficha oficial exacta, marca e imagen todavía pendientes."
SRT-PENDING-D9FD95B83E59,Pendiente de verificación - Media Tensión Aluminio 90°C XLPE Hilos 8.7/15kV N=25mm 200mm2 PVC,pendiente_investigacion,CC-MEDIA-TENSION-ALUMINIO-90-C-XLPE-HILOS-8-7-15KV-N-25MM-200MM2-PVC,"Referencia descubierta; ficha oficial exacta, marca e imagen todavía pendientes."
SRT-PENDING-898C94937850,Pendiente de verificación - Media Tensión Aluminio 90°C XLPE Hilos 15 kV 100% N=1/3 PVC 250 kcmil,pendiente_investigacion,CC-MEDIA-TENSION-ALUMINIO-90-C-XLPE-HILOS-15-KV-100-N-1-3-PVC-250-KCMIL,"Referencia descubierta; ficha oficial exacta, marca e imagen todavía pendientes."
SRT-PENDING-490B7CE2806B,Pendiente de verificación - Media Tensión Cobre 90°C XLPE 35kV No 2/0 100% PC PVC,pendiente_investigacion,CC-MEDIA-TENSION-COBRE-90-C-XLPE-25KV-NO-2-0-100-PC-PVC,"Referencia descubierta; ficha oficial exacta, marca e imagen todavía pendientes."
SRT-PENDING-3222B7A7CFD2,Pendiente de verificación - Media Tensión Cobre 90°C XLPE 35kV No 4/0 100% PC PVC,pendiente_investigacion,CC-MEDIA-TENSION-COBRE-90-C-XLPE-35KV-NO-4-0-100-PC-PVC,"Referencia descubierta; ficha oficial exacta, marca e imagen todavía pendientes."
SRT-PENDING-56FC23BAFC07,Pendiente de verificación - Media Tensión Cobre 90°C XLPE 35kV No 1/0 133% PC PVC,pendiente_investigacion,CC-MEDIA-TENSION-COBRE-90-C-XLPE-35KV-NO-1-0-133-PC-PVC,"Referencia descubierta; ficha oficial exacta, marca e imagen todavía pendientes."
SRT-PENDING-9204397946C1,Pendiente de verificación - Media Tensión Cobre 90°C XLPE 35kV No 2/0 133% PC PVC,pendiente_investigacion,CC-MEDIA-TENSION-COBRE-90-C-XLPE-35KV-NO-2-0-133-PC-PVC,"Referencia descubierta; ficha oficial exacta, marca e imagen todavía pendientes."
SRT-PENDING-E328104BC9F1,Pendiente de verificación - Media Tensión Cobre 90°C XLPE 35kV No 3/0 133% PC PVC,pendiente_investigacion,CC-MEDIA-TENSION-COBRE-90-C-XLPE-35KV-NO-3-0-133-PC-PVC,"Referencia descubierta; ficha oficial exacta, marca e imagen todavía pendientes."
SRT-PENDING-D48C9ED890D3,Pendiente de verificación - Media Tensión Cobre 90°C XLPE 35kV No 4/0 133% PC PVC,pendiente_investigacion,CC-MEDIA-TENSION-COBRE-90-C-XLPE-35KV-NO-4-0-133-PC-PVC,"Referencia descubierta; ficha oficial exacta, marca e imagen todavía pendientes."
SRT-PENDING-BC7AB6C0DB1B,Pendiente de verificación - Media Tensión Cobre 90°C XLPE 35kV No 250 133% PC PVC,pendiente_investigacion,CC-MEDIA-TENSION-COBRE-90-C-XLPE-35KV-NO-250-133-PC-PVC,"Referencia descubierta; ficha oficial exacta, marca e imagen todavía pendientes."
SRT-PENDING-2D3B75775E4F,Pendiente de verificación - Media Tensión Cobre 90°C XLPE 35kV No 350 133% PC PVC,pendiente_investigacion,CC-MEDIA-TENSION-COBRE-90-C-XLPE-35KV-NO-350-133-PC-PVC,"Referencia descubierta; ficha oficial exacta, marca e imagen todavía pendientes."
SRT-PENDING-C5F8C46F6DF4,Pendiente de verificación - Media Tensión Cobre 90°C XLPE 35kV No 500 133% PC PVC,pendiente_investigacion,CC-MEDIA-TENSION-COBRE-90-C-XLPE-35KV-NO-500-133-PC-PVC,"Referencia descubierta; ficha oficial exacta, marca e imagen todavía pendientes."
SRT-PENDING-A1EEF1269335,Pendiente de verificación - Cable Media Tensión Cobre XLPE 1/0 AWG 15kV 100% PH,pendiente_investigacion,CC-CABLE-MEDIA-TENSION-COBRE-XLPE-1-0-AWG-15KV-100-PH,"Referencia descubierta; ficha oficial exacta, marca e imagen todavía pendientes."
SRT-PENDING-2D40F0A1D1B6,Pendiente de verificación - Cable Media Tensión Cobre XLPE 1/0 AWG 15kV 133% PC,pendiente_investigacion,CC-CABLE-MEDIA-TENSION-COBRE-XLPE-1-0-AWG-15KV-133-PC,"Referencia descubierta; ficha oficial exacta, marca e imagen todavía pendientes."
SRT-PENDING-3958B7C0BEF2,Pendiente de verificación - Cable Media Tensión Cobre XLPE 1/0 AWG 15kV 100% PC,pendiente_investigacion,CC-CABLE-MEDIA-TENSION-COBRE-XLPE-1-0-AWG-15KV-100-PC,"Referencia descubierta; ficha oficial exacta, marca e imagen todavía pendientes."
SRT-PENDING-BE1B2D69B2D0,Pendiente de verificación - Cable Media Tensión Cobre XLPE 2 AWG 15kV 133% PH,pendiente_investigacion,CC-CABLE-MEDIA-TENSION-COBRE-XLPE-2-AWG-15KV-133-PH,"Referencia descubierta; ficha oficial exacta, marca e imagen todavía pendientes."
SRT-PENDING-39C487C5DE72,Pendiente de verificación - Cable Media Tensión Cobre XLPE 2 AWG 15kV 100% PH,pendiente_investigacion,CC-CABLE-MEDIA-TENSION-COBRE-XLPE-2-AWG-15KV-100-PH,"Referencia descubierta; ficha oficial exacta, marca e imagen todavía pendientes."
SRT-PENDING-2F9A9886A1F6,Pendiente de verificación - Cable Media Tensión Cobre XLPE 2 AWG 15kV 133% PC,pendiente_investigacion,CC-CABLE-MEDIA-TENSION-COBRE-XLPE-2-AWG-15KV-133-PC,"Referencia descubierta; ficha oficial exacta, marca e imagen todavía pendientes."
SRT-PENDING-D9E22C29AF82,Pendiente de verificación - Cable Media Tensión Cobre XLPE 2 AWG 15kV 100% PC,pendiente_investigacion,CC-CABLE-MEDIA-TENSION-COBRE-XLPE-2-AWG-15KV-100-PC,"Referencia descubierta; ficha oficial exacta, marca e imagen todavía pendientes."
SRT-PENDING-DC66FFA29AB5,Pendiente de verificación - Media Tensión Cobre 90°C XLPE 15kV No 2/0 100% PC PVC,pendiente_investigacion,CC-MEDIA-TENSION-COBRE-90-C-XLPE-15KV-NO-2-0-100-PC-PVC,"Referencia descubierta; ficha oficial exacta, marca e imagen todavía pendientes."
SRT-PENDING-47C93D2B1C0F,Pendiente de verificación - Media Tensión Cobre 90°C XLPE 15kV No 2 133% PC PVC,pendiente_investigacion,CC-MEDIA-TENSION-COBRE-90-C-XLPE-15KV-NO-2-133-PC-PVC,"Referencia descubierta; ficha oficial exacta, marca e imagen todavía pendientes."
SRT-PENDING-EACAD6DB3991,Pendiente de verificación - Media Tensión Cobre 90°C XLPE 15kV No 1/0 100% PC PVC,pendiente_investigacion,CC-MEDIA-TENSION-COBRE-90-C-XLPE-15KV-NO-1-0-100-PC-PVC,"Referencia descubierta; ficha oficial exacta, marca e imagen todavía pendientes."
SRT-PENDING-D3F3B43777D8,Pendiente de verificación - Media Tensión Cobre 90°C XLPE 15kV No 3/0 133% PC PVC,pendiente_investigacion,CC-MEDIA-TENSION-COBRE-90-C-XLPE-15KV-NO-3-0-133-PC-PVC,"Referencia descubierta; ficha oficial exacta, marca e imagen todavía pendientes."
SRT-PENDING-1C8BC0CAAD59,Pendiente de verificación - Media Tensión Cobre 90°C XLPE 15kV No 4/0 133% PC PVC,pendiente_investigacion,CC-MEDIA-TENSION-COBRE-90-C-XLPE-15KV-NO-4-0-133-PC-PVC,"Referencia descubierta; ficha oficial exacta, marca e imagen todavía pendientes."
SRT-PENDING-74A49AEFEA79,Pendiente de verificación - Media Tensión Cobre 90°C XLPE 15kV No 1/0 133% PC PVC,pendiente_investigacion,CC-MEDIA-TENSION-COBRE-90-C-XLPE-15KV-NO-1-0-133-PC-PVC,"Referencia descubierta; ficha oficial exacta, marca e imagen todavía pendientes."
SRT-PENDING-12EFE0C7DB3A,Pendiente de verificación - Cable De Cobre XLPE De 15 KV No 250 Kcmil En Cinta 133%,pendiente_investigacion,CC-CABLE-DE-COBRE-XLPE-DE-15-KV-NO-250-KCMIL-EN-CINTA-133,"Referencia descubierta; ficha oficial exacta, marca e imagen todavía pendientes."
SRT-PENDING-C35BA134FFF6,Pendiente de verificación - Media Tensión Cobre 90°C XLPE 15kV No 350 Kcmil 133% PC PVC,pendiente_investigacion,CC-MEDIA-TENSION-COBRE-90-C-XLPE-15KV-NO-350-KCMIL-133-PC-PVC,"Referencia descubierta; ficha oficial exacta, marca e imagen todavía pendientes."
SRT-PENDING-3ADF260C8695,Pendiente de verificación - Media Tensión Cobre 90°C XLPE 15kV No 2/0 133% PC PVC,pendiente_investigacion,CC-MEDIA-TENSION-COBRE-90-C-XLPE-15KV-NO-2-0-133-PC-PVC,"Referencia descubierta; ficha oficial exacta, marca e imagen todavía pendientes."
SRT-PENDING-ABCAE6062FCC,Pendiente de verificación - Media Tensión Cobre 90°C XLPE 15kV No 2 100% PC PVC,pendiente_investigacion,CC-MEDIA-TENSION-COBRE-90-C-XLPE-15KV-NO-2-100-PC-PVC,"Referencia descubierta; ficha oficial exacta, marca e imagen todavía pendientes."
SRT-PENDING-B7219EB6AB8B,Pendiente de verificación - Media Tensión Cobre 90°C XLPE 15kV No 3/0 100% PC PVC,pendiente_investigacion,CC-MEDIA-TENSION-COBRE-90-C-XLPE-15KV-NO-3-0-100-PC-PVC,"Referencia descubierta; ficha oficial exacta, marca e imagen todavía pendientes."
SRT-PENDING-40A53F247828,Pendiente de verificación - Media Tensión Cobre 90°C XLPE 15kV No 4/0 100% PC PVC,pendiente_investigacion,CC-MEDIA-TENSION-COBRE-90-C-XLPE-15KV-NO-4-0-100-PC-PVC,"Referencia descubierta; ficha oficial exacta, marca e imagen todavía pendientes."
SRT-PENDING-54E54ADB17D6,Pendiente de verificación - Media Tensión Cobre 90°C XLPE 15kV No 250 kcmil 100% PC PVC,pendiente_investigacion,CC-MEDIA-TENSION-COBRE-90-C-XLPE-15KV-NO-250-KCMIL-100-PC-PVC,"Referencia descubierta; ficha oficial exacta, marca e imagen todavía pendientes."
SRT-PENDING-3F39F1104F57,Pendiente de verificación - Media Tensión Cobre 90°C XLPE 15kV No 350 kcmil 100% PC PVC,pendiente_investigacion,CC-MEDIA-TENSION-COBRE-90-C-XLPE-15KV-NO-350-KCMIL-100-PC-PVC,"Referencia descubierta; ficha oficial exacta, marca e imagen todavía pendientes."
SRT-PENDING-B810509BCD60,Pendiente de verificación - Media Tensión Cobre 90°C XLPE 15kV No 500 kcmil 100% PC PVC,pendiente_investigacion,CC-MEDIA-TENSION-COBRE-90-C-XLPE-15KV-NO-500-KCMIL-100-PC-PVC,"Referencia descubierta; ficha oficial exacta, marca e imagen todavía pendientes."
SRT-PENDING-1BB7C80490C5,Pendiente de verificación - Cable De Cobre XLPE De 15 KV No 500 Kcmil En Cinta 133%,pendiente_investigacion,CC-CABLE-DE-COBRE-XLPE-DE-15-KV-NO-500-KCMIL-EN-CINTA-133,"Referencia descubierta; ficha oficial exacta, marca e imagen todavía pendientes."
SRT-PENDING-94F94B9ACBDB,Pendiente de verificación - Cable Semaforización CC 3X16 AWG Cu PVC 90°C 600V,pendiente_investigacion,CC-CABLE-SEMAFORIZACION-CC-3X16-AWG-CU-PVC-90-C-600V,"Referencia descubierta; ficha oficial exacta, marca e imagen todavía pendientes."
SRT-PENDING-02BF301AF356,Pendiente de verificación - Cable Semaforización CC 4X16 AWG Cu PVC 90°C 600V,pendiente_investigacion,CC-CABLE-SEMAFORIZACION-CC-4X16-AWG-CU-PVC-90-C-600V,"Referencia descubierta; ficha oficial exacta, marca e imagen todavía pendientes."
SRT-PENDING-9F6CAF1AAAE6,Pendiente de verificación - Cable Semaforización CC 4X18 AWG Cu PVC 90°C 600V,pendiente_investigacion,CC-CABLE-SEMAFORIZACION-CC-4X18-AWG-CU-PVC-90-C-600V,"Referencia descubierta; ficha oficial exacta, marca e imagen todavía pendientes."
SRT-PENDING-F7C244D2214C,Pendiente de verificación - Cable Siliconado FV 6AWG,pendiente_investigacion,CC-CABLE-SILICONADO-FV-6AWG,"Referencia descubierta; ficha oficial exacta, marca e imagen todavía pendientes."
SRT-PENDING-ECB7765E15A7,Pendiente de verificación - Cable Siliconado FV 10Awg,pendiente_investigacion,CC-CABLE-SILICONADO-FV-10AWG,"Referencia descubierta; ficha oficial exacta, marca e imagen todavía pendientes."
SRT-PENDING-9521BFEF0CA0,Pendiente de verificación - Cable Siliconado FV 8Awg,pendiente_investigacion,CC-CABLE-SILICONADO-FV-8AWG,"Referencia descubierta; ficha oficial exacta, marca e imagen todavía pendientes."
SRT-PENDING-5EDB0B93C63C,Pendiente de verificación - Cable Siliconado FV 12Awg,pendiente_investigacion,CC-CABLE-SILICONADO-FV-12AWG,"Referencia descubierta; ficha oficial exacta, marca e imagen todavía pendientes."
SRT-PENDING-8989A0255528,Pendiente de verificación - Cable Siliconado FV 14Awg,pendiente_investigacion,CC-CABLE-SILICONADO-FV-14AWG,"Referencia descubierta; ficha oficial exacta, marca e imagen todavía pendientes."
SRT-PENDING-13717C18F00D,Pendiente de verificación - Cable Siliconado FV 16AWG,pendiente_investigacion,CC-CABLE-SILICONADO-FV-16AWG,"Referencia descubierta; ficha oficial exacta, marca e imagen todavía pendientes."
SRT-PENDING-A6276C788A3C,Pendiente de verificación - Cable Siliconado FV 18Awg,pendiente_investigacion,CC-CABLE-SILICONADO-FV-18AWG,"Referencia descubierta; ficha oficial exacta, marca e imagen todavía pendientes."
SRT-PENDING-75D2D2B06C60,Pendiente de verificación - Cable Soldador N6,pendiente_investigacion,CC-CABLE-SOLDADOR-N6,"Referencia descubierta; ficha oficial exacta, marca e imagen todavía pendientes."
SRT-PENDING-139187864D52,Pendiente de verificación - Cable Soldador N4,pendiente_investigacion,CC-CABLE-SOLDADOR-N4,"Referencia descubierta; ficha oficial exacta, marca e imagen todavía pendientes."
SRT-PENDING-9871FB242991,Pendiente de verificación - Cable Soldador N2,pendiente_investigacion,CC-CABLE-SOLDADOR-N2,"Referencia descubierta; ficha oficial exacta, marca e imagen todavía pendientes."
SRT-PENDING-07BC28A592EE,Pendiente de verificación - Cable Soldador 1/0 AWG,pendiente_investigacion,CC-CABLE-SOLDADOR-1-0-AWG,"Referencia descubierta; ficha oficial exacta, marca e imagen todavía pendientes."
SRT-PENDING-C41FBFD2E592,Pendiente de verificación - Cable Soldador 2/0 AWG,pendiente_investigacion,CC-CABLE-SOLDADOR-2-0-AWG,"Referencia descubierta; ficha oficial exacta, marca e imagen todavía pendientes."
SRT-PENDING-93137BE075F2,Pendiente de verificación - Cable Soldador 3/0 AWG,pendiente_investigacion,CC-CABLE-SOLDADOR-3-0-AWG,"Referencia descubierta; ficha oficial exacta, marca e imagen todavía pendientes."
SRT-PENDING-EE0E03761529,Pendiente de verificación - Cable Soldador 4/0 AWG,pendiente_investigacion,CC-CABLE-SOLDADOR-4-0-AWG,"Referencia descubierta; ficha oficial exacta, marca e imagen todavía pendientes."
SRT-PENDING-5B5B243A0F59,Pendiente de verificación - Cable UTP Aleacion Cat 5E Carrete Interior,pendiente_investigacion,CC-CABLE-UTP-ALEACION-CAT-5E-CARRETE-INTERIOR,"Referencia descubierta; ficha oficial exacta, marca e imagen todavía pendientes."
SRT-PENDING-8BE2DC733DE4,Pendiente de verificación - Cable Utp Aleacion Cat 5E Carrete Exterior,pendiente_investigacion,CC-CABLE-UTP-ALEACION-CAT-5E-CARRETE-EXTERIOR,"Referencia descubierta; ficha oficial exacta, marca e imagen todavía pendientes."
SRT-PENDING-97ED39B116A4,Pendiente de verificación - Cable Utp Aleacion Cat 6 Carrete Interior,pendiente_investigacion,CC-CABLE-UTP-ALEACION-CAT-6-CARRETE-INTERIOR,"Referencia descubierta; ficha oficial exacta, marca e imagen todavía pendientes."
SRT-PENDING-5570BB222E81,Pendiente de verificación - Cable Utp Aleacion Cat 6 Carrete Exterior,pendiente_investigacion,CC-CABLE-UTP-ALEACION-CAT-6-CARRETE-EXTERIOR,"Referencia descubierta; ficha oficial exacta, marca e imagen todavía pendientes."
SRT-PENDING-7119E708949F,Pendiente de verificación - Cable Utp 100% Cobre Cat 5E Carrete Interior,pendiente_investigacion,CC-CABLE-UTP-100-COBRE-CAT-5E-CARRETE-INTERIOR,"Referencia descubierta; ficha oficial exacta, marca e imagen todavía pendientes."
SRT-PENDING-0CBC5FB456EB,Pendiente de verificación - Cable Utp 100% Cobre Cat 5E Carrete Exterior,pendiente_investigacion,CC-CABLE-UTP-100-COBRE-CAT-5E-CARRETE-EXTERIOR,"Referencia descubierta; ficha oficial exacta, marca e imagen todavía pendientes."
SRT-PENDING-E6F06CC40DD7,Pendiente de verificación - Cable Utp 100% Cobre Cat 6 Carrete Interior,pendiente_investigacion,CC-CABLE-UTP-100-COBRE-CAT-6-CARRETE-INTERIOR,"Referencia descubierta; ficha oficial exacta, marca e imagen todavía pendientes."
SRT-PENDING-A09C5E947671,Pendiente de verificación - Cable Utp 100% Cobre Cat 6 Carrete Exterior,pendiente_investigacion,CC-CABLE-UTP-100-COBRE-CAT-6-CARRETE-EXTERIOR,"Referencia descubierta; ficha oficial exacta, marca e imagen todavía pendientes."
SRT-PENDING-BF708A70F703,Pendiente de verificación - Cable Utp 100% Cobre Cat 6A Carrete Interior,pendiente_investigacion,CC-CABLE-UTP-100-COBRE-CAT-6A-CARRETE-INTERIOR,"Referencia descubierta; ficha oficial exacta, marca e imagen todavía pendientes."
SRT-PENDING-935994F7A6A5,Pendiente de verificación - Cable Utp 100% Cobre Cat 6A Carrete Exterior,pendiente_investigacion,CC-CABLE-UTP-100-COBRE-CAT-6A-CARRETE-EXTERIOR,"Referencia descubierta; ficha oficial exacta, marca e imagen todavía pendientes."
SRT-PENDING-7D36590B02AB,Pendiente de verificación - Cable Baja N6 Blanco,pendiente_investigacion,CC-CABLE-BAJA-N6-BLANCO,"Referencia descubierta; ficha oficial exacta, marca e imagen todavía pendientes."
SRT-PENDING-BA004FF6990E,Pendiente de verificación - Cable Baja N6 Cafe,pendiente_investigacion,CC-CABLE-BAJA-N6-CAFE,"Referencia descubierta; ficha oficial exacta, marca e imagen todavía pendientes."
SRT-PENDING-7CF7206D973D,Pendiente de verificación - Cable Baja N6 Morado,pendiente_investigacion,CC-CABLE-BAJA-N6-MORADO,"Referencia descubierta; ficha oficial exacta, marca e imagen todavía pendientes."
SRT-PENDING-A128B8CB6FEB,Pendiente de verificación - Cable Baja N6 Naranja,pendiente_investigacion,CC-CABLE-BAJA-N6-NARANJA,"Referencia descubierta; ficha oficial exacta, marca e imagen todavía pendientes."
SRT-PENDING-BD76EEB13459,Pendiente de verificación - Cable Baja N6 Negro,pendiente_investigacion,CC-CABLE-BAJA-N6-NEGRO,"Referencia descubierta; ficha oficial exacta, marca e imagen todavía pendientes."
SRT-PENDING-3981093FFAFD,Pendiente de verificación - Cable Baja N6 Rojo,pendiente_investigacion,CC-CABLE-BAJA-N6-ROJO,"Referencia descubierta; ficha oficial exacta, marca e imagen todavía pendientes."
SRT-PENDING-9D58BFB37CD8,Pendiente de verificación - Cable Baja N6 Verde,pendiente_investigacion,CC-CABLE-BAJA-N6-VERDE,"Referencia descubierta; ficha oficial exacta, marca e imagen todavía pendientes."
SRT-PENDING-F21AB4BAC8CA,Pendiente de verificación - Cable CC MTW(TWK) N10 Amarillo,pendiente_investigacion,CC-CABLE-CC-MTW-TWK-N10-AMARILLO,"Referencia descubierta; ficha oficial exacta, marca e imagen todavía pendientes."
SRT-PENDING-682C5D0A0934,Pendiente de verificación - Cable CC MTW(TWK) N10 Blanco,pendiente_investigacion,CC-CABLE-CC-MTW-TWK-N10-BLANCO,"Referencia descubierta; ficha oficial exacta, marca e imagen todavía pendientes."
SRT-PENDING-40DFD3223D4A,Pendiente de verificación - Cable CC MTW(TWK) N10 Café,pendiente_investigacion,CC-CABLE-CC-MTW-TWK-N10-CAFE,"Referencia descubierta; ficha oficial exacta, marca e imagen todavía pendientes."
SRT-PENDING-F2CBCC65C867,Pendiente de verificación - Cable CC MTW(TWK) N10 Morado,pendiente_investigacion,CC-CABLE-CC-MTW-TWK-N10-MORADO,"Referencia descubierta; ficha oficial exacta, marca e imagen todavía pendientes."
SRT-PENDING-620D2F87780B,Pendiente de verificación - Cable CC MTW(TWK) N10 Naranja,pendiente_investigacion,CC-CABLE-CC-MTW-TWK-N10-NARANJA,"Referencia descubierta; ficha oficial exacta, marca e imagen todavía pendientes."
SRT-PENDING-FD5791B9A534,Pendiente de verificación - Cable CC MTW(TWK) N10 Negro,pendiente_investigacion,CC-CABLE-CC-MTW-TWK-N10-NEGRO,"Referencia descubierta; ficha oficial exacta, marca e imagen todavía pendientes."
SRT-PENDING-3548BD6A674E,Pendiente de verificación - Cable CC MTW(TWK) N10 Rojo,pendiente_investigacion,CC-CABLE-CC-MTW-TWK-N10-ROJO,"Referencia descubierta; ficha oficial exacta, marca e imagen todavía pendientes."
SRT-PENDING-2E3F9AC5B117,Pendiente de verificación - Cable CC MTW(TWK) N10 Verde,pendiente_investigacion,CC-CABLE-CC-MTW-TWK-N10-VERDE,"Referencia descubierta; ficha oficial exacta, marca e imagen todavía pendientes."
SRT-PENDING-5CACE114CA4F,Pendiente de verificación - Cable CC MTW(TWK) N12 Amarillo,pendiente_investigacion,CC-CABLE-CC-MTW-TWK-N12-AMARILLO,"Referencia descubierta; ficha oficial exacta, marca e imagen todavía pendientes."
SRT-PENDING-298B449092F0,Pendiente de verificación - Cable CC MTW(TWK) N12 Blanco,pendiente_investigacion,CC-CABLE-CC-MTW-TWK-N12-BLANCO,"Referencia descubierta; ficha oficial exacta, marca e imagen todavía pendientes."
SRT-PENDING-B846373BFADD,Pendiente de verificación - Cable CC MTW(TWK) N12 Café,pendiente_investigacion,CC-CABLE-CC-MTW-TWK-N12-CAFE,"Referencia descubierta; ficha oficial exacta, marca e imagen todavía pendientes."
SRT-PENDING-04070B3FE12A,Pendiente de verificación - Cable CC MTW(TWK) N12 Naranja,pendiente_investigacion,CC-CABLE-CC-MTW-TWK-N12-NARANJA,"Referencia descubierta; ficha oficial exacta, marca e imagen todavía pendientes."
SRT-PENDING-0B27149FA8A1,Pendiente de verificación - Cable CC MTW(TWK) N12 Negro,pendiente_investigacion,CC-CABLE-CC-MTW-TWK-N12-NEGRO,"Referencia descubierta; ficha oficial exacta, marca e imagen todavía pendientes."
SRT-PENDING-BCBD7F3EB86D,Pendiente de verificación - Cable CC MTW(TWK) N12 Rojo,pendiente_investigacion,CC-CABLE-CC-MTW-TWK-N12-ROJO,"Referencia descubierta; ficha oficial exacta, marca e imagen todavía pendientes."
SRT-PENDING-4DFBA15EF4AC,Pendiente de verificación - Cable CC MTW(TWK) N12 Verde,pendiente_investigacion,CC-CABLE-CC-MTW-TWK-N12-VERDE,"Referencia descubierta; ficha oficial exacta, marca e imagen todavía pendientes."
SRT-PENDING-00D52A324A7A,Pendiente de verificación - Cable CC MTW(TWK) N14 Amarillo,pendiente_investigacion,CC-CABLE-CC-MTW-TWK-N14-AMARILLO,"Referencia descubierta; ficha oficial exacta, marca e imagen todavía pendientes."
SRT-PENDING-7AC3712CEA7C,Pendiente de verificación - Cable CC MTW(TWK) N14 Blanco,pendiente_investigacion,CC-CABLE-CC-MTW-TWK-N14-BLANCO,"Referencia descubierta; ficha oficial exacta, marca e imagen todavía pendientes."
SRT-PENDING-D2B91FEDDE51,Pendiente de verificación - Cable CC MTW(TWK) N14 Café,pendiente_investigacion,CC-CABLE-CC-MTW-TWK-N14-CAFE,"Referencia descubierta; ficha oficial exacta, marca e imagen todavía pendientes."
SRT-PENDING-C1987586D8D0,Pendiente de verificación - Cable CC MTW(TWK) N14 Morado,pendiente_investigacion,CC-CABLE-CC-MTW-TWK-N14-MORADO,"Referencia descubierta; ficha oficial exacta, marca e imagen todavía pendientes."
SRT-PENDING-A22DB63FDD13,Pendiente de verificación - Cable CC MTW(TWK) N14 Naranja,pendiente_investigacion,CC-CABLE-CC-MTW-TWK-N14-NARANJA,"Referencia descubierta; ficha oficial exacta, marca e imagen todavía pendientes."
SRT-PENDING-14A0AC62DB1B,Pendiente de verificación - Cable CC MTW(TWK) N14 Negro,pendiente_investigacion,CC-CABLE-CC-MTW-TWK-N14-NEGRO,"Referencia descubierta; ficha oficial exacta, marca e imagen todavía pendientes."
SRT-PENDING-85704BD3B4F2,Pendiente de verificación - Cable CC MTW(TWK) N14 Rojo,pendiente_investigacion,CC-CABLE-CC-MTW-TWK-N14-ROJO,"Referencia descubierta; ficha oficial exacta, marca e imagen todavía pendientes."
SRT-PENDING-97509E130001,Pendiente de verificación - Cable CC MTW(TWK) N14 Verde,pendiente_investigacion,CC-CABLE-CC-MTW-TWK-N14-VERDE,"Referencia descubierta; ficha oficial exacta, marca e imagen todavía pendientes."
SRT-PENDING-35A3D3D63657,Pendiente de verificación - Cable CC TFF N16 Amarillo,pendiente_investigacion,CC-CABLE-CC-TFF-N16-AMARILLO,"Referencia descubierta; ficha oficial exacta, marca e imagen todavía pendientes."
SRT-PENDING-6E4411427ED4,Pendiente de verificación - Cable CC TFF N16 Blanco,pendiente_investigacion,CC-CABLE-CC-TFF-N16-BLANCO,"Referencia descubierta; ficha oficial exacta, marca e imagen todavía pendientes."
SRT-PENDING-688116380EBA,Pendiente de verificación - Cable CC TFF N16 Café,pendiente_investigacion,CC-CABLE-CC-TFF-N16-CAFE,"Referencia descubierta; ficha oficial exacta, marca e imagen todavía pendientes."
SRT-PENDING-44D02D7CC950,Pendiente de verificación - Cable CC TFF N16 Morado,pendiente_investigacion,CC-CABLE-CC-TFF-N16-MORADO,"Referencia descubierta; ficha oficial exacta, marca e imagen todavía pendientes."
SRT-PENDING-C123A9EAC875,Pendiente de verificación - Cable CC TFF N16 Naranja,pendiente_investigacion,CC-CABLE-CC-TFF-N16-NARANJA,"Referencia descubierta; ficha oficial exacta, marca e imagen todavía pendientes."
SRT-PENDING-31993EC9DB11,Pendiente de verificación - Cable CC TFF N16 Negro,pendiente_investigacion,CC-CABLE-CC-TFF-N16-NEGRO,"Referencia descubierta; ficha oficial exacta, marca e imagen todavía pendientes."
SRT-PENDING-33D093F9BD72,Pendiente de verificación - Cable CC TFF N16 Rojo,pendiente_investigacion,CC-CABLE-CC-TFF-N16-ROJO,"Referencia descubierta; ficha oficial exacta, marca e imagen todavía pendientes."
SRT-PENDING-BBD242E8628E,Pendiente de verificación - Cable CC TFF N16 Verde,pendiente_investigacion,CC-CABLE-CC-TFF-N16-VERDE,"Referencia descubierta; ficha oficial exacta, marca e imagen todavía pendientes."
SRT-PENDING-E2E89C3CDB3C,Pendiente de verificación - Cable CC TFF N18 Blanco,pendiente_investigacion,CC-CABLE-CC-TFF-N18-BLANCO,"Referencia descubierta; ficha oficial exacta, marca e imagen todavía pendientes."
SRT-PENDING-E2175E292AD4,Pendiente de verificación - Cable CC TFF N18 Café,pendiente_investigacion,CC-CABLE-CC-TFF-N18-CAFE,"Referencia descubierta; ficha oficial exacta, marca e imagen todavía pendientes."
SRT-PENDING-C0F95F150525,Pendiente de verificación - Cable CC TFF N18 Morado,pendiente_investigacion,CC-CABLE-CC-TFF-N18-MORADO,"Referencia descubierta; ficha oficial exacta, marca e imagen todavía pendientes."
SRT-PENDING-9F727277CC70,Pendiente de verificación - Cable CC TFF N18 Naranja,pendiente_investigacion,CC-CABLE-CC-TFF-N18-NARANJA,"Referencia descubierta; ficha oficial exacta, marca e imagen todavía pendientes."
SRT-PENDING-E92B8F867376,Pendiente de verificación - Cable CC TFF N18 Negro,pendiente_investigacion,CC-CABLE-CC-TFF-N18-NEGRO,"Referencia descubierta; ficha oficial exacta, marca e imagen todavía pendientes."
SRT-PENDING-949BEFDBED1F,Pendiente de verificación - Cable CC TFF N18 Rojo,pendiente_investigacion,CC-CABLE-CC-TFF-N18-ROJO,"Referencia descubierta; ficha oficial exacta, marca e imagen todavía pendientes."
SRT-PENDING-95911EF85308,Pendiente de verificación - Cable CC TFF N18 Verde,pendiente_investigacion,CC-CABLE-CC-TFF-N18-VERDE,"Referencia descubierta; ficha oficial exacta, marca e imagen todavía pendientes."
SRT-PENDING-1078F0D00E75,Pendiente de verificación - Cable CC TFF N6 Amarillo,pendiente_investigacion,CC-CABLE-CC-TFF-N6-AMARILLO,"Referencia descubierta; ficha oficial exacta, marca e imagen todavía pendientes."
SRT-PENDING-ECEDB4494AD2,Pendiente de verificación - Cable CC TFF N8 Café,pendiente_investigacion,CC-CABLE-CC-TFF-N8-CAFE,"Referencia descubierta; ficha oficial exacta, marca e imagen todavía pendientes."
SRT-PENDING-5C402979118A,Pendiente de verificación - Cable CC TFF N8 Morado,pendiente_investigacion,CC-CABLE-CC-TFF-N8-MORADO,"Referencia descubierta; ficha oficial exacta, marca e imagen todavía pendientes."
SRT-PENDING-1ABE987AF0AC,Pendiente de verificación - Cable CC TFF N8 Naranja,pendiente_investigacion,CC-CABLE-CC-TFF-N8-NARANJA,"Referencia descubierta; ficha oficial exacta, marca e imagen todavía pendientes."
SRT-PENDING-5EB5F15D5B6D,Pendiente de verificación - Cable CC TFF N8 Negro,pendiente_investigacion,CC-CABLE-CC-TFF-N8-NEGRO,"Referencia descubierta; ficha oficial exacta, marca e imagen todavía pendientes."
SRT-PENDING-437A6CFF3C13,Pendiente de verificación - Cable CC TFF N8 Rojo,pendiente_investigacion,CC-CABLE-CC-TFF-N8-ROJO,"Referencia descubierta; ficha oficial exacta, marca e imagen todavía pendientes."
SRT-PENDING-BC90394EFA5C,Pendiente de verificación - Cable CC TFF N8 Verde,pendiente_investigacion,CC-CABLE-CC-TFF-N8-VERDE,"Referencia descubierta; ficha oficial exacta, marca e imagen todavía pendientes."
SRT-PENDING-75B9E5CEA7C9,Pendiente de verificación - Cable Alumoweld 7x10 AWG,pendiente_investigacion,CC-CABLE-ALUMOWELD-7X10-AWG,"Referencia descubierta; ficha oficial exacta, marca e imagen todavía pendientes."
SRT-PENDING-398F38D306E4,Pendiente de verificación - Cable Alumoweld 7x8 AWG,pendiente_investigacion,CC-CABLE-ALUMOWELD-7X8-AWG,"Referencia descubierta; ficha oficial exacta, marca e imagen todavía pendientes."
SRT-PENDING-C947F80FF333,"Pendiente de verificación - Cable De Acero Galvanizado 3/8""",pendiente_investigacion,CC-CABLE-DE-ACERO-GALVANIZADO-3-8,"Referencia descubierta; ficha oficial exacta, marca e imagen todavía pendientes."
SRT-PENDING-1DE752DC1C7B,"Pendiente de verificación - Cable De Acero Galvanizado 5/16""",pendiente_investigacion,CC-CABLE-DE-ACERO-GALVANIZADO-5-16,"Referencia descubierta; ficha oficial exacta, marca e imagen todavía pendientes."
SRT-PENDING-5AD5CC3ECD2A,"Pendiente de verificación - Cable De Acero Galvanizado 1/4""",pendiente_investigacion,CC-CABLE-DE-ACERO-GALVANIZADO-1-4,"Referencia descubierta; ficha oficial exacta, marca e imagen todavía pendientes."
SRT-PENDING-435471C553C3,Pendiente de verificación - Cable Acero De Cobre CCS 7x8AWG,pendiente_investigacion,CC-CABLE-ACERO-DE-COBRE-CCS-7X8AWG,"Referencia descubierta; ficha oficial exacta, marca e imagen todavía pendientes."
SRT-PENDING-5A5C7767FB5F,Pendiente de verificación - Cable Acero De Cobre CCS 7x10AWG,pendiente_investigacion,CC-CABLE-ACERO-DE-COBRE-CCS-7X10AWG,"Referencia descubierta; ficha oficial exacta, marca e imagen todavía pendientes."
