source_key,nombre_fuente_interno,categoria_fuente_slug,subcategoria_fuente_slug,producto_url_interno,sku_surtilec,estado,marca_confirmada,referencia_fabricante,fuente_tecnica_oficial,estado_imagen,motivo
CC-ALAMBRE-AISLADO-N12-AMARILLO-X-ROLLO,Alambre Aislado N12 Amarillo X Rollo,alambre-cable-thhn-thw-cu,alambres-thhn-thwn-2,https://cablescolombia.com/producto/alambre-aislado-n12-amarillo-x-rollo,SRT-ALAMBRE-12-AMARILLO-ROLLO,importado_verificado,Centelsa by Nexans,200303,https://www.nexans.co/es/products/Construcci%C3%B3n/Cables-de-Cobre-de-Baja-Tensi%C3%B3n-Aislados/Alambre-THHN-THWN-2/Wire-Type-24145.html,sin_imagen,Producto ya importado mediante lote verificado; no crear una segunda ficha.
CC-ALAMBRE-AISLADO-N12-AZUL-X-ROLLO,Alambre Aislado N12 Azul X Rollo,alambre-cable-thhn-thw-cu,alambres-thhn-thwn-2,https://cablescolombia.com/producto/alambre-aislado-n12-azul-x-rollo,SRT-ALAMBRE-12-AZUL-ROLLO,importado_verificado,Centelsa by Nexans,200303,https://www.nexans.co/es/products/Construcci%C3%B3n/Cables-de-Cobre-de-Baja-Tensi%C3%B3n-Aislados/Alambre-THHN-THWN-2/Wire-Type-24145.html,sin_imagen,Producto ya importado mediante lote verificado; no crear una segunda ficha.
CC-ALAMBRE-AISLADO-N12-BLANCO-X-ROLLO,Alambre Aislado N12 Blanco X Rollo,alambre-cable-thhn-thw-cu,alambres-thhn-thwn-2,https://cablescolombia.com/producto/alambre-aislado-n12-blanco-x-rollo,SRT-ALAMBRE-12-BLANCO-ROLLO,importado_verificado,Centelsa by Nexans,200303,https://www.nexans.co/es/products/Construcci%C3%B3n/Cables-de-Cobre-de-Baja-Tensi%C3%B3n-Aislados/Alambre-THHN-THWN-2/Wire-Type-24145.html,sin_imagen,Producto ya importado mediante lote verificado; no crear una segunda ficha.
CC-ALAMBRE-AISLADO-N12-NEGRO-X-ROLLO,Alambre Aislado N12 Negro X Rollo,alambre-cable-thhn-thw-cu,alambres-thhn-thwn-2,https://cablescolombia.com/producto/alambre-aislado-n12-negro-x-rollo,SRT-ALAMBRE-12-NEGRO-ROLLO,importado_verificado,Centelsa by Nexans,200303,https://www.nexans.co/es/products/Construcci%C3%B3n/Cables-de-Cobre-de-Baja-Tensi%C3%B3n-Aislados/Alambre-THHN-THWN-2/Wire-Type-24145.html,sin_imagen,Producto ya importado mediante lote verificado; no crear una segunda ficha.
CC-ALAMBRE-AISLADO-N12-ROJO-X-ROLLO,Alambre Aislado N12 Rojo X Rollo,alambre-cable-thhn-thw-cu,alambres-thhn-thwn-2,https://cablescolombia.com/producto/alambre-aislado-n12-rojo-x-rollo,SRT-ALAMBRE-12-ROJO-ROLLO,importado_verificado,Centelsa by Nexans,200303,https://www.nexans.co/es/products/Construcci%C3%B3n/Cables-de-Cobre-de-Baja-Tensi%C3%B3n-Aislados/Alambre-THHN-THWN-2/Wire-Type-24145.html,sin_imagen,Producto ya importado mediante lote verificado; no crear una segunda ficha.
CC-ALAMBRE-AISLADO-N12-VERDE-X-ROLLO,Alambre Aislado N12 Verde X Rollo,alambre-cable-thhn-thw-cu,alambres-thhn-thwn-2,https://cablescolombia.com/producto/alambre-aislado-n12-verde-x-rollo,SRT-ALAMBRE-12-VERDE-ROLLO,importado_verificado,Centelsa by Nexans,200303,https://www.nexans.co/es/products/Construcci%C3%B3n/Cables-de-Cobre-de-Baja-Tensi%C3%B3n-Aislados/Alambre-THHN-THWN-2/Wire-Type-24145.html,sin_imagen,Producto ya importado mediante lote verificado; no crear una segunda ficha.
CC-ALAMBRE-AISLADO-N14-AMARILLO-X-METRO,Alambre Aislado N14 Amarillo X Metro,alambre-cable-thhn-thw-cu,alambres-thhn-thwn-2,https://cablescolombia.com/producto/alambre-aislado-n14-amarillo-x-metro,SRT-ALAMBRE-14-AMARILLO-METRO,importado_verificado,Centelsa by Nexans,200300,https://www.nexans.co/es/products/Construcci%C3%B3n/Cables-de-Cobre-de-Baja-Tensi%C3%B3n-Aislados/Alambre-THHN-THWN-2/Wire-Type-24145.html,sin_imagen,Producto ya importado mediante lote verificado; no crear una segunda ficha.
CC-ALAMBRE-AISLADO-N14-AZUL-X-METRO,Alambre Aislado N14 Azul X Metro,alambre-cable-thhn-thw-cu,alambres-thhn-thwn-2,https://cablescolombia.com/producto/alambre-aislado-n14-azul-x-metro,SRT-ALAMBRE-14-AZUL-METRO,importado_verificado,Centelsa by Nexans,200300,https://www.nexans.co/es/products/Construcci%C3%B3n/Cables-de-Cobre-de-Baja-Tensi%C3%B3n-Aislados/Alambre-THHN-THWN-2/Wire-Type-24145.html,sin_imagen,Producto ya importado mediante lote verificado; no crear una segunda ficha.
CC-ALAMBRE-AISLADO-N14-BLANCO-X-METRO,Alambre Aislado N14 Blanco X Metro,alambre-cable-thhn-thw-cu,alambres-thhn-thwn-2,https://cablescolombia.com/producto/alambre-aislado-n14-blanco-x-metro,SRT-ALAMBRE-14-BLANCO-METRO,importado_verificado,Centelsa by Nexans,200300,https://www.nexans.co/es/products/Construcci%C3%B3n/Cables-de-Cobre-de-Baja-Tensi%C3%B3n-Aislados/Alambre-THHN-THWN-2/Wire-Type-24145.html,sin_imagen,Producto ya importado mediante lote verificado; no crear una segunda ficha.
CC-ALAMBRE-AISLADO-N14-ROJO-X-METRO,Alambre Aislado N14 Rojo X Metro,alambre-cable-thhn-thw-cu,alambres-thhn-thwn-2,https://cablescolombia.com/producto/alambre-aislado-n14-rojo-x-metro,SRT-ALAMBRE-14-ROJO-METRO,importado_verificado,Centelsa by Nexans,200300,https://www.nexans.co/es/products/Construcci%C3%B3n/Cables-de-Cobre-de-Baja-Tensi%C3%B3n-Aislados/Alambre-THHN-THWN-2/Wire-Type-24145.html,sin_imagen,Producto ya importado mediante lote verificado; no crear una segunda ficha.
CC-ALAMBRE-AISLADO-N14-NEGRO-X-METRO,Alambre Aislado N14 Negro X Metro,alambre-cable-thhn-thw-cu,alambres-thhn-thwn-2,https://cablescolombia.com/producto/alambre-aislado-n14-negro-x-metro,SRT-ALAMBRE-14-NEGRO-METRO,importado_verificado,Centelsa by Nexans,200300,https://www.nexans.co/es/products/Construcci%C3%B3n/Cables-de-Cobre-de-Baja-Tensi%C3%B3n-Aislados/Alambre-THHN-THWN-2/Wire-Type-24145.html,sin_imagen,Producto ya importado mediante lote verificado; no crear una segunda ficha.
CC-ALAMBRE-AISLADO-N14-VERDE-X-METRO,Alambre Aislado N14 Verde X Metro,alambre-cable-thhn-thw-cu,alambres-thhn-thwn-2,https://cablescolombia.com/producto/alambre-aislado-n14-verde-x-metro,SRT-ALAMBRE-14-VERDE-METRO,importado_verificado,Centelsa by Nexans,200300,https://www.nexans.co/es/products/Construcci%C3%B3n/Cables-de-Cobre-de-Baja-Tensi%C3%B3n-Aislados/Alambre-THHN-THWN-2/Wire-Type-24145.html,sin_imagen,Producto ya importado mediante lote verificado; no crear una segunda ficha.
CC-ALAMBRE-AISLADO-N12-AMARILLO-X-METRO,Alambre Aislado N12 Amarillo X Metro,alambre-cable-thhn-thw-cu,alambres-thhn-thwn-2,https://cablescolombia.com/producto/alambre-aislado-n12-amarillo-x-metro,SRT-ALAMBRE-12-AMARILLO-METRO,importado_verificado,Centelsa by Nexans,200303,https://www.nexans.co/es/products/Construcci%C3%B3n/Cables-de-Cobre-de-Baja-Tensi%C3%B3n-Aislados/Alambre-THHN-THWN-2/Wire-Type-24145.html,sin_imagen,Producto ya importado mediante lote verificado; no crear una segunda ficha.
CC-ALAMBRE-AISLADO-N12-AZUL-X-METRO,Alambre Aislado N12 Azul X Metro,alambre-cable-thhn-thw-cu,alambres-thhn-thwn-2,https://cablescolombia.com/producto/alambre-aislado-n12-azul-x-metro,SRT-ALAMBRE-12-AZUL-METRO,importado_verificado,Centelsa by Nexans,200303,https://www.nexans.co/es/products/Construcci%C3%B3n/Cables-de-Cobre-de-Baja-Tensi%C3%B3n-Aislados/Alambre-THHN-THWN-2/Wire-Type-24145.html,sin_imagen,Producto ya importado mediante lote verificado; no crear una segunda ficha.
CC-ALAMBRE-AISLADO-N12-BLANCO-X-METRO,Alambre Aislado N12 Blanco X Metro,alambre-cable-thhn-thw-cu,alambres-thhn-thwn-2,https://cablescolombia.com/producto/alambre-aislado-n12-blanco-x-metro,SRT-ALAMBRE-12-BLANCO-METRO,importado_verificado,Centelsa by Nexans,200303,https://www.nexans.co/es/products/Construcci%C3%B3n/Cables-de-Cobre-de-Baja-Tensi%C3%B3n-Aislados/Alambre-THHN-THWN-2/Wire-Type-24145.html,sin_imagen,Producto ya importado mediante lote verificado; no crear una segunda ficha.
CC-ALAMBRE-AISLADO-N12-NEGRO-X-METRO,Alambre Aislado N12 Negro X Metro,alambre-cable-thhn-thw-cu,alambres-thhn-thwn-2,https://cablescolombia.com/producto/alambre-aislado-n12-negro-x-metro,SRT-ALAMBRE-12-NEGRO-METRO,importado_verificado,Centelsa by Nexans,200303,https://www.nexans.co/es/products/Construcci%C3%B3n/Cables-de-Cobre-de-Baja-Tensi%C3%B3n-Aislados/Alambre-THHN-THWN-2/Wire-Type-24145.html,sin_imagen,Producto ya importado mediante lote verificado; no crear una segunda ficha.
CC-ALAMBRE-AISLADO-N12-ROJO-X-METRO,Alambre Aislado N12 Rojo X Metro,alambre-cable-thhn-thw-cu,alambres-thhn-thwn-2,https://cablescolombia.com/producto/alambre-aislado-n12-rojo-x-metro,SRT-ALAMBRE-12-ROJO-METRO,importado_verificado,Centelsa by Nexans,200303,https://www.nexans.co/es/products/Construcci%C3%B3n/Cables-de-Cobre-de-Baja-Tensi%C3%B3n-Aislados/Alambre-THHN-THWN-2/Wire-Type-24145.html,sin_imagen,Producto ya importado mediante lote verificado; no crear una segunda ficha.
CC-ALAMBRE-AISLADO-N12-VERDE-X-METRO,Alambre Aislado N12 Verde X Metro,alambre-cable-thhn-thw-cu,alambres-thhn-thwn-2,https://cablescolombia.com/producto/alambre-aislado-n12-verde-x-metro,SRT-ALAMBRE-12-VERDE-METRO,importado_verificado,Centelsa by Nexans,200303,https://www.nexans.co/es/products/Construcci%C3%B3n/Cables-de-Cobre-de-Baja-Tensi%C3%B3n-Aislados/Alambre-THHN-THWN-2/Wire-Type-24145.html,sin_imagen,Producto ya importado mediante lote verificado; no crear una segunda ficha.
CC-ALAMBRE-AISLADO-N10-AMARILLO-X-METRO,Alambre Aislado N10 Amarillo X Metro,alambre-cable-thhn-thw-cu,alambres-thhn-thwn-2,https://cablescolombia.com/producto/alambre-aislado-n10-amarillo-x-metro,SRT-PENDING-70D84407714D,pendiente_investigacion,,,,sin_imagen,"Referencia descubierta; ficha oficial exacta, marca e imagen todavía pendientes."
CC-ALAMBRE-AISLADO-N10-AZUL-X-METRO-6,Alambre Aislado N10 Azul X Metro,alambre-cable-thhn-thw-cu,alambres-thhn-thwn-2,https://cablescolombia.com/producto/alambre-aislado-n10-azul-x-metro_6,SRT-PENDING-5CF53639D7B1,pendiente_investigacion,,,,sin_imagen,"Referencia descubierta; ficha oficial exacta, marca e imagen todavía pendientes."
CC-ALAMBRE-AISLADO-N10-BLANCO-X-METRO,Alambre Aislado N10 Blanco X Metro,alambre-cable-thhn-thw-cu,alambres-thhn-thwn-2,https://cablescolombia.com/producto/alambre-aislado-n10-blanco-x-metro,SRT-PENDING-5C3DCAA96773,pendiente_investigacion,,,,sin_imagen,"Referencia descubierta; ficha oficial exacta, marca e imagen todavía pendientes."
CC-ALAMBRE-AISLADO-N10-NEGRO-X-METRO,Alambre Aislado N10 Negro X Metro,alambre-cable-thhn-thw-cu,alambres-thhn-thwn-2,https://cablescolombia.com/producto/alambre-aislado-n10-negro-x-metro,SRT-PENDING-936DED368A99,pendiente_investigacion,,,,sin_imagen,"Referencia descubierta; ficha oficial exacta, marca e imagen todavía pendientes."
CC-ALAMBRE-AISLADO-N10-ROJO-X-METRO,Alambre Aislado N10 Rojo X Metro,alambre-cable-thhn-thw-cu,alambres-thhn-thwn-2,https://cablescolombia.com/producto/alambre-aislado-n10-rojo-x-metro,SRT-PENDING-4DB22C8C2B3C,pendiente_investigacion,,,,sin_imagen,"Referencia descubierta; ficha oficial exacta, marca e imagen todavía pendientes."
CC-ALAMBRE-AISLADO-N10-VERDE-X-METRO,Alambre Aislado N10 Verde X Metro,alambre-cable-thhn-thw-cu,alambres-thhn-thwn-2,https://cablescolombia.com/producto/alambre-aislado-n10-verde-x-metro,SRT-PENDING-884A01319AA2,pendiente_investigacion,,,,sin_imagen,"Referencia descubierta; ficha oficial exacta, marca e imagen todavía pendientes."
CC-ALAMBRE-AISLADO-N8-AMARILLO-X-METRO,Alambre Aislado N8 Amarillo X Metro,alambre-cable-thhn-thw-cu,alambres-thhn-thwn-2,https://cablescolombia.com/producto/alambre-aislado-n8-amarillo-x-metro,SRT-PENDING-E1E5B737ED58,pendiente_investigacion,,,,sin_imagen,"Referencia descubierta; ficha oficial exacta, marca e imagen todavía pendientes."
CC-ALAMBRE-AISLADO-N8-AZUL-X-METRO,Alambre Aislado N8 Azul X Metro,alambre-cable-thhn-thw-cu,alambres-thhn-thwn-2,https://cablescolombia.com/producto/alambre-aislado-n8-azul-x-metro,SRT-PENDING-66B9A018EE33,pendiente_investigacion,,,,sin_imagen,"Referencia descubierta; ficha oficial exacta, marca e imagen todavía pendientes."
CC-ALAMBRE-AISLADO-N8-BLANCO-X-METRO,Alambre Aislado N8 Blanco X Metro,alambre-cable-thhn-thw-cu,alambres-thhn-thwn-2,https://cablescolombia.com/producto/alambre-aislado-n8-blanco-x-metro,SRT-PENDING-266DB75795E4,pendiente_investigacion,,,,sin_imagen,"Referencia descubierta; ficha oficial exacta, marca e imagen todavía pendientes."
CC-ALAMBRE-AISLADO-N8-NEGRO-X-METRO,Alambre Aislado N8 Negro X Metro,alambre-cable-thhn-thw-cu,alambres-thhn-thwn-2,https://cablescolombia.com/producto/alambre-aislado-n8-negro-x-metro,SRT-PENDING-824826305DC2,pendiente_investigacion,,,,sin_imagen,"Referencia descubierta; ficha oficial exacta, marca e imagen todavía pendientes."
CC-ALAMBRE-AISLADO-N8-ROJO-X-METRO,Alambre Aislado N8 Rojo X Metro,alambre-cable-thhn-thw-cu,alambres-thhn-thwn-2,https://cablescolombia.com/producto/alambre-aislado-n8-rojo-x-metro,SRT-PENDING-FBFCC917B264,pendiente_investigacion,,,,sin_imagen,"Referencia descubierta; ficha oficial exacta, marca e imagen todavía pendientes."
CC-ALAMBRE-AISLADO-N8-VERDE-X-METRO,Alambre Aislado N8 Verde X Metro,alambre-cable-thhn-thw-cu,alambres-thhn-thwn-2,https://cablescolombia.com/producto/alambre-aislado-n8-verde-x-metro,SRT-PENDING-9EECB1397244,pendiente_investigacion,,,,sin_imagen,"Referencia descubierta; ficha oficial exacta, marca e imagen todavía pendientes."
CC-ALAMBRE-AISLADO-N10-AZUL-X-METRO,Alambre Aislado N10 Azul X Metro,alambre-cable-thhn-thw-cu,alambres-thhn-thwn-2,https://cablescolombia.com/producto/alambre-aislado-n10-azul-x-metro,SRT-PENDING-4C332162507B,pendiente_investigacion,,,,sin_imagen,"Referencia descubierta; ficha oficial exacta, marca e imagen todavía pendientes."
CC-CABLE-AISLADO-THHW-CU-N14-ROJO,Cable Aislado Thhw Cu N14 Rojo,alambre-cable-thhn-thw-cu,cable-cobre-aislado-thhn-cu,https://cablescolombia.com/producto/cable-aislado-thhw-cu-n14-rojo,SRT-PENDING-C526999CC316,pendiente_investigacion,,,,sin_imagen,"Referencia descubierta; ficha oficial exacta, marca e imagen todavía pendientes."
CC-CABLE-AISLADO-THHW-CU-N14-AZUL,Cable Aislado Thhw Cu N14 Azul,alambre-cable-thhn-thw-cu,cable-cobre-aislado-thhn-cu,https://cablescolombia.com/producto/cable-aislado-thhw-cu-n14-azul,SRT-PENDING-0C9C276CC06B,pendiente_investigacion,,,,sin_imagen,"Referencia descubierta; ficha oficial exacta, marca e imagen todavía pendientes."
CC-CABLE-AISLADO-THHW-CU-N14-BLANCO,Cable Aislado Thhw Cu N14 Blanco,alambre-cable-thhn-thw-cu,cable-cobre-aislado-thhn-cu,https://cablescolombia.com/producto/cable-aislado-thhw-cu-n14-blanco,SRT-PENDING-6CE65FDFB4CD,pendiente_investigacion,,,,sin_imagen,"Referencia descubierta; ficha oficial exacta, marca e imagen todavía pendientes."
CC-CABLE-AISLADO-THHW-CU-N14-NEGRO,Cable Aislado Thhw Cu N14 Negro,alambre-cable-thhn-thw-cu,cable-cobre-aislado-thhn-cu,https://cablescolombia.com/producto/cable-aislado-thhw-cu-n14-negro,SRT-PENDING-D60273BF0E1F,pendiente_investigacion,,,,sin_imagen,"Referencia descubierta; ficha oficial exacta, marca e imagen todavía pendientes."
CC-CABLE-AISLADO-THHW-CU-N14-VERDE,Cable Aislado Thhw Cu N14 Verde,alambre-cable-thhn-thw-cu,cable-cobre-aislado-thhn-cu,https://cablescolombia.com/producto/cable-aislado-thhw-cu-n14-verde,SRT-PENDING-04E75D17520F,pendiente_investigacion,,,,sin_imagen,"Referencia descubierta; ficha oficial exacta, marca e imagen todavía pendientes."
CC-CABLE-AISLADO-THHW-CU-N12-AZUL,Cable Aislado Thhw Cu N12 Azul,alambre-cable-thhn-thw-cu,cable-cobre-aislado-thhn-cu,https://cablescolombia.com/producto/cable-aislado-thhw-cu-n12-azul,SRT-PENDING-1166A4BE4FAB,pendiente_investigacion,,,,sin_imagen,"Referencia descubierta; ficha oficial exacta, marca e imagen todavía pendientes."
CC-CABLE-AISLADO-THHW-CU-N12-ROJO,Cable Aislado Thhw Cu N12 Rojo,alambre-cable-thhn-thw-cu,cable-cobre-aislado-thhn-cu,https://cablescolombia.com/producto/cable-aislado-thhw-cu-n12-rojo,SRT-PENDING-75C2F07B5EC2,pendiente_investigacion,,,,sin_imagen,"Referencia descubierta; ficha oficial exacta, marca e imagen todavía pendientes."
CC-CABLE-AISLADO-THHW-CU-N12-NEGRO,Cable Aislado Thhw Cu N12 Negro,alambre-cable-thhn-thw-cu,cable-cobre-aislado-thhn-cu,https://cablescolombia.com/producto/cable-aislado-thhw-cu-n12-negro,SRT-PENDING-DFD91AC5C680,pendiente_investigacion,,,,sin_imagen,"Referencia descubierta; ficha oficial exacta, marca e imagen todavía pendientes."
CC-CABLE-AISLADO-THHW-CU-N12-BLANCO,Cable Aislado Thhw Cu N12 Blanco,alambre-cable-thhn-thw-cu,cable-cobre-aislado-thhn-cu,https://cablescolombia.com/producto/cable-aislado-thhw-cu-n12-blanco,SRT-PENDING-6C3361585ADF,pendiente_investigacion,,,,sin_imagen,"Referencia descubierta; ficha oficial exacta, marca e imagen todavía pendientes."
CC-CABLE-AISLADO-THHW-CU-N12-AMARILLO,Cable Aislado Thhw Cu N12 Amarillo,alambre-cable-thhn-thw-cu,cable-cobre-aislado-thhn-cu,https://cablescolombia.com/producto/cable-aislado-thhw-cu-n12-amarillo,SRT-PENDING-756929C8D6E7,pendiente_investigacion,,,,sin_imagen,"Referencia descubierta; ficha oficial exacta, marca e imagen todavía pendientes."
CC-CABLE-AISLADO-THHW-CU-N12-VERDE,Cable Aislado Thhw Cu N12 Verde,alambre-cable-thhn-thw-cu,cable-cobre-aislado-thhn-cu,https://cablescolombia.com/producto/cable-aislado-thhw-cu-n12-verde,SRT-PENDING-86987D275B9F,pendiente_investigacion,,,,sin_imagen,"Referencia descubierta; ficha oficial exacta, marca e imagen todavía pendientes."
CC-CABLE-AISLADO-THHW-CU-N10-BLANCO,Cable Aislado Thhw Cu N10 Blanco,alambre-cable-thhn-thw-cu,cable-cobre-aislado-thhn-cu,https://cablescolombia.com/producto/cable-aislado-thhw-cu-n10-blanco,SRT-PENDING-21FD6C300A41,pendiente_investigacion,,,,sin_imagen,"Referencia descubierta; ficha oficial exacta, marca e imagen todavía pendientes."
CC-CABLE-AISLADO-THHW-CU-N10-AMARILLO,Cable Aislado Thhw Cu N10 Amarillo,alambre-cable-thhn-thw-cu,cable-cobre-aislado-thhn-cu,https://cablescolombia.com/producto/cable-aislado-thhw-cu-n10-amarillo,SRT-PENDING-F5A166F079E1,pendiente_investigacion,,,,sin_imagen,"Referencia descubierta; ficha oficial exacta, marca e imagen todavía pendientes."
CC-CABLE-AISLADO-THHW-CU-N10-ROJO,Cable Aislado Thhw Cu N10 Rojo,alambre-cable-thhn-thw-cu,cable-cobre-aislado-thhn-cu,https://cablescolombia.com/producto/cable-aislado-thhw-cu-n10-rojo,SRT-PENDING-60537BFEA285,pendiente_investigacion,,,,sin_imagen,"Referencia descubierta; ficha oficial exacta, marca e imagen todavía pendientes."
CC-CABLE-AISLADO-THHW-CU-N10-AZUL,Cable Aislado Thhw Cu N10 Azul,alambre-cable-thhn-thw-cu,cable-cobre-aislado-thhn-cu,https://cablescolombia.com/producto/cable-aislado-thhw-cu-n10-azul,SRT-PENDING-AD03162171F4,pendiente_investigacion,,,,sin_imagen,"Referencia descubierta; ficha oficial exacta, marca e imagen todavía pendientes."
CC-CABLE-AISLADO-THHW-CU-N10-VERDE,Cable Aislado Thhw Cu N10 Verde,alambre-cable-thhn-thw-cu,cable-cobre-aislado-thhn-cu,https://cablescolombia.com/producto/cable-aislado-thhw-cu-n10-verde,SRT-PENDING-C19135D919A3,pendiente_investigacion,,,,sin_imagen,"Referencia descubierta; ficha oficial exacta, marca e imagen todavía pendientes."
CC-CABLE-AISLADO-THHW-CU-N10-NEGRO,Cable Aislado Thhw Cu N10 Negro,alambre-cable-thhn-thw-cu,cable-cobre-aislado-thhn-cu,https://cablescolombia.com/producto/cable-aislado-thhw-cu-n10-negro,SRT-PENDING-B4C4339BB418,pendiente_investigacion,,,,sin_imagen,"Referencia descubierta; ficha oficial exacta, marca e imagen todavía pendientes."
CC-CABLE-AISLADO-THHW-CU-N8-VERDE,Cable Aislado Thhw Cu N8 Verde,alambre-cable-thhn-thw-cu,cable-cobre-aislado-thhn-cu,https://cablescolombia.com/producto/cable-aislado-thhw-cu-n8-verde,SRT-PENDING-BF4F71F6A068,pendiente_investigacion,,,,sin_imagen,"Referencia descubierta; ficha oficial exacta, marca e imagen todavía pendientes."
CC-CABLE-AISLADO-THHW-CU-N8-AZUL,Cable Aislado Thhw Cu N8 Azul,alambre-cable-thhn-thw-cu,cable-cobre-aislado-thhn-cu,https://cablescolombia.com/producto/cable-aislado-thhw-cu-n8-azul,SRT-PENDING-CCECBBFDD5DE,pendiente_investigacion,,,,sin_imagen,"Referencia descubierta; ficha oficial exacta, marca e imagen todavía pendientes."
CC-CABLE-AISLADO-THHW-CU-N8-BLANCO,Cable Aislado Thhw Cu N8 Blanco,alambre-cable-thhn-thw-cu,cable-cobre-aislado-thhn-cu,https://cablescolombia.com/producto/cable-aislado-thhw-cu-n8-blanco,SRT-PENDING-816DD2F59DE2,pendiente_investigacion,,,,sin_imagen,"Referencia descubierta; ficha oficial exacta, marca e imagen todavía pendientes."
CC-CABLE-AISLADO-THHW-CU-N8-NEGRO,Cable Aislado Thhw Cu N8 Negro,alambre-cable-thhn-thw-cu,cable-cobre-aislado-thhn-cu,https://cablescolombia.com/producto/cable-aislado-thhw-cu-n8-negro,SRT-PENDING-CB8A583550CE,pendiente_investigacion,,,,sin_imagen,"Referencia descubierta; ficha oficial exacta, marca e imagen todavía pendientes."
CC-CABLE-AISLADO-THHW-CU-N8-ROJO,Cable Aislado Thhw Cu N8 Rojo,alambre-cable-thhn-thw-cu,cable-cobre-aislado-thhn-cu,https://cablescolombia.com/producto/cable-aislado-thhw-cu-n8-rojo,SRT-PENDING-8F3183B05B49,pendiente_investigacion,,,,sin_imagen,"Referencia descubierta; ficha oficial exacta, marca e imagen todavía pendientes."
CC-CABLE-AISLADO-THHW-CU-N8-AMARILLO,Cable Aislado Thhw Cu N8 Amarillo,alambre-cable-thhn-thw-cu,cable-cobre-aislado-thhn-cu,https://cablescolombia.com/producto/cable-aislado-thhw-cu-n8-amarillo,SRT-PENDING-073A5AB5611A,pendiente_investigacion,,,,sin_imagen,"Referencia descubierta; ficha oficial exacta, marca e imagen todavía pendientes."
CC-CABLE-AISLADO-THHW-CU-3X12-TRENZADO-ROJO,Cable Aislado Thhw Cu 3X12 Trenzado Rojo,alambre-cable-thhn-thw-cu,cable-cobre-aislado-thhn-cu,https://cablescolombia.com/producto/cable-aislado-thhw-cu-3x12-trenzado-rojo,SRT-PENDING-DDE1F397583D,pendiente_investigacion,,,,sin_imagen,"Referencia descubierta; ficha oficial exacta, marca e imagen todavía pendientes."
CC-CABLE-AISLADO-THHW-CU-3X12-TRENZADO-AZUL,Cable Aislado Thhw Cu 3X12 Trenzado Azul,alambre-cable-thhn-thw-cu,cable-cobre-aislado-thhn-cu,https://cablescolombia.com/producto/cable-aislado-thhw-cu-3x12-trenzado-azul,SRT-PENDING-692D488C739A,pendiente_investigacion,,,,sin_imagen,"Referencia descubierta; ficha oficial exacta, marca e imagen todavía pendientes."
CC-CABLE-AISLADO-THHW-CU-N6-AMARILLO,Cable Aislado Thhw Cu N6 Amarillo,alambre-cable-thhn-thw-cu,cable-cobre-aislado-thhn-cu,https://cablescolombia.com/producto/cable-aislado-thhw-cu-n6-amarillo,SRT-PENDING-0793CB189B99,pendiente_investigacion,,,,sin_imagen,"Referencia descubierta; ficha oficial exacta, marca e imagen todavía pendientes."
CC-CABLE-AISLADO-THHW-CU-N6-AZUL,Cable Aislado Thhw Cu N6 Azul,alambre-cable-thhn-thw-cu,cable-cobre-aislado-thhn-cu,https://cablescolombia.com/producto/cable-aislado-thhw-cu-n6-azul,SRT-PENDING-E165E6F74DD3,pendiente_investigacion,,,,sin_imagen,"Referencia descubierta; ficha oficial exacta, marca e imagen todavía pendientes."
CC-CABLE-AISLADO-THHW-CU-N6-BLANCO,Cable Aislado Thhw Cu N6 Blanco,alambre-cable-thhn-thw-cu,cable-cobre-aislado-thhn-cu,https://cablescolombia.com/producto/cable-aislado-thhw-cu-n6-blanco,SRT-PENDING-92276926BA9C,pendiente_investigacion,,,,sin_imagen,"Referencia descubierta; ficha oficial exacta, marca e imagen todavía pendientes."
CC-CABLE-AISLADO-THHW-CU-N6-NEGRO,Cable Aislado Thhw Cu N6 Negro,alambre-cable-thhn-thw-cu,cable-cobre-aislado-thhn-cu,https://cablescolombia.com/producto/cable-aislado-thhw-cu-n6-negro,SRT-PENDING-1EE8DD2575A6,pendiente_investigacion,,,,sin_imagen,"Referencia descubierta; ficha oficial exacta, marca e imagen todavía pendientes."
CC-CABLE-AISLADO-THHW-CU-N6-ROJO,Cable Aislado Thhw Cu N6 Rojo,alambre-cable-thhn-thw-cu,cable-cobre-aislado-thhn-cu,https://cablescolombia.com/producto/cable-aislado-thhw-cu-n6-rojo,SRT-PENDING-6BA5A1DAA2AC,pendiente_investigacion,,,,sin_imagen,"Referencia descubierta; ficha oficial exacta, marca e imagen todavía pendientes."
CC-CABLE-AISLADO-THHW-CU-N6-VERDE,Cable Aislado Thhw Cu N6 Verde,alambre-cable-thhn-thw-cu,cable-cobre-aislado-thhn-cu,https://cablescolombia.com/producto/cable-aislado-thhw-cu-n6-verde,SRT-PENDING-8B3722E7CB2B,pendiente_investigacion,,,,sin_imagen,"Referencia descubierta; ficha oficial exacta, marca e imagen todavía pendientes."
CC-CABLE-AISLADO-THHW-CU-N4,Cable Aislado Thhw Cu N4,alambre-cable-thhn-thw-cu,cable-cobre-aislado-thhn-cu,https://cablescolombia.com/producto/cable-aislado-thhw-cu-n4,SRT-PENDING-0CEB7A30C550,pendiente_investigacion,,,,sin_imagen,"Referencia descubierta; ficha oficial exacta, marca e imagen todavía pendientes."
CC-CABLE-AISLADO-THHW-CU-N2,Cable Aislado Thhw Cu N2,alambre-cable-thhn-thw-cu,cable-cobre-aislado-thhn-cu,https://cablescolombia.com/producto/cable-aislado-thhw-cu-n2,SRT-PENDING-1CEB98D50A52,pendiente_investigacion,,,,sin_imagen,"Referencia descubierta; ficha oficial exacta, marca e imagen todavía pendientes."
CC-CABLE-AISLADO-THHW-CU-1-0,Cable Aislado Thhw Cu 1/0,alambre-cable-thhn-thw-cu,cable-cobre-aislado-thhn-cu,https://cablescolombia.com/producto/cable-aislado-thhw-cu-1-0,SRT-PENDING-CCD73200B6F2,pendiente_investigacion,,,,sin_imagen,"Referencia descubierta; ficha oficial exacta, marca e imagen todavía pendientes."
CC-CABLE-AISLADO-THHW-CU-2-0,Cable Aislado Thhw Cu 2/0,alambre-cable-thhn-thw-cu,cable-cobre-aislado-thhn-cu,https://cablescolombia.com/producto/cable-aislado-thhw-cu-2-0,SRT-PENDING-F261807B9900,pendiente_investigacion,,,,sin_imagen,"Referencia descubierta; ficha oficial exacta, marca e imagen todavía pendientes."
CC-CABLE-AISLADO-THHW-CU-3-0,Cable Aislado Thhw Cu 3/0,alambre-cable-thhn-thw-cu,cable-cobre-aislado-thhn-cu,https://cablescolombia.com/producto/cable-aislado-thhw-cu-3-0,SRT-PENDING-4C460F3BCB10,pendiente_investigacion,,,,sin_imagen,"Referencia descubierta; ficha oficial exacta, marca e imagen todavía pendientes."
CC-CABLE-AISLADO-THHW-CU-4-0,Cable Aislado Thhw Cu 4/0,alambre-cable-thhn-thw-cu,cable-cobre-aislado-thhn-cu,https://cablescolombia.com/producto/cable-aislado-thhw-cu-4-0,SRT-PENDING-B03FCD60601B,pendiente_investigacion,,,,sin_imagen,"Referencia descubierta; ficha oficial exacta, marca e imagen todavía pendientes."
CC-CABLE-AISLADO-THHW-CU-250MCM,Cable Aislado Thhw Cu 250MCM,alambre-cable-thhn-thw-cu,cable-cobre-aislado-thhn-cu,https://cablescolombia.com/producto/cable-aislado-thhw-cu-250mcm,SRT-PENDING-03893103C5CC,pendiente_investigacion,,,,sin_imagen,"Referencia descubierta; ficha oficial exacta, marca e imagen todavía pendientes."
CC-CABLE-AISLADO-THHW-CU-350MCM,Cable Aislado Thhw Cu 350MCM,alambre-cable-thhn-thw-cu,cable-cobre-aislado-thhn-cu,https://cablescolombia.com/producto/cable-aislado-thhw-cu-350mcm,SRT-PENDING-BB2B59952D1B,pendiente_investigacion,,,,sin_imagen,"Referencia descubierta; ficha oficial exacta, marca e imagen todavía pendientes."
CC-CABLE-AISLADO-THHW-CU-500MCM,Cable Aislado Thhw Cu 500MCM,alambre-cable-thhn-thw-cu,cable-cobre-aislado-thhn-cu,https://cablescolombia.com/producto/cable-aislado-thhw-cu-500mcm,SRT-PENDING-920AA95588FF,pendiente_investigacion,,,,sin_imagen,"Referencia descubierta; ficha oficial exacta, marca e imagen todavía pendientes."
CC-CABLE-AISLADO-THHW-CU-400MCM,Cable Aislado Thhw Cu 400MCM,alambre-cable-thhn-thw-cu,cable-cobre-aislado-thhn-cu,https://cablescolombia.com/producto/cable-aislado-thhw-cu-400mcm,SRT-PENDING-5D89757874CE,pendiente_investigacion,,,,sin_imagen,"Referencia descubierta; ficha oficial exacta, marca e imagen todavía pendientes."
CC-CABLE-AISLADO-THHW-CU-N14-AMARILLO,Cable Aislado Thhw Cu N14 Amarillo,alambre-cable-thhn-thw-cu,cable-cobre-aislado-thhn-cu,https://cablescolombia.com/producto/cable-aislado-thhw-cu-n14-amarillo,SRT-PENDING-86DB4130DA9A,pendiente_investigacion,,,,sin_imagen,"Referencia descubierta; ficha oficial exacta, marca e imagen todavía pendientes."
CC-ALAMBRE-DESNUDO-N14-X-METRO,Alambre Desnudo N14 x Metro,alambre-cable-thhn-thw-cu,alambre-de-cobre-desnudo,https://cablescolombia.com/producto/alambre-desnudo-n14-x-metro,SRT-PENDING-780ABB517110,pendiente_investigacion,,,,sin_imagen,"Referencia descubierta; ficha oficial exacta, marca e imagen todavía pendientes."
CC-ALAMBRE-DESNUDO-N12-X-METRO,Alambre Desnudo N12 x Metro,alambre-cable-thhn-thw-cu,alambre-de-cobre-desnudo,https://cablescolombia.com/producto/alambre-desnudo-n12-x-metro,SRT-PENDING-1804F14F0031,pendiente_investigacion,,,,sin_imagen,"Referencia descubierta; ficha oficial exacta, marca e imagen todavía pendientes."
CC-ALAMBRE-DESNUDO-N10-X-METRO,Alambre Desnudo N10 x Metro,alambre-cable-thhn-thw-cu,alambre-de-cobre-desnudo,https://cablescolombia.com/producto/alambre-desnudo-n10-x-metro,SRT-PENDING-CCE01012E007,pendiente_investigacion,,,,sin_imagen,"Referencia descubierta; ficha oficial exacta, marca e imagen todavía pendientes."
CC-ALAMBRE-DESNUDO-N8-X-METRO,Alambre Desnudo N8 x Metro,alambre-cable-thhn-thw-cu,alambre-de-cobre-desnudo,https://cablescolombia.com/producto/alambre-desnudo-n8-x-metro,SRT-PENDING-E8DD5A6639BC,pendiente_investigacion,,,,sin_imagen,"Referencia descubierta; ficha oficial exacta, marca e imagen todavía pendientes."
CC-CABLE-DESNUDO-COBRE-N14,Cable Desnudo Cobre N14,alambre-cable-thhn-thw-cu,cable-cobre-desnudo-suave-cu,https://cablescolombia.com/producto/cable-desnudo-cobre-n14,SRT-PENDING-97A4BB65EF11,pendiente_investigacion,,,,sin_imagen,"Referencia descubierta; ficha oficial exacta, marca e imagen todavía pendientes."
CC-CABLE-DESNUDO-COBRE-N12,Cable Desnudo Cobre N12,alambre-cable-thhn-thw-cu,cable-cobre-desnudo-suave-cu,https://cablescolombia.com/producto/cable-desnudo-cobre-n12,SRT-PENDING-62ECCB9CBC7F,pendiente_investigacion,,,,sin_imagen,"Referencia descubierta; ficha oficial exacta, marca e imagen todavía pendientes."
CC-CABLE-DESNUDO-COBRE-N10,Cable Desnudo Cobre N10,alambre-cable-thhn-thw-cu,cable-cobre-desnudo-suave-cu,https://cablescolombia.com/producto/cable-desnudo-cobre-n10,SRT-PENDING-3E3E2E48D6A4,pendiente_investigacion,,,,sin_imagen,"Referencia descubierta; ficha oficial exacta, marca e imagen todavía pendientes."
CC-CABLE-DESNUDO-COBRE-N8,Cable Desnudo Cobre N8,alambre-cable-thhn-thw-cu,cable-cobre-desnudo-suave-cu,https://cablescolombia.com/producto/cable-desnudo-cobre-n8,SRT-PENDING-54AFC653C391,pendiente_investigacion,,,,sin_imagen,"Referencia descubierta; ficha oficial exacta, marca e imagen todavía pendientes."
CC-CABLE-DESNUDO-COBRE-N6,Cable Desnudo Cobre N6,alambre-cable-thhn-thw-cu,cable-cobre-desnudo-suave-cu,https://cablescolombia.com/producto/cable-desnudo-cobre-n6,SRT-PENDING-77E92A904BC9,pendiente_investigacion,,,,sin_imagen,"Referencia descubierta; ficha oficial exacta, marca e imagen todavía pendientes."
CC-CABLE-DESNUDO-COBRE-N4,Cable Desnudo Cobre N4,alambre-cable-thhn-thw-cu,cable-cobre-desnudo-suave-cu,https://cablescolombia.com/producto/cable-desnudo-cobre-n4,SRT-PENDING-84502B5390F0,pendiente_investigacion,,,,sin_imagen,"Referencia descubierta; ficha oficial exacta, marca e imagen todavía pendientes."
CC-CABLE-DESNUDO-COBRE-N2,Cable Desnudo Cobre N2,alambre-cable-thhn-thw-cu,cable-cobre-desnudo-suave-cu,https://cablescolombia.com/producto/cable-desnudo-cobre-n2,SRT-PENDING-8E7EFB9E9172,pendiente_investigacion,,,,sin_imagen,"Referencia descubierta; ficha oficial exacta, marca e imagen todavía pendientes."
CC-CABLE-DESNUDO-COBRE-1-0,Cable Desnudo Cobre 1/0,alambre-cable-thhn-thw-cu,cable-cobre-desnudo-suave-cu,https://cablescolombia.com/producto/cable-desnudo-cobre-1-0,SRT-PENDING-53E9D5D96B7F,pendiente_investigacion,,,,sin_imagen,"Referencia descubierta; ficha oficial exacta, marca e imagen todavía pendientes."
CC-CABLE-DESNUDO-COBRE-2-0,Cable Desnudo Cobre 2/0,alambre-cable-thhn-thw-cu,cable-cobre-desnudo-suave-cu,https://cablescolombia.com/producto/cable-desnudo-cobre-2-0,SRT-PENDING-8EAF5D9C2C85,pendiente_investigacion,,,,sin_imagen,"Referencia descubierta; ficha oficial exacta, marca e imagen todavía pendientes."
CC-CABLE-DESNUDO-COBRE-4-0,Cable Desnudo Cobre 4/0,alambre-cable-thhn-thw-cu,cable-cobre-desnudo-suave-cu,https://cablescolombia.com/producto/cable-desnudo-cobre-4-0,SRT-PENDING-54D394A49AB8,pendiente_investigacion,,,,sin_imagen,"Referencia descubierta; ficha oficial exacta, marca e imagen todavía pendientes."
CC-CABLE-DESNUDO-COBRE-3-0-3,Cable Desnudo Cobre 3/0,alambre-cable-thhn-thw-cu,cable-cobre-desnudo-suave-cu,https://cablescolombia.com/producto/cable-desnudo-cobre-3-0_3,SRT-PENDING-F0425DF85B52,pendiente_investigacion,,,,sin_imagen,"Referencia descubierta; ficha oficial exacta, marca e imagen todavía pendientes."
CC-CABLE-LIBRE-DE-HALOGENO-N14-AMARILLO-CU,Cable Libre de Halógeno N14 Amarillo Cu,alambre-cable-thhn-thw-cu,-cable-cobre-aislado-thhn-libre-de-halogeno-cu,https://cablescolombia.com/producto/cable-libre-de-halogeno-n14-amarillo-cu,SRT-PENDING-69E2CF6A9559,pendiente_investigacion,,,,sin_imagen,"Referencia descubierta; ficha oficial exacta, marca e imagen todavía pendientes."
CC-CABLE-LIBRE-DE-HALOGENO-N14-AZUL-CU,Cable Libre de Halógeno N14 Azul Cu,alambre-cable-thhn-thw-cu,-cable-cobre-aislado-thhn-libre-de-halogeno-cu,https://cablescolombia.com/producto/cable-libre-de-halogeno-n14-azul-cu,SRT-PENDING-A0314224E766,pendiente_investigacion,,,,sin_imagen,"Referencia descubierta; ficha oficial exacta, marca e imagen todavía pendientes."
CC-CABLE-LIBRE-DE-HALOGENO-N14-BLANCO-CU,Cable Libre de Halógeno N14 Blanco Cu,alambre-cable-thhn-thw-cu,-cable-cobre-aislado-thhn-libre-de-halogeno-cu,https://cablescolombia.com/producto/cable-libre-de-halogeno-n14-blanco-cu,SRT-PENDING-C94E1E870A26,pendiente_investigacion,,,,sin_imagen,"Referencia descubierta; ficha oficial exacta, marca e imagen todavía pendientes."
CC-CABLE-LIBRE-DE-HALOGENO-N14-NEGRO-CU,Cable Libre de Halógeno N14 Negro Cu,alambre-cable-thhn-thw-cu,-cable-cobre-aislado-thhn-libre-de-halogeno-cu,https://cablescolombia.com/producto/cable-libre-de-halogeno-n14-negro-cu,SRT-PENDING-04ACB9EA61A1,pendiente_investigacion,,,,sin_imagen,"Referencia descubierta; ficha oficial exacta, marca e imagen todavía pendientes."
CC-CABLE-LIBRE-DE-HALOGENO-N14-ROJO-CU,Cable Libre de Halógeno N14 Rojo Cu,alambre-cable-thhn-thw-cu,-cable-cobre-aislado-thhn-libre-de-halogeno-cu,https://cablescolombia.com/producto/cable-libre-de-halogeno-n14-rojo-cu,SRT-PENDING-756CD6407BE0,pendiente_investigacion,,,,sin_imagen,"Referencia descubierta; ficha oficial exacta, marca e imagen todavía pendientes."
CC-CABLE-LIBRE-DE-HALOGENO-N14-VERDE-CU,Cable Libre de Halógeno N14 Verde Cu,alambre-cable-thhn-thw-cu,-cable-cobre-aislado-thhn-libre-de-halogeno-cu,https://cablescolombia.com/producto/cable-libre-de-halogeno-n14-verde-cu,SRT-PENDING-4BC064D08D6A,pendiente_investigacion,,,,sin_imagen,"Referencia descubierta; ficha oficial exacta, marca e imagen todavía pendientes."
CC-CABLE-LIBRE-DE-HALOGENO-N12-NEGRO-CU,Cable Libre de Halógeno N12 Negro Cu,alambre-cable-thhn-thw-cu,-cable-cobre-aislado-thhn-libre-de-halogeno-cu,https://cablescolombia.com/producto/cable-libre-de-halogeno-n12-negro-cu,SRT-PENDING-7369268D0BC2,pendiente_investigacion,,,,sin_imagen,"Referencia descubierta; ficha oficial exacta, marca e imagen todavía pendientes."
CC-CABLE-LIBRE-DE-HALOGENO-N12-AMARILLO,Cable Libre de Halógeno N12 Amarillo,alambre-cable-thhn-thw-cu,-cable-cobre-aislado-thhn-libre-de-halogeno-cu,https://cablescolombia.com/producto/cable-libre-de-halogeno-n12-amarillo,SRT-PENDING-A0245B1C009E,pendiente_investigacion,,,,sin_imagen,"Referencia descubierta; ficha oficial exacta, marca e imagen todavía pendientes."
CC-CABLE-LIBRE-DE-HALOGENO-N12-AZUL-CU,Cable Libre de Halógeno N12 Azul Cu,alambre-cable-thhn-thw-cu,-cable-cobre-aislado-thhn-libre-de-halogeno-cu,https://cablescolombia.com/producto/cable-libre-de-halogeno-n12-azul-cu,SRT-PENDING-440FF4D96875,pendiente_investigacion,,,,sin_imagen,"Referencia descubierta; ficha oficial exacta, marca e imagen todavía pendientes."
CC-CABLE-LIBRE-DE-HALOGENO-N12-BLANCO-CU,Cable Libre de Halógeno N12 Blanco Cu,alambre-cable-thhn-thw-cu,-cable-cobre-aislado-thhn-libre-de-halogeno-cu,https://cablescolombia.com/producto/cable-libre-de-halogeno-n12-blanco-cu,SRT-PENDING-10BAA11455B0,pendiente_investigacion,,,,sin_imagen,"Referencia descubierta; ficha oficial exacta, marca e imagen todavía pendientes."
CC-CABLE-LIBRE-DE-HALOGENO-N12-ROJO-CU,Cable Libre de Halógeno N12 Rojo Cu,alambre-cable-thhn-thw-cu,-cable-cobre-aislado-thhn-libre-de-halogeno-cu,https://cablescolombia.com/producto/cable-libre-de-halogeno-n12-rojo-cu,SRT-PENDING-243D5EC2CB12,pendiente_investigacion,,,,sin_imagen,"Referencia descubierta; ficha oficial exacta, marca e imagen todavía pendientes."
CC-CABLE-LIBRE-DE-HALOGENO-N12-VERDE-CU,Cable Libre de Halógeno N12 Verde Cu,alambre-cable-thhn-thw-cu,-cable-cobre-aislado-thhn-libre-de-halogeno-cu,https://cablescolombia.com/producto/cable-libre-de-halogeno-n12-verde-cu,SRT-PENDING-754DB4144A5A,pendiente_investigacion,,,,sin_imagen,"Referencia descubierta; ficha oficial exacta, marca e imagen todavía pendientes."
CC-CABLE-LIBRE-DE-HALOGENO-N10-AMARILLO-CU,Cable Libre de Halógeno N10 Amarillo Cu,alambre-cable-thhn-thw-cu,-cable-cobre-aislado-thhn-libre-de-halogeno-cu,https://cablescolombia.com/producto/cable-libre-de-halogeno-n10-amarillo-cu,SRT-PENDING-FE40981C6EE2,pendiente_investigacion,,,,sin_imagen,"Referencia descubierta; ficha oficial exacta, marca e imagen todavía pendientes."
CC-CABLE-LIBRE-DE-HALOGENO-N10-AZUL-CU,Cable Libre de Halógeno N10 Azul Cu,alambre-cable-thhn-thw-cu,-cable-cobre-aislado-thhn-libre-de-halogeno-cu,https://cablescolombia.com/producto/cable-libre-de-halogeno-n10-azul-cu,SRT-PENDING-8A5260740314,pendiente_investigacion,,,,sin_imagen,"Referencia descubierta; ficha oficial exacta, marca e imagen todavía pendientes."
CC-CABLE-LIBRE-DE-HALOGENO-N10-BLANCO-CU-6,Cable Libre de Halógeno N10 Blanco Cu,alambre-cable-thhn-thw-cu,-cable-cobre-aislado-thhn-libre-de-halogeno-cu,https://cablescolombia.com/producto/cable-libre-de-halogeno-n10-blanco-cu_6,SRT-PENDING-EB924394D412,pendiente_investigacion,,,,sin_imagen,"Referencia descubierta; ficha oficial exacta, marca e imagen todavía pendientes."
CC-CABLE-LIBRE-DE-HALOGENO-N10-NEGRO-CU,Cable Libre de Halógeno N10 Negro Cu,alambre-cable-thhn-thw-cu,-cable-cobre-aislado-thhn-libre-de-halogeno-cu,https://cablescolombia.com/producto/cable-libre-de-halogeno-n10-negro-cu,SRT-PENDING-04898B1D8929,pendiente_investigacion,,,,sin_imagen,"Referencia descubierta; ficha oficial exacta, marca e imagen todavía pendientes."
CC-CABLE-LIBRE-DE-HALOGENO-N10-ROJO-CU,Cable Libre de Halógeno N10 Rojo Cu,alambre-cable-thhn-thw-cu,-cable-cobre-aislado-thhn-libre-de-halogeno-cu,https://cablescolombia.com/producto/cable-libre-de-halogeno-n10-rojo-cu,SRT-PENDING-CBCDD04A16CB,pendiente_investigacion,,,,sin_imagen,"Referencia descubierta; ficha oficial exacta, marca e imagen todavía pendientes."
CC-CABLE-LIBRE-DE-HALOGENO-N10-VERDE-CU,Cable Libre de Halógeno N10 Verde Cu,alambre-cable-thhn-thw-cu,-cable-cobre-aislado-thhn-libre-de-halogeno-cu,https://cablescolombia.com/producto/cable-libre-de-halogeno-n10-verde-cu,SRT-PENDING-9D1C28539091,pendiente_investigacion,,,,sin_imagen,"Referencia descubierta; ficha oficial exacta, marca e imagen todavía pendientes."
CC-CABLE-LIBRE-DE-HALOGENO-N8-AMARILLO-CU,Cable Libre de Halógeno N8 Amarillo Cu,alambre-cable-thhn-thw-cu,-cable-cobre-aislado-thhn-libre-de-halogeno-cu,https://cablescolombia.com/producto/cable-libre-de-halogeno-n8-amarillo-cu,SRT-PENDING-B30A4A9CBDD7,pendiente_investigacion,,,,sin_imagen,"Referencia descubierta; ficha oficial exacta, marca e imagen todavía pendientes."
CC-CABLE-LIBRE-DE-HALOGENO-N8-AZUL-CU,Cable Libre de Halógeno N8 Azul Cu,alambre-cable-thhn-thw-cu,-cable-cobre-aislado-thhn-libre-de-halogeno-cu,https://cablescolombia.com/producto/cable-libre-de-halogeno-n8-azul-cu,SRT-PENDING-1B13B1046562,pendiente_investigacion,,,,sin_imagen,"Referencia descubierta; ficha oficial exacta, marca e imagen todavía pendientes."
CC-CABLE-LIBRE-DE-HALOGENO-N8-BLANCO-CU,Cable Libre de Halógeno N8 Blanco Cu,alambre-cable-thhn-thw-cu,-cable-cobre-aislado-thhn-libre-de-halogeno-cu,https://cablescolombia.com/producto/cable-libre-de-halogeno-n8-blanco-cu,SRT-PENDING-35553BFE8787,pendiente_investigacion,,,,sin_imagen,"Referencia descubierta; ficha oficial exacta, marca e imagen todavía pendientes."
CC-CABLE-LIBRE-DE-HALOGENO-N8-NEGRO-CU,Cable Libre de Halógeno N8 Negro Cu,alambre-cable-thhn-thw-cu,-cable-cobre-aislado-thhn-libre-de-halogeno-cu,https://cablescolombia.com/producto/cable-libre-de-halogeno-n8-negro-cu,SRT-PENDING-D7EDD3DFC08C,pendiente_investigacion,,,,sin_imagen,"Referencia descubierta; ficha oficial exacta, marca e imagen todavía pendientes."
CC-CABLE-LIBRE-DE-HALOGENO-N8-ROJO-CU,Cable Libre de Halógeno N8 Rojo Cu,alambre-cable-thhn-thw-cu,-cable-cobre-aislado-thhn-libre-de-halogeno-cu,https://cablescolombia.com/producto/cable-libre-de-halogeno-n8-rojo-cu,SRT-PENDING-A97EFB583217,pendiente_investigacion,,,,sin_imagen,"Referencia descubierta; ficha oficial exacta, marca e imagen todavía pendientes."
CC-CABLE-LIBRE-DE-HALOGENO-N8-VERDE-CU,Cable Libre de Halógeno N8 Verde Cu,alambre-cable-thhn-thw-cu,-cable-cobre-aislado-thhn-libre-de-halogeno-cu,https://cablescolombia.com/producto/cable-libre-de-halogeno-n8-verde-cu,SRT-PENDING-CEC6A01178EF,pendiente_investigacion,,,,sin_imagen,"Referencia descubierta; ficha oficial exacta, marca e imagen todavía pendientes."
CC-CABLE-LIBRE-DE-HALOGENO-N6-AMARILLO-CU,Cable Libre de Halógeno N6 Amarillo Cu,alambre-cable-thhn-thw-cu,-cable-cobre-aislado-thhn-libre-de-halogeno-cu,https://cablescolombia.com/producto/cable-libre-de-halogeno-n6-amarillo-cu,SRT-PENDING-A046D906ADB0,pendiente_investigacion,,,,sin_imagen,"Referencia descubierta; ficha oficial exacta, marca e imagen todavía pendientes."
CC-CABLE-LIBRE-DE-HALOGENO-N6-AZUL-CU,Cable Libre de Halógeno N6 Azul Cu,alambre-cable-thhn-thw-cu,-cable-cobre-aislado-thhn-libre-de-halogeno-cu,https://cablescolombia.com/producto/cable-libre-de-halogeno-n6-azul-cu,SRT-PENDING-07FA0BD6AEB2,pendiente_investigacion,,,,sin_imagen,"Referencia descubierta; ficha oficial exacta, marca e imagen todavía pendientes."
CC-CABLE-LIBRE-DE-HALOGENO-N6-BLANCO-CU,Cable Libre de Halógeno N6 Blanco Cu,alambre-cable-thhn-thw-cu,-cable-cobre-aislado-thhn-libre-de-halogeno-cu,https://cablescolombia.com/producto/cable-libre-de-halogeno-n6-blanco-cu,SRT-PENDING-2089E87C0AAF,pendiente_investigacion,,,,sin_imagen,"Referencia descubierta; ficha oficial exacta, marca e imagen todavía pendientes."
CC-CABLE-LIBRE-DE-HALOGENO-N6-NEGRO-CU,Cable Libre de Halógeno N6 Negro Cu,alambre-cable-thhn-thw-cu,-cable-cobre-aislado-thhn-libre-de-halogeno-cu,https://cablescolombia.com/producto/cable-libre-de-halogeno-n6-negro-cu,SRT-PENDING-077F4FF8E9DE,pendiente_investigacion,,,,sin_imagen,"Referencia descubierta; ficha oficial exacta, marca e imagen todavía pendientes."
CC-CABLE-LIBRE-DE-HALOGENO-N6-ROJO-CU,Cable Libre de Halógeno N6 Rojo Cu,alambre-cable-thhn-thw-cu,-cable-cobre-aislado-thhn-libre-de-halogeno-cu,https://cablescolombia.com/producto/cable-libre-de-halogeno-n6-rojo-cu,SRT-PENDING-82C171848667,pendiente_investigacion,,,,sin_imagen,"Referencia descubierta; ficha oficial exacta, marca e imagen todavía pendientes."
CC-CABLE-LIBRE-DE-HALOGENO-N6-VERDE-CU,Cable Libre de Halógeno N6 Verde Cu,alambre-cable-thhn-thw-cu,-cable-cobre-aislado-thhn-libre-de-halogeno-cu,https://cablescolombia.com/producto/cable-libre-de-halogeno-n6-verde-cu,SRT-PENDING-C88FD9CE58CA,pendiente_investigacion,,,,sin_imagen,"Referencia descubierta; ficha oficial exacta, marca e imagen todavía pendientes."
CC-CABLE-LIBRE-DE-HALOGENO-N4-CU,Cable Libre de Halógeno N4 Cu,alambre-cable-thhn-thw-cu,-cable-cobre-aislado-thhn-libre-de-halogeno-cu,https://cablescolombia.com/producto/cable-libre-de-halogeno-n4-cu,SRT-PENDING-DB9D247A6425,pendiente_investigacion,,,,sin_imagen,"Referencia descubierta; ficha oficial exacta, marca e imagen todavía pendientes."
CC-CABLE-LIBRE-DE-HALOGENO-N2-CU,Cable Libre de Halógeno N2 Cu,alambre-cable-thhn-thw-cu,-cable-cobre-aislado-thhn-libre-de-halogeno-cu,https://cablescolombia.com/producto/cable-libre-de-halogeno-n2-cu,SRT-PENDING-8D8F8E0DCE81,pendiente_investigacion,,,,sin_imagen,"Referencia descubierta; ficha oficial exacta, marca e imagen todavía pendientes."
CC-CABLE-LIBRE-DE-HALOGENO-N1-0-CU,Cable Libre de Halógeno N1/0 Cu,alambre-cable-thhn-thw-cu,-cable-cobre-aislado-thhn-libre-de-halogeno-cu,https://cablescolombia.com/producto/cable-libre-de-halogeno-n1-0-cu,SRT-PENDING-029EB10AC9CB,pendiente_investigacion,,,,sin_imagen,"Referencia descubierta; ficha oficial exacta, marca e imagen todavía pendientes."
CC-CABLE-LIBRE-DE-HALOGENO-N2-0-CU,Cable Libre de Halógeno N2/0 Cu,alambre-cable-thhn-thw-cu,-cable-cobre-aislado-thhn-libre-de-halogeno-cu,https://cablescolombia.com/producto/cable-libre-de-halogeno-n2-0-cu,SRT-PENDING-388A73331D8A,pendiente_investigacion,,,,sin_imagen,"Referencia descubierta; ficha oficial exacta, marca e imagen todavía pendientes."
CC-CABLE-LIBRE-DE-HALOGENO-N4-0-CU,Cable Libre de Halógeno N4/0 Cu,alambre-cable-thhn-thw-cu,-cable-cobre-aislado-thhn-libre-de-halogeno-cu,https://cablescolombia.com/producto/cable-libre-de-halogeno-n4-0-cu,SRT-PENDING-017B0187FD40,pendiente_investigacion,,,,sin_imagen,"Referencia descubierta; ficha oficial exacta, marca e imagen todavía pendientes."
CC-CABLE-LIBRE-DE-HALOGENO-N3-0-CU,Cable Libre de Halógeno N3/0 Cu,alambre-cable-thhn-thw-cu,-cable-cobre-aislado-thhn-libre-de-halogeno-cu,https://cablescolombia.com/producto/cable-libre-de-halogeno-n3-0-cu,SRT-PENDING-AE93C6CB0019,pendiente_investigacion,,,,sin_imagen,"Referencia descubierta; ficha oficial exacta, marca e imagen todavía pendientes."
CC-CABLE-LIBRE-DE-HALOGENO-N250-CU,Cable Libre de Halógeno N250 Cu,alambre-cable-thhn-thw-cu,-cable-cobre-aislado-thhn-libre-de-halogeno-cu,https://cablescolombia.com/producto/cable-libre-de-halogeno-n250-cu,SRT-PENDING-38E9EBE15577,pendiente_investigacion,,,,sin_imagen,"Referencia descubierta; ficha oficial exacta, marca e imagen todavía pendientes."
CC-CABLE-LIBRE-DE-HALOGENO-N300-CU,Cable Libre de Halógeno N300 Cu,alambre-cable-thhn-thw-cu,-cable-cobre-aislado-thhn-libre-de-halogeno-cu,https://cablescolombia.com/producto/cable-libre-de-halogeno-n300-cu,SRT-PENDING-02119178F055,pendiente_investigacion,,,,sin_imagen,"Referencia descubierta; ficha oficial exacta, marca e imagen todavía pendientes."
CC-CABLE-LIBRE-DE-HALOGENO-N350-CU,Cable Libre de Halógeno N350 Cu,alambre-cable-thhn-thw-cu,-cable-cobre-aislado-thhn-libre-de-halogeno-cu,https://cablescolombia.com/producto/cable-libre-de-halogeno-n350-cu,SRT-PENDING-971D42F0840C,pendiente_investigacion,,,,sin_imagen,"Referencia descubierta; ficha oficial exacta, marca e imagen todavía pendientes."
CC-CABLE-LIBRE-DE-HALOGENO-N500-CU,Cable Libre de Halógeno N500 Cu,alambre-cable-thhn-thw-cu,-cable-cobre-aislado-thhn-libre-de-halogeno-cu,https://cablescolombia.com/producto/cable-libre-de-halogeno-n500-cu,SRT-PENDING-F7158784A620,pendiente_investigacion,,,,sin_imagen,"Referencia descubierta; ficha oficial exacta, marca e imagen todavía pendientes."
CC-CABLE-ENCAUCHETADO-7X16-AWG-CU,Cable Encauchetado 7X16 AWG CU,cable-encauchetado,cable-encauchetado-cobre,https://cablescolombia.com/producto/cable-encauchetado-7x16-awg-cu,SRT-ENCAU-7x16AWG-CU,pendiente_piloto,,,https://co.prysmian.com/sites/co.prysmian.com/files/media/documents/FT%20TERMOFLEX%20MP_COL_1.pdf,sin_imagen,La tabla Termoflex MP revisada no publica 7 conductores en 16 AWG.
CC-CABLE-ENCAUCHETADO-7X14-AWG-CU,Cable Encauchetado 7X14 AWG CU,cable-encauchetado,cable-encauchetado-cobre,https://cablescolombia.com/producto/cable-encauchetado-7x14-awg-cu,SRT-ENCAU-7x14AWG-CU,pendiente_piloto,,,https://co.prysmian.com/sites/co.prysmian.com/files/media/documents/FT%20TERMOFLEX%20MP_COL_1.pdf,sin_imagen,La tabla Termoflex MP revisada no publica 7 conductores en 14 AWG.
CC-CABLE-ENCAUCHETADO-7X10-AWG-CU,Cable Encauchetado 7X10 AWG CU,cable-encauchetado,cable-encauchetado-cobre,https://cablescolombia.com/producto/cable-encauchetado-7x10-awg-cu,SRT-ENCAU-7x10AWG-CU,pendiente_piloto,,,https://co.prysmian.com/sites/co.prysmian.com/files/media/documents/FT%20TERMOFLEX%20MP_COL_1.pdf,sin_imagen,La tabla Termoflex MP revisada no publica 7 conductores en 10 AWG.
CC-CABLE-ENCAUCHETADO-6X18-AWG-CU,Cable Encauchetado 6X18 AWG CU,cable-encauchetado,cable-encauchetado-cobre,https://cablescolombia.com/producto/cable-encauchetado-6x18-awg-cu,SRT-ENCAU-6x18AWG-CU,pendiente_piloto,,,https://co.prysmian.com/sites/co.prysmian.com/files/media/documents/FT%20TERMOFLEX%20MP_COL_1.pdf,sin_imagen,La tabla Termoflex MP revisada no publica 6 conductores en 18 AWG.
CC-CABLE-ENCAUCHETADO-6X16-AWG-CU,Cable Encauchetado 6X16 AWG Cu,cable-encauchetado,cable-encauchetado-cobre,https://cablescolombia.com/producto/cable-encauchetado-6x16-awg-cu,SRT-ENCAU-6x16AWG-CU,pendiente_piloto,,,https://co.prysmian.com/sites/co.prysmian.com/files/media/documents/FT%20TERMOFLEX%20MP_COL_1.pdf,sin_imagen,La tabla Termoflex MP revisada no publica 6 conductores en 16 AWG.
CC-CABLE-ENCAUCHETADO-6X14-AWG-CU,Cable Encauchetado 6X14 AWG CU,cable-encauchetado,cable-encauchetado-cobre,https://cablescolombia.com/producto/cable-encauchetado-6x14-awg-cu,SRT-ENCAU-6x14AWG-CU,pendiente_piloto,,,https://co.prysmian.com/sites/co.prysmian.com/files/media/documents/FT%20TERMOFLEX%20MP_COL_1.pdf,sin_imagen,La tabla Termoflex MP revisada no publica 6 conductores en 14 AWG.
CC-CABLE-ENCAUCHETADO-6X12-AWG-CU,Cable Encauchetado 6X12 AWG CU,cable-encauchetado,cable-encauchetado-cobre,https://cablescolombia.com/producto/cable-encauchetado-6x12-awg-cu,SRT-ENCAU-6x12AWG-CU,pendiente_piloto,,,https://co.prysmian.com/sites/co.prysmian.com/files/media/documents/FT%20TERMOFLEX%20MP_COL_1.pdf,sin_imagen,La tabla Termoflex MP revisada no publica 6 conductores en 12 AWG.
CC-CABLE-ENCAUCHETADO-5X8-AWG-CU,Cable Encauchetado 5X8 AWG Cu,cable-encauchetado,cable-encauchetado-cobre,https://cablescolombia.com/producto/cable-encauchetado-5x8-awg-cu,SRT-ENCAU-5x8AWG-CU,importado_verificado,Procables,31370269501,https://co.prysmian.com/sites/co.prysmian.com/files/media/documents/FT%20TERMOFLEX%20MP_COL_1.pdf,sin_imagen,Producto ya importado mediante lote verificado; no crear una segunda ficha.
CC-CABLE-ENCAUCHETADO-5X18-AWG-CU,Cable Encauchetado 5X18 AWG Cu,cable-encauchetado,cable-encauchetado-cobre,https://cablescolombia.com/producto/cable-encauchetado-5x18-awg-cu,SRT-ENCAU-5x18AWG-CU,pendiente_piloto,,,https://co.prysmian.com/sites/co.prysmian.com/files/media/documents/FT%20TERMOFLEX%20MP_COL_1.pdf,sin_imagen,La tabla Termoflex MP revisada no publica 5 conductores en 18 AWG.
CC-CABLE-ENCAUCHETADO-5X16-AWG-CU,Cable Encauchetado 5X16 AWG Cu,cable-encauchetado,cable-encauchetado-cobre,https://cablescolombia.com/producto/cable-encauchetado-5x16-awg-cu,SRT-ENCAU-5x16AWG-CU,pendiente_piloto,,,https://co.prysmian.com/sites/co.prysmian.com/files/media/documents/FT%20TERMOFLEX%20MP_COL_1.pdf,sin_imagen,La tabla Termoflex MP revisada no publica 5 conductores en 16 AWG.
CC-CABLE-ENCAUCHETADO-5X14-AWG-CU,Cable Encauchetado 5X14 AWG Cu,cable-encauchetado,cable-encauchetado-cobre,https://cablescolombia.com/producto/cable-encauchetado-5x14-awg-cu,SRT-ENCAU-5x14AWG-CU,importado_verificado,Procables,31371392501,https://co.prysmian.com/sites/co.prysmian.com/files/media/documents/FT%20TERMOFLEX%20MP_COL_1.pdf,sin_imagen,Producto ya importado mediante lote verificado; no crear una segunda ficha.
CC-CABLE-ENCAUCHETADO-5X12-AWG-CU,Cable Encauchetado 5X12 AWG Cu,cable-encauchetado,cable-encauchetado-cobre,https://cablescolombia.com/producto/cable-encauchetado-5x12-awg-cu,SRT-ENCAU-5x12AWG-CU,importado_verificado,Procables,31370229501,https://co.prysmian.com/sites/co.prysmian.com/files/media/documents/FT%20TERMOFLEX%20MP_COL_1.pdf,sin_imagen,Producto ya importado mediante lote verificado; no crear una segunda ficha.
CC-CABLE-ENCAUCHETADO-5X10-AWG-CU,Cable Encauchetado 5X10 AWG Cu,cable-encauchetado,cable-encauchetado-cobre,https://cablescolombia.com/producto/cable-encauchetado-5x10-awg-cu,SRT-ENCAU-5x10AWG-CU,importado_verificado,Procables,31370249501,https://co.prysmian.com/sites/co.prysmian.com/files/media/documents/FT%20TERMOFLEX%20MP_COL_1.pdf,sin_imagen,Producto ya importado mediante lote verificado; no crear una segunda ficha.
CC-CABLE-ENCAUCHETADO-2X8-CU,Cable Encauchetado 2X8 Cu,cable-encauchetado,cable-encauchetado-cobre,https://cablescolombia.com/producto/cable-encauchetado-2x8-cu,SRT-ENCAU-2x8-CU,importado_verificado,Procables,31370269201,https://co.prysmian.com/sites/co.prysmian.com/files/media/documents/FT%20TERMOFLEX%20MP_COL_1.pdf,sin_imagen,Producto ya importado mediante lote verificado; no crear una segunda ficha.
CC-CABLE-ENCAUCHETADO-2X10-CU,Cable Encauchetado 2X10 Cu,cable-encauchetado,cable-encauchetado-cobre,https://cablescolombia.com/producto/cable-encauchetado-2x10-cu,SRT-ENCAU-2x10-CU,importado_verificado,Procables,31370249201,https://co.prysmian.com/sites/co.prysmian.com/files/media/documents/FT%20TERMOFLEX%20MP_COL_1.pdf,sin_imagen,Producto ya importado mediante lote verificado; no crear una segunda ficha.
CC-CABLE-ENCAUCHETADO-2X12-CU,Cable Encauchetado 2X12 Cu,cable-encauchetado,cable-encauchetado-cobre,https://cablescolombia.com/producto/cable-encauchetado-2x12-cu,SRT-ENCAU-2x12-CU,importado_verificado,Procables,31370229201,https://co.prysmian.com/sites/co.prysmian.com/files/media/documents/FT%20TERMOFLEX%20MP_COL_1.pdf,sin_imagen,Producto ya importado mediante lote verificado; no crear una segunda ficha.
CC-CABLE-ENCAUCHETADO-2X14-CU,Cable Encauchetado 2X14 Cu,cable-encauchetado,cable-encauchetado-cobre,https://cablescolombia.com/producto/cable-encauchetado-2x14-cu,SRT-ENCAU-2x14-CU,importado_verificado,Procables,31371392001,https://co.prysmian.com/sites/co.prysmian.com/files/media/documents/FT%20TERMOFLEX%20MP_COL_1.pdf,sin_imagen,Producto ya importado mediante lote verificado; no crear una segunda ficha.
CC-CABLE-ENCAUCHETADO-2X16-CU,Cable Encauchetado 2X16 Cu,cable-encauchetado,cable-encauchetado-cobre,https://cablescolombia.com/producto/cable-encauchetado-2x16-cu,SRT-ENCAU-2x16-CU,importado_verificado,Procables,31371391001,https://co.prysmian.com/sites/co.prysmian.com/files/media/documents/FT%20TERMOFLEX%20MP_COL_1.pdf,sin_imagen,Producto ya importado mediante lote verificado; no crear una segunda ficha.
CC-CABLE-ENCAUCHETADO-2X18-CU,Cable Encauchetado 2X18 Cu,cable-encauchetado,cable-encauchetado-cobre,https://cablescolombia.com/producto/cable-encauchetado-2x18-cu,SRT-ENCAU-2x18-CU,importado_verificado,Procables,31371390001,https://co.prysmian.com/sites/co.prysmian.com/files/media/documents/FT%20TERMOFLEX%20MP_COL_1.pdf,sin_imagen,Producto ya importado mediante lote verificado; no crear una segunda ficha.
CC-CABLE-ENCAUCHETADO-3X8-CU,Cable Encauchetado 3X8 Cu,cable-encauchetado,cable-encauchetado-cobre,https://cablescolombia.com/producto/cable-encauchetado-3x8-cu,SRT-ENCAU-3x8-CU,importado_verificado,Procables,31370269301,https://co.prysmian.com/sites/co.prysmian.com/files/media/documents/FT%20TERMOFLEX%20MP_COL_1.pdf,sin_imagen,Producto ya importado mediante lote verificado; no crear una segunda ficha.
CC-CABLE-ENCAUCHETADO-3X10-CU,Cable Encauchetado 3X10 Cu,cable-encauchetado,cable-encauchetado-cobre,https://cablescolombia.com/producto/cable-encauchetado-3x10-cu,SRT-PENDING-79A2BDF66D2B,pendiente_investigacion,,,,sin_imagen,"Referencia descubierta; ficha oficial exacta, marca e imagen todavía pendientes."
CC-CABLE-ENCAUCHETADO-3X12-CU,Cable Encauchetado 3X12 Cu,cable-encauchetado,cable-encauchetado-cobre,https://cablescolombia.com/producto/cable-encauchetado-3x12-cu,SRT-PENDING-93AC5F0F0161,pendiente_investigacion,,,,sin_imagen,"Referencia descubierta; ficha oficial exacta, marca e imagen todavía pendientes."
CC-CABLE-ENCAUCHETADO-3X14-CU,Cable Encauchetado 3X14 Cu,cable-encauchetado,cable-encauchetado-cobre,https://cablescolombia.com/producto/cable-encauchetado-3x14-cu,SRT-PENDING-E11C429FBC9C,pendiente_investigacion,,,,sin_imagen,"Referencia descubierta; ficha oficial exacta, marca e imagen todavía pendientes."
CC-CABLE-ENCAUCHETADO-3X16-CU,Cable Encauchetado 3X16 Cu,cable-encauchetado,cable-encauchetado-cobre,https://cablescolombia.com/producto/cable-encauchetado-3x16-cu,SRT-PENDING-9C954DF4F63F,pendiente_investigacion,,,,sin_imagen,"Referencia descubierta; ficha oficial exacta, marca e imagen todavía pendientes."
CC-CABLE-ENCAUCHETADO-3X18-CU,Cable Encauchetado 3X18 Cu,cable-encauchetado,cable-encauchetado-cobre,https://cablescolombia.com/producto/cable-encauchetado-3x18-cu,SRT-PENDING-F5F1E89CBB39,pendiente_investigacion,,,,sin_imagen,"Referencia descubierta; ficha oficial exacta, marca e imagen todavía pendientes."
CC-CABLE-ENCAUCHETADO-4X8-CU,Cable Encauchetado 4X8 Cu,cable-encauchetado,cable-encauchetado-cobre,https://cablescolombia.com/producto/cable-encauchetado-4x8-cu,SRT-PENDING-8851C823D3C1,pendiente_investigacion,,,,sin_imagen,"Referencia descubierta; ficha oficial exacta, marca e imagen todavía pendientes."
CC-CABLE-ENCAUCHETADO-4X10-CU,Cable Encauchetado 4X10 Cu,cable-encauchetado,cable-encauchetado-cobre,https://cablescolombia.com/producto/cable-encauchetado-4x10-cu,SRT-PENDING-9E30CCD48105,pendiente_investigacion,,,,sin_imagen,"Referencia descubierta; ficha oficial exacta, marca e imagen todavía pendientes."
CC-CABLE-ENCAUCHETADO-4X12-CU,Cable Encauchetado 4X12 Cu,cable-encauchetado,cable-encauchetado-cobre,https://cablescolombia.com/producto/cable-encauchetado-4x12-cu,SRT-PENDING-69DA3B02F573,pendiente_investigacion,,,,sin_imagen,"Referencia descubierta; ficha oficial exacta, marca e imagen todavía pendientes."
CC-CABLE-ENCAUCHETADO-4X14-CU,Cable Encauchetado 4X14 Cu,cable-encauchetado,cable-encauchetado-cobre,https://cablescolombia.com/producto/cable-encauchetado-4x14-cu,SRT-PENDING-5DC320A76AD7,pendiente_investigacion,,,,sin_imagen,"Referencia descubierta; ficha oficial exacta, marca e imagen todavía pendientes."
CC-CABLE-ENCAUCHETADO-4X16-CU,Cable Encauchetado 4X16 Cu,cable-encauchetado,cable-encauchetado-cobre,https://cablescolombia.com/producto/cable-encauchetado-4x16-cu,SRT-PENDING-19640B390520,pendiente_investigacion,,,,sin_imagen,"Referencia descubierta; ficha oficial exacta, marca e imagen todavía pendientes."
CC-CABLE-ENCAUCHETADO-4X18-CU,Cable Encauchetado 4X18 Cu,cable-encauchetado,cable-encauchetado-cobre,https://cablescolombia.com/producto/cable-encauchetado-4x18-cu,SRT-PENDING-D23957217C5F,pendiente_investigacion,,,,sin_imagen,"Referencia descubierta; ficha oficial exacta, marca e imagen todavía pendientes."
CC-CABLE-ENCAUCHETADO-LIBRE-DE-HALOGENOS-STF-LS-2X18AWG,Cable Encauchetado Libre De Halogenos STF LS 2X18AWG,cable-encauchetado,cable-encauchetado-libre-de-halogenos,https://cablescolombia.com/producto/cable-encauchetado-libre-de-halogenos-stf-ls-2x18awg,SRT-PENDING-AF3A85B543EB,pendiente_investigacion,,,,sin_imagen,"Referencia descubierta; ficha oficial exacta, marca e imagen todavía pendientes."
CC-CABLE-ENCAUCHETADO-LIBRE-DE-HALOGENOS-STF-LS-3X18AWG,Cable Encauchetado Libre De Halogenos STF LS 3X18AWG,cable-encauchetado,cable-encauchetado-libre-de-halogenos,https://cablescolombia.com/producto/cable-encauchetado-libre-de-halogenos-stf-ls-3x18awg,SRT-PENDING-5FB84384A44F,pendiente_investigacion,,,,sin_imagen,"Referencia descubierta; ficha oficial exacta, marca e imagen todavía pendientes."
CC-CABLE-ENCAUCHETADO-LIBRE-DE-HALOGENOS-STF-LS-4X18AWG,Cable Encauchetado Libre De Halogenos STF LS 4X18AWG,cable-encauchetado,cable-encauchetado-libre-de-halogenos,https://cablescolombia.com/producto/cable-encauchetado-libre-de-halogenos-stf-ls-4x18awg,SRT-PENDING-8BD8E77FFE26,pendiente_investigacion,,,,sin_imagen,"Referencia descubierta; ficha oficial exacta, marca e imagen todavía pendientes."
CC-CABLE-ENCAUCHETADO-LIBRE-DE-HALOGENOS-STF-LS-2X16AWG,Cable Encauchetado Libre De Halogenos STF LS 2X16AWG,cable-encauchetado,cable-encauchetado-libre-de-halogenos,https://cablescolombia.com/producto/cable-encauchetado-libre-de-halogenos-stf-ls-2x16awg,SRT-PENDING-B33C9EA4395B,pendiente_investigacion,,,,sin_imagen,"Referencia descubierta; ficha oficial exacta, marca e imagen todavía pendientes."
CC-CABLE-ENCAUCHETADO-LIBRE-DE-HALOGENOS-STF-LS-3X16AWG,Cable Encauchetado Libre De Halogenos STF LS 3X16AWG,cable-encauchetado,cable-encauchetado-libre-de-halogenos,https://cablescolombia.com/producto/cable-encauchetado-libre-de-halogenos-stf-ls-3x16awg,SRT-PENDING-60380DD3295A,pendiente_investigacion,,,,sin_imagen,"Referencia descubierta; ficha oficial exacta, marca e imagen todavía pendientes."
CC-CABLE-ENCAUCHETADO-LIBRE-DE-HALOGENOS-STF-LS-4X16AWG,Cable Encauchetado Libre De Halogenos STF LS 4X16AWG,cable-encauchetado,cable-encauchetado-libre-de-halogenos,https://cablescolombia.com/producto/cable-encauchetado-libre-de-halogenos-stf-ls-4x16awg,SRT-PENDING-99CACFBA8491,pendiente_investigacion,,,,sin_imagen,"Referencia descubierta; ficha oficial exacta, marca e imagen todavía pendientes."
CC-CABLE-ENCAUCHETADO-LIBRE-DE-HALOGENOS-STF-LS-2X14AWG,Cable Encauchetado Libre De Halogenos STF LS 2X14AWG,cable-encauchetado,cable-encauchetado-libre-de-halogenos,https://cablescolombia.com/producto/cable-encauchetado-libre-de-halogenos-stf-ls-2x14awg,SRT-PENDING-EF31466FE03C,pendiente_investigacion,,,,sin_imagen,"Referencia descubierta; ficha oficial exacta, marca e imagen todavía pendientes."
CC-CABLE-ENCAUCHETADO-LIBRE-DE-HALOGENOS-STF-LS-3X14AWG,Cable Encauchetado Libre De Halogenos STF LS 3X14AWG,cable-encauchetado,cable-encauchetado-libre-de-halogenos,https://cablescolombia.com/producto/cable-encauchetado-libre-de-halogenos-stf-ls-3x14awg,SRT-PENDING-5A5C2682E16C,pendiente_investigacion,,,,sin_imagen,"Referencia descubierta; ficha oficial exacta, marca e imagen todavía pendientes."
CC-CABLE-ENCAUCHETADO-LIBRE-DE-HALOGENOS-STF-LS-4X14AWG,Cable Encauchetado Libre De Halogenos STF LS 4X14AWG,cable-encauchetado,cable-encauchetado-libre-de-halogenos,https://cablescolombia.com/producto/cable-encauchetado-libre-de-halogenos-stf-ls-4x14awg,SRT-PENDING-F53EF417439D,pendiente_investigacion,,,,sin_imagen,"Referencia descubierta; ficha oficial exacta, marca e imagen todavía pendientes."
CC-CABLE-ENCAUCHETADO-LIBRE-DE-HALOGENOS-STF-LS-2X12AWG,Cable Encauchetado Libre De Halogenos STF LS 2X12AWG,cable-encauchetado,cable-encauchetado-libre-de-halogenos,https://cablescolombia.com/producto/cable-encauchetado-libre-de-halogenos-stf-ls-2x12awg,SRT-PENDING-2FAD996C1713,pendiente_investigacion,,,,sin_imagen,"Referencia descubierta; ficha oficial exacta, marca e imagen todavía pendientes."
CC-CABLE-ENCAUCHETADO-LIBRE-DE-HALOGENOS-STF-LS-3X12AWG,Cable Encauchetado Libre De Halogenos STF LS 3X12AWG,cable-encauchetado,cable-encauchetado-libre-de-halogenos,https://cablescolombia.com/producto/cable-encauchetado-libre-de-halogenos-stf-ls-3x12awg,SRT-PENDING-AB3433A8A279,pendiente_investigacion,,,,sin_imagen,"Referencia descubierta; ficha oficial exacta, marca e imagen todavía pendientes."
CC-CABLE-ENCAUCHETADO-LIBRE-DE-HALOGENOS-STF-LS-4X12AWG,Cable Encauchetado Libre De Halogenos STF LS 4X12AWG,cable-encauchetado,cable-encauchetado-libre-de-halogenos,https://cablescolombia.com/producto/cable-encauchetado-libre-de-halogenos-stf-ls-4x12awg,SRT-PENDING-64F6D52D1104,pendiente_investigacion,,,,sin_imagen,"Referencia descubierta; ficha oficial exacta, marca e imagen todavía pendientes."
CC-CABLE-ENCAUCHETADO-LIBRE-DE-HALOGENOS-STF-LS-2X10AWG,Cable Encauchetado Libre De Halogenos STF LS 2X10AWG,cable-encauchetado,cable-encauchetado-libre-de-halogenos,https://cablescolombia.com/producto/cable-encauchetado-libre-de-halogenos-stf-ls-2x10awg,SRT-PENDING-F599C358F081,pendiente_investigacion,,,,sin_imagen,"Referencia descubierta; ficha oficial exacta, marca e imagen todavía pendientes."
CC-CABLE-ENCAUCHETADO-LIBRE-DE-HALOGENOS-STF-LS-3X10AWG,Cable Encauchetado Libre De Halogenos STF LS 3X10AWG,cable-encauchetado,cable-encauchetado-libre-de-halogenos,https://cablescolombia.com/producto/cable-encauchetado-libre-de-halogenos-stf-ls-3x10awg,SRT-PENDING-C11966418B2F,pendiente_investigacion,,,,sin_imagen,"Referencia descubierta; ficha oficial exacta, marca e imagen todavía pendientes."
CC-CABLE-ENCAUCHETADO-LIBRE-DE-HALOGENOS-STF-LS-4X10AWG,Cable Encauchetado Libre De Halogenos STF LS 4X10AWG,cable-encauchetado,cable-encauchetado-libre-de-halogenos,https://cablescolombia.com/producto/cable-encauchetado-libre-de-halogenos-stf-ls-4x10awg,SRT-PENDING-54C0621797BA,pendiente_investigacion,,,,sin_imagen,"Referencia descubierta; ficha oficial exacta, marca e imagen todavía pendientes."
CC-CABLE-ENCAUCHETADO-LIBRE-DE-HALOGENOS-STF-LS-2X8AWG,Cable Encauchetado Libre De Halogenos STF LS 2X8AWG,cable-encauchetado,cable-encauchetado-libre-de-halogenos,https://cablescolombia.com/producto/cable-encauchetado-libre-de-halogenos-stf-ls-2x8awg,SRT-PENDING-745B2E9EFC41,pendiente_investigacion,,,,sin_imagen,"Referencia descubierta; ficha oficial exacta, marca e imagen todavía pendientes."
CC-CABLE-ENCAUCHETADO-LIBRE-DE-HALOGENOS-STF-LS-3X8AWG,Cable Encauchetado Libre De Halogenos STF LS 3X8AWG,cable-encauchetado,cable-encauchetado-libre-de-halogenos,https://cablescolombia.com/producto/cable-encauchetado-libre-de-halogenos-stf-ls-3x8awg,SRT-PENDING-A23F84BEAF24,pendiente_investigacion,,,,sin_imagen,"Referencia descubierta; ficha oficial exacta, marca e imagen todavía pendientes."
CC-CABLE-ENCAUCHETADO-LIBRE-DE-HALOGENOS-STF-LS-4X8AWG,Cable Encauchetado Libre De Halogenos STF LS 4X8AWG,cable-encauchetado,cable-encauchetado-libre-de-halogenos,https://cablescolombia.com/producto/cable-encauchetado-libre-de-halogenos-stf-ls-4x8awg,SRT-PENDING-48317269D40B,pendiente_investigacion,,,,sin_imagen,"Referencia descubierta; ficha oficial exacta, marca e imagen todavía pendientes."
CC-CABLE-DUPLEX-POLARIZADO-2X10-CU,Cable Dúplex Polarizado 2X10 Cu,cable-duplex,cable-duplex-polarizado-cu,https://cablescolombia.com/producto/cable-duplex-polarizado-2x10-cu,SRT-PENDING-23FC537018EE,pendiente_investigacion,,,,sin_imagen,"Referencia descubierta; ficha oficial exacta, marca e imagen todavía pendientes."
CC-CABLE-DUPLEX-POLARIZADO-2X12-CU,Cable Dúplex Polarizado 2X12 Cu,cable-duplex,cable-duplex-polarizado-cu,https://cablescolombia.com/producto/cable-duplex-polarizado-2x12-cu,SRT-PENDING-E0C7582D9DF4,pendiente_investigacion,,,,sin_imagen,"Referencia descubierta; ficha oficial exacta, marca e imagen todavía pendientes."
CC-CABLE-DUPLEX-POLARIZADO-2X14-CU,Cable Dúplex Polarizado 2X14 Cu,cable-duplex,cable-duplex-polarizado-cu,https://cablescolombia.com/producto/cable-duplex-polarizado-2x14-cu,SRT-PENDING-FC14EDD12C47,pendiente_investigacion,,,,sin_imagen,"Referencia descubierta; ficha oficial exacta, marca e imagen todavía pendientes."
CC-CABLE-DUPLEX-POLARIZADO-2X16-CU-3,Cable Duplex Polarizado 2X16 Cu,cable-duplex,cable-duplex-polarizado-cu,https://cablescolombia.com/producto/cable-duplex-polarizado-2x16-cu_3,SRT-PENDING-197AD43647B6,pendiente_investigacion,,,,sin_imagen,"Referencia descubierta; ficha oficial exacta, marca e imagen todavía pendientes."
CC-CABLE-DUPLEX-POLARIZADO-2X18-CU,Cable Dúplex Polarizado 2X18 Cu,cable-duplex,cable-duplex-polarizado-cu,https://cablescolombia.com/producto/cable-duplex-polarizado-2x18-cu,SRT-PENDING-EAF6D9A252F8,pendiente_investigacion,,,,sin_imagen,"Referencia descubierta; ficha oficial exacta, marca e imagen todavía pendientes."
CC-CABLE-DUPLEX-POLARIZADO-2X20-CU,Cable Dúplex Polarizado 2X20 Cu,cable-duplex,cable-duplex-polarizado-cu,https://cablescolombia.com/producto/cable-duplex-polarizado-2x20-cu,SRT-PENDING-A318A86A3026,pendiente_investigacion,,,,sin_imagen,"Referencia descubierta; ficha oficial exacta, marca e imagen todavía pendientes."
CC-CABLE-DUPLEX-2X10-CU,Cable Duplex 2X10 Cu,cable-duplex,cable-duplex-flexible-cu-cca,https://cablescolombia.com/producto/cable-duplex-2x10-cu,SRT-PENDING-AA8592B17B19,pendiente_investigacion,,,,sin_imagen,"Referencia descubierta; ficha oficial exacta, marca e imagen todavía pendientes."
CC-CABLE-DUPLEX-2X12-CU,Cable Duplex 2X12 Cu,cable-duplex,cable-duplex-flexible-cu-cca,https://cablescolombia.com/producto/cable-duplex-2x12-cu,SRT-PENDING-38D59C99D61B,pendiente_investigacion,,,,sin_imagen,"Referencia descubierta; ficha oficial exacta, marca e imagen todavía pendientes."
CC-CABLE-DUPLEX-2X14-CU,Cable Duplex 2X14 Cu,cable-duplex,cable-duplex-flexible-cu-cca,https://cablescolombia.com/producto/cable-duplex-2x14-cu,SRT-PENDING-DA4E2A0F5D22,pendiente_investigacion,,,,sin_imagen,"Referencia descubierta; ficha oficial exacta, marca e imagen todavía pendientes."
CC-CABLE-DUPLEX-2X16-CU,Cable Duplex 2X16 Cu,cable-duplex,cable-duplex-flexible-cu-cca,https://cablescolombia.com/producto/cable-duplex-2x16-cu,SRT-PENDING-A787A4628636,pendiente_investigacion,,,,sin_imagen,"Referencia descubierta; ficha oficial exacta, marca e imagen todavía pendientes."
CC-CABLE-DUPLEX-2X18-CU,Cable Duplex 2X18 Cu,cable-duplex,cable-duplex-flexible-cu-cca,https://cablescolombia.com/producto/cable-duplex-2x18-cu,SRT-PENDING-93FB91870A58,pendiente_investigacion,,,,sin_imagen,"Referencia descubierta; ficha oficial exacta, marca e imagen todavía pendientes."
CC-CABLE-DUPLEX-2X14-NEGRO-CU,Cable Duplex 2X14 Negro Cu,cable-duplex,cable-duplex-flexible-cu-cca,https://cablescolombia.com/producto/cable-duplex-2x14-negro-cu,SRT-PENDING-41FBFE6E73E8,pendiente_investigacion,,,,sin_imagen,"Referencia descubierta; ficha oficial exacta, marca e imagen todavía pendientes."
CC-CABLE-DUPLEX-2X16-NEGRO-CU,Cable Duplex 2X16 Negro Cu,cable-duplex,cable-duplex-flexible-cu-cca,https://cablescolombia.com/producto/cable-duplex-2x16-negro-cu,SRT-PENDING-2C19362BAAE5,pendiente_investigacion,,,,sin_imagen,"Referencia descubierta; ficha oficial exacta, marca e imagen todavía pendientes."
CC-CABLE-DUPLEX-DESOXIGENADO-N10-CU-AL,Cable Duplex Desoxigenado N10 Cu - Al,cable-duplex,cable-duplex-desoxigenado-cu-al,https://cablescolombia.com/producto/cable-duplex-desoxigenado-n10-cu-al,SRT-PENDING-32E3F97E7A37,pendiente_investigacion,,,,sin_imagen,"Referencia descubierta; ficha oficial exacta, marca e imagen todavía pendientes."
CC-CABLE-DUPLEX-DESOXIGENADO-N12-CU-AL,Cable Duplex Desoxigenado N12 Cu - Al,cable-duplex,cable-duplex-desoxigenado-cu-al,https://cablescolombia.com/producto/cable-duplex-desoxigenado-n12-cu-al,SRT-PENDING-025FBE5A4E6A,pendiente_investigacion,,,,sin_imagen,"Referencia descubierta; ficha oficial exacta, marca e imagen todavía pendientes."
CC-CABLE-DUPLEX-DESOXIGENADO-N14-CU-AL,Cable Duplex Desoxigenado N14 Cu - Al,cable-duplex,cable-duplex-desoxigenado-cu-al,https://cablescolombia.com/producto/cable-duplex-desoxigenado-n14-cu-al,SRT-PENDING-9A6072001869,pendiente_investigacion,,,,sin_imagen,"Referencia descubierta; ficha oficial exacta, marca e imagen todavía pendientes."
CC-CABLE-DUPLEX-DESOXIGENADO-N16-CU-AL,Cable Duplex Desoxigenado N16 Cu - Al,cable-duplex,cable-duplex-desoxigenado-cu-al,https://cablescolombia.com/producto/cable-duplex-desoxigenado-n16-cu-al,SRT-PENDING-BB6C17498CE3,pendiente_investigacion,,,,sin_imagen,"Referencia descubierta; ficha oficial exacta, marca e imagen todavía pendientes."
CC-CABLE-DUPLEX-DESOXIGENADO-N18-CU-AL,Cable Duplex Desoxigenado N18 Cu - Al,cable-duplex,cable-duplex-desoxigenado-cu-al,https://cablescolombia.com/producto/cable-duplex-desoxigenado-n18-cu-al,SRT-PENDING-9DE2ECCC6E24,pendiente_investigacion,,,,sin_imagen,"Referencia descubierta; ficha oficial exacta, marca e imagen todavía pendientes."
CC-CABLE-DUPLEX-DESOXIGENADO-N22-CU-AL,Cable Duplex Desoxigenado N22 Cu - Al,cable-duplex,cable-duplex-desoxigenado-cu-al,https://cablescolombia.com/producto/cable-duplex-desoxigenado-n22-cu-al,SRT-PENDING-71B6AC43BD2A,pendiente_investigacion,,,,sin_imagen,"Referencia descubierta; ficha oficial exacta, marca e imagen todavía pendientes."
CC-CABLE-DUPLEX-DESOXIGENADO-N20-CU-AL,Cable Duplex Desoxigenado N20 Cu - Al,cable-duplex,cable-duplex-desoxigenado-cu-al,https://cablescolombia.com/producto/cable-duplex-desoxigenado-n20-cu-al,SRT-PENDING-098875622BFE,pendiente_investigacion,,,,sin_imagen,"Referencia descubierta; ficha oficial exacta, marca e imagen todavía pendientes."
CC-CABLE-DUPLEX-CRISTAL-2X20-CU,Cable Duplex Cristal 2X20 Cu,cable-duplex,cable-duplex-cristal,https://cablescolombia.com/producto/cable-duplex-cristal-2x20-cu,SRT-PENDING-6D85330E7595,pendiente_investigacion,,,,sin_imagen,"Referencia descubierta; ficha oficial exacta, marca e imagen todavía pendientes."
CC-CABLE-DUPLEX-CRISTAL-2X16-CU,Cable Duplex Cristal 2X16 Cu,cable-duplex,cable-duplex-cristal,https://cablescolombia.com/producto/cable-duplex-cristal-2x16-cu,SRT-PENDING-BE050281F599,pendiente_investigacion,,,,sin_imagen,"Referencia descubierta; ficha oficial exacta, marca e imagen todavía pendientes."
CC-CABLE-DUPLEX-CRISTAL-2X14-CU,Cable Duplex Cristal 2X14 Cu,cable-duplex,cable-duplex-cristal,https://cablescolombia.com/producto/cable-duplex-cristal-2x14-cu,SRT-PENDING-DA37AC5700DE,pendiente_investigacion,,,,sin_imagen,"Referencia descubierta; ficha oficial exacta, marca e imagen todavía pendientes."
CC-CABLE-DUPLEX-CRISTAL-2X12-CU,Cable Duplex Cristal 2X12 Cu,cable-duplex,cable-duplex-cristal,https://cablescolombia.com/producto/cable-duplex-cristal-2x12-cu,SRT-PENDING-BD7A7E1B007A,pendiente_investigacion,,,,sin_imagen,"Referencia descubierta; ficha oficial exacta, marca e imagen todavía pendientes."
CC-CABLE-DUPLEX-CRISTAL-2X22-CU,Cable Duplex Cristal 2X22 Cu,cable-duplex,cable-duplex-cristal,https://cablescolombia.com/producto/cable-duplex-cristal-2x22-cu,SRT-PENDING-1F5C990D1A3D,pendiente_investigacion,,,,sin_imagen,"Referencia descubierta; ficha oficial exacta, marca e imagen todavía pendientes."
CC-CABLE-DUPLEX-CRISTAL-2X10-CU,Cable Duplex Cristal 2X10 Cu,cable-duplex,cable-duplex-cristal,https://cablescolombia.com/producto/cable-duplex-cristal-2x10-cu,SRT-PENDING-F6E3F9037813,pendiente_investigacion,,,,sin_imagen,"Referencia descubierta; ficha oficial exacta, marca e imagen todavía pendientes."
CC-CABLE-DUPLEX-CRISTAL-2X18-CU,Cable Duplex Cristal 2X18 Cu,cable-duplex,cable-duplex-cristal,https://cablescolombia.com/producto/cable-duplex-cristal-2x18-cu,SRT-PENDING-F303325FA0CC,pendiente_investigacion,,,,sin_imagen,"Referencia descubierta; ficha oficial exacta, marca e imagen todavía pendientes."
CC-CABLE-ALUMINIO-6-AWG-SERIE-8000,Cable Aluminio 6 Awg Serie 8000,cable-aliminio,-cable-aluminio-serie-8000,https://cablescolombia.com/producto/cable-aluminio-6-awg-serie-8000,SRT-PENDING-618220FAA1AB,pendiente_investigacion,,,,sin_imagen,"Referencia descubierta; ficha oficial exacta, marca e imagen todavía pendientes."
CC-CABLE-ALUMINIO-4-AWG-SERIE-8000,Cable Aluminio 4 Awg Serie 8000,cable-aliminio,-cable-aluminio-serie-8000,https://cablescolombia.com/producto/cable-aluminio-4-awg-serie-8000,SRT-PENDING-7802C84DE1B3,pendiente_investigacion,,,,sin_imagen,"Referencia descubierta; ficha oficial exacta, marca e imagen todavía pendientes."
CC-CABLE-ALUMINIO-2-AWG-SERIE-8000,Cable Aluminio 2 Awg Serie 8000,cable-aliminio,-cable-aluminio-serie-8000,https://cablescolombia.com/producto/cable-aluminio-2-awg-serie-8000,SRT-PENDING-BD8088AD9745,pendiente_investigacion,,,,sin_imagen,"Referencia descubierta; ficha oficial exacta, marca e imagen todavía pendientes."
CC-CABLE-ALUMINIO-1-0-AWG-SERIE-8000,Cable Aluminio 1/0 Awg Serie 8000,cable-aliminio,-cable-aluminio-serie-8000,https://cablescolombia.com/producto/cable-aluminio-1-0-awg-serie-8000,SRT-PENDING-D2AF8D0AFA5B,pendiente_investigacion,,,,sin_imagen,"Referencia descubierta; ficha oficial exacta, marca e imagen todavía pendientes."
CC-CABLE-ALUMINIO-2-0-AWG-SERIE-8000,Cable Aluminio 2/0 Awg Serie 8000,cable-aliminio,-cable-aluminio-serie-8000,https://cablescolombia.com/producto/cable-aluminio-2-0-awg-serie-8000,SRT-PENDING-17B5235302EA,pendiente_investigacion,,,,sin_imagen,"Referencia descubierta; ficha oficial exacta, marca e imagen todavía pendientes."
CC-CABLE-ALUMINIO-4-0-AWG-SERIE-8000,Cable Aluminio 4/0 Awg Serie 8000,cable-aliminio,-cable-aluminio-serie-8000,https://cablescolombia.com/producto/cable-aluminio-4-0-awg-serie-8000,SRT-PENDING-FE68D8389306,pendiente_investigacion,,,,sin_imagen,"Referencia descubierta; ficha oficial exacta, marca e imagen todavía pendientes."
CC-CABLE-ALUMINIO-250-KCMIL-SERIE-8000,Cable Aluminio 250 Kcmil Serie 8000,cable-aliminio,-cable-aluminio-serie-8000,https://cablescolombia.com/producto/cable-aluminio-250-kcmil-serie-8000,SRT-PENDING-E4C3804FAEF6,pendiente_investigacion,,,,sin_imagen,"Referencia descubierta; ficha oficial exacta, marca e imagen todavía pendientes."
CC-CABLE-ALUMINIO-350-KCMIL-SERIE-8000,Cable Aluminio 350 Kcmil Serie 8000,cable-aliminio,-cable-aluminio-serie-8000,https://cablescolombia.com/producto/cable-aluminio-350-kcmil-serie-8000,SRT-PENDING-08F3829DA7AE,pendiente_investigacion,,,,sin_imagen,"Referencia descubierta; ficha oficial exacta, marca e imagen todavía pendientes."
CC-CABLE-ALUMINIO-500-KCMIL-SERIE-8000,Cable Aluminio 500 Kcmil Serie 8000,cable-aliminio,-cable-aluminio-serie-8000,https://cablescolombia.com/producto/cable-aluminio-500-kcmil-serie-8000,SRT-PENDING-2B93CC066BC7,pendiente_investigacion,,,,sin_imagen,"Referencia descubierta; ficha oficial exacta, marca e imagen todavía pendientes."
CC-CABLE-ALUMINIO-S8000-LIBRE-DE-HALOGENO-N6,Cable Aluminio S8000 Libre de Halógeno N6,cable-aliminio,cable-aluminio-serie-8000-libre-de-halogeno,https://cablescolombia.com/producto/cable-aluminio-s8000-libre-de-halogeno-n6,SRT-PENDING-B57B2EE1A859,pendiente_investigacion,,,,sin_imagen,"Referencia descubierta; ficha oficial exacta, marca e imagen todavía pendientes."
CC-CABLE-ALUMINIO-S8000-LIBRE-DE-HALOGENO-N4,Cable Aluminio S8000 Libre de Halógeno N4,cable-aliminio,cable-aluminio-serie-8000-libre-de-halogeno,https://cablescolombia.com/producto/cable-aluminio-s8000-libre-de-halogeno-n4,SRT-PENDING-B046A49FCC82,pendiente_investigacion,,,,sin_imagen,"Referencia descubierta; ficha oficial exacta, marca e imagen todavía pendientes."
CC-CABLE-ALUMINIO-SERIE-8000-LIBRE-DE-HALOGENO-N2,Cable Aluminio Serie 8000 Libre de Halógeno N2,cable-aliminio,cable-aluminio-serie-8000-libre-de-halogeno,https://cablescolombia.com/producto/cable-aluminio-serie-8000-libre-de-halogeno-n2,SRT-PENDING-7246E8E3A573,pendiente_investigacion,,,,sin_imagen,"Referencia descubierta; ficha oficial exacta, marca e imagen todavía pendientes."
CC-CABLE-ALUMINIO-SERIE-8000-LIBRE-DE-HALOGENO-1-0-9,Cable Aluminio Serie 8000 Libre de Halógeno 1/0,cable-aliminio,cable-aluminio-serie-8000-libre-de-halogeno,https://cablescolombia.com/producto/cable-aluminio-serie-8000-libre-de-halogeno-1-0_9,SRT-PENDING-C775808B3073,pendiente_investigacion,,,,sin_imagen,"Referencia descubierta; ficha oficial exacta, marca e imagen todavía pendientes."
CC-CABLE-ALUMINIO-SERIE-8000-LIBRE-DE-HALOGENO-2-0-8,Cable Aluminio Serie 8000 Libre de Halógeno 2/0,cable-aliminio,cable-aluminio-serie-8000-libre-de-halogeno,https://cablescolombia.com/producto/cable-aluminio-serie-8000-libre-de-halogeno-2-0_8,SRT-PENDING-CDB94E717A0C,pendiente_investigacion,,,,sin_imagen,"Referencia descubierta; ficha oficial exacta, marca e imagen todavía pendientes."
CC-CABLE-ALUMINIO-SERIE-8000-LIBRE-DE-HALOGENO-4-0-2,Cable Aluminio Serie 8000 Libre de Halógeno 4/0,cable-aliminio,cable-aluminio-serie-8000-libre-de-halogeno,https://cablescolombia.com/producto/cable-aluminio-serie-8000-libre-de-halogeno-4-0_2,SRT-PENDING-510C78A9F1D1,pendiente_investigacion,,,,sin_imagen,"Referencia descubierta; ficha oficial exacta, marca e imagen todavía pendientes."
CC-CABLE-ALUMINIO-SERIE-8000-LIBRE-DE-HALOGENO-250KCM,Cable Aluminio Serie 8000 Libre de Halógeno 250kcm,cable-aliminio,cable-aluminio-serie-8000-libre-de-halogeno,https://cablescolombia.com/producto/cable-aluminio-serie-8000-libre-de-halogeno-250kcm,SRT-PENDING-A0CFFB40DD66,pendiente_investigacion,,,,sin_imagen,"Referencia descubierta; ficha oficial exacta, marca e imagen todavía pendientes."
CC-CABLE-ALUMINIO-SERIE-8000-LIBRE-DE-HALOGENO-350KCM,Cable Aluminio Serie 8000 Libre de Halógeno 350kcm,cable-aliminio,cable-aluminio-serie-8000-libre-de-halogeno,https://cablescolombia.com/producto/cable-aluminio-serie-8000-libre-de-halogeno-350kcm,SRT-PENDING-C395AD6C2B57,pendiente_investigacion,,,,sin_imagen,"Referencia descubierta; ficha oficial exacta, marca e imagen todavía pendientes."
CC-CABLE-ALUMINIO-SERIE-8000-LIBRE-DE-HALOGENO-500KCM,Cable Aluminio Serie 8000 Libre de Halógeno 500kcm,cable-aliminio,cable-aluminio-serie-8000-libre-de-halogeno,https://cablescolombia.com/producto/cable-aluminio-serie-8000-libre-de-halogeno-500kcm,SRT-PENDING-4648B0B0D442,pendiente_investigacion,,,,sin_imagen,"Referencia descubierta; ficha oficial exacta, marca e imagen todavía pendientes."
CC-CABLE-ALUMINIO-ACSR-336-4-KCMIL-26-7,Cable Aluminio ACSR 336.4 Kcmil (26/7),cable-acsr-ga,,https://cablescolombia.com/producto/cable-aluminio-acsr-336-4-kcmil-26-7-,SRT-PENDING-263562792023,pendiente_investigacion,,,,sin_imagen,"Referencia descubierta; ficha oficial exacta, marca e imagen todavía pendientes."
CC-CABLE-ALUMINIO-ACSR-266-8-KCMIL-26-7,Cable Aluminio ACSR 266.8 Kcmil (26/7),cable-acsr-ga,,https://cablescolombia.com/producto/cable-aluminio-acsr-266-8-kcmil-26-7,SRT-PENDING-FEDCA5B2130A,pendiente_investigacion,,,,sin_imagen,"Referencia descubierta; ficha oficial exacta, marca e imagen todavía pendientes."
CC-CABLE-ALUMINIO-ACSR-266-8-KCMIL-18-1,Cable Aluminio ACSR 266.8 Kcmil (18/1),cable-acsr-ga,,https://cablescolombia.com/producto/cable-aluminio-acsr-266-8-kcmil-18-1-,SRT-PENDING-FA246626787C,pendiente_investigacion,,,,sin_imagen,"Referencia descubierta; ficha oficial exacta, marca e imagen todavía pendientes."
CC-CABLE-ACSR-2,Cable ACSR 2,cable-acsr-ga,,https://cablescolombia.com/producto/cable-acsr-2,SRT-PENDING-067154A42972,pendiente_investigacion,,,,sin_imagen,"Referencia descubierta; ficha oficial exacta, marca e imagen todavía pendientes."
CC-CABLE-ACSR-1-0,Cable ACSR 1/0,cable-acsr-ga,,https://cablescolombia.com/producto/cable-acsr-1-0,SRT-PENDING-0F15D54AACAC,pendiente_investigacion,,,,sin_imagen,"Referencia descubierta; ficha oficial exacta, marca e imagen todavía pendientes."
CC-CABLE-ACSR-2-0,Cable ACSR 2/0,cable-acsr-ga,,https://cablescolombia.com/producto/cable-acsr-2-0,SRT-PENDING-A73CFC9A0727,pendiente_investigacion,,,,sin_imagen,"Referencia descubierta; ficha oficial exacta, marca e imagen todavía pendientes."
CC-CABLE-ACSR-4-0,Cable ACSR 4/0,cable-acsr-ga,,https://cablescolombia.com/producto/cable-acsr-4-0,SRT-PENDING-266E0D610A17,pendiente_investigacion,,,,sin_imagen,"Referencia descubierta; ficha oficial exacta, marca e imagen todavía pendientes."
CC-CABLE-ACSR-3-0-5,Cable ACSR 3/0,cable-acsr-ga,,https://cablescolombia.com/producto/cable-acsr-3-0_5,SRT-PENDING-5023C4F2A294,pendiente_investigacion,,,,sin_imagen,"Referencia descubierta; ficha oficial exacta, marca e imagen todavía pendientes."
CC-CABLE-ALUMINIO-ACSR-4AWG-DESNUDO,Cable Aluminio Acsr 4awg Desnudo,cable-acsr-ga,,https://cablescolombia.com/producto/cable-aluminio-acsr-4awg-desnudo,SRT-PENDING-9E98C10B8CED,pendiente_investigacion,,,,sin_imagen,"Referencia descubierta; ficha oficial exacta, marca e imagen todavía pendientes."
CC-CABLE-ALUMINIO-ACSR-266-8KCMIL,Cable Aluminio Acsr 266.8kcmil,cable-acsr-ga,,https://cablescolombia.com/producto/cable-aluminio-acsr-266-8kcmil,SRT-PENDING-A69BDCC48792,pendiente_investigacion,,,,sin_imagen,"Referencia descubierta; ficha oficial exacta, marca e imagen todavía pendientes."
CC-CABLE-ALUMINIO-CUADRUPLEX-AISLADO-3X4-0-4-0-N-A-XLPE,Cable Aluminio Cuadruplex Aislado 3x4/0 + 4/0 N.A XLPE,cable-trenzado-neutro,cuadruplex-aislado-xlpe,https://cablescolombia.com/producto/cable-aluminio-cuadruplex-aislado-3x4-0-4-0-n-a-xlpe,SRT-PENDING-8044A4C1B9DC,pendiente_investigacion,,,,sin_imagen,"Referencia descubierta; ficha oficial exacta, marca e imagen todavía pendientes."
CC-CABLE-ALUMINIO-CUADRUPLEX-AISLADO-3X4-0-2-0-N-A-XLPE,Cable Aluminio Cuadruplex Aislado 3x4/0 + 2/0 N.A XLPE,cable-trenzado-neutro,cuadruplex-aislado-xlpe,https://cablescolombia.com/producto/cable-aluminio-cuadruplex-aislado-3x4-0-2-0-n-a-xlpe,SRT-PENDING-75B78DEB2833,pendiente_investigacion,,,,sin_imagen,"Referencia descubierta; ficha oficial exacta, marca e imagen todavía pendientes."
CC-CABLE-ALUMINIO-CUADRUPLEX-AISLADO-3X4-0-1-0-N-A-XLPE,Cable Aluminio Cuadruplex Aislado 3x4/0 + 1/0 N.A XLPE,cable-trenzado-neutro,cuadruplex-aislado-xlpe,https://cablescolombia.com/producto/cable-aluminio-cuadruplex-aislado-3x4-0-1-0-n-a-xlpe,SRT-PENDING-B1B9FD4A3D6D,pendiente_investigacion,,,,sin_imagen,"Referencia descubierta; ficha oficial exacta, marca e imagen todavía pendientes."
CC-CABLE-ALUMINIO-CUADRUPLEX-AISLADO-3X2-0-2-0-N-A-XLPE,Cable Aluminio Cuadruplex Aislado 3x2/0 + 2/0 N.A XLPE,cable-trenzado-neutro,cuadruplex-aislado-xlpe,https://cablescolombia.com/producto/cable-aluminio-cuadruplex-aislado-3x2-0-2-0-n-a-xlpe,SRT-PENDING-27D8B25958DA,pendiente_investigacion,,,,sin_imagen,"Referencia descubierta; ficha oficial exacta, marca e imagen todavía pendientes."
CC-CABLE-ALUMINIO-CUADRUPLEX-AISLADO-3X2-0-1-0-N-A-XLPE,Cable Aluminio Cuadruplex Aislado 3x2/0 + 1/0 N.A XLPE,cable-trenzado-neutro,cuadruplex-aislado-xlpe,https://cablescolombia.com/producto/cable-aluminio-cuadruplex-aislado-3x2-0-1-0-n-a-xlpe,SRT-PENDING-D96DEC8CDC15,pendiente_investigacion,,,,sin_imagen,"Referencia descubierta; ficha oficial exacta, marca e imagen todavía pendientes."
CC-CABLE-ALUMINIO-CUADRUPLEX-AISLADO-3X1-0-1-0-N-A-XLPE,Cable Aluminio Cuadruplex Aislado 3x1/0 + 1/0 N.A XLPE,cable-trenzado-neutro,cuadruplex-aislado-xlpe,https://cablescolombia.com/producto/cable-aluminio-cuadruplex-aislado-3x1-0-1-0-n-a-xlpe,SRT-PENDING-4713A378D085,pendiente_investigacion,,,,sin_imagen,"Referencia descubierta; ficha oficial exacta, marca e imagen todavía pendientes."
CC-CABLE-ALUMINIO-CUADRUPLEX-AISLADO-3X1-0-2-N-A-XLPE,Cable Aluminio Cuadruplex Aislado 3x1/0 + 2 N.A XLPE,cable-trenzado-neutro,cuadruplex-aislado-xlpe,https://cablescolombia.com/producto/cable-aluminio-cuadruplex-aislado-3x1-0-2-n-a-xlpe,SRT-PENDING-2104A7D24A9E,pendiente_investigacion,,,,sin_imagen,"Referencia descubierta; ficha oficial exacta, marca e imagen todavía pendientes."
CC-CABLE-ALUMINIO-CUADRUPLEX-AISLADO-3X2-1-0-N-A-XLPE,Cable Aluminio Cuadruplex Aislado 3x2 + 1/0 N.A XLPE,cable-trenzado-neutro,cuadruplex-aislado-xlpe,https://cablescolombia.com/producto/cable-aluminio-cuadruplex-aislado-3x2-1-0-n-a-xlpe,SRT-PENDING-6B93A56C256A,pendiente_investigacion,,,,sin_imagen,"Referencia descubierta; ficha oficial exacta, marca e imagen todavía pendientes."
CC-CABLE-ALUMINIO-CUADRUPLEX-AISLADO-3X2-2-N-A-XLPE,Cable Aluminio Cuadruplex Aislado 3x2 + 2 N.A XLPE,cable-trenzado-neutro,cuadruplex-aislado-xlpe,https://cablescolombia.com/producto/cable-aluminio-cuadruplex-aislado-3x2-2-n-a-xlpe,SRT-PENDING-34D217C09266,pendiente_investigacion,,,,sin_imagen,"Referencia descubierta; ficha oficial exacta, marca e imagen todavía pendientes."
CC-CABLE-ALUMINIO-CUADRUPLEX-AISLADO-3X4-4-N-A-XLPE,Cable Aluminio Cuadruplex Aislado 3x4 + 4 N.A XLPE,cable-trenzado-neutro,cuadruplex-aislado-xlpe,https://cablescolombia.com/producto/cable-aluminio-cuadruplex-aislado-3x4-4-n-a-xlpe,SRT-PENDING-042EE4D4AB06,pendiente_investigacion,,,,sin_imagen,"Referencia descubierta; ficha oficial exacta, marca e imagen todavía pendientes."
CC-CABLE-ALUMINIO-CUADRUPLEX-DESNUDO-3X4-0-4-0-N-D-XLPE,Cable Aluminio Cuadruplex Desnudo 3x4/0 + 4/0 N.D XLPE,cable-trenzado-neutro,cuadruplex-desnudo-xlpe,https://cablescolombia.com/producto/cable-aluminio-cuadruplex-desnudo-3x4-0-4-0-n-d-xlpe,SRT-PENDING-196E7A66EC82,pendiente_investigacion,,,,sin_imagen,"Referencia descubierta; ficha oficial exacta, marca e imagen todavía pendientes."
CC-CABLE-ALUMINIO-CUADRUPLEX-DESNUDO-3X4-0-2-0-N-D-XLPE,Cable Aluminio Cuadruplex Desnudo 3x4/0 + 2/0 N.D XLPE,cable-trenzado-neutro,cuadruplex-desnudo-xlpe,https://cablescolombia.com/producto/cable-aluminio-cuadruplex-desnudo-3x4-0-2-0-n-d-xlpe,SRT-PENDING-6D4A60D14D34,pendiente_investigacion,,,,sin_imagen,"Referencia descubierta; ficha oficial exacta, marca e imagen todavía pendientes."
CC-CABLE-ALUMINIO-CUADRUPLEX-DESNUDO-3X2-0-2-0-N-D-XLPE,Cable Aluminio Cuadruplex Desnudo 3x2/0 + 2/0 N.D XLPE,cable-trenzado-neutro,cuadruplex-desnudo-xlpe,https://cablescolombia.com/producto/cable-aluminio-cuadruplex-desnudo-3x2-0-2-0-n-d-xlpe,SRT-PENDING-84363C00914B,pendiente_investigacion,,,,sin_imagen,"Referencia descubierta; ficha oficial exacta, marca e imagen todavía pendientes."
CC-CABLE-ALUMINIO-CUADRUPLEX-DESNUDO-3X2-0-1-0-N-D-XLPE,Cable Aluminio Cuadruplex Desnudo 3x2/0 + 1/0 N.D XLPE,cable-trenzado-neutro,cuadruplex-desnudo-xlpe,https://cablescolombia.com/producto/cable-aluminio-cuadruplex-desnudo-3x2-0-1-0-n-d-xlpe,SRT-PENDING-E00051A36FB6,pendiente_investigacion,,,,sin_imagen,"Referencia descubierta; ficha oficial exacta, marca e imagen todavía pendientes."
CC-CABLE-ALUMINIO-CUADRUPLEX-DESNUDO-3X1-0-1-0-N-D-XLPE,Cable Aluminio Cuadruplex Desnudo 3x1/0 + 1/0 N.D XLPE,cable-trenzado-neutro,cuadruplex-desnudo-xlpe,https://cablescolombia.com/producto/cable-aluminio-cuadruplex-desnudo-3x1-0-1-0-n-d-xlpe,SRT-PENDING-FB07F7E9A51B,pendiente_investigacion,,,,sin_imagen,"Referencia descubierta; ficha oficial exacta, marca e imagen todavía pendientes."
CC-CABLE-ALUMINIO-CUADRUPLEX-DESNUDO-3X1-0-2-N-D-XLPE,Cable Aluminio Cuadruplex Desnudo 3x1/0 + 2 N.D XLPE,cable-trenzado-neutro,cuadruplex-desnudo-xlpe,https://cablescolombia.com/producto/cable-aluminio-cuadruplex-desnudo-3x1-0-2-n-d-xlpe,SRT-PENDING-34CD8C37BC1C,pendiente_investigacion,,,,sin_imagen,"Referencia descubierta; ficha oficial exacta, marca e imagen todavía pendientes."
CC-CABLE-ALUMINIO-CUADRUPLEX-DESNUDO-3X2-2-N-D-XLPE,Cable Aluminio Cuadruplex Desnudo 3x2 + 2 N.D XLPE,cable-trenzado-neutro,cuadruplex-desnudo-xlpe,https://cablescolombia.com/producto/cable-aluminio-cuadruplex-desnudo-3x2-2-n-d-xlpe,SRT-PENDING-2D1847DB2E7B,pendiente_investigacion,,,,sin_imagen,"Referencia descubierta; ficha oficial exacta, marca e imagen todavía pendientes."
CC-CABLE-ALUMINIO-CUADRUPLEX-DESNUDO-3X2-4-N-D-XLPE,Cable Aluminio Cuadruplex Desnudo 3x2 + 4 N.D XLPE,cable-trenzado-neutro,cuadruplex-desnudo-xlpe,https://cablescolombia.com/producto/cable-aluminio-cuadruplex-desnudo-3x2-4-n-d-xlpe,SRT-PENDING-F8A7919373AD,pendiente_investigacion,,,,sin_imagen,"Referencia descubierta; ficha oficial exacta, marca e imagen todavía pendientes."
CC-CABLE-ALUMINIO-CUADRUPLEX-DESNUDO-3X4-4-N-D-XLPE,Cable Aluminio Cuadruplex Desnudo 3x4 + 4 N.D XLPE,cable-trenzado-neutro,cuadruplex-desnudo-xlpe,https://cablescolombia.com/producto/cable-aluminio-cuadruplex-desnudo-3x4-4-n-d-xlpe,SRT-PENDING-3BD5191D4ECE,pendiente_investigacion,,,,sin_imagen,"Referencia descubierta; ficha oficial exacta, marca e imagen todavía pendientes."
CC-CABLE-ALUMINIO-CUADRUPLEX-DESNUDO-3X6-6-N-D-XLPE,Cable Aluminio Cuadruplex Desnudo 3x6 + 6 N.D XLPE,cable-trenzado-neutro,cuadruplex-desnudo-xlpe,https://cablescolombia.com/producto/cable-aluminio-cuadruplex-desnudo-3x6-6-n-d-xlpe,SRT-PENDING-1FA91735D6F2,pendiente_investigacion,,,,sin_imagen,"Referencia descubierta; ficha oficial exacta, marca e imagen todavía pendientes."
CC-CABLE-ALUMINIO-TRIPLEX-DESNUDO-2X4-0-4-0-N-D-XLPE,Cable Aluminio Triplex Desnudo 2x4/0 + 4/0 N.D XLPE,cable-trenzado-neutro,-triplex-desnudo-xlpe,https://cablescolombia.com/producto/cable-aluminio-triplex-desnudo-2x4-0-4-0-n-d-xlpe,SRT-PENDING-4667F1459C76,pendiente_investigacion,,,,sin_imagen,"Referencia descubierta; ficha oficial exacta, marca e imagen todavía pendientes."
CC-CABLE-ALUMINIO-TRIPLEX-DESNUDO-2X4-0-2-0-N-D-XLPE,Cable Aluminio Triplex Desnudo 2x4/0 + 2/0 N.D XLPE,cable-trenzado-neutro,-triplex-desnudo-xlpe,https://cablescolombia.com/producto/cable-aluminio-triplex-desnudo-2x4-0-2-0-n-d-xlpe,SRT-PENDING-A6EB12EB3ABE,pendiente_investigacion,,,,sin_imagen,"Referencia descubierta; ficha oficial exacta, marca e imagen todavía pendientes."
CC-CABLE-ALUMINIO-TRIPLEX-DESNUDO-2X2-0-2-0-N-D-XLPE,Cable Aluminio Triplex Desnudo 2x2/0 + 2/0 N.D XLPE,cable-trenzado-neutro,-triplex-desnudo-xlpe,https://cablescolombia.com/producto/cable-aluminio-triplex-desnudo-2x2-0-2-0-n-d-xlpe,SRT-PENDING-98CDD9236AD2,pendiente_investigacion,,,,sin_imagen,"Referencia descubierta; ficha oficial exacta, marca e imagen todavía pendientes."
CC-CABLE-ALUMINIO-TRIPLEX-DESNUDO-2X2-0-1-0-N-D-XLPE,Cable Aluminio Triplex Desnudo 2x2/0 + 1/0 N.D XLPE,cable-trenzado-neutro,-triplex-desnudo-xlpe,https://cablescolombia.com/producto/cable-aluminio-triplex-desnudo-2x2-0-1-0-n-d-xlpe,SRT-PENDING-4316A8FAA999,pendiente_investigacion,,,,sin_imagen,"Referencia descubierta; ficha oficial exacta, marca e imagen todavía pendientes."
CC-CABLE-ALUMINIO-TRIPLEX-DESNUDO-2X1-0-1-0-N-D-XLPE,Cable Aluminio Triplex Desnudo 2x1/0 + 1/0 N.D XLPE,cable-trenzado-neutro,-triplex-desnudo-xlpe,https://cablescolombia.com/producto/cable-aluminio-triplex-desnudo-2x1-0-1-0-n-d-xlpe,SRT-PENDING-9EC49C7A28A9,pendiente_investigacion,,,,sin_imagen,"Referencia descubierta; ficha oficial exacta, marca e imagen todavía pendientes."
CC-CABLE-ALUMINIO-TRIPLEX-DESNUDO-2X1-0-2-N-D-XLPE,Cable Aluminio Triplex Desnudo 2x1/0 + 2 N.D XLPE,cable-trenzado-neutro,-triplex-desnudo-xlpe,https://cablescolombia.com/producto/cable-aluminio-triplex-desnudo-2x1-0-2-n-d-xlpe,SRT-PENDING-3364423C1A92,pendiente_investigacion,,,,sin_imagen,"Referencia descubierta; ficha oficial exacta, marca e imagen todavía pendientes."
CC-CABLE-ALUMINIO-TRIPLEX-DESNUDO-2X2-2-N-D-XLPE,Cable Aluminio Triplex Desnudo 2x2 + 2 N.D XLPE,cable-trenzado-neutro,-triplex-desnudo-xlpe,https://cablescolombia.com/producto/cable-aluminio-triplex-desnudo-2x2-2-n-d-xlpe,SRT-PENDING-6CB32956DF6E,pendiente_investigacion,,,,sin_imagen,"Referencia descubierta; ficha oficial exacta, marca e imagen todavía pendientes."
CC-CABLE-ALUMINIO-TRIPLEX-DESNUDO-2X2-4-N-D-XLPE,Cable Aluminio Triplex Desnudo 2x2 + 4 N.D XLPE,cable-trenzado-neutro,-triplex-desnudo-xlpe,https://cablescolombia.com/producto/cable-aluminio-triplex-desnudo-2x2-4-n-d-xlpe,SRT-PENDING-4F6FC158B6F6,pendiente_investigacion,,,,sin_imagen,"Referencia descubierta; ficha oficial exacta, marca e imagen todavía pendientes."
CC-CABLE-ALUMINIO-TRIPLEX-DESNUDO-2X4-4-N-D-XLPE,Cable Aluminio Triplex Desnudo 2x4 + 4 N.D XLPE,cable-trenzado-neutro,-triplex-desnudo-xlpe,https://cablescolombia.com/producto/cable-aluminio-triplex-desnudo-2x4-4-n-d-xlpe,SRT-PENDING-B16203A08F0E,pendiente_investigacion,,,,sin_imagen,"Referencia descubierta; ficha oficial exacta, marca e imagen todavía pendientes."
CC-CABLE-ALUMINIO-TRIPLEX-DESNUDO-2X6-6-N-D-XLPE,Cable Aluminio Triplex Desnudo 2x6 + 6 N.D XLPE,cable-trenzado-neutro,-triplex-desnudo-xlpe,https://cablescolombia.com/producto/cable-aluminio-triplex-desnudo-2x6-6-n-d-xlpe,SRT-PENDING-9F87DBDC8A7A,pendiente_investigacion,,,,sin_imagen,"Referencia descubierta; ficha oficial exacta, marca e imagen todavía pendientes."
CC-CABLE-ALUMINIO-TRIPLEX-AISLADO-2X1-0-123-3-KCMIL-AAAC-N-A,Cable Aluminio Triplex Aislado 2x1/0 + 123.3 Kcmil AAAC N.A,cable-trenzado-neutro,triplex-aislado-xlpe,https://cablescolombia.com/producto/cable-aluminio-triplex-aislado-2x1-0-123-3-kcmil-aaac-n-a,SRT-PENDING-97BC9D6F9F20,pendiente_investigacion,,,,sin_imagen,"Referencia descubierta; ficha oficial exacta, marca e imagen todavía pendientes."
CC-CABLE-ALUMINIO-TRIPLEX-AISLADO-2X4-0-4-0-N-A-XLPE,Cable Aluminio Triplex Aislado 2x4/0 + 4/0 N.A XLPE,cable-trenzado-neutro,triplex-aislado-xlpe,https://cablescolombia.com/producto/cable-aluminio-triplex-aislado-2x4-0-4-0-n-a-xlpe,SRT-PENDING-489F09CF9F93,pendiente_investigacion,,,,sin_imagen,"Referencia descubierta; ficha oficial exacta, marca e imagen todavía pendientes."
CC-CABLE-ALUMINIO-TRIPLEX-AISLADO-2X4-0-2-0-N-A-XLPE,Cable Aluminio Triplex Aislado 2x4/0 + 2/0 N.A XLPE,cable-trenzado-neutro,triplex-aislado-xlpe,https://cablescolombia.com/producto/cable-aluminio-triplex-aislado-2x4-0-2-0-n-a-xlpe,SRT-PENDING-A489247D6512,pendiente_investigacion,,,,sin_imagen,"Referencia descubierta; ficha oficial exacta, marca e imagen todavía pendientes."
CC-CABLE-ALUMINIO-TRIPLEX-AISLADO-2X2-0-2-0-N-A-XLPE,Cable Aluminio Triplex Aislado 2x2/0 + 2/0 N.A XLPE,cable-trenzado-neutro,triplex-aislado-xlpe,https://cablescolombia.com/producto/cable-aluminio-triplex-aislado-2x2-0-2-0-n-a-xlpe,SRT-PENDING-781A57233F63,pendiente_investigacion,,,,sin_imagen,"Referencia descubierta; ficha oficial exacta, marca e imagen todavía pendientes."
CC-CABLE-ALUMINIO-TRIPLEX-AISLADO-2X2-0-1-0-N-A-XLPE,Cable Aluminio Triplex Aislado 2x2/0 + 1/0 N.A XLPE,cable-trenzado-neutro,triplex-aislado-xlpe,https://cablescolombia.com/producto/cable-aluminio-triplex-aislado-2x2-0-1-0-n-a-xlpe,SRT-PENDING-4867D6D22AAF,pendiente_investigacion,,,,sin_imagen,"Referencia descubierta; ficha oficial exacta, marca e imagen todavía pendientes."
CC-CABLE-ALUMINIO-TRIPLEX-AISLADO-2X1-0-1-0-N-A-XLPE,Cable Aluminio Triplex Aislado 2x1/0 + 1/0 N.A XLPE,cable-trenzado-neutro,triplex-aislado-xlpe,https://cablescolombia.com/producto/cable-aluminio-triplex-aislado-2x1-0-1-0-n-a-xlpe,SRT-PENDING-B11AA016E2B8,pendiente_investigacion,,,,sin_imagen,"Referencia descubierta; ficha oficial exacta, marca e imagen todavía pendientes."
CC-CABLE-ALUMINIO-TRIPLEX-AISLADO-2X1-0-2-N-A-XLPE,Cable Aluminio Triplex Aislado 2x1/0 + 2 N.A XLPE,cable-trenzado-neutro,triplex-aislado-xlpe,https://cablescolombia.com/producto/cable-aluminio-triplex-aislado-2x1-0-2-n-a-xlpe,SRT-PENDING-BEE533777F39,pendiente_investigacion,,,,sin_imagen,"Referencia descubierta; ficha oficial exacta, marca e imagen todavía pendientes."
CC-CABLE-ALUMINIO-TRIPLEX-AISLADO-2X2-1-0-N-A-XLPE,Cable Aluminio Triplex Aislado 2x2 + 1/0 N.A XLPE,cable-trenzado-neutro,triplex-aislado-xlpe,https://cablescolombia.com/producto/cable-aluminio-triplex-aislado-2x2-1-0-n-a-xlpe,SRT-PENDING-F0C739013C64,pendiente_investigacion,,,,sin_imagen,"Referencia descubierta; ficha oficial exacta, marca e imagen todavía pendientes."
CC-CABLE-ALUMINIO-TRIPLEX-AISLADO-2X2-2-N-A-XLPE,Cable Aluminio Triplex Aislado 2x2 + 2 N.A XLPE,cable-trenzado-neutro,triplex-aislado-xlpe,https://cablescolombia.com/producto/cable-aluminio-triplex-aislado-2x2-2-n-a-xlpe,SRT-PENDING-FEF1B0043135,pendiente_investigacion,,,,sin_imagen,"Referencia descubierta; ficha oficial exacta, marca e imagen todavía pendientes."
CC-CABLE-ALUMINIO-TRIPLEX-AISLADO-2X4-2-N-A-XLPE,Cable Aluminio Triplex Aislado 2x4 + 2 N.A XLPE,cable-trenzado-neutro,triplex-aislado-xlpe,https://cablescolombia.com/producto/cable-aluminio-triplex-aislado-2x4-2-n-a-xlpe,SRT-PENDING-9D6BDB0B6AF8,pendiente_investigacion,,,,sin_imagen,"Referencia descubierta; ficha oficial exacta, marca e imagen todavía pendientes."
CC-CABLE-ALUMINIO-TRIPLEX-AISLADO-2X4-4-N-A-XLPE,Cable Aluminio Triplex Aislado 2x4 + 4 N.A XLPE,cable-trenzado-neutro,triplex-aislado-xlpe,https://cablescolombia.com/producto/cable-aluminio-triplex-aislado-2x4-4-n-a-xlpe,SRT-PENDING-A5F2945A3C24,pendiente_investigacion,,,,sin_imagen,"Referencia descubierta; ficha oficial exacta, marca e imagen todavía pendientes."
CC-CABLE-ALUMINIO-DUPLEX-DESNUDO-1X2-2-N-D-XLPE,Cable Aluminio Duplex Desnudo 1X2 + 2 N.D XLPE,cable-trenzado-neutro,duplex-aislado-desnudo-xlpe,https://cablescolombia.com/producto/cable-aluminio-duplex-desnudo-1x2-2-n-d-xlpe,SRT-PENDING-8C051F2F5E7C,pendiente_investigacion,,,,sin_imagen,"Referencia descubierta; ficha oficial exacta, marca e imagen todavía pendientes."
CC-CABLE-ALUMINIO-DUPLEX-DESNUDO-1X4-4-N-D-XLPE,Cable Aluminio Duplex Desnudo 1X4 + 4 N.D XLPE,cable-trenzado-neutro,duplex-aislado-desnudo-xlpe,https://cablescolombia.com/producto/cable-aluminio-duplex-desnudo-1x4-4-n-d-xlpe,SRT-PENDING-DDC30E095636,pendiente_investigacion,,,,sin_imagen,"Referencia descubierta; ficha oficial exacta, marca e imagen todavía pendientes."
CC-CABLE-ALUMINIO-DUPLEX-1X2-2-N-A-XLPE,Cable Aluminio Duplex 1x2+ 2 N.A XLPE,cable-trenzado-neutro,duplex-aislado-desnudo-xlpe,https://cablescolombia.com/producto/cable-aluminio-duplex-1x2-2-n-a-xlpe,SRT-PENDING-9B3D2F96EFA8,pendiente_investigacion,,,,sin_imagen,"Referencia descubierta; ficha oficial exacta, marca e imagen todavía pendientes."
CC-CABLE-ALUMINIO-DUPLEX-1X4-4-N-A-XLPE,Cable Aluminio Duplex 1x4+ 4 N.A XLPE,cable-trenzado-neutro,duplex-aislado-desnudo-xlpe,https://cablescolombia.com/producto/cable-aluminio-duplex-1x4-4-n-a-xlpe,SRT-PENDING-AD0F27BB25AA,pendiente_investigacion,,,,sin_imagen,"Referencia descubierta; ficha oficial exacta, marca e imagen todavía pendientes."
CC-CABLE-BATERIA-N4,Cable Bateria N4,cable-bateria-cu,,https://cablescolombia.com/producto/cable-bateria-n4,SRT-PENDING-061EAC97419A,pendiente_investigacion,,,,sin_imagen,"Referencia descubierta; ficha oficial exacta, marca e imagen todavía pendientes."
CC-CABLE-BATERIA-N2,Cable Bateria N2,cable-bateria-cu,,https://cablescolombia.com/producto/cable-bateria-n2,SRT-PENDING-358405226874,pendiente_investigacion,,,,sin_imagen,"Referencia descubierta; ficha oficial exacta, marca e imagen todavía pendientes."
CC-CABLE-CONTROL-7X12-AWG-PC-CU-PVC,Cable Control 7x12 AWG PC Cu PVC,cable-control,,https://cablescolombia.com/producto/cable-control-7x12-awg-pc-cu-pvc,SRT-CTRL-7x12AWG-CU-PVC,pendiente_piloto,,,https://co.prysmian.com/sites/co.prysmian.com/files/media/documents/FT-ALAMBRES-THHN.pdf,sin_imagen,Configuración 7 x 12 AWG sin referencia de fabricante confirmada.
CC-CABLE-CONTROL-2X14-20-AWG-CU-PVC-TC-LS-90-C-600V,Cable Control 2x14+20 awg cu pvc tc ls 90°c 600v,cable-control,,https://cablescolombia.com/producto/cable-control-2x14-20-awg-cu-pvc-tc-ls-90-c-600v,SRT-CTRL-2x14-20AWG-CU-PVC-600V,pendiente_piloto,,,https://co.prysmian.com/sites/co.prysmian.com/files/media/documents/FT-ALAMBRES-THHN.pdf,sin_imagen,La composición incluye un conductor adicional de 20 AWG que no aparece en la ficha revisada.
CC-CABLE-CONTROL-4X14-20-AWG-CU-PVC-TC-LS-90-C-600V,Cable Control 4x14+20 awg cu pvc tc ls 90°c 600v,cable-control,,https://cablescolombia.com/producto/cable-control-4x14-20-awg-cu-pvc-tc-ls-90-c-600v,SRT-CTRL-4x14-20AWG-CU-PVC-600V,pendiente_piloto,,,https://co.prysmian.com/sites/co.prysmian.com/files/media/documents/FT-ALAMBRES-THHN.pdf,sin_imagen,La composición incluye un conductor adicional de 20 AWG que no aparece en la ficha revisada.
CC-CABLE-CONTROL-6X14-20-AWG-CU-PVC-TC-LS-90-C-600V,Cable Control 6x14+20 awg cu pvc tc ls 90°c 600v,cable-control,,https://cablescolombia.com/producto/cable-control-6x14-20-awg-cu-pvc-tc-ls-90-c-600v,SRT-CTRL-6x14-20AWG-CU-PVC-600V,pendiente_piloto,,,https://co.prysmian.com/sites/co.prysmian.com/files/media/documents/FT-ALAMBRES-THHN.pdf,sin_imagen,La composición incluye un conductor adicional de 20 AWG que no aparece en la ficha revisada.
CC-CABLE-CONTROL-9X14-20-AWG-CU-PVC-TC-LS-90-C-600V,Cable Control 9x14+20 awg cu pvc tc ls 90°c 600v,cable-control,,https://cablescolombia.com/producto/cable-control-9x14-20-awg-cu-pvc-tc-ls-90-c-600v,SRT-CTRL-9x14-20AWG-CU-PVC-600V,pendiente_piloto,,,https://co.prysmian.com/sites/co.prysmian.com/files/media/documents/FT-ALAMBRES-THHN.pdf,sin_imagen,La composición incluye un conductor adicional de 20 AWG que no aparece en la ficha revisada.
CC-CABLE-CONTROL-2X12-20-AWG-CU-PVC-TC-LS-90-C-600V,Cable Control 2x12+20 awg cu pvc tc ls 90°c 600v,cable-control,,https://cablescolombia.com/producto/cable-control-2x12-20-awg-cu-pvc-tc-ls-90-c-600v,SRT-CTRL-2x12-20AWG-CU-PVC-600V,pendiente_piloto,,,https://co.prysmian.com/sites/co.prysmian.com/files/media/documents/FT-ALAMBRES-THHN.pdf,sin_imagen,La composición incluye un conductor adicional de 20 AWG que no aparece en la ficha revisada.
CC-CABLE-CONTROL-4X12-20-AWG-CU-PVC-TC-LS-90-C-600V,Cable Control 4x12+20 awg cu pvc tc ls 90°c 600v,cable-control,,https://cablescolombia.com/producto/cable-control-4x12-20-awg-cu-pvc-tc-ls-90-c-600v,SRT-CTRL-4x12-20AWG-CU-PVC-600V,pendiente_piloto,,,https://co.prysmian.com/sites/co.prysmian.com/files/media/documents/FT-ALAMBRES-THHN.pdf,sin_imagen,La composición incluye un conductor adicional de 20 AWG que no aparece en la ficha revisada.
CC-CABLE-CONTROL-6X12-20-AWG-CU-PVC-TC-LS-90-C-600V,Cable Control 6x12+20 awg cu pvc tc ls 90°c 600v,cable-control,,https://cablescolombia.com/producto/cable-control-6x12-20-awg-cu-pvc-tc-ls-90-c-600v,SRT-CTRL-6x12-20AWG-CU-PVC-600V,pendiente_piloto,,,https://co.prysmian.com/sites/co.prysmian.com/files/media/documents/FT-ALAMBRES-THHN.pdf,sin_imagen,La composición incluye un conductor adicional de 20 AWG que no aparece en la ficha revisada.
CC-CABLE-CONTROL-9X12-20-AWG-CU-PVC-TC-LS-90-C-600V,Cable Control 9x12+20 awg cu pvc tc ls 90°c 600v,cable-control,,https://cablescolombia.com/producto/cable-control-9x12-20-awg-cu-pvc-tc-ls-90-c-600v,SRT-CTRL-9x12-20AWG-CU-PVC-600V,pendiente_piloto,,,https://co.prysmian.com/sites/co.prysmian.com/files/media/documents/FT-ALAMBRES-THHN.pdf,sin_imagen,La composición incluye un conductor adicional de 20 AWG que no aparece en la ficha revisada.
CC-CABLE-CONTROL-2X10-20-AWG-CU-PVC-TC-LS-90-C-600V,Cable Control 2x10+20 awg cu pvc tc ls 90°c 600v,cable-control,,https://cablescolombia.com/producto/cable-control-2x10-20-awg-cu-pvc-tc-ls-90-c-600v,SRT-CTRL-2x10-20AWG-CU-PVC-600V,pendiente_piloto,,,https://co.prysmian.com/sites/co.prysmian.com/files/media/documents/FT-ALAMBRES-THHN.pdf,sin_imagen,La composición incluye un conductor adicional de 20 AWG que no aparece en la ficha revisada.
CC-CABLE-CONTROL-4X10-20-AWG-CU-PVC-TC-LS-90-C-600V,Cable Control 4x10+20 awg cu pvc tc ls 90°c 600v,cable-control,,https://cablescolombia.com/producto/cable-control-4x10-20-awg-cu-pvc-tc-ls-90-c-600v,SRT-CTRL-4x10-20AWG-CU-PVC-600V,pendiente_piloto,,,https://co.prysmian.com/sites/co.prysmian.com/files/media/documents/FT-ALAMBRES-THHN.pdf,sin_imagen,La composición incluye un conductor adicional de 20 AWG que no aparece en la ficha revisada.
CC-CABLE-CONTROL-9X10-20-AWG-CU-PVC-TC-LS-90-C-600V,Cable Control 9x10+20 awg cu pvc tc ls 90°c 600v,cable-control,,https://cablescolombia.com/producto/cable-control-9x10-20-awg-cu-pvc-tc-ls-90-c-600v,SRT-CTRL-9x10-20AWG-CU-PVC-600V,pendiente_piloto,,,https://co.prysmian.com/sites/co.prysmian.com/files/media/documents/FT-ALAMBRES-THHN.pdf,sin_imagen,La composición incluye un conductor adicional de 20 AWG que no aparece en la ficha revisada.
CC-CABLE-ACOMETIDA-1X8-8-MONOFASICO-CU,Cable Acometida 1X8+8 Monofasico Cu,cable-acometida-cu-al,,https://cablescolombia.com/producto/cable-acometida-1x8-8-monofasico-cu,SRT-PENDING-D5407E35166B,pendiente_investigacion,,,,sin_imagen,"Referencia descubierta; ficha oficial exacta, marca e imagen todavía pendientes."
CC-CABLE-ACOMETIDA-2X8-8-BIFASICO-CU,Cable Acometida 2X8+8 Bifasico Cu,cable-acometida-cu-al,,https://cablescolombia.com/producto/cable-acometida-2x8-8-bifasico-cu,SRT-PENDING-057D58022FDD,pendiente_investigacion,,,,sin_imagen,"Referencia descubierta; ficha oficial exacta, marca e imagen todavía pendientes."
CC-CABLE-ACOMETIDA-3X8-10-TRIFASICO-TREBOL-CU-2,Cable Acometida 3X8+10 Trifásico Trébol Cu,cable-acometida-cu-al,,https://cablescolombia.com/producto/cable-acometida-3x8-10-trifasico-trebol-cu_2,SRT-PENDING-3A016A2ED5CF,pendiente_investigacion,,,,sin_imagen,"Referencia descubierta; ficha oficial exacta, marca e imagen todavía pendientes."
CC-CABLE-ACOMETIDA-3X8-8-TRIFASICO-CU,Cable Acometida 3X8+8 Trifásico Cu,cable-acometida-cu-al,,https://cablescolombia.com/producto/cable-acometida-3x8-8-trifasico-cu,SRT-PENDING-4C5E4B9A7608,pendiente_investigacion,,,,sin_imagen,"Referencia descubierta; ficha oficial exacta, marca e imagen todavía pendientes."
CC-CABLE-ACOMETIDA-3X6-8-TRIFASICO-TREBOL-CU-3,Cable Acometida 3X6+8 Trifásico Trébol Cu,cable-acometida-cu-al,,https://cablescolombia.com/producto/cable-acometida-3x6-8-trifasico-trebol-cu_3,SRT-PENDING-CB11D6CC147A,pendiente_investigacion,,,,sin_imagen,"Referencia descubierta; ficha oficial exacta, marca e imagen todavía pendientes."
CC-CABLE-ACOMETIDA-3X4-6-TRIFASICO-TREBOL-CU-6,Cable Acometida 3X4+6 Trifásico Trébol Cu,cable-acometida-cu-al,,https://cablescolombia.com/producto/cable-acometida-3x4-6-trifasico-trebol-cu_6,SRT-PENDING-82211F992308,pendiente_investigacion,,,,sin_imagen,"Referencia descubierta; ficha oficial exacta, marca e imagen todavía pendientes."
CC-CABLE-ACOMETIDA-3X2-4-TREBOL-TRIFASICO-CU,Cable Acometida 3X2+4 Trebol Trifasico Cu,cable-acometida-cu-al,,https://cablescolombia.com/producto/cable-acometida-3x2-4-trebol-trifasico-cu,SRT-PENDING-84C5415A058A,pendiente_investigacion,,,,sin_imagen,"Referencia descubierta; ficha oficial exacta, marca e imagen todavía pendientes."
CC-CABLE-ACOMETIDA-ALUMINIO-1X6-6-MONOFASICO,Cable Acometida Aluminio 1x6+6 Monofásico,cable-acometida-cu-al,,https://cablescolombia.com/producto/cable-acometida-aluminio-1x6-6-monofasico,SRT-PENDING-91D6A3C793FA,pendiente_investigacion,,,,sin_imagen,"Referencia descubierta; ficha oficial exacta, marca e imagen todavía pendientes."
CC-CABLE-ECOLOGICO-AL-ACSR-1-0-13-2KV-15KV-5,Cable Ecologico AL-ACSR 1/0 13.2KV/15KV,cable-ecologico-al,,https://cablescolombia.com/producto/cable-ecologico-al-acsr-1-0-13-2kv-15kv_5,SRT-PENDING-8E11A5B06622,pendiente_investigacion,,,,sin_imagen,"Referencia descubierta; ficha oficial exacta, marca e imagen todavía pendientes."
CC-CABLE-ECOLOGICO-AL-ACSR-2-0-13-2KV-15KV-2,Cable Ecologico AL-ACSR 2/0 13.2KV/15KV,cable-ecologico-al,,https://cablescolombia.com/producto/cable-ecologico-al-acsr-2-0-13-2kv-15kv_2,SRT-PENDING-235E33CBA9A7,pendiente_investigacion,,,,sin_imagen,"Referencia descubierta; ficha oficial exacta, marca e imagen todavía pendientes."
CC-CABLE-ECOLOGICO-AL-ACSR-4-0-13-2KV-15KV-5,Cable Ecologico AL-ACSR 4/0 13.2KV/15KV,cable-ecologico-al,,https://cablescolombia.com/producto/cable-ecologico-al-acsr-4-0-13-2kv-15kv_5,SRT-PENDING-4F60E7FF2406,pendiente_investigacion,,,,sin_imagen,"Referencia descubierta; ficha oficial exacta, marca e imagen todavía pendientes."
CC-CABLE-ECOLOGICO-AL-ACSR-266-38-13-2KV-15KV,Cable Ecológico AL-ACSR 266.38 13.2KV/15KV,cable-ecologico-al,,https://cablescolombia.com/producto/cable-ecologico-al-acsr-266-38-13-2kv-15kv,SRT-PENDING-5EC7E5DAAF50,pendiente_investigacion,,,,sin_imagen,"Referencia descubierta; ficha oficial exacta, marca e imagen todavía pendientes."
CC-CABLE-ECOLOGICO-AL-ACSR-1-0-34-5KV-7,Cable Ecologico AL-ACSR 1/0 34.5KV,cable-ecologico-al,,https://cablescolombia.com/producto/cable-ecologico-al-acsr-1-0-34-5kv_7,SRT-PENDING-8FCC4E5B7572,pendiente_investigacion,,,,sin_imagen,"Referencia descubierta; ficha oficial exacta, marca e imagen todavía pendientes."
CC-CABLE-ECOLOGICO-AL-ACSR-2-0-34-5KV-1,Cable Ecologico AL-ACSR 2/0 34.5KV,cable-ecologico-al,,https://cablescolombia.com/producto/cable-ecologico-al-acsr-2-0-34-5kv_1,SRT-PENDING-78EE0A2AE0E5,pendiente_investigacion,,,,sin_imagen,"Referencia descubierta; ficha oficial exacta, marca e imagen todavía pendientes."
CC-CABLE-ECOLOGICO-AL-ACSR-4-0-34-5KV-5,Cable Ecologico AL-ACSR 4/0 34.5KV,cable-ecologico-al,,https://cablescolombia.com/producto/cable-ecologico-al-acsr-4-0-34-5kv_5,SRT-PENDING-35EE11579D66,pendiente_investigacion,,,,sin_imagen,"Referencia descubierta; ficha oficial exacta, marca e imagen todavía pendientes."
CC-CABLE-ECOLOGICO-AL-ACSR-266-8-34-5KV,Cable Ecológico AL-ACSR 266.8 34.5KV,cable-ecologico-al,,https://cablescolombia.com/producto/cable-ecologico-al-acsr-266-8-34-5kv,SRT-PENDING-E4258346E928,pendiente_investigacion,,,,sin_imagen,"Referencia descubierta; ficha oficial exacta, marca e imagen todavía pendientes."
CC-CABLE-FIBRA-OPTICA-LSZH-4-NUCLEOS-ROLLO-100M,Cable Fibra Optica LSZH 4 Núcleos Rollo 100m,cable-fibra-optica,,https://cablescolombia.com/producto/cable-fibra-optica-lszh-4-nucleos-rollo-100m,SRT-PENDING-8E4A84C51885,pendiente_investigacion,,,,sin_imagen,"Referencia descubierta; ficha oficial exacta, marca e imagen todavía pendientes."
CC-CABLE-FIBRA-OPTICA-LSZH-2-NUCLEOS-ROLLO-100M,Cable Fibra Optica LSZH 2 Núcleos Rollo 100m,cable-fibra-optica,,https://cablescolombia.com/producto/cable-fibra-optica-lszh-2-nucleos-rollo-100m,SRT-PENDING-A6602A7A1353,pendiente_investigacion,,,,sin_imagen,"Referencia descubierta; ficha oficial exacta, marca e imagen todavía pendientes."
CC-CABLE-FIBRA-OPTICA-LSZH-1-NUCLEO-ROLLO-100M,Cable Fibra Optica LSZH 1 Núcleo Rollo 100m,cable-fibra-optica,,https://cablescolombia.com/producto/cable-fibra-optica-lszh-1-nucleo-rollo-100m,SRT-PENDING-99E26045D3D7,pendiente_investigacion,,,,sin_imagen,"Referencia descubierta; ficha oficial exacta, marca e imagen todavía pendientes."
CC-CABLE-FIBRA-ADSS-24-HILOS-2-KM-USO-EXTERIOR-SPAN-100,Cable Fibra Adss 24 Hilos - *2 Km (Uso Exterior - Span 100),cable-fibra-optica,,https://cablescolombia.com/producto/cable-fibra-adss-24-hilos-2-km-uso-exterior-span-100,SRT-PENDING-DFC1513D0C3E,pendiente_investigacion,,,,sin_imagen,"Referencia descubierta; ficha oficial exacta, marca e imagen todavía pendientes."
CC-CABLE-FIBRA-ADSS-12-HILOS-2-KM-USO-EXTERIOR-SPAN-100,Cable Fibra Adss 12 Hilos - *2 Km (Uso Exterior - Span 100),cable-fibra-optica,,https://cablescolombia.com/producto/cable-fibra-adss-12-hilos-2-km-uso-exterior-span-100,SRT-PENDING-095A03DF0197,pendiente_investigacion,,,,sin_imagen,"Referencia descubierta; ficha oficial exacta, marca e imagen todavía pendientes."
CC-CABLE-FIBRA-ADSS-6-HILOS-2-KM-USO-EXTERIOR-SPAN-100,Cable Fibra Adss 6 Hilos - *2 Km (Uso Exterior - Span 100),cable-fibra-optica,,https://cablescolombia.com/producto/cable-fibra-adss-6-hilos-2-km-uso-exterior-span-100,SRT-PENDING-28C87BA093A9,pendiente_investigacion,,,,sin_imagen,"Referencia descubierta; ficha oficial exacta, marca e imagen todavía pendientes."
CC-CABLE-FIBRA-DROP-2-HILOS-CON-MENSAJERO-1KM-USO-EXTERIOR-LSZH,Cable Fibra Drop 2 Hilos Con Mensajero - * 1Km (Uso Exterior - Lszh),cable-fibra-optica,,https://cablescolombia.com/producto/cable-fibra-drop-2-hilos-con-mensajero-1km-uso-exterior-lszh,SRT-PENDING-AF3507515DDF,pendiente_investigacion,,,,sin_imagen,"Referencia descubierta; ficha oficial exacta, marca e imagen todavía pendientes."
CC-CABLE-FIBRA-DROP-1-HILO-CON-MENSAJERO-1KM-USO-EXTERIOR-LSZH,Cable Fibra Drop 1 Hilo Con Mensajero - * 1Km (Uso Exterior - Lszh),cable-fibra-optica,,https://cablescolombia.com/producto/cable-fibra-drop-1-hilo-con-mensajero-1km-uso-exterior-lszh,SRT-PENDING-9BEC9FA35927,pendiente_investigacion,,,,sin_imagen,"Referencia descubierta; ficha oficial exacta, marca e imagen todavía pendientes."
CC-CABLE-SOLAR-FOTOVOLTAICO-4MM2,Cable Solar Fotovoltaico 4Mm2,cable-fotovoltaico,,https://cablescolombia.com/producto/cable-solar-fotovoltaico-4mm2,SRT-PENDING-A1412AE78FD3,pendiente_investigacion,,,,sin_imagen,"Referencia descubierta; ficha oficial exacta, marca e imagen todavía pendientes."
CC-CABLE-SOLAR-FOTOVOLTAICO-6MM2,Cable Solar Fotovoltaico 6Mm2,cable-fotovoltaico,,https://cablescolombia.com/producto/cable-solar-fotovoltaico-6mm2,SRT-PENDING-805721FBF6F1,pendiente_investigacion,,,,sin_imagen,"Referencia descubierta; ficha oficial exacta, marca e imagen todavía pendientes."
CC-CABLE-SOLAR-FOTOVOLTAICO-10MM2,Cable Solar Fotovoltaico 10Mm2,cable-fotovoltaico,,https://cablescolombia.com/producto/cable-solar-fotovoltaico-10mm2,SRT-PENDING-9A88679D8AD6,pendiente_investigacion,,,,sin_imagen,"Referencia descubierta; ficha oficial exacta, marca e imagen todavía pendientes."
CC-CABLE-SOLAR-FOTOVOLTAICO-35MM2,Cable Solar Fotovoltaico 35Mm2,cable-fotovoltaico,,https://cablescolombia.com/producto/cable-solar-fotovoltaico-35mm2,SRT-PENDING-E67A9A1A46DB,pendiente_investigacion,,,,sin_imagen,"Referencia descubierta; ficha oficial exacta, marca e imagen todavía pendientes."
CC-CABLE-SOLAR-FOTOVOLTAICO-16MM2,Cable Solar Fotovoltaico 16Mm2,cable-fotovoltaico,,https://cablescolombia.com/producto/cable-solar-fotovoltaico-16mm2,SRT-PENDING-86A1C7E43C49,pendiente_investigacion,,,,sin_imagen,"Referencia descubierta; ficha oficial exacta, marca e imagen todavía pendientes."
CC-CABLE-SOLAR-FOTOVOLTAICO-50MM2,Cable Solar Fotovoltaico 50Mm2,cable-fotovoltaico,,https://cablescolombia.com/producto/cable-solar-fotovoltaico-50mm2,SRT-PENDING-03D1945CFA7D,pendiente_investigacion,,,,sin_imagen,"Referencia descubierta; ficha oficial exacta, marca e imagen todavía pendientes."
CC-CABLE-ILUMINACION-AWM-CC-10-AWG-CU-PVC-105-9,Cable Iluminación AWM CC 10 AWG Cu PVC 105°,cable-iluminacion-awm-cc-20-awg-cu-pvc-105,,https://cablescolombia.com/producto/cable-iluminacion-awm-cc-10-awg-cu-pvc-105_9,SRT-PENDING-7D60DB9DFF53,pendiente_investigacion,,,,sin_imagen,"Referencia descubierta; ficha oficial exacta, marca e imagen todavía pendientes."
CC-CABLE-ILUMINACION-AWM-CC-12-AWG-CU-PVC-105-5,Cable Iluminación AWM CC 12 AWG Cu PVC 105°,cable-iluminacion-awm-cc-20-awg-cu-pvc-105,,https://cablescolombia.com/producto/cable-iluminacion-awm-cc-12-awg-cu-pvc-105_5,SRT-PENDING-EA778CFDDA9B,pendiente_investigacion,,,,sin_imagen,"Referencia descubierta; ficha oficial exacta, marca e imagen todavía pendientes."
CC-CABLE-ILUMINACION-AWM-CC-14-AWG-CU-PVC-105-1,Cable Iluminación AWM CC 14 AWG Cu PVC 105°,cable-iluminacion-awm-cc-20-awg-cu-pvc-105,,https://cablescolombia.com/producto/cable-iluminacion-awm-cc-14-awg-cu-pvc-105_1,SRT-PENDING-EAC8A473BFEB,pendiente_investigacion,,,,sin_imagen,"Referencia descubierta; ficha oficial exacta, marca e imagen todavía pendientes."
CC-CABLE-ILUMINACION-AWM-CC-16-AWG-CU-PVC-105-7,Cable Iluminación AWM CC 16 AWG Cu PVC 105°,cable-iluminacion-awm-cc-20-awg-cu-pvc-105,,https://cablescolombia.com/producto/cable-iluminacion-awm-cc-16-awg-cu-pvc-105_7,SRT-PENDING-C4114DD1AC80,pendiente_investigacion,,,,sin_imagen,"Referencia descubierta; ficha oficial exacta, marca e imagen todavía pendientes."
CC-CABLE-ILUMINACION-AWM-CC-18-AWG-CU-PVC-105-2,Cable Iluminación AWM CC 18 AWG Cu PVC 105°,cable-iluminacion-awm-cc-20-awg-cu-pvc-105,,https://cablescolombia.com/producto/cable-iluminacion-awm-cc-18-awg-cu-pvc-105_2,SRT-PENDING-412FFC5C94B9,pendiente_investigacion,,,,sin_imagen,"Referencia descubierta; ficha oficial exacta, marca e imagen todavía pendientes."
CC-CABLE-ILUMINACION-AWM-CC-20-AWG-CU-PVC-105-3,Cable Iluminación AWM CC 20 AWG Cu PVC 105°,cable-iluminacion-awm-cc-20-awg-cu-pvc-105,,https://cablescolombia.com/producto/cable-iluminacion-awm-cc-20-awg-cu-pvc-105_3,SRT-PENDING-3370646577EB,pendiente_investigacion,,,,sin_imagen,"Referencia descubierta; ficha oficial exacta, marca e imagen todavía pendientes."
CC-CABLE-INSTRUMENTACION-2X18-20-AWG-CU-PVC-TC-105-C-600V-300V,Cable Instrumentación 2x18+20 awg cu pvc tc 105°c 600v/300v,cable-instrumentacion,,https://cablescolombia.com/producto/cable-instrumentacion-2x18-20-awg-cu-pvc-tc-105-c-600v-300v,SRT-PENDING-919E21897BBE,pendiente_investigacion,,,,sin_imagen,"Referencia descubierta; ficha oficial exacta, marca e imagen todavía pendientes."
CC-CABLE-INSTRUMENTACION-3X18-20-AWG-CU-PVC-TC-105-C-600V-300V,Cable Instrumentación 3x18+20 awg cu pvc tc 105°c 600v/300v,cable-instrumentacion,,https://cablescolombia.com/producto/cable-instrumentacion-3x18-20-awg-cu-pvc-tc-105-c-600v-300v,SRT-PENDING-B4AEE6492655,pendiente_investigacion,,,,sin_imagen,"Referencia descubierta; ficha oficial exacta, marca e imagen todavía pendientes."
CC-CABLE-INSTRUMENTACION-4X18-20-AWG-CU-PVC-TC-105-C-600V-300V,Cable Instrumentación 4x18+20 awg cu pvc tc 105°c 600v/300v,cable-instrumentacion,,https://cablescolombia.com/producto/cable-instrumentacion-4x18-20-awg-cu-pvc-tc-105-c-600v-300v,SRT-PENDING-94AC706D41A6,pendiente_investigacion,,,,sin_imagen,"Referencia descubierta; ficha oficial exacta, marca e imagen todavía pendientes."
CC-CABLE-INSTRUMENTACION-6X18-20-AWG-CU-PVC-TC-105-C-600V-300V,Cable Instrumentación 6x18+20 awg cu pvc tc 105°c 600v/300v,cable-instrumentacion,,https://cablescolombia.com/producto/cable-instrumentacion-6x18-20-awg-cu-pvc-tc-105-c-600v-300v,SRT-PENDING-10B212FEBFFE,pendiente_investigacion,,,,sin_imagen,"Referencia descubierta; ficha oficial exacta, marca e imagen todavía pendientes."
CC-CABLE-INSTRUMENTACION-12X18-20-AWG-CU-PVC-TC-105-C-600V-300V,Cable Instrumentación 12x18+20 awg cu pvc tc 105°c 600v/300v,cable-instrumentacion,,https://cablescolombia.com/producto/cable-instrumentacion-12x18-20-awg-cu-pvc-tc-105-c-600v-300v,SRT-PENDING-C1CC25DAE03E,pendiente_investigacion,,,,sin_imagen,"Referencia descubierta; ficha oficial exacta, marca e imagen todavía pendientes."
CC-CABLE-INSTRUMENTACION-18X18-20-AWG-CU-PVC-TC-105-C-600V-300V,Cable Instrumentación 18x18+20 awg cu pvc tc 105°c 600v/300v,cable-instrumentacion,,https://cablescolombia.com/producto/cable-instrumentacion-18x18-20-awg-cu-pvc-tc-105-c-600v-300v,SRT-PENDING-8D5E569C3F69,pendiente_investigacion,,,,sin_imagen,"Referencia descubierta; ficha oficial exacta, marca e imagen todavía pendientes."
CC-CABLE-INSTRUMENTACION-2X16-20-AWG-CU-PVC-TC-105-C-600V-300V,Cable Instrumentación 2x16+20 awg cu pvc tc 105°c 600v/300v,cable-instrumentacion,,https://cablescolombia.com/producto/cable-instrumentacion-2x16-20-awg-cu-pvc-tc-105-c-600v-300v,SRT-PENDING-F651D769D79D,pendiente_investigacion,,,,sin_imagen,"Referencia descubierta; ficha oficial exacta, marca e imagen todavía pendientes."
CC-CABLE-INSTRUMENTACION-3X16-20-AWG-CU-PVC-TC-105-C-600V-300V,Cable Instrumentación 3x16+20 awg cu pvc tc 105°c 600v/300v,cable-instrumentacion,,https://cablescolombia.com/producto/cable-instrumentacion-3x16-20-awg-cu-pvc-tc-105-c-600v-300v,SRT-PENDING-A18F6A8F29EA,pendiente_investigacion,,,,sin_imagen,"Referencia descubierta; ficha oficial exacta, marca e imagen todavía pendientes."
CC-CABLE-INSTRUMENTACION-4X16-20-AWG-CU-PVC-TC-105-C-600V-300V,Cable Instrumentación 4x16+20 awg cu pvc tc 105°c 600v/300v,cable-instrumentacion,,https://cablescolombia.com/producto/cable-instrumentacion-4x16-20-awg-cu-pvc-tc-105-c-600v-300v,SRT-PENDING-C4355DF306F7,pendiente_investigacion,,,,sin_imagen,"Referencia descubierta; ficha oficial exacta, marca e imagen todavía pendientes."
CC-CABLE-INSTRUMENTACION-9X18-20-AWG-CU-PVC-TC-105-C-600V-300V,Cable Instrumentación 9x18+20 awg cu pvc tc 105°c 600v/300v,cable-instrumentacion,,https://cablescolombia.com/producto/cable-instrumentacion-9x18-20-awg-cu-pvc-tc-105-c-600v-300v,SRT-PENDING-14AF2C78A875,pendiente_investigacion,,,,sin_imagen,"Referencia descubierta; ficha oficial exacta, marca e imagen todavía pendientes."
CC-CABLE-INSTRUMENTACION-9X16-20-AWG-CU-PVC-TC-105-C-600V-300V,Cable Instrumentación 9x16+20 awg cu pvc tc 105°c 600v/300v,cable-instrumentacion,,https://cablescolombia.com/producto/cable-instrumentacion-9x16-20-awg-cu-pvc-tc-105-c-600v-300v,SRT-PENDING-05B89A5D3499,pendiente_investigacion,,,,sin_imagen,"Referencia descubierta; ficha oficial exacta, marca e imagen todavía pendientes."
CC-CABLE-INSTRUMENTACION-12X16-20-AWG-CU-PVC-TC-105-C-600V-300V,Cable Instrumentación 12x16+20 awg cu pvc tc 105°c 600v/300v,cable-instrumentacion,,https://cablescolombia.com/producto/cable-instrumentacion-12x16-20-awg-cu-pvc-tc-105-c-600v-300v,SRT-PENDING-9C5726EFF653,pendiente_investigacion,,,,sin_imagen,"Referencia descubierta; ficha oficial exacta, marca e imagen todavía pendientes."
CC-CABLE-INSTRUMENTACION-18X16-20-AWG-CU-PVC-TC-105-C-600V-300V,Cable Instrumentación 18x16+20 awg cu pvc tc 105°c 600v/300v,cable-instrumentacion,,https://cablescolombia.com/producto/cable-instrumentacion-18x16-20-awg-cu-pvc-tc-105-c-600v-300v,SRT-PENDING-3772A6900D19,pendiente_investigacion,,,,sin_imagen,"Referencia descubierta; ficha oficial exacta, marca e imagen todavía pendientes."
CC-MEDIA-TENSION-ALUMINIO-XLPE-35KV-133-PC-PVC-2-AWG,Media Tensión Aluminio XLPE 35kV 133% PC PVC 2 AWG,cable-media-tension,-mt-aluminio-35kv,https://cablescolombia.com/producto/media-tension-aluminio-xlpe-35kv-133-pc-pvc-2-awg,SRT-PENDING-4DB43417FE55,pendiente_investigacion,,,,sin_imagen,"Referencia descubierta; ficha oficial exacta, marca e imagen todavía pendientes."
CC-MEDIA-TENSION-ALUMINIO-XLPE-35KV-133-PC-PVC-1-0-AWG,Media Tensión Aluminio XLPE 35kV 133% PC PVC 1/0 AWG,cable-media-tension,-mt-aluminio-35kv,https://cablescolombia.com/producto/media-tension-aluminio-xlpe-35kv-133-pc-pvc-1-0-awg,SRT-PENDING-7C4F0C4F8DDC,pendiente_investigacion,,,,sin_imagen,"Referencia descubierta; ficha oficial exacta, marca e imagen todavía pendientes."
CC-MEDIA-TENSION-ALUMINIO-XLPE-35KV-133-PC-PVC-2-0-AWG,Media Tensión Aluminio XLPE 35kV 133% PC PVC 2/0 AWG,cable-media-tension,-mt-aluminio-35kv,https://cablescolombia.com/producto/media-tension-aluminio-xlpe-35kv-133-pc-pvc-2-0-awg,SRT-PENDING-0E4D564DCC73,pendiente_investigacion,,,,sin_imagen,"Referencia descubierta; ficha oficial exacta, marca e imagen todavía pendientes."
CC-MEDIA-TENSION-ALUMINIO-XLPE-35KV-133-PC-PVC-3-0-AWG,Media Tensión Aluminio XLPE 35kV 133% PC PVC 3/0 AWG,cable-media-tension,-mt-aluminio-35kv,https://cablescolombia.com/producto/media-tension-aluminio-xlpe-35kv-133-pc-pvc-3-0-awg,SRT-PENDING-927455C1F75E,pendiente_investigacion,,,,sin_imagen,"Referencia descubierta; ficha oficial exacta, marca e imagen todavía pendientes."
CC-MEDIA-TENSION-ALUMINIO-XLPE-35KV-133-PC-PVC-4-0-AWG,Media Tensión Aluminio XLPE 35kV 133% PC PVC 4/0 AWG,cable-media-tension,-mt-aluminio-35kv,https://cablescolombia.com/producto/media-tension-aluminio-xlpe-35kv-133-pc-pvc-4-0-awg,SRT-PENDING-DD34CD3E0D87,pendiente_investigacion,,,,sin_imagen,"Referencia descubierta; ficha oficial exacta, marca e imagen todavía pendientes."
CC-MEDIA-TENSION-ALUMINIO-XLPE-35KV-133-PC-PVC-250-KCMIL,Media Tensión Aluminio XLPE 35kV 133% PC PVC 250 kcmil,cable-media-tension,-mt-aluminio-35kv,https://cablescolombia.com/producto/media-tension-aluminio-xlpe-35kv-133-pc-pvc-250-kcmil,SRT-PENDING-0A2A49AD2D7A,pendiente_investigacion,,,,sin_imagen,"Referencia descubierta; ficha oficial exacta, marca e imagen todavía pendientes."
CC-MEDIA-TENSION-ALUMINIO-XLPE-35KV-133-PC-PVC-350-KCMIL,Media Tensión Aluminio XLPE 35kV 133% PC PVC 350 kcmil,cable-media-tension,-mt-aluminio-35kv,https://cablescolombia.com/producto/media-tension-aluminio-xlpe-35kv-133-pc-pvc-350-kcmil,SRT-PENDING-43D7CB471925,pendiente_investigacion,,,,sin_imagen,"Referencia descubierta; ficha oficial exacta, marca e imagen todavía pendientes."
CC-MEDIA-TENSION-ALUMINIO-XLPE-35KV-133-PC-PVC-500-KCMIL,Media Tensión Aluminio XLPE 35kV 133% PC PVC 500 kcmil,cable-media-tension,-mt-aluminio-35kv,https://cablescolombia.com/producto/media-tension-aluminio-xlpe-35kv-133-pc-pvc-500-kcmil,SRT-PENDING-1C231A9009BF,pendiente_investigacion,,,,sin_imagen,"Referencia descubierta; ficha oficial exacta, marca e imagen todavía pendientes."
CC-MEDIA-TENSION-ALUMINIO-90-C-XLPE-HILOS-35-KV-100-N-1-3-PVC-1-0-AWG,Media Tensión Aluminio 90°C XLPE Hilos 35 kV 100% N=1/3 PVC 1/0 AWG,cable-media-tension,-mt-aluminio-35kv,https://cablescolombia.com/producto/media-tension-aluminio-90-c-xlpe-hilos-35-kv-100-n-1-3-pvc-1-0-awg,SRT-PENDING-4FC9B9A4A075,pendiente_investigacion,,,,sin_imagen,"Referencia descubierta; ficha oficial exacta, marca e imagen todavía pendientes."
CC-MEDIA-TENSION-ALUMINIO-90-C-XLPE-HILOS-35-KV-100-N-1-3-PVC-2-0-AWG,Media Tensión Aluminio 90°C XLPE Hilos  35 kV 100% N=1/3 PVC 2/0 AWG,cable-media-tension,-mt-aluminio-35kv,https://cablescolombia.com/producto/media-tension-aluminio-90-c-xlpe-hilos-35-kv-100-n-1-3-pvc-2-0-awg,SRT-PENDING-21FDEE12A15A,pendiente_investigacion,,,,sin_imagen,"Referencia descubierta; ficha oficial exacta, marca e imagen todavía pendientes."
CC-MEDIA-TENSION-ALUMINIO-90-C-XLPE-HILOS-35-KV-100-N-1-3-PVC-3-0-AWG,Media Tensión Aluminio 90°C XLPE Hilos 35 kV 100% N=1/3 PVC 3/0 AWG,cable-media-tension,-mt-aluminio-35kv,https://cablescolombia.com/producto/media-tension-aluminio-90-c-xlpe-hilos-35-kv-100-n-1-3-pvc-3-0-awg,SRT-PENDING-4CF105DE30C2,pendiente_investigacion,,,,sin_imagen,"Referencia descubierta; ficha oficial exacta, marca e imagen todavía pendientes."
CC-MEDIA-TENSION-ALUMINIO-90-C-XLPE-HILOS-35-KV-100-N-1-3-PVC-4-0-AWG,Media Tensión Aluminio 90°C XLPE Hilos  35 kV 100% N=1/3 PVC 4/0 AWG,cable-media-tension,-mt-aluminio-35kv,https://cablescolombia.com/producto/media-tension-aluminio-90-c-xlpe-hilos-35-kv-100-n-1-3-pvc-4-0-awg,SRT-PENDING-5EEA3418D619,pendiente_investigacion,,,,sin_imagen,"Referencia descubierta; ficha oficial exacta, marca e imagen todavía pendientes."
CC-MEDIA-TENSION-ALUMINIO-90-C-XLPE-HILOS-35-KV-100-N-1-3-PVC-250-KCMIL,Media Tensión Aluminio 90°C XLPE Hilos 35 kV 100% N=1/3 PVC 250 kcmil,cable-media-tension,-mt-aluminio-35kv,https://cablescolombia.com/producto/media-tension-aluminio-90-c-xlpe-hilos-35-kv-100-n-1-3-pvc-250-kcmil,SRT-PENDING-664ADB6569BA,pendiente_investigacion,,,,sin_imagen,"Referencia descubierta; ficha oficial exacta, marca e imagen todavía pendientes."
CC-MEDIA-TENSION-ALUMINIO-90-C-XLPE-HILOS-35-KV-100-N-1-3-PVC-350-KCMIL,Media Tensión Aluminio 90°C XLPE Hilos  35 kV 100% N=1/3 PVC 350 kcmil,cable-media-tension,-mt-aluminio-35kv,https://cablescolombia.com/producto/media-tension-aluminio-90-c-xlpe-hilos-35-kv-100-n-1-3-pvc-350-kcmil,SRT-PENDING-24B076CA4A91,pendiente_investigacion,,,,sin_imagen,"Referencia descubierta; ficha oficial exacta, marca e imagen todavía pendientes."
CC-MEDIA-TENSION-ALUMINIO-90-C-XLPE-HILOS-35-KV-100-N-1-3-PVC-500-KCMIL,Media Tensión Aluminio 90°C XLPE Hilos  35 kV 100% N=1/3 PVC 500 kcmil,cable-media-tension,-mt-aluminio-35kv,https://cablescolombia.com/producto/media-tension-aluminio-90-c-xlpe-hilos-35-kv-100-n-1-3-pvc-500-kcmil,SRT-PENDING-4D7A8DBC465B,pendiente_investigacion,,,,sin_imagen,"Referencia descubierta; ficha oficial exacta, marca e imagen todavía pendientes."
CC-MEDIA-TENSION-ALUMINIO-90-C-XLPE-HILOS-35-KV-133-N-1-3-PVC-1-0-AWG,Media Tensión Aluminio 90°C XLPE Hilos  35 kV 133% N=1/3 PVC 1/0 AWG,cable-media-tension,-mt-aluminio-35kv,https://cablescolombia.com/producto/media-tension-aluminio-90-c-xlpe-hilos-35-kv-133-n-1-3-pvc-1-0-awg,SRT-PENDING-5B87EE556F4F,pendiente_investigacion,,,,sin_imagen,"Referencia descubierta; ficha oficial exacta, marca e imagen todavía pendientes."
CC-MEDIA-TENSION-ALUMINIO-90-C-XLPE-HILOS-35-KV-133-N-1-3-PVC-2-0-AWG,Media Tensión Aluminio 90°C XLPE Hilos 35 kV 133% N=1/3 PVC 2/0 AWG,cable-media-tension,-mt-aluminio-35kv,https://cablescolombia.com/producto/media-tension-aluminio-90-c-xlpe-hilos-35-kv-133-n-1-3-pvc-2-0-awg,SRT-PENDING-36C5EDC88BF4,pendiente_investigacion,,,,sin_imagen,"Referencia descubierta; ficha oficial exacta, marca e imagen todavía pendientes."
CC-MEDIA-TENSION-ALUMINIO-90-C-XLPE-HILOS-35-KV-133-N-1-3-PVC-3-0-AWG,Media Tensión Aluminio 90°C XLPE Hilos 35 kV 133% N=1/3 PVC 3/0 AWG,cable-media-tension,-mt-aluminio-35kv,https://cablescolombia.com/producto/media-tension-aluminio-90-c-xlpe-hilos-35-kv-133-n-1-3-pvc-3-0-awg,SRT-PENDING-2805FE222FAB,pendiente_investigacion,,,,sin_imagen,"Referencia descubierta; ficha oficial exacta, marca e imagen todavía pendientes."
CC-MEDIA-TENSION-ALUMINIO-90-C-XLPE-HILOS-35-KV-133-N-1-3-PVC-4-0-AWG,Media Tensión Aluminio 90°C XLPE Hilos 35 kV 133% N=1/3 PVC 4/0 AWG,cable-media-tension,-mt-aluminio-35kv,https://cablescolombia.com/producto/media-tension-aluminio-90-c-xlpe-hilos-35-kv-133-n-1-3-pvc-4-0-awg,SRT-PENDING-7163D24622CF,pendiente_investigacion,,,,sin_imagen,"Referencia descubierta; ficha oficial exacta, marca e imagen todavía pendientes."
CC-MEDIA-TENSION-ALUMINIO-90-C-XLPE-HILOS-35-KV-133-N-1-3-PVC-250-KCMIL,Media Tensión Aluminio 90°C XLPE Hilos 35 kV 133% N=1/3 PVC 250 kcmil,cable-media-tension,-mt-aluminio-35kv,https://cablescolombia.com/producto/media-tension-aluminio-90-c-xlpe-hilos-35-kv-133-n-1-3-pvc-250-kcmil,SRT-PENDING-FB810094753B,pendiente_investigacion,,,,sin_imagen,"Referencia descubierta; ficha oficial exacta, marca e imagen todavía pendientes."
CC-MEDIA-TENSION-ALUMINIO-90-C-XLPE-HILOS-35-KV-133-N-1-3-PVC-350-KCMIL,Media Tensión Aluminio 90°C XLPE Hilos 35 kV 133% N=1/3 PVC 350 kcmil,cable-media-tension,-mt-aluminio-35kv,https://cablescolombia.com/producto/media-tension-aluminio-90-c-xlpe-hilos-35-kv-133-n-1-3-pvc-350-kcmil,SRT-PENDING-05BE371389F4,pendiente_investigacion,,,,sin_imagen,"Referencia descubierta; ficha oficial exacta, marca e imagen todavía pendientes."
CC-MEDIA-TENSION-ALUMINIO-90-C-XLPE-HILOS-35-KV-133-N-1-3-PVC-500-KCMIL,Media Tensión Aluminio 90°C XLPE Hilos 35 kV 133% N=1/3 PVC 500 kcmil,cable-media-tension,-mt-aluminio-35kv,https://cablescolombia.com/producto/media-tension-aluminio-90-c-xlpe-hilos-35-kv-133-n-1-3-pvc-500-kcmil,SRT-PENDING-45A5EB711460,pendiente_investigacion,,,,sin_imagen,"Referencia descubierta; ficha oficial exacta, marca e imagen todavía pendientes."
CC-CABLE-ALUMINIO-1-0-AWG-15KV-PH-100-N-100,Cable Aluminio 1/0 AWG 15kV PH 100% N 100%,cable-media-tension,mt-aluminio-15kv,https://cablescolombia.com/producto/cable-aluminio-1-0-awg-15kv-ph-100-n-100,SRT-PENDING-2B279C123F20,pendiente_investigacion,,,,sin_imagen,"Referencia descubierta; ficha oficial exacta, marca e imagen todavía pendientes."
CC-CABLE-ALUMINIO-1-0-AWG-15KV-PH-133,Cable Aluminio 1/0 AWG 15kV PH 133%,cable-media-tension,mt-aluminio-15kv,https://cablescolombia.com/producto/cable-aluminio-1-0-awg-15kv-ph-133,SRT-PENDING-8190551DE932,pendiente_investigacion,,,,sin_imagen,"Referencia descubierta; ficha oficial exacta, marca e imagen todavía pendientes."
CC-CABLE-ALUMINIO-185MM-15KV-PH-100,Cable Aluminio 185mm² 15kV PH 100%,cable-media-tension,mt-aluminio-15kv,https://cablescolombia.com/producto/cable-aluminio-185mm-15kv-ph-100,SRT-PENDING-A6E3F754CE04,pendiente_investigacion,,,,sin_imagen,"Referencia descubierta; ficha oficial exacta, marca e imagen todavía pendientes."
CC-CABLE-ALUMINIO-240MM-15KV-PH-100,Cable Aluminio 240mm² 15kV PH 100%,cable-media-tension,mt-aluminio-15kv,https://cablescolombia.com/producto/cable-aluminio-240mm-15kv-ph-100,SRT-PENDING-5DBBBDA2896B,pendiente_investigacion,,,,sin_imagen,"Referencia descubierta; ficha oficial exacta, marca e imagen todavía pendientes."
CC-CABLE-ALUMINIO-95MM-15KV-PH-100,Cable Aluminio 95mm² 15kV PH 100%,cable-media-tension,mt-aluminio-15kv,https://cablescolombia.com/producto/cable-aluminio-95mm-15kv-ph-100,SRT-PENDING-A2FFEA41745E,pendiente_investigacion,,,,sin_imagen,"Referencia descubierta; ficha oficial exacta, marca e imagen todavía pendientes."
CC-CABLE-ALUMINIO-70MM-15KV-PH-100,Cable Aluminio 70mm² 15kV PH 100%,cable-media-tension,mt-aluminio-15kv,https://cablescolombia.com/producto/cable-aluminio-70mm-15kv-ph-100,SRT-PENDING-D5281A627DB0,pendiente_investigacion,,,,sin_imagen,"Referencia descubierta; ficha oficial exacta, marca e imagen todavía pendientes."
CC-CABLE-ALUMINIO-240MM-15KV-PH-133,Cable Aluminio 240mm² 15kV PH 133%,cable-media-tension,mt-aluminio-15kv,https://cablescolombia.com/producto/cable-aluminio-240mm-15kv-ph-133,SRT-PENDING-34EF4D91B8ED,pendiente_investigacion,,,,sin_imagen,"Referencia descubierta; ficha oficial exacta, marca e imagen todavía pendientes."
CC-CABLE-ALUMINIO-185MM-15KV-PH-133,Cable Aluminio 185mm² 15kV PH 133%,cable-media-tension,mt-aluminio-15kv,https://cablescolombia.com/producto/cable-aluminio-185mm-15kv-ph-133,SRT-PENDING-3FCD38309023,pendiente_investigacion,,,,sin_imagen,"Referencia descubierta; ficha oficial exacta, marca e imagen todavía pendientes."
CC-CABLE-ALUMINIO-120MM-15KV-PH-133,Cable Aluminio 120mm² 15kV PH 133%,cable-media-tension,mt-aluminio-15kv,https://cablescolombia.com/producto/cable-aluminio-120mm-15kv-ph-133,SRT-PENDING-EF8381DEF90E,pendiente_investigacion,,,,sin_imagen,"Referencia descubierta; ficha oficial exacta, marca e imagen todavía pendientes."
CC-CABLE-ALUMINIO-95MM-15KV-PH-133,Cable Aluminio 95mm² 15kV PH 133%,cable-media-tension,mt-aluminio-15kv,https://cablescolombia.com/producto/cable-aluminio-95mm-15kv-ph-133,SRT-PENDING-C474385D0CD5,pendiente_investigacion,,,,sin_imagen,"Referencia descubierta; ficha oficial exacta, marca e imagen todavía pendientes."
CC-CABLE-ALUMINIO-70MM-15KV-PH-133,Cable Aluminio 70mm² 15kV PH 133%,cable-media-tension,mt-aluminio-15kv,https://cablescolombia.com/producto/cable-aluminio-70mm-15kv-ph-133,SRT-PENDING-58249E8B06CE,pendiente_investigacion,,,,sin_imagen,"Referencia descubierta; ficha oficial exacta, marca e imagen todavía pendientes."
CC-CABLE-MEDIA-TENSION-ALUMINIO-90-C-XLPE-15KV-NO-2-100-PC-PVC,Cable Media Tensión Aluminio 90°C XLPE 15kV No 2 100% PC PVC,cable-media-tension,mt-aluminio-15kv,https://cablescolombia.com/producto/cable-media-tension-aluminio-90-c-xlpe-15kv-no-2-100-pc-pvc,SRT-PENDING-BBA3D6BF9EDC,pendiente_investigacion,,,,sin_imagen,"Referencia descubierta; ficha oficial exacta, marca e imagen todavía pendientes."
CC-CABLE-MEDIA-TENSION-ALUMINIO-90-C-XLPE-15KV-NO-350-KCMIL-100-PC-PVC,Cable Media Tensión Aluminio 90°C XLPE 15kV No 350 kcmil 100% PC PVC,cable-media-tension,mt-aluminio-15kv,https://cablescolombia.com/producto/cable-media-tension-aluminio-90-c-xlpe-15kv-no-350-kcmil-100-pc-pvc,SRT-PENDING-A54804483E6B,pendiente_investigacion,,,,sin_imagen,"Referencia descubierta; ficha oficial exacta, marca e imagen todavía pendientes."
CC-CABLE-MEDIA-TENSION-ALUMINIO-90-C-XLPE-15KV-NO-500-KCMIL-100-PC-PVC,Cable Media Tensión Aluminio 90°C XLPE 15kV No 500 Kcmil 100% PC PVC,cable-media-tension,mt-aluminio-15kv,https://cablescolombia.com/producto/cable-media-tension-aluminio-90-c-xlpe-15kv-no-500-kcmil-100-pc-pvc,SRT-PENDING-203BBF52C5D5,pendiente_investigacion,,,,sin_imagen,"Referencia descubierta; ficha oficial exacta, marca e imagen todavía pendientes."
CC-CABLE-MEDIA-TENSION-ALUMINIO-90-C-XLPE-15KV-NO-4-0-100-PC-PVC,Cable Media Tensión Aluminio 90°C XLPE 15kV No 4/0 100% PC PVC,cable-media-tension,mt-aluminio-15kv,https://cablescolombia.com/producto/cable-media-tension-aluminio-90-c-xlpe-15kv-no-4-0-100-pc-pvc,SRT-PENDING-CB612095409C,pendiente_investigacion,,,,sin_imagen,"Referencia descubierta; ficha oficial exacta, marca e imagen todavía pendientes."
CC-CABLE-MEDIA-TENSION-ALUMINIO-90-C-XLPE-15KV-NO-1-0-100-PC-PVC,Cable Media Tensión Aluminio 90°C XLPE 15kV No 1/0 100% PC PVC,cable-media-tension,mt-aluminio-15kv,https://cablescolombia.com/producto/cable-media-tension-aluminio-90-c-xlpe-15kv-no-1-0-100-pc-pvc,SRT-PENDING-CB6E228A3272,pendiente_investigacion,,,,sin_imagen,"Referencia descubierta; ficha oficial exacta, marca e imagen todavía pendientes."
CC-CABLE-MEDIA-TENSION-ALUMINIO-90-C-XLPE-15KV-NO-2-0-100-PC-PVC,Cable Media Tensión Aluminio 90°C XLPE 15kV No 2/0 100% PC PVC,cable-media-tension,mt-aluminio-15kv,https://cablescolombia.com/producto/cable-media-tension-aluminio-90-c-xlpe-15kv-no-2-0-100-pc-pvc,SRT-PENDING-2929BC6D87A2,pendiente_investigacion,,,,sin_imagen,"Referencia descubierta; ficha oficial exacta, marca e imagen todavía pendientes."
CC-CABLE-MEDIA-TENSION-ALUMINIO-90-C-XLPE-15KV-NO-3-0-100-PC-PVC,Cable Media Tensión Aluminio 90°C XLPE 15kV No 3/0 100% PC PVC,cable-media-tension,mt-aluminio-15kv,https://cablescolombia.com/producto/cable-media-tension-aluminio-90-c-xlpe-15kv-no-3-0-100-pc-pvc,SRT-PENDING-AA1D791BFE33,pendiente_investigacion,,,,sin_imagen,"Referencia descubierta; ficha oficial exacta, marca e imagen todavía pendientes."
CC-CABLE-MEDIA-TENSION-ALUMINIO-90-C-XLPE-15KV-NO-250-KCMIL-100-PC-PVC,Cable Media Tensión Aluminio 90°C XLPE 15kV No 250 Kcmil 100% PC PVC,cable-media-tension,mt-aluminio-15kv,https://cablescolombia.com/producto/cable-media-tension-aluminio-90-c-xlpe-15kv-no-250-kcmil-100-pc-pvc,SRT-PENDING-C65574C8189E,pendiente_investigacion,,,,sin_imagen,"Referencia descubierta; ficha oficial exacta, marca e imagen todavía pendientes."
CC-MEDIA-TENSION-ALUMINIO-90-C-XLPE-15KV-133-PC-PVC-2-AWG,Media Tensión Aluminio 90°C XLPE 15kV 133% PC PVC 2 AWG,cable-media-tension,mt-aluminio-15kv,https://cablescolombia.com/producto/media-tension-aluminio-90-c-xlpe-15kv-133-pc-pvc-2-awg,SRT-PENDING-8C1CDD016042,pendiente_investigacion,,,,sin_imagen,"Referencia descubierta; ficha oficial exacta, marca e imagen todavía pendientes."
CC-MEDIA-TENSION-ALUMINIO-90-C-XLPE-15KV-133-PC-PVC-1-0-AWG,Media Tensión Aluminio 90°C XLPE 15kV 133% PC PVC 1/0 AWG,cable-media-tension,mt-aluminio-15kv,https://cablescolombia.com/producto/media-tension-aluminio-90-c-xlpe-15kv-133-pc-pvc-1-0-awg,SRT-PENDING-D27B33BF98AF,pendiente_investigacion,,,,sin_imagen,"Referencia descubierta; ficha oficial exacta, marca e imagen todavía pendientes."
CC-MEDIA-TENSION-ALUMINIO-90-C-XLPE-15KV-133-PC-PVC-2-0-AWG,Media Tensión Aluminio 90°C XLPE 15kV 133% PC PVC 2/0 AWG,cable-media-tension,mt-aluminio-15kv,https://cablescolombia.com/producto/media-tension-aluminio-90-c-xlpe-15kv-133-pc-pvc-2-0-awg,SRT-PENDING-4C2645D6F44E,pendiente_investigacion,,,,sin_imagen,"Referencia descubierta; ficha oficial exacta, marca e imagen todavía pendientes."
CC-MEDIA-TENSION-ALUMINIO-90-C-XLPE-15KV-133-PC-PVC-3-0-AWG,Media Tensión Aluminio 90°C XLPE 15kV 133% PC PVC 3/0 AWG,cable-media-tension,mt-aluminio-15kv,https://cablescolombia.com/producto/media-tension-aluminio-90-c-xlpe-15kv-133-pc-pvc-3-0-awg,SRT-PENDING-4D475875C29C,pendiente_investigacion,,,,sin_imagen,"Referencia descubierta; ficha oficial exacta, marca e imagen todavía pendientes."
CC-MEDIA-TENSION-ALUMINIO-90-C-XLPE-15KV-133-PC-PVC-4-0-AWG,Media Tensión Aluminio 90°C XLPE 15kV 133% PC PVC 4/0 AWG,cable-media-tension,mt-aluminio-15kv,https://cablescolombia.com/producto/media-tension-aluminio-90-c-xlpe-15kv-133-pc-pvc-4-0-awg,SRT-PENDING-697D8A7D63E2,pendiente_investigacion,,,,sin_imagen,"Referencia descubierta; ficha oficial exacta, marca e imagen todavía pendientes."
CC-MEDIA-TENSION-ALUMINIO-90-C-XLPE-15KV-133-PC-PVC-250-KCMIL,Media Tensión Aluminio 90°C XLPE 15kV 133% PC PVC 250 kcmil,cable-media-tension,mt-aluminio-15kv,https://cablescolombia.com/producto/media-tension-aluminio-90-c-xlpe-15kv-133-pc-pvc-250-kcmil,SRT-PENDING-EED5A17010C9,pendiente_investigacion,,,,sin_imagen,"Referencia descubierta; ficha oficial exacta, marca e imagen todavía pendientes."
CC-MEDIA-TENSION-ALUMINIO-90-C-XLPE-15KV-133-PC-PVC-350-KCMIL,Media Tensión Aluminio 90°C XLPE 15kV 133% PC PVC 350 kcmil,cable-media-tension,mt-aluminio-15kv,https://cablescolombia.com/producto/media-tension-aluminio-90-c-xlpe-15kv-133-pc-pvc-350-kcmil,SRT-PENDING-6106DBF723E4,pendiente_investigacion,,,,sin_imagen,"Referencia descubierta; ficha oficial exacta, marca e imagen todavía pendientes."
CC-MEDIA-TENSION-ALUMINIO-90-C-XLPE-15KV-133-PC-PVC-500-KCMIL,Media Tensión Aluminio 90°C XLPE 15kV 133% PC PVC 500 kcmil,cable-media-tension,mt-aluminio-15kv,https://cablescolombia.com/producto/media-tension-aluminio-90-c-xlpe-15kv-133-pc-pvc-500-kcmil,SRT-PENDING-41719E3AD7A9,pendiente_investigacion,,,,sin_imagen,"Referencia descubierta; ficha oficial exacta, marca e imagen todavía pendientes."
CC-MEDIA-TENSION-ALUMINIO-90-C-XLPE-HILOS-15-KV-100-N-1-3-PVC-2-AWG,Media Tensión Aluminio 90°C XLPE Hilos 15 kV 100% N=1/3 PVC 2 AWG,cable-media-tension,mt-aluminio-15kv,https://cablescolombia.com/producto/media-tension-aluminio-90-c-xlpe-hilos-15-kv-100-n-1-3-pvc-2-awg,SRT-PENDING-2E1E744FA0B7,pendiente_investigacion,,,,sin_imagen,"Referencia descubierta; ficha oficial exacta, marca e imagen todavía pendientes."
CC-MEDIA-TENSION-ALUMINIO-90-C-XLPE-HILOS-15-KV-100-N-1-3-PVC-1-0-AWG,Media Tensión Aluminio 90°C XLPE Hilos  15 kV 100% N=1/3 PVC 1/0 AWG,cable-media-tension,mt-aluminio-15kv,https://cablescolombia.com/producto/media-tension-aluminio-90-c-xlpe-hilos-15-kv-100-n-1-3-pvc-1-0-awg,SRT-PENDING-A4394BCB4A1A,pendiente_investigacion,,,,sin_imagen,"Referencia descubierta; ficha oficial exacta, marca e imagen todavía pendientes."
CC-MEDIA-TENSION-ALUMINIO-90-C-XLPE-HILOS-15-KV-100-N-1-3-PVC-2-0-AWG,Media Tensión Aluminio 90°C XLPE Hilos 15 kV 100% N=1/3 PVC 2/0 AWG,cable-media-tension,mt-aluminio-15kv,https://cablescolombia.com/producto/media-tension-aluminio-90-c-xlpe-hilos-15-kv-100-n-1-3-pvc-2-0-awg,SRT-PENDING-B957BF39DB5A,pendiente_investigacion,,,,sin_imagen,"Referencia descubierta; ficha oficial exacta, marca e imagen todavía pendientes."
CC-MEDIA-TENSION-ALUMINIO-90-C-XLPE-HILOS-15-KV-100-N-1-3-PVC-3-0-AWG,Media Tensión Aluminio 90°C XLPE Hilos  15 kV 100% N=1/3 PVC 3/0 AWG,cable-media-tension,mt-aluminio-15kv,https://cablescolombia.com/producto/media-tension-aluminio-90-c-xlpe-hilos-15-kv-100-n-1-3-pvc-3-0-awg,SRT-PENDING-4A63CBD45621,pendiente_investigacion,,,,sin_imagen,"Referencia descubierta; ficha oficial exacta, marca e imagen todavía pendientes."
CC-MEDIA-TENSION-ALUMINIO-90-C-XLPE-HILOS-15-KV-100-N-1-3-PVC-4-0-AWG,Media Tensión Aluminio 90°C XLPE Hilos  15 kV 100% N=1/3 PVC 4/0 AWG,cable-media-tension,mt-aluminio-15kv,https://cablescolombia.com/producto/media-tension-aluminio-90-c-xlpe-hilos-15-kv-100-n-1-3-pvc-4-0-awg,SRT-PENDING-C08BCCBE5E8A,pendiente_investigacion,,,,sin_imagen,"Referencia descubierta; ficha oficial exacta, marca e imagen todavía pendientes."
CC-MEDIA-TENSION-ALUMINIO-90-C-XLPE-HILOS-15-KV-100-N-1-3-PVC-350-KCMIL,Media Tensión Aluminio 90°C XLPE Hilos  15 kV 100% N=1/3 PVC 350 kcmil,cable-media-tension,mt-aluminio-15kv,https://cablescolombia.com/producto/media-tension-aluminio-90-c-xlpe-hilos-15-kv-100-n-1-3-pvc-350-kcmil,SRT-PENDING-DA1DDA0F1AE4,pendiente_investigacion,,,,sin_imagen,"Referencia descubierta; ficha oficial exacta, marca e imagen todavía pendientes."
CC-MEDIA-TENSION-ALUMINIO-90-C-XLPE-HILOS-15-KV-100-N-1-3-PVC-500-KCMIL,Media Tensión Aluminio 90°C XLPE Hilos  15 kV 100% N=1/3 PVC 500 kcmil,cable-media-tension,mt-aluminio-15kv,https://cablescolombia.com/producto/media-tension-aluminio-90-c-xlpe-hilos-15-kv-100-n-1-3-pvc-500-kcmil,SRT-PENDING-FC3EF16AF7AB,pendiente_investigacion,,,,sin_imagen,"Referencia descubierta; ficha oficial exacta, marca e imagen todavía pendientes."
CC-MEDIA-TENSION-ALUMINIO-90-C-XLPE-HILOS-15-KV-133-N-1-3-PVC-2-AWG,Media Tensión Aluminio 90°C XLPE Hilos 15 kV 133% N=1/3 PVC 2 AWG,cable-media-tension,mt-aluminio-15kv,https://cablescolombia.com/producto/media-tension-aluminio-90-c-xlpe-hilos-15-kv-133-n-1-3-pvc-2-awg,SRT-PENDING-3D4135D6F164,pendiente_investigacion,,,,sin_imagen,"Referencia descubierta; ficha oficial exacta, marca e imagen todavía pendientes."
CC-MEDIA-TENSION-ALUMINIO-90-C-XLPE-HILOS-15-KV-133-N-1-3-PVC-1-0-AWG,Media Tensión Aluminio 90°C XLPE Hilos 15 kV 133% N=1/3 PVC 1/0 AWG,cable-media-tension,mt-aluminio-15kv,https://cablescolombia.com/producto/media-tension-aluminio-90-c-xlpe-hilos-15-kv-133-n-1-3-pvc-1-0-awg,SRT-PENDING-27662CB9D45E,pendiente_investigacion,,,,sin_imagen,"Referencia descubierta; ficha oficial exacta, marca e imagen todavía pendientes."
CC-MEDIA-TENSION-ALUMINIO-90-C-XLPE-HILOS-15-KV-133-N-1-3-PVC-2-0-AWG,Media Tensión Aluminio 90°C XLPE Hilos  15 kV 133% N=1/3 PVC 2/0 AWG,cable-media-tension,mt-aluminio-15kv,https://cablescolombia.com/producto/media-tension-aluminio-90-c-xlpe-hilos-15-kv-133-n-1-3-pvc-2-0-awg,SRT-PENDING-DA11D6041422,pendiente_investigacion,,,,sin_imagen,"Referencia descubierta; ficha oficial exacta, marca e imagen todavía pendientes."
CC-MEDIA-TENSION-ALUMINIO-90-C-XLPE-HILOS-15-KV-133-N-1-3-PVC-3-0-AWG,Media Tensión Aluminio 90°C XLPE Hilos  15 kV 133% N=1/3 PVC 3/0 AWG,cable-media-tension,mt-aluminio-15kv,https://cablescolombia.com/producto/media-tension-aluminio-90-c-xlpe-hilos-15-kv-133-n-1-3-pvc-3-0-awg,SRT-PENDING-1DCABF714A1D,pendiente_investigacion,,,,sin_imagen,"Referencia descubierta; ficha oficial exacta, marca e imagen todavía pendientes."
CC-MEDIA-TENSION-ALUMINIO-90-C-XLPE-HILOS-15-KV-133-N-1-3-PVC-4-0-AWG,Media Tensión Aluminio 90°C XLPE hilos 15 kV 133% N=1/3 PVC 4/0 AWG,cable-media-tension,mt-aluminio-15kv,https://cablescolombia.com/producto/media-tension-aluminio-90-c-xlpe-hilos-15-kv-133-n-1-3-pvc-4-0-awg,SRT-PENDING-36B099E7846C,pendiente_investigacion,,,,sin_imagen,"Referencia descubierta; ficha oficial exacta, marca e imagen todavía pendientes."
CC-MEDIA-TENSION-ALUMINIO-90-C-XLPE-HILOS-15-KV-133-N-1-3-PVC-250-KCMIL,Media Tensión Aluminio 90°C XLPE Hilos  15 kV 133% N=1/3 PVC 250 kcmil,cable-media-tension,mt-aluminio-15kv,https://cablescolombia.com/producto/media-tension-aluminio-90-c-xlpe-hilos-15-kv-133-n-1-3-pvc-250-kcmil,SRT-PENDING-4DC0746ECBFB,pendiente_investigacion,,,,sin_imagen,"Referencia descubierta; ficha oficial exacta, marca e imagen todavía pendientes."
CC-MEDIA-TENSION-ALUMINIO-90-C-XLPE-HILOS-15-KV-133-N-1-3-PVC-350-KCMIL,Media Tensión Aluminio 90°C XLPE Hilos  15 kV 133% N=1/3 PVC 350 kcmil,cable-media-tension,mt-aluminio-15kv,https://cablescolombia.com/producto/media-tension-aluminio-90-c-xlpe-hilos-15-kv-133-n-1-3-pvc-350-kcmil,SRT-PENDING-46F0BDD5F53E,pendiente_investigacion,,,,sin_imagen,"Referencia descubierta; ficha oficial exacta, marca e imagen todavía pendientes."
CC-MEDIA-TENSION-ALUMINIO-90-C-XLPE-HILOS-15-KV-133-N-1-3-PVC-500-KCMIL,Media Tensión Aluminio 90°C XLPE Hilos  15 kV 133% N=1/3 PVC 500 kcmil,cable-media-tension,mt-aluminio-15kv,https://cablescolombia.com/producto/media-tension-aluminio-90-c-xlpe-hilos-15-kv-133-n-1-3-pvc-500-kcmil,SRT-PENDING-A4E8ED35EE7F,pendiente_investigacion,,,,sin_imagen,"Referencia descubierta; ficha oficial exacta, marca e imagen todavía pendientes."
CC-MEDIA-TENSION-ALUMINIO-90-C-XLPE-HILOS-8-7-15KV-N-25MM2-PVC-70-MM2,Media Tensión Aluminio 90°C XLPE Hilos 8.7/15kV N=25mm2 PVC 70 mm2,cable-media-tension,mt-aluminio-15kv,https://cablescolombia.com/producto/media-tension-aluminio-90-c-xlpe-hilos-8-7-15kv-n-25mm2-pvc-70-mm2,SRT-PENDING-2D373E3FD73E,pendiente_investigacion,,,,sin_imagen,"Referencia descubierta; ficha oficial exacta, marca e imagen todavía pendientes."
CC-MEDIA-TENSION-ALUMINIO-90-C-XLPE-HILOS-8-7-15KV-N-25MM2-PVC-95-MM2,Media Tensión Aluminio 90°C XLPE Hilos 8.7/15kV N=25mm2 PVC 95 mm2,cable-media-tension,mt-aluminio-15kv,https://cablescolombia.com/producto/media-tension-aluminio-90-c-xlpe-hilos-8-7-15kv-n-25mm2-pvc-95-mm2,SRT-PENDING-DAA55C842BE3,pendiente_investigacion,,,,sin_imagen,"Referencia descubierta; ficha oficial exacta, marca e imagen todavía pendientes."
CC-MEDIA-TENSION-ALUMINIO-90-C-XLPE-HILOS-8-7-15KV-N-25MM2-PVC-120-MM2,Media Tensión Aluminio 90°C XLPE Hilos 8.7/15kV N=25mm2 PVC 120 mm2,cable-media-tension,mt-aluminio-15kv,https://cablescolombia.com/producto/media-tension-aluminio-90-c-xlpe-hilos-8-7-15kv-n-25mm2-pvc-120-mm2,SRT-PENDING-590D4330D95C,pendiente_investigacion,,,,sin_imagen,"Referencia descubierta; ficha oficial exacta, marca e imagen todavía pendientes."
CC-MEDIA-TENSION-ALUMINIO-90-C-XLPE-HILOS-8-7-15KV-N-25MM2-PVC-185-MM2,Media Tensión Aluminio 90°C XLPE Hilos 8.7/15kV N=25mm2 PVC 185 mm2,cable-media-tension,mt-aluminio-15kv,https://cablescolombia.com/producto/media-tension-aluminio-90-c-xlpe-hilos-8-7-15kv-n-25mm2-pvc-185-mm2,SRT-PENDING-5F2E45451001,pendiente_investigacion,,,,sin_imagen,"Referencia descubierta; ficha oficial exacta, marca e imagen todavía pendientes."
CC-MEDIA-TENSION-ALUMINIO-90-C-XLPE-HILOS-8-7-15KV-N-25MM-200MM2-PVC,Media Tensión Aluminio 90°C XLPE Hilos 8.7/15kV N=25mm 200mm2 PVC,cable-media-tension,mt-aluminio-15kv,https://cablescolombia.com/producto/media-tension-aluminio-90-c-xlpe-hilos-8-7-15kv-n-25mm-200mm2-pvc,SRT-PENDING-D9FD95B83E59,pendiente_investigacion,,,,sin_imagen,"Referencia descubierta; ficha oficial exacta, marca e imagen todavía pendientes."
CC-MEDIA-TENSION-ALUMINIO-90-C-XLPE-HILOS-15-KV-100-N-1-3-PVC-250-KCMIL,Media Tensión Aluminio 90°C XLPE Hilos  15 kV 100% N=1/3 PVC 250 kcmil,cable-media-tension,mt-aluminio-15kv,https://cablescolombia.com/producto/media-tension-aluminio-90-c-xlpe-hilos-15-kv-100-n-1-3-pvc-250-kcmil,SRT-PENDING-898C94937850,pendiente_investigacion,,,,sin_imagen,"Referencia descubierta; ficha oficial exacta, marca e imagen todavía pendientes."
CC-MEDIA-TENSION-COBRE-90-C-XLPE-25KV-NO-2-0-100-PC-PVC,Media Tensión Cobre 90°C XLPE 35kV No 2/0 100% PC PVC,cable-media-tension,mt-cobre-35kv,https://cablescolombia.com/producto/media-tension-cobre-90-c-xlpe-25kv-no-2-0-100-pc-pvc,SRT-PENDING-490B7CE2806B,pendiente_investigacion,,,,sin_imagen,"Referencia descubierta; ficha oficial exacta, marca e imagen todavía pendientes."
CC-MEDIA-TENSION-COBRE-90-C-XLPE-35KV-NO-4-0-100-PC-PVC,Media Tensión Cobre 90°C XLPE 35kV No 4/0 100% PC PVC,cable-media-tension,mt-cobre-35kv,https://cablescolombia.com/producto/media-tension-cobre-90-c-xlpe-35kv-no-4-0-100-pc-pvc,SRT-PENDING-3222B7A7CFD2,pendiente_investigacion,,,,sin_imagen,"Referencia descubierta; ficha oficial exacta, marca e imagen todavía pendientes."
CC-MEDIA-TENSION-COBRE-90-C-XLPE-35KV-NO-1-0-133-PC-PVC,Media Tensión Cobre 90°C XLPE 35kV No 1/0 133% PC PVC,cable-media-tension,mt-cobre-35kv,https://cablescolombia.com/producto/media-tension-cobre-90-c-xlpe-35kv-no-1-0-133-pc-pvc,SRT-PENDING-56FC23BAFC07,pendiente_investigacion,,,,sin_imagen,"Referencia descubierta; ficha oficial exacta, marca e imagen todavía pendientes."
CC-MEDIA-TENSION-COBRE-90-C-XLPE-35KV-NO-2-0-133-PC-PVC,Media Tensión Cobre 90°C XLPE 35kV No 2/0 133% PC PVC,cable-media-tension,mt-cobre-35kv,https://cablescolombia.com/producto/media-tension-cobre-90-c-xlpe-35kv-no-2-0-133-pc-pvc,SRT-PENDING-9204397946C1,pendiente_investigacion,,,,sin_imagen,"Referencia descubierta; ficha oficial exacta, marca e imagen todavía pendientes."
CC-MEDIA-TENSION-COBRE-90-C-XLPE-35KV-NO-3-0-133-PC-PVC,Media Tensión Cobre 90°C XLPE 35kV No 3/0 133% PC PVC,cable-media-tension,mt-cobre-35kv,https://cablescolombia.com/producto/media-tension-cobre-90-c-xlpe-35kv-no-3-0-133-pc-pvc,SRT-PENDING-E328104BC9F1,pendiente_investigacion,,,,sin_imagen,"Referencia descubierta; ficha oficial exacta, marca e imagen todavía pendientes."
CC-MEDIA-TENSION-COBRE-90-C-XLPE-35KV-NO-4-0-133-PC-PVC,Media Tensión Cobre 90°C XLPE 35kV No 4/0 133% PC PVC,cable-media-tension,mt-cobre-35kv,https://cablescolombia.com/producto/media-tension-cobre-90-c-xlpe-35kv-no-4-0-133-pc-pvc,SRT-PENDING-D48C9ED890D3,pendiente_investigacion,,,,sin_imagen,"Referencia descubierta; ficha oficial exacta, marca e imagen todavía pendientes."
CC-MEDIA-TENSION-COBRE-90-C-XLPE-35KV-NO-250-133-PC-PVC,Media Tensión Cobre 90°C XLPE 35kV No 250 133% PC PVC,cable-media-tension,mt-cobre-35kv,https://cablescolombia.com/producto/media-tension-cobre-90-c-xlpe-35kv-no-250-133-pc-pvc,SRT-PENDING-BC7AB6C0DB1B,pendiente_investigacion,,,,sin_imagen,"Referencia descubierta; ficha oficial exacta, marca e imagen todavía pendientes."
CC-MEDIA-TENSION-COBRE-90-C-XLPE-35KV-NO-350-133-PC-PVC,Media Tensión Cobre 90°C XLPE 35kV No 350 133% PC PVC,cable-media-tension,mt-cobre-35kv,https://cablescolombia.com/producto/media-tension-cobre-90-c-xlpe-35kv-no-350-133-pc-pvc,SRT-PENDING-2D3B75775E4F,pendiente_investigacion,,,,sin_imagen,"Referencia descubierta; ficha oficial exacta, marca e imagen todavía pendientes."
CC-MEDIA-TENSION-COBRE-90-C-XLPE-35KV-NO-500-133-PC-PVC,Media Tensión Cobre 90°C XLPE 35kV No 500 133% PC PVC,cable-media-tension,mt-cobre-35kv,https://cablescolombia.com/producto/media-tension-cobre-90-c-xlpe-35kv-no-500-133-pc-pvc,SRT-PENDING-C5F8C46F6DF4,pendiente_investigacion,,,,sin_imagen,"Referencia descubierta; ficha oficial exacta, marca e imagen todavía pendientes."
CC-CABLE-MEDIA-TENSION-COBRE-XLPE-1-0-AWG-15KV-100-PH,Cable Media Tensión Cobre XLPE 1/0 AWG 15kV 100% PH,cable-media-tension,mt-cobre-15kv,https://cablescolombia.com/producto/cable-media-tension-cobre-xlpe-1-0-awg-15kv-100-ph,SRT-PENDING-A1EEF1269335,pendiente_investigacion,,,,sin_imagen,"Referencia descubierta; ficha oficial exacta, marca e imagen todavía pendientes."
CC-CABLE-MEDIA-TENSION-COBRE-XLPE-1-0-AWG-15KV-133-PC,Cable Media Tensión Cobre XLPE 1/0 AWG 15kV 133% PC,cable-media-tension,mt-cobre-15kv,https://cablescolombia.com/producto/cable-media-tension-cobre-xlpe-1-0-awg-15kv-133-pc,SRT-PENDING-2D40F0A1D1B6,pendiente_investigacion,,,,sin_imagen,"Referencia descubierta; ficha oficial exacta, marca e imagen todavía pendientes."
CC-CABLE-MEDIA-TENSION-COBRE-XLPE-1-0-AWG-15KV-100-PC,Cable Media Tensión Cobre XLPE 1/0 AWG 15kV 100% PC,cable-media-tension,mt-cobre-15kv,https://cablescolombia.com/producto/cable-media-tension-cobre-xlpe-1-0-awg-15kv-100-pc,SRT-PENDING-3958B7C0BEF2,pendiente_investigacion,,,,sin_imagen,"Referencia descubierta; ficha oficial exacta, marca e imagen todavía pendientes."
CC-CABLE-MEDIA-TENSION-COBRE-XLPE-2-AWG-15KV-133-PH,Cable Media Tensión Cobre XLPE 2 AWG 15kV 133% PH,cable-media-tension,mt-cobre-15kv,https://cablescolombia.com/producto/cable-media-tension-cobre-xlpe-2-awg-15kv-133-ph,SRT-PENDING-BE1B2D69B2D0,pendiente_investigacion,,,,sin_imagen,"Referencia descubierta; ficha oficial exacta, marca e imagen todavía pendientes."
CC-CABLE-MEDIA-TENSION-COBRE-XLPE-2-AWG-15KV-100-PH,Cable Media Tensión Cobre XLPE 2 AWG 15kV 100% PH,cable-media-tension,mt-cobre-15kv,https://cablescolombia.com/producto/cable-media-tension-cobre-xlpe-2-awg-15kv-100-ph,SRT-PENDING-39C487C5DE72,pendiente_investigacion,,,,sin_imagen,"Referencia descubierta; ficha oficial exacta, marca e imagen todavía pendientes."
CC-CABLE-MEDIA-TENSION-COBRE-XLPE-2-AWG-15KV-133-PC,Cable Media Tensión Cobre XLPE 2 AWG 15kV 133% PC,cable-media-tension,mt-cobre-15kv,https://cablescolombia.com/producto/cable-media-tension-cobre-xlpe-2-awg-15kv-133-pc,SRT-PENDING-2F9A9886A1F6,pendiente_investigacion,,,,sin_imagen,"Referencia descubierta; ficha oficial exacta, marca e imagen todavía pendientes."
CC-CABLE-MEDIA-TENSION-COBRE-XLPE-2-AWG-15KV-100-PC,Cable Media Tensión Cobre XLPE 2 AWG 15kV 100% PC,cable-media-tension,mt-cobre-15kv,https://cablescolombia.com/producto/cable-media-tension-cobre-xlpe-2-awg-15kv-100-pc,SRT-PENDING-D9E22C29AF82,pendiente_investigacion,,,,sin_imagen,"Referencia descubierta; ficha oficial exacta, marca e imagen todavía pendientes."
CC-MEDIA-TENSION-COBRE-90-C-XLPE-15KV-NO-2-0-100-PC-PVC,Media Tensión Cobre 90°C XLPE 15kV No 2/0 100% PC PVC,cable-media-tension,mt-cobre-15kv,https://cablescolombia.com/producto/media-tension-cobre-90-c-xlpe-15kv-no-2-0-100-pc-pvc,SRT-PENDING-DC66FFA29AB5,pendiente_investigacion,,,,sin_imagen,"Referencia descubierta; ficha oficial exacta, marca e imagen todavía pendientes."
CC-MEDIA-TENSION-COBRE-90-C-XLPE-15KV-NO-2-133-PC-PVC,Media Tensión Cobre 90°C XLPE 15kV No 2 133% PC PVC,cable-media-tension,mt-cobre-15kv,https://cablescolombia.com/producto/media-tension-cobre-90-c-xlpe-15kv-no-2-133-pc-pvc,SRT-PENDING-47C93D2B1C0F,pendiente_investigacion,,,,sin_imagen,"Referencia descubierta; ficha oficial exacta, marca e imagen todavía pendientes."
CC-MEDIA-TENSION-COBRE-90-C-XLPE-15KV-NO-1-0-100-PC-PVC,Media Tensión Cobre 90°C XLPE 15kV No 1/0 100% PC PVC,cable-media-tension,mt-cobre-15kv,https://cablescolombia.com/producto/media-tension-cobre-90-c-xlpe-15kv-no-1-0-100-pc-pvc,SRT-PENDING-EACAD6DB3991,pendiente_investigacion,,,,sin_imagen,"Referencia descubierta; ficha oficial exacta, marca e imagen todavía pendientes."
CC-MEDIA-TENSION-COBRE-90-C-XLPE-15KV-NO-3-0-133-PC-PVC,Media Tensión Cobre 90°C XLPE 15kV No 3/0 133% PC PVC,cable-media-tension,mt-cobre-15kv,https://cablescolombia.com/producto/media-tension-cobre-90-c-xlpe-15kv-no-3-0-133-pc-pvc,SRT-PENDING-D3F3B43777D8,pendiente_investigacion,,,,sin_imagen,"Referencia descubierta; ficha oficial exacta, marca e imagen todavía pendientes."
CC-MEDIA-TENSION-COBRE-90-C-XLPE-15KV-NO-4-0-133-PC-PVC,Media Tensión Cobre 90°C XLPE 15kV No 4/0 133% PC PVC,cable-media-tension,mt-cobre-15kv,https://cablescolombia.com/producto/media-tension-cobre-90-c-xlpe-15kv-no-4-0-133-pc-pvc,SRT-PENDING-1C8BC0CAAD59,pendiente_investigacion,,,,sin_imagen,"Referencia descubierta; ficha oficial exacta, marca e imagen todavía pendientes."
CC-MEDIA-TENSION-COBRE-90-C-XLPE-15KV-NO-1-0-133-PC-PVC,Media Tensión Cobre 90°C XLPE 15kV No 1/0 133% PC PVC,cable-media-tension,mt-cobre-15kv,https://cablescolombia.com/producto/media-tension-cobre-90-c-xlpe-15kv-no-1-0-133-pc-pvc,SRT-PENDING-74A49AEFEA79,pendiente_investigacion,,,,sin_imagen,"Referencia descubierta; ficha oficial exacta, marca e imagen todavía pendientes."
CC-CABLE-DE-COBRE-XLPE-DE-15-KV-NO-250-KCMIL-EN-CINTA-133,Cable De Cobre XLPE De 15 KV No 250 Kcmil En Cinta 133%,cable-media-tension,mt-cobre-15kv,https://cablescolombia.com/producto/cable-de-cobre-xlpe-de-15-kv-no-250-kcmil-en-cinta-133-,SRT-PENDING-12EFE0C7DB3A,pendiente_investigacion,,,,sin_imagen,"Referencia descubierta; ficha oficial exacta, marca e imagen todavía pendientes."
CC-MEDIA-TENSION-COBRE-90-C-XLPE-15KV-NO-350-KCMIL-133-PC-PVC,Media Tensión Cobre 90°C XLPE 15kV No 350 Kcmil 133% PC PVC,cable-media-tension,mt-cobre-15kv,https://cablescolombia.com/producto/media-tension-cobre-90-c-xlpe-15kv-no-350-kcmil-133-pc-pvc,SRT-PENDING-C35BA134FFF6,pendiente_investigacion,,,,sin_imagen,"Referencia descubierta; ficha oficial exacta, marca e imagen todavía pendientes."
CC-MEDIA-TENSION-COBRE-90-C-XLPE-15KV-NO-2-0-133-PC-PVC,Media Tensión Cobre 90°C XLPE 15kV No 2/0 133% PC PVC,cable-media-tension,mt-cobre-15kv,https://cablescolombia.com/producto/media-tension-cobre-90-c-xlpe-15kv-no-2-0-133-pc-pvc,SRT-PENDING-3ADF260C8695,pendiente_investigacion,,,,sin_imagen,"Referencia descubierta; ficha oficial exacta, marca e imagen todavía pendientes."
CC-MEDIA-TENSION-COBRE-90-C-XLPE-15KV-NO-2-100-PC-PVC,Media Tensión Cobre 90°C XLPE 15kV No 2 100% PC PVC,cable-media-tension,mt-cobre-15kv,https://cablescolombia.com/producto/media-tension-cobre-90-c-xlpe-15kv-no-2-100-pc-pvc,SRT-PENDING-ABCAE6062FCC,pendiente_investigacion,,,,sin_imagen,"Referencia descubierta; ficha oficial exacta, marca e imagen todavía pendientes."
CC-MEDIA-TENSION-COBRE-90-C-XLPE-15KV-NO-3-0-100-PC-PVC,Media Tensión Cobre 90°C XLPE 15kV No 3/0 100% PC PVC,cable-media-tension,mt-cobre-15kv,https://cablescolombia.com/producto/media-tension-cobre-90-c-xlpe-15kv-no-3-0-100-pc-pvc,SRT-PENDING-B7219EB6AB8B,pendiente_investigacion,,,,sin_imagen,"Referencia descubierta; ficha oficial exacta, marca e imagen todavía pendientes."
CC-MEDIA-TENSION-COBRE-90-C-XLPE-15KV-NO-4-0-100-PC-PVC,Media Tensión Cobre 90°C XLPE 15kV No 4/0 100% PC PVC,cable-media-tension,mt-cobre-15kv,https://cablescolombia.com/producto/media-tension-cobre-90-c-xlpe-15kv-no-4-0-100-pc-pvc,SRT-PENDING-40A53F247828,pendiente_investigacion,,,,sin_imagen,"Referencia descubierta; ficha oficial exacta, marca e imagen todavía pendientes."
CC-MEDIA-TENSION-COBRE-90-C-XLPE-15KV-NO-250-KCMIL-100-PC-PVC,Media Tensión Cobre 90°C XLPE 15kV No 250 kcmil 100% PC PVC,cable-media-tension,mt-cobre-15kv,https://cablescolombia.com/producto/media-tension-cobre-90-c-xlpe-15kv-no-250-kcmil-100-pc-pvc,SRT-PENDING-54E54ADB17D6,pendiente_investigacion,,,,sin_imagen,"Referencia descubierta; ficha oficial exacta, marca e imagen todavía pendientes."
CC-MEDIA-TENSION-COBRE-90-C-XLPE-15KV-NO-350-KCMIL-100-PC-PVC,Media Tensión Cobre 90°C XLPE 15kV No 350 kcmil 100% PC PVC,cable-media-tension,mt-cobre-15kv,https://cablescolombia.com/producto/media-tension-cobre-90-c-xlpe-15kv-no-350-kcmil-100-pc-pvc,SRT-PENDING-3F39F1104F57,pendiente_investigacion,,,,sin_imagen,"Referencia descubierta; ficha oficial exacta, marca e imagen todavía pendientes."
CC-MEDIA-TENSION-COBRE-90-C-XLPE-15KV-NO-500-KCMIL-100-PC-PVC,Media Tensión Cobre 90°C XLPE 15kV No 500 kcmil 100% PC PVC,cable-media-tension,mt-cobre-15kv,https://cablescolombia.com/producto/media-tension-cobre-90-c-xlpe-15kv-no-500-kcmil-100-pc-pvc,SRT-PENDING-B810509BCD60,pendiente_investigacion,,,,sin_imagen,"Referencia descubierta; ficha oficial exacta, marca e imagen todavía pendientes."
CC-CABLE-DE-COBRE-XLPE-DE-15-KV-NO-500-KCMIL-EN-CINTA-133,Cable De Cobre XLPE De 15 KV No 500 Kcmil En Cinta 133%,cable-media-tension,mt-cobre-15kv,https://cablescolombia.com/producto/cable-de-cobre-xlpe-de-15-kv-no-500-kcmil-en-cinta-133-,SRT-PENDING-1BB7C80490C5,pendiente_investigacion,,,,sin_imagen,"Referencia descubierta; ficha oficial exacta, marca e imagen todavía pendientes."
CC-CABLE-SEMAFORIZACION-CC-3X16-AWG-CU-PVC-90-C-600V,Cable Semaforización CC 3X16 AWG Cu PVC 90°C 600V,cable-semaforizacion,,https://cablescolombia.com/producto/cable-semaforizacion-cc-3x16-awg-cu-pvc-90-c-600v,SRT-PENDING-94F94B9ACBDB,pendiente_investigacion,,,,sin_imagen,"Referencia descubierta; ficha oficial exacta, marca e imagen todavía pendientes."
CC-CABLE-SEMAFORIZACION-CC-4X16-AWG-CU-PVC-90-C-600V,Cable Semaforización CC 4X16 AWG Cu PVC 90°C 600V,cable-semaforizacion,,https://cablescolombia.com/producto/cable-semaforizacion-cc-4x16-awg-cu-pvc-90-c-600v,SRT-PENDING-02BF301AF356,pendiente_investigacion,,,,sin_imagen,"Referencia descubierta; ficha oficial exacta, marca e imagen todavía pendientes."
CC-CABLE-SEMAFORIZACION-CC-4X18-AWG-CU-PVC-90-C-600V,Cable Semaforización CC 4X18 AWG Cu PVC 90°C 600V,cable-semaforizacion,,https://cablescolombia.com/producto/cable-semaforizacion-cc-4x18-awg-cu-pvc-90-c-600v,SRT-PENDING-9F6CAF1AAAE6,pendiente_investigacion,,,,sin_imagen,"Referencia descubierta; ficha oficial exacta, marca e imagen todavía pendientes."
CC-CABLE-SILICONADO-FV-6AWG,Cable Siliconado FV 6AWG,cable-siliconado,,https://cablescolombia.com/producto/cable-siliconado-fv-6awg,SRT-PENDING-F7C244D2214C,pendiente_investigacion,,,,sin_imagen,"Referencia descubierta; ficha oficial exacta, marca e imagen todavía pendientes."
CC-CABLE-SILICONADO-FV-10AWG,Cable Siliconado FV 10Awg,cable-siliconado,,https://cablescolombia.com/producto/cable-siliconado-fv-10awg,SRT-PENDING-ECB7765E15A7,pendiente_investigacion,,,,sin_imagen,"Referencia descubierta; ficha oficial exacta, marca e imagen todavía pendientes."
CC-CABLE-SILICONADO-FV-8AWG,Cable Siliconado FV 8Awg,cable-siliconado,,https://cablescolombia.com/producto/cable-siliconado-fv-8awg,SRT-PENDING-9521BFEF0CA0,pendiente_investigacion,,,,sin_imagen,"Referencia descubierta; ficha oficial exacta, marca e imagen todavía pendientes."
CC-CABLE-SILICONADO-FV-12AWG,Cable Siliconado FV 12Awg,cable-siliconado,,https://cablescolombia.com/producto/cable-siliconado-fv-12awg,SRT-PENDING-5EDB0B93C63C,pendiente_investigacion,,,,sin_imagen,"Referencia descubierta; ficha oficial exacta, marca e imagen todavía pendientes."
CC-CABLE-SILICONADO-FV-14AWG,Cable Siliconado FV 14Awg,cable-siliconado,,https://cablescolombia.com/producto/cable-siliconado-fv-14awg,SRT-PENDING-8989A0255528,pendiente_investigacion,,,,sin_imagen,"Referencia descubierta; ficha oficial exacta, marca e imagen todavía pendientes."
CC-CABLE-SILICONADO-FV-16AWG,Cable Siliconado FV 16AWG,cable-siliconado,,https://cablescolombia.com/producto/cable-siliconado-fv-16awg,SRT-PENDING-13717C18F00D,pendiente_investigacion,,,,sin_imagen,"Referencia descubierta; ficha oficial exacta, marca e imagen todavía pendientes."
CC-CABLE-SILICONADO-FV-18AWG,Cable Siliconado FV 18Awg,cable-siliconado,,https://cablescolombia.com/producto/cable-siliconado-fv-18awg,SRT-PENDING-A6276C788A3C,pendiente_investigacion,,,,sin_imagen,"Referencia descubierta; ficha oficial exacta, marca e imagen todavía pendientes."
CC-CABLE-SOLDADOR-N6,Cable Soldador N6,cable-soldador,,https://cablescolombia.com/producto/cable-soldador-n6,SRT-PENDING-75D2D2B06C60,pendiente_investigacion,,,,sin_imagen,"Referencia descubierta; ficha oficial exacta, marca e imagen todavía pendientes."
CC-CABLE-SOLDADOR-N4,Cable Soldador N4,cable-soldador,,https://cablescolombia.com/producto/cable-soldador-n4,SRT-PENDING-139187864D52,pendiente_investigacion,,,,sin_imagen,"Referencia descubierta; ficha oficial exacta, marca e imagen todavía pendientes."
CC-CABLE-SOLDADOR-N2,Cable Soldador N2,cable-soldador,,https://cablescolombia.com/producto/cable-soldador-n2,SRT-PENDING-9871FB242991,pendiente_investigacion,,,,sin_imagen,"Referencia descubierta; ficha oficial exacta, marca e imagen todavía pendientes."
CC-CABLE-SOLDADOR-1-0-AWG,Cable Soldador 1/0 AWG,cable-soldador,,https://cablescolombia.com/producto/cable-soldador-1-0-awg,SRT-PENDING-07BC28A592EE,pendiente_investigacion,,,,sin_imagen,"Referencia descubierta; ficha oficial exacta, marca e imagen todavía pendientes."
CC-CABLE-SOLDADOR-2-0-AWG,Cable Soldador 2/0 AWG,cable-soldador,,https://cablescolombia.com/producto/cable-soldador-2-0-awg,SRT-PENDING-C41FBFD2E592,pendiente_investigacion,,,,sin_imagen,"Referencia descubierta; ficha oficial exacta, marca e imagen todavía pendientes."
CC-CABLE-SOLDADOR-3-0-AWG,Cable Soldador 3/0 AWG,cable-soldador,,https://cablescolombia.com/producto/cable-soldador-3-0-awg,SRT-PENDING-93137BE075F2,pendiente_investigacion,,,,sin_imagen,"Referencia descubierta; ficha oficial exacta, marca e imagen todavía pendientes."
CC-CABLE-SOLDADOR-4-0-AWG,Cable Soldador 4/0 AWG,cable-soldador,,https://cablescolombia.com/producto/cable-soldador-4-0-awg,SRT-PENDING-EE0E03761529,pendiente_investigacion,,,,sin_imagen,"Referencia descubierta; ficha oficial exacta, marca e imagen todavía pendientes."
CC-CABLE-UTP-ALEACION-CAT-5E-CARRETE-INTERIOR,Cable UTP Aleacion Cat 5E Carrete Interior,cable-utp,,https://cablescolombia.com/producto/cable-utp-aleacion-cat-5e-carrete-interior,SRT-PENDING-5B5B243A0F59,pendiente_investigacion,,,,sin_imagen,"Referencia descubierta; ficha oficial exacta, marca e imagen todavía pendientes."
CC-CABLE-UTP-ALEACION-CAT-5E-CARRETE-EXTERIOR,Cable Utp Aleacion Cat 5E Carrete Exterior,cable-utp,,https://cablescolombia.com/producto/cable-utp-aleacion-cat-5e-carrete-exterior,SRT-PENDING-8BE2DC733DE4,pendiente_investigacion,,,,sin_imagen,"Referencia descubierta; ficha oficial exacta, marca e imagen todavía pendientes."
CC-CABLE-UTP-ALEACION-CAT-6-CARRETE-INTERIOR,Cable Utp Aleacion Cat 6 Carrete Interior,cable-utp,,https://cablescolombia.com/producto/cable-utp-aleacion-cat-6-carrete-interior,SRT-PENDING-97ED39B116A4,pendiente_investigacion,,,,sin_imagen,"Referencia descubierta; ficha oficial exacta, marca e imagen todavía pendientes."
CC-CABLE-UTP-ALEACION-CAT-6-CARRETE-EXTERIOR,Cable Utp Aleacion Cat 6 Carrete Exterior,cable-utp,,https://cablescolombia.com/producto/cable-utp-aleacion-cat-6-carrete-exterior,SRT-PENDING-5570BB222E81,pendiente_investigacion,,,,sin_imagen,"Referencia descubierta; ficha oficial exacta, marca e imagen todavía pendientes."
CC-CABLE-UTP-100-COBRE-CAT-5E-CARRETE-INTERIOR,Cable Utp 100% Cobre Cat 5E Carrete Interior,cable-utp,,https://cablescolombia.com/producto/cable-utp-100-cobre-cat-5e-carrete-interior,SRT-PENDING-7119E708949F,pendiente_investigacion,,,,sin_imagen,"Referencia descubierta; ficha oficial exacta, marca e imagen todavía pendientes."
CC-CABLE-UTP-100-COBRE-CAT-5E-CARRETE-EXTERIOR,Cable Utp 100% Cobre Cat 5E Carrete Exterior,cable-utp,,https://cablescolombia.com/producto/cable-utp-100-cobre-cat-5e-carrete-exterior,SRT-PENDING-0CBC5FB456EB,pendiente_investigacion,,,,sin_imagen,"Referencia descubierta; ficha oficial exacta, marca e imagen todavía pendientes."
CC-CABLE-UTP-100-COBRE-CAT-6-CARRETE-INTERIOR,Cable Utp 100% Cobre Cat 6 Carrete Interior,cable-utp,,https://cablescolombia.com/producto/cable-utp-100-cobre-cat-6-carrete-interior,SRT-PENDING-E6F06CC40DD7,pendiente_investigacion,,,,sin_imagen,"Referencia descubierta; ficha oficial exacta, marca e imagen todavía pendientes."
CC-CABLE-UTP-100-COBRE-CAT-6-CARRETE-EXTERIOR,Cable Utp 100% Cobre Cat 6 Carrete Exterior,cable-utp,,https://cablescolombia.com/producto/cable-utp-100-cobre-cat-6-carrete-exterior,SRT-PENDING-A09C5E947671,pendiente_investigacion,,,,sin_imagen,"Referencia descubierta; ficha oficial exacta, marca e imagen todavía pendientes."
CC-CABLE-UTP-100-COBRE-CAT-6A-CARRETE-INTERIOR,Cable Utp 100% Cobre Cat 6A Carrete Interior,cable-utp,,https://cablescolombia.com/producto/cable-utp-100-cobre-cat-6a-carrete-interior,SRT-PENDING-BF708A70F703,pendiente_investigacion,,,,sin_imagen,"Referencia descubierta; ficha oficial exacta, marca e imagen todavía pendientes."
CC-CABLE-UTP-100-COBRE-CAT-6A-CARRETE-EXTERIOR,Cable Utp 100% Cobre Cat 6A Carrete Exterior,cable-utp,,https://cablescolombia.com/producto/cable-utp-100-cobre-cat-6a-carrete-exterior,SRT-PENDING-935994F7A6A5,pendiente_investigacion,,,,sin_imagen,"Referencia descubierta; ficha oficial exacta, marca e imagen todavía pendientes."
CC-CABLE-BAJA-N6-BLANCO,Cable Baja N6 Blanco,cable-vehiculo-gpt-mtw-tff,,https://cablescolombia.com/producto/cable-baja-n6-blanco,SRT-PENDING-7D36590B02AB,pendiente_investigacion,,,,sin_imagen,"Referencia descubierta; ficha oficial exacta, marca e imagen todavía pendientes."
CC-CABLE-BAJA-N6-CAFE,Cable Baja N6 Cafe,cable-vehiculo-gpt-mtw-tff,,https://cablescolombia.com/producto/cable-baja-n6-cafe,SRT-PENDING-BA004FF6990E,pendiente_investigacion,,,,sin_imagen,"Referencia descubierta; ficha oficial exacta, marca e imagen todavía pendientes."
CC-CABLE-BAJA-N6-MORADO,Cable Baja N6 Morado,cable-vehiculo-gpt-mtw-tff,,https://cablescolombia.com/producto/cable-baja-n6-morado,SRT-PENDING-7CF7206D973D,pendiente_investigacion,,,,sin_imagen,"Referencia descubierta; ficha oficial exacta, marca e imagen todavía pendientes."
CC-CABLE-BAJA-N6-NARANJA,Cable Baja N6 Naranja,cable-vehiculo-gpt-mtw-tff,,https://cablescolombia.com/producto/cable-baja-n6-naranja,SRT-PENDING-A128B8CB6FEB,pendiente_investigacion,,,,sin_imagen,"Referencia descubierta; ficha oficial exacta, marca e imagen todavía pendientes."
CC-CABLE-BAJA-N6-NEGRO,Cable Baja N6 Negro,cable-vehiculo-gpt-mtw-tff,,https://cablescolombia.com/producto/cable-baja-n6-negro,SRT-PENDING-BD76EEB13459,pendiente_investigacion,,,,sin_imagen,"Referencia descubierta; ficha oficial exacta, marca e imagen todavía pendientes."
CC-CABLE-BAJA-N6-ROJO,Cable Baja N6 Rojo,cable-vehiculo-gpt-mtw-tff,,https://cablescolombia.com/producto/cable-baja-n6-rojo,SRT-PENDING-3981093FFAFD,pendiente_investigacion,,,,sin_imagen,"Referencia descubierta; ficha oficial exacta, marca e imagen todavía pendientes."
CC-CABLE-BAJA-N6-VERDE,Cable Baja N6 Verde,cable-vehiculo-gpt-mtw-tff,,https://cablescolombia.com/producto/cable-baja-n6-verde,SRT-PENDING-9D58BFB37CD8,pendiente_investigacion,,,,sin_imagen,"Referencia descubierta; ficha oficial exacta, marca e imagen todavía pendientes."
CC-CABLE-CC-MTW-TWK-N10-AMARILLO,Cable CC MTW(TWK) N10 Amarillo,cable-vehiculo-gpt-mtw-tff,,https://cablescolombia.com/producto/cable-cc-mtw-twk-n10-amarillo,SRT-PENDING-F21AB4BAC8CA,pendiente_investigacion,,,,sin_imagen,"Referencia descubierta; ficha oficial exacta, marca e imagen todavía pendientes."
CC-CABLE-CC-MTW-TWK-N10-BLANCO,Cable CC MTW(TWK) N10 Blanco,cable-vehiculo-gpt-mtw-tff,,https://cablescolombia.com/producto/cable-cc-mtw-twk-n10-blanco,SRT-PENDING-682C5D0A0934,pendiente_investigacion,,,,sin_imagen,"Referencia descubierta; ficha oficial exacta, marca e imagen todavía pendientes."
CC-CABLE-CC-MTW-TWK-N10-CAFE,Cable CC MTW(TWK) N10 Café,cable-vehiculo-gpt-mtw-tff,,https://cablescolombia.com/producto/cable-cc-mtw-twk-n10-cafe,SRT-PENDING-40DFD3223D4A,pendiente_investigacion,,,,sin_imagen,"Referencia descubierta; ficha oficial exacta, marca e imagen todavía pendientes."
CC-CABLE-CC-MTW-TWK-N10-MORADO,Cable CC MTW(TWK) N10 Morado,cable-vehiculo-gpt-mtw-tff,,https://cablescolombia.com/producto/cable-cc-mtw-twk-n10-morado,SRT-PENDING-F2CBCC65C867,pendiente_investigacion,,,,sin_imagen,"Referencia descubierta; ficha oficial exacta, marca e imagen todavía pendientes."
CC-CABLE-CC-MTW-TWK-N10-NARANJA,Cable CC MTW(TWK) N10 Naranja,cable-vehiculo-gpt-mtw-tff,,https://cablescolombia.com/producto/cable-cc-mtw-twk-n10-naranja,SRT-PENDING-620D2F87780B,pendiente_investigacion,,,,sin_imagen,"Referencia descubierta; ficha oficial exacta, marca e imagen todavía pendientes."
CC-CABLE-CC-MTW-TWK-N10-NEGRO,Cable CC MTW(TWK) N10 Negro,cable-vehiculo-gpt-mtw-tff,,https://cablescolombia.com/producto/cable-cc-mtw-twk-n10-negro,SRT-PENDING-FD5791B9A534,pendiente_investigacion,,,,sin_imagen,"Referencia descubierta; ficha oficial exacta, marca e imagen todavía pendientes."
CC-CABLE-CC-MTW-TWK-N10-ROJO,Cable CC MTW(TWK) N10 Rojo,cable-vehiculo-gpt-mtw-tff,,https://cablescolombia.com/producto/cable-cc-mtw-twk-n10-rojo,SRT-PENDING-3548BD6A674E,pendiente_investigacion,,,,sin_imagen,"Referencia descubierta; ficha oficial exacta, marca e imagen todavía pendientes."
CC-CABLE-CC-MTW-TWK-N10-VERDE,Cable CC MTW(TWK) N10 Verde,cable-vehiculo-gpt-mtw-tff,,https://cablescolombia.com/producto/cable-cc-mtw-twk-n10-verde,SRT-PENDING-2E3F9AC5B117,pendiente_investigacion,,,,sin_imagen,"Referencia descubierta; ficha oficial exacta, marca e imagen todavía pendientes."
CC-CABLE-CC-MTW-TWK-N12-AMARILLO,Cable CC MTW(TWK) N12 Amarillo,cable-vehiculo-gpt-mtw-tff,,https://cablescolombia.com/producto/cable-cc-mtw-twk-n12-amarillo,SRT-PENDING-5CACE114CA4F,pendiente_investigacion,,,,sin_imagen,"Referencia descubierta; ficha oficial exacta, marca e imagen todavía pendientes."
CC-CABLE-CC-MTW-TWK-N12-BLANCO,Cable CC MTW(TWK) N12 Blanco,cable-vehiculo-gpt-mtw-tff,,https://cablescolombia.com/producto/cable-cc-mtw-twk-n12-blanco,SRT-PENDING-298B449092F0,pendiente_investigacion,,,,sin_imagen,"Referencia descubierta; ficha oficial exacta, marca e imagen todavía pendientes."
CC-CABLE-CC-MTW-TWK-N12-CAFE,Cable CC MTW(TWK) N12 Café,cable-vehiculo-gpt-mtw-tff,,https://cablescolombia.com/producto/cable-cc-mtw-twk-n12-cafe,SRT-PENDING-B846373BFADD,pendiente_investigacion,,,,sin_imagen,"Referencia descubierta; ficha oficial exacta, marca e imagen todavía pendientes."
CC-CABLE-CC-MTW-TWK-N12-NARANJA,Cable CC MTW(TWK) N12 Naranja,cable-vehiculo-gpt-mtw-tff,,https://cablescolombia.com/producto/cable-cc-mtw-twk-n12-naranja,SRT-PENDING-04070B3FE12A,pendiente_investigacion,,,,sin_imagen,"Referencia descubierta; ficha oficial exacta, marca e imagen todavía pendientes."
CC-CABLE-CC-MTW-TWK-N12-NEGRO,Cable CC MTW(TWK) N12 Negro,cable-vehiculo-gpt-mtw-tff,,https://cablescolombia.com/producto/cable-cc-mtw-twk-n12-negro,SRT-PENDING-0B27149FA8A1,pendiente_investigacion,,,,sin_imagen,"Referencia descubierta; ficha oficial exacta, marca e imagen todavía pendientes."
CC-CABLE-CC-MTW-TWK-N12-ROJO,Cable CC MTW(TWK) N12 Rojo,cable-vehiculo-gpt-mtw-tff,,https://cablescolombia.com/producto/cable-cc-mtw-twk-n12-rojo,SRT-PENDING-BCBD7F3EB86D,pendiente_investigacion,,,,sin_imagen,"Referencia descubierta; ficha oficial exacta, marca e imagen todavía pendientes."
CC-CABLE-CC-MTW-TWK-N12-VERDE,Cable CC MTW(TWK) N12 Verde,cable-vehiculo-gpt-mtw-tff,,https://cablescolombia.com/producto/cable-cc-mtw-twk-n12-verde,SRT-PENDING-4DFBA15EF4AC,pendiente_investigacion,,,,sin_imagen,"Referencia descubierta; ficha oficial exacta, marca e imagen todavía pendientes."
CC-CABLE-CC-MTW-TWK-N14-AMARILLO,Cable CC MTW(TWK) N14 Amarillo,cable-vehiculo-gpt-mtw-tff,,https://cablescolombia.com/producto/cable-cc-mtw-twk-n14-amarillo,SRT-PENDING-00D52A324A7A,pendiente_investigacion,,,,sin_imagen,"Referencia descubierta; ficha oficial exacta, marca e imagen todavía pendientes."
CC-CABLE-CC-MTW-TWK-N14-BLANCO,Cable CC MTW(TWK) N14 Blanco,cable-vehiculo-gpt-mtw-tff,,https://cablescolombia.com/producto/cable-cc-mtw-twk-n14-blanco,SRT-PENDING-7AC3712CEA7C,pendiente_investigacion,,,,sin_imagen,"Referencia descubierta; ficha oficial exacta, marca e imagen todavía pendientes."
CC-CABLE-CC-MTW-TWK-N14-CAFE,Cable CC MTW(TWK) N14 Café,cable-vehiculo-gpt-mtw-tff,,https://cablescolombia.com/producto/cable-cc-mtw-twk-n14-cafe,SRT-PENDING-D2B91FEDDE51,pendiente_investigacion,,,,sin_imagen,"Referencia descubierta; ficha oficial exacta, marca e imagen todavía pendientes."
CC-CABLE-CC-MTW-TWK-N14-MORADO,Cable CC MTW(TWK) N14 Morado,cable-vehiculo-gpt-mtw-tff,,https://cablescolombia.com/producto/cable-cc-mtw-twk-n14-morado,SRT-PENDING-C1987586D8D0,pendiente_investigacion,,,,sin_imagen,"Referencia descubierta; ficha oficial exacta, marca e imagen todavía pendientes."
CC-CABLE-CC-MTW-TWK-N14-NARANJA,Cable CC MTW(TWK) N14 Naranja,cable-vehiculo-gpt-mtw-tff,,https://cablescolombia.com/producto/cable-cc-mtw-twk-n14-naranja,SRT-PENDING-A22DB63FDD13,pendiente_investigacion,,,,sin_imagen,"Referencia descubierta; ficha oficial exacta, marca e imagen todavía pendientes."
CC-CABLE-CC-MTW-TWK-N14-NEGRO,Cable CC MTW(TWK) N14 Negro,cable-vehiculo-gpt-mtw-tff,,https://cablescolombia.com/producto/cable-cc-mtw-twk-n14-negro,SRT-PENDING-14A0AC62DB1B,pendiente_investigacion,,,,sin_imagen,"Referencia descubierta; ficha oficial exacta, marca e imagen todavía pendientes."
CC-CABLE-CC-MTW-TWK-N14-ROJO,Cable CC MTW(TWK) N14 Rojo,cable-vehiculo-gpt-mtw-tff,,https://cablescolombia.com/producto/cable-cc-mtw-twk-n14-rojo,SRT-PENDING-85704BD3B4F2,pendiente_investigacion,,,,sin_imagen,"Referencia descubierta; ficha oficial exacta, marca e imagen todavía pendientes."
CC-CABLE-CC-MTW-TWK-N14-VERDE,Cable CC MTW(TWK) N14 Verde,cable-vehiculo-gpt-mtw-tff,,https://cablescolombia.com/producto/cable-cc-mtw-twk-n14-verde,SRT-PENDING-97509E130001,pendiente_investigacion,,,,sin_imagen,"Referencia descubierta; ficha oficial exacta, marca e imagen todavía pendientes."
CC-CABLE-CC-TFF-N16-AMARILLO,Cable CC TFF N16 Amarillo,cable-vehiculo-gpt-mtw-tff,,https://cablescolombia.com/producto/cable-cc-tff-n16-amarillo,SRT-PENDING-35A3D3D63657,pendiente_investigacion,,,,sin_imagen,"Referencia descubierta; ficha oficial exacta, marca e imagen todavía pendientes."
CC-CABLE-CC-TFF-N16-BLANCO,Cable CC TFF N16 Blanco,cable-vehiculo-gpt-mtw-tff,,https://cablescolombia.com/producto/cable-cc-tff-n16-blanco,SRT-PENDING-6E4411427ED4,pendiente_investigacion,,,,sin_imagen,"Referencia descubierta; ficha oficial exacta, marca e imagen todavía pendientes."
CC-CABLE-CC-TFF-N16-CAFE,Cable CC TFF N16 Café,cable-vehiculo-gpt-mtw-tff,,https://cablescolombia.com/producto/cable-cc-tff-n16-cafe,SRT-PENDING-688116380EBA,pendiente_investigacion,,,,sin_imagen,"Referencia descubierta; ficha oficial exacta, marca e imagen todavía pendientes."
CC-CABLE-CC-TFF-N16-MORADO,Cable CC TFF N16 Morado,cable-vehiculo-gpt-mtw-tff,,https://cablescolombia.com/producto/cable-cc-tff-n16-morado,SRT-PENDING-44D02D7CC950,pendiente_investigacion,,,,sin_imagen,"Referencia descubierta; ficha oficial exacta, marca e imagen todavía pendientes."
CC-CABLE-CC-TFF-N16-NARANJA,Cable CC TFF N16 Naranja,cable-vehiculo-gpt-mtw-tff,,https://cablescolombia.com/producto/cable-cc-tff-n16-naranja,SRT-PENDING-C123A9EAC875,pendiente_investigacion,,,,sin_imagen,"Referencia descubierta; ficha oficial exacta, marca e imagen todavía pendientes."
CC-CABLE-CC-TFF-N16-NEGRO,Cable CC TFF N16 Negro,cable-vehiculo-gpt-mtw-tff,,https://cablescolombia.com/producto/cable-cc-tff-n16-negro,SRT-PENDING-31993EC9DB11,pendiente_investigacion,,,,sin_imagen,"Referencia descubierta; ficha oficial exacta, marca e imagen todavía pendientes."
CC-CABLE-CC-TFF-N16-ROJO,Cable CC TFF N16 Rojo,cable-vehiculo-gpt-mtw-tff,,https://cablescolombia.com/producto/cable-cc-tff-n16-rojo,SRT-PENDING-33D093F9BD72,pendiente_investigacion,,,,sin_imagen,"Referencia descubierta; ficha oficial exacta, marca e imagen todavía pendientes."
CC-CABLE-CC-TFF-N16-VERDE,Cable CC TFF N16 Verde,cable-vehiculo-gpt-mtw-tff,,https://cablescolombia.com/producto/cable-cc-tff-n16-verde,SRT-PENDING-BBD242E8628E,pendiente_investigacion,,,,sin_imagen,"Referencia descubierta; ficha oficial exacta, marca e imagen todavía pendientes."
CC-CABLE-CC-TFF-N18-BLANCO,Cable CC TFF N18 Blanco,cable-vehiculo-gpt-mtw-tff,,https://cablescolombia.com/producto/cable-cc-tff-n18-blanco,SRT-PENDING-E2E89C3CDB3C,pendiente_investigacion,,,,sin_imagen,"Referencia descubierta; ficha oficial exacta, marca e imagen todavía pendientes."
CC-CABLE-CC-TFF-N18-CAFE,Cable CC TFF N18 Café,cable-vehiculo-gpt-mtw-tff,,https://cablescolombia.com/producto/cable-cc-tff-n18-cafe,SRT-PENDING-E2175E292AD4,pendiente_investigacion,,,,sin_imagen,"Referencia descubierta; ficha oficial exacta, marca e imagen todavía pendientes."
CC-CABLE-CC-TFF-N18-MORADO,Cable CC TFF N18 Morado,cable-vehiculo-gpt-mtw-tff,,https://cablescolombia.com/producto/cable-cc-tff-n18-morado,SRT-PENDING-C0F95F150525,pendiente_investigacion,,,,sin_imagen,"Referencia descubierta; ficha oficial exacta, marca e imagen todavía pendientes."
CC-CABLE-CC-TFF-N18-NARANJA,Cable CC TFF N18 Naranja,cable-vehiculo-gpt-mtw-tff,,https://cablescolombia.com/producto/cable-cc-tff-n18-naranja,SRT-PENDING-9F727277CC70,pendiente_investigacion,,,,sin_imagen,"Referencia descubierta; ficha oficial exacta, marca e imagen todavía pendientes."
CC-CABLE-CC-TFF-N18-NEGRO,Cable CC TFF N18 Negro,cable-vehiculo-gpt-mtw-tff,,https://cablescolombia.com/producto/cable-cc-tff-n18-negro,SRT-PENDING-E92B8F867376,pendiente_investigacion,,,,sin_imagen,"Referencia descubierta; ficha oficial exacta, marca e imagen todavía pendientes."
CC-CABLE-CC-TFF-N18-ROJO,Cable CC TFF N18 Rojo,cable-vehiculo-gpt-mtw-tff,,https://cablescolombia.com/producto/cable-cc-tff-n18-rojo,SRT-PENDING-949BEFDBED1F,pendiente_investigacion,,,,sin_imagen,"Referencia descubierta; ficha oficial exacta, marca e imagen todavía pendientes."
CC-CABLE-CC-TFF-N18-VERDE,Cable CC TFF N18 Verde,cable-vehiculo-gpt-mtw-tff,,https://cablescolombia.com/producto/cable-cc-tff-n18-verde,SRT-PENDING-95911EF85308,pendiente_investigacion,,,,sin_imagen,"Referencia descubierta; ficha oficial exacta, marca e imagen todavía pendientes."
CC-CABLE-CC-TFF-N6-AMARILLO,Cable CC TFF N6 Amarillo,cable-vehiculo-gpt-mtw-tff,,https://cablescolombia.com/producto/cable-cc-tff-n6-amarillo,SRT-PENDING-1078F0D00E75,pendiente_investigacion,,,,sin_imagen,"Referencia descubierta; ficha oficial exacta, marca e imagen todavía pendientes."
CC-CABLE-CC-TFF-N8-CAFE,Cable CC TFF N8 Café,cable-vehiculo-gpt-mtw-tff,,https://cablescolombia.com/producto/cable-cc-tff-n8-cafe,SRT-PENDING-ECEDB4494AD2,pendiente_investigacion,,,,sin_imagen,"Referencia descubierta; ficha oficial exacta, marca e imagen todavía pendientes."
CC-CABLE-CC-TFF-N8-MORADO,Cable CC TFF N8 Morado,cable-vehiculo-gpt-mtw-tff,,https://cablescolombia.com/producto/cable-cc-tff-n8-morado,SRT-PENDING-5C402979118A,pendiente_investigacion,,,,sin_imagen,"Referencia descubierta; ficha oficial exacta, marca e imagen todavía pendientes."
CC-CABLE-CC-TFF-N8-NARANJA,Cable CC TFF N8 Naranja,cable-vehiculo-gpt-mtw-tff,,https://cablescolombia.com/producto/cable-cc-tff-n8-naranja,SRT-PENDING-1ABE987AF0AC,pendiente_investigacion,,,,sin_imagen,"Referencia descubierta; ficha oficial exacta, marca e imagen todavía pendientes."
CC-CABLE-CC-TFF-N8-NEGRO,Cable CC TFF N8 Negro,cable-vehiculo-gpt-mtw-tff,,https://cablescolombia.com/producto/cable-cc-tff-n8-negro,SRT-PENDING-5EB5F15D5B6D,pendiente_investigacion,,,,sin_imagen,"Referencia descubierta; ficha oficial exacta, marca e imagen todavía pendientes."
CC-CABLE-CC-TFF-N8-ROJO,Cable CC TFF N8 Rojo,cable-vehiculo-gpt-mtw-tff,,https://cablescolombia.com/producto/cable-cc-tff-n8-rojo,SRT-PENDING-437A6CFF3C13,pendiente_investigacion,,,,sin_imagen,"Referencia descubierta; ficha oficial exacta, marca e imagen todavía pendientes."
CC-CABLE-CC-TFF-N8-VERDE,Cable CC TFF N8 Verde,cable-vehiculo-gpt-mtw-tff,,https://cablescolombia.com/producto/cable-cc-tff-n8-verde,SRT-PENDING-BC90394EFA5C,pendiente_investigacion,,,,sin_imagen,"Referencia descubierta; ficha oficial exacta, marca e imagen todavía pendientes."
CC-CABLE-ALUMOWELD-7X10-AWG,Cable Alumoweld 7x10 AWG,cable-alumoweld,,https://cablescolombia.com/producto/cable-alumoweld-7x10-awg,SRT-PENDING-75B9E5CEA7C9,pendiente_investigacion,,,,sin_imagen,"Referencia descubierta; ficha oficial exacta, marca e imagen todavía pendientes."
CC-CABLE-ALUMOWELD-7X8-AWG,Cable Alumoweld 7x8 AWG,cable-alumoweld,,https://cablescolombia.com/producto/cable-alumoweld-7x8-awg,SRT-PENDING-398F38D306E4,pendiente_investigacion,,,,sin_imagen,"Referencia descubierta; ficha oficial exacta, marca e imagen todavía pendientes."
CC-CABLE-DE-ACERO-GALVANIZADO-3-8,"Cable De Acero Galvanizado 3/8""",cable-acero,,https://cablescolombia.com/producto/cable-de-acero-galvanizado-3-8,SRT-PENDING-C947F80FF333,pendiente_investigacion,,,,sin_imagen,"Referencia descubierta; ficha oficial exacta, marca e imagen todavía pendientes."
CC-CABLE-DE-ACERO-GALVANIZADO-5-16,"Cable De Acero Galvanizado 5/16""",cable-acero,,https://cablescolombia.com/producto/cable-de-acero-galvanizado-5-16,SRT-PENDING-1DE752DC1C7B,pendiente_investigacion,,,,sin_imagen,"Referencia descubierta; ficha oficial exacta, marca e imagen todavía pendientes."
CC-CABLE-DE-ACERO-GALVANIZADO-1-4,"Cable De Acero Galvanizado 1/4""",cable-acero,,https://cablescolombia.com/producto/cable-de-acero-galvanizado-1-4,SRT-PENDING-5AD5CC3ECD2A,pendiente_investigacion,,,,sin_imagen,"Referencia descubierta; ficha oficial exacta, marca e imagen todavía pendientes."
CC-CABLE-ACERO-DE-COBRE-CCS-7X8AWG,Cable Acero De Cobre CCS 7x8AWG,cable-acero,,https://cablescolombia.com/producto/cable-acero-de-cobre-ccs-7x8awg,SRT-PENDING-435471C553C3,pendiente_investigacion,,,,sin_imagen,"Referencia descubierta; ficha oficial exacta, marca e imagen todavía pendientes."
CC-CABLE-ACERO-DE-COBRE-CCS-7X10AWG,Cable Acero De Cobre CCS 7x10AWG,cable-acero,,https://cablescolombia.com/producto/cable-acero-de-cobre-ccs-7x10awg,SRT-PENDING-5A5C7767FB5F,pendiente_investigacion,,,,sin_imagen,"Referencia descubierta; ficha oficial exacta, marca e imagen todavía pendientes."
