sku,nombre,categoria,subcategoria,marca,calibre_awg,num_conductores,voltaje,apantallado,chaqueta,norma,aplicacion,potencia_hp,voltaje_entrada,serie,descripcion_corta,imagen
566-9947-500,"Belden 9947 — Cable de control 22 AWG, 15 conductores, apantallado",Cables de control,,Belden,22,15,300 V,Sí,Polyvinyl Chloride (PVC),NEC Art. 800 CMG; CEC CMG; UL 1685 FT4; IEC 60332-1-2; UL AWM 2464; EU CE Mark; RoHS,"Aplicaciones RS-232; comunicaciones de cómputo; señales analógicas de bajo voltaje (4-20 mA, 0-10 V); control digital de bajo voltaje (24 V); audio de nivel de línea; cableado de panel",,,,"Cable de control marca Belden, referencia 9947. Especificaciones: 22 AWG, 15 conductores, apantallado, régimen de voltaje 300 V.",
566-29502-100-10,"Belden 29502 — Cable para variador VFD 12 AWG, 4 conductores, apantallado",Cables para variadores VFD,,Belden,12,4,1 kV,Sí,Polyvinyl Chloride (PVC),NEC Art. 336 TC-ER; WTTC 1000V; AWM I/II A/B; CEC CIC TC; ICEA S-95-658; MSHA; EU CE Mark; RoHS; China RoHS II,Variadores de frecuencia (VFD); sistemas de motor y accionamiento AC; ubicaciones peligrosas Clase 1 División 2,,,,"Cable para variador VFD marca Belden, referencia 29502. Especificaciones: 12 AWG, 4 conductores, apantallado, régimen de voltaje 1 kV.",
566-5500FE-500-08,"Belden 5500FE — Cable apantallado 22 AWG, 2 conductores",Cables especiales,Cables apantallados,Belden,22,2,300 V,Sí,Polyvinyl Chloride (PVC),NEC Art. 800 CMR; CEC CMG; UL 1666 Riser; IEEE 1202 FT4; IEC 60332-1-2; CPR Euroclass Eca; EU CE Mark; RoHS,Sistemas de seguridad; intercomunicador/PA; audio/altavoz; ambientes ruidosos,,,,"Cable apantallado marca Belden, referencia 5500FE. Especificaciones: 22 AWG, 2 conductores, régimen de voltaje 300 V.",
566-6504FE-500-877,"Belden 6504FE — Cable de control 22 AWG, 6 conductores, apantallado",Cables de control,,Belden,22,6,300 V,Sí,Polyvinyl Chloride (PVC),NEC CMP; CEC CMP; NFPA 262 (UL 910); FT6; EU CE Mark; RoHS; CA Prop 65; China RoHS,Sistemas de seguridad; intercomunicador/PA; audio/altavoz; controles de potencia limitada; ambientes ruidosos,,,,"Cable de control marca Belden, referencia 6504FE. Especificaciones: 22 AWG, 6 conductores, apantallado, régimen de voltaje 300 V.",
566-8762MN-100-08,"Belden 8762MN — Cable de control 20 AWG, 2 conductores, apantallado",Cables de control,,Belden,20,2,300 V,Sí,Polyvinyl Chloride (PVC),UL AWM 2937; NEC CM; CEC CM; UL 1685; IEC 60332-1-2; CPR Eca; EU CE Mark; RoHS,"Audio, control e instrumentación; apto para aplicaciones NFPA 79",,,,"Cable de control marca Belden, referencia 8762MN. Especificaciones: 20 AWG, 2 conductores, apantallado, régimen de voltaje 300 V.",
566-5502FE-U500-08,"Belden 5502FE — Cable de control 22 AWG, 4 conductores, apantallado",Cables de control,,Belden,22,4,300 V,Sí,Polyvinyl Chloride (PVC),NEC CMR; CEC CMG; UL 1666 Riser; FT4; CPR Euroclass Eca; EU CE Mark; RoHS,Sistemas de seguridad y alarma; intercomunicador/PA; audio/sonido,,,,"Cable de control marca Belden, referencia 5502FE. Especificaciones: 22 AWG, 4 conductores, apantallado, régimen de voltaje 300 V.",
566-76103WS-100-08,"Belden 76103WS — Cable apantallado 26 AWG, 3 conductores",Cables especiales,Cables apantallados,Belden,26,3,300 V,Sí,"Polyvinyl Chloride (PVC), Oil Resistant",NEC CMG; UL AWM 2661; EU CE Mark; REACH; RoHS 2,"Cable de alta flexión continua para automatización industrial; ejes lineales, robots y portaenergías (MachFlex)",,,,"Cable apantallado marca Belden, referencia 76103WS. Especificaciones: 26 AWG, 3 conductores, régimen de voltaje 300 V.",
566-8779MN008100,"Belden 8779MN — Cable de control 22 AWG, 8 conductores, apantallado",Cables de control,,Belden,22,8,300 V,Sí,Polyvinyl Chloride (PVC),UL AWM 2937; FT2; EU CE Mark; RoHS 2,"Audio, control e instrumentación en espacios reducidos (SpaceMaker); apto para aplicaciones NFPA 79",,,,"Cable de control marca Belden, referencia 8779MN. Especificaciones: 22 AWG, 8 conductores, apantallado, régimen de voltaje 300 V.",
566-88723-1000,"Belden 88723 — Cable de instrumentación 22 AWG, 4 conductores, apantallado",Cables especiales,Cables de instrumentación,Belden,22,4,300 V,Sí,Fluorinated Ethylene Propylene (FEP),NEC Art. 800 CMP; CEC CMP; NFPA 262 (UL 910); FT6; IEC 60332-1-2; CPR Eca; EU CE Mark; REACH; RoHS,"Ambientes de temperatura extrema (alta/baja); resistente a químicos; aplicaciones exteriores y enterradas; señales analógicas de bajo voltaje (4-20 mA, 0-10 V); control digital de bajo voltaje (24 V); audio de nivel de línea; comunicaciones de voz; cableado de panel",,,,"Cable de instrumentación marca Belden, referencia 88723. Especificaciones: 22 AWG, 4 conductores, apantallado, régimen de voltaje 300 V.",
566-3105A-500,"Belden 3105A — Cable de instrumentación 22 AWG, 2 conductores, apantallado",Cables especiales,Cables de instrumentación,Belden,22,2,300 V,Sí,Polyvinyl Chloride (PVC),NEC CM/PLTC; EU CE Mark; RoHS; resistente a luz solar y aceite,"RS-485; ambientes industriales severos; IIoT; automatización de fábrica/proceso; video, audio y comunicaciones de datos",,,,"Cable de instrumentación marca Belden, referencia 3105A. Especificaciones: 22 AWG, 2 conductores, apantallado, régimen de voltaje 300 V.",
566-5301FE-500-08,"Belden 5301FE — Cable de control 18 AWG, 3 conductores, apantallado",Cables de control,,Belden,18,3,300 V,Sí,Polyvinyl Chloride (PVC),NEC CMR; CEC CMG; UL 1666 Riser; FT4; CPR Eca; EU CE Mark; RoHS,Sistemas de intercomunicación/PA; sistemas de sonido/audio,,,,"Cable de control marca Belden, referencia 5301FE. Especificaciones: 18 AWG, 3 conductores, apantallado, régimen de voltaje 300 V.",
566-5502UE-U1000-08,"Belden 5502UE — Cable de control 22 AWG, 4 conductores, sin apantallar",Cables de control,,Belden,22,4,300 V,No,Polyvinyl Chloride (PVC),NEC CMR; CEC CMG; FT4; EU CE Mark; RoHS,Sistemas de seguridad; intercomunicador/PA; sistemas de sonido/audio; controles de potencia limitada; línea telefónica,,,,"Cable de control marca Belden, referencia 5502UE. Especificaciones: 22 AWG, 4 conductores, sin apantallar, régimen de voltaje 300 V.",
566-83604-100,"Belden 83604 — Cable de control 20 AWG, 4 conductores, apantallado",Cables de control,,Belden,20,4,300 V,Sí,Fluorinated Ethylene Propylene (FEP),NEC Art. 800 CMP; CEC CMP; NFPA 262 (UL 910); FT6; EU CE Mark; RoHS,"Ambientes de temperatura extrema (alta/baja); resistente a químicos; aplicaciones exteriores y enterradas; señales analógicas de bajo voltaje (4-20 mA, 0-10 V); control de bajo voltaje (24 V); audio de nivel de línea; comunicaciones de voz; cableado de panel",,,,"Cable de control marca Belden, referencia 83604. Especificaciones: 20 AWG, 4 conductores, apantallado, régimen de voltaje 300 V.",
566-7200A-500,"Belden 7200A — Cable apantallado 24 AWG, 2 conductores",Cables especiales,Cables apantallados,Belden,24,2,300 V,Sí,Polyvinyl Chloride (PVC),NEC CM; EU CE Mark; RoHS,"Aplicaciones de alta flexión continua (MachFlex); RS-485, HART, fieldbus",,,,"Cable apantallado marca Belden, referencia 7200A. Especificaciones: 24 AWG, 2 conductores, régimen de voltaje 300 V.",
566-19363-250,"Belden 19363 — Cable encauchetado 16 AWG, 3 conductores, apantallado",Cable flexible,Cable encauchetado,Belden,16,3,300 V,Sí,Polyvinyl Chloride (PVC),UL Tipo SJT (300 V); EU CE Mark; RoHS; WEEE,"Cordaje portátil; alimentación temporal de herramientas, equipos y electrodomésticos",,,,"Cable encauchetado marca Belden, referencia 19363. Especificaciones: 16 AWG, 3 conductores, apantallado, régimen de voltaje 300 V.",
566-1035A-1000-10,"Belden 1035A — Cable de instrumentación 16 AWG, 2 conductores, sin apantallar",Cables especiales,Cables de instrumentación,Belden,16,2,300 V,No,Polyvinyl Chloride (PVC),UL PLTC; ITC; CMG; UL AWM 2464; resistente a luz solar; EU CE Mark; RoHS,"Control industrial; bandejas portacables y canalizaciones; control digital; instrumentación (4-20 mA, 0-10 V); control digital de bajo voltaje (24 V); encoders; circuitos de control; DCS; PLC; solenoides, válvulas, actuadores, posicionadores",,,,"Cable de instrumentación marca Belden, referencia 1035A. Especificaciones: 16 AWG, 2 conductores, sin apantallar, régimen de voltaje 300 V.",
566-7924A-1000,"Belden 7924A — Cable de instrumentación 24 AWG, 8 conductores, sin apantallar",Cables especiales,Cables de instrumentación,Belden,24,8,300 V,No,Polyvinyl Chloride (PVC),DataTuff Cat 5e; CMX-Outdoor; CMR,Ethernet industrial Cat 5e; uso exterior; minería; ambientes severos; IIoT; automatización de fábrica/proceso; cámaras IP y dispositivos; comunicación de datos,,,,"Cable de instrumentación marca Belden, referencia 7924A. Especificaciones: 24 AWG, 8 conductores, sin apantallar, régimen de voltaje 300 V.",
566-7929A-1000,"Belden 7929A — Cable de instrumentación 24 AWG, 8 conductores, apantallado",Cables especiales,Cables de instrumentación,Belden,24,8,300 V,Sí,Polyvinyl Chloride (PVC),DataTuff Cat 5e; CMR; CMG,Ethernet industrial Cat 5e; minería; ambientes severos; IIoT; automatización de fábrica/proceso; cámaras IP; comunicación de datos,,,,"Cable de instrumentación marca Belden, referencia 7929A. Especificaciones: 24 AWG, 8 conductores, apantallado, régimen de voltaje 300 V.",
566-7932A-1000,"Belden 7932A — Cable de instrumentación 24 AWG, 4 conductores, sin apantallar",Cables especiales,Cables de instrumentación,Belden,24,4,300 V,No,Polyvinyl Chloride (PVC),NEC CMR; UL 1666 Riser; FT4; resistente a luz solar y aceite; EtherNet/IP; EU CE Mark; RoHS 2,Ethernet industrial Cat 5e (2 pares); ambientes severos; IIoT; automatización de fábrica/proceso; cámaras IP; comunicación de datos,,,,"Cable de instrumentación marca Belden, referencia 7932A. Especificaciones: 24 AWG, 4 conductores, sin apantallar, régimen de voltaje 300 V.",
566-8112-100,"Belden 8112 — Cable de red 24 AWG, 25 conductores, apantallado",Cables de red,,Belden,24,25,30 V,Sí,Polyvinyl Chloride (PVC),UL Style 2919; NEC CMG (100 Ω),Cable computador EIA RS-232/RS-422; transmisión de datos; telecomunicaciones,,,,"Cable de red marca Belden, referencia 8112. Especificaciones: 24 AWG, 25 conductores, apantallado, régimen de voltaje 30 V.",
566-8408-1500-01,"Belden 8408 — Cable apantallado 16 AWG, 2 conductores",Cables especiales,Cables apantallados,Belden,16,2,,Sí,,UL VW-1; EU CE Mark; RoHS; WEEE; China RoHS II,Micrófono robusto y desplegable para estudio o presentaciones en vivo; audio analógico balanceado,,,,"Cable apantallado marca Belden, referencia 8408. Especificaciones: 16 AWG, 2 conductores.",
566-8443-U1000-60,"Belden 8443 — Cable de control 22 AWG, 3 conductores, sin apantallar",Cables de control,,Belden,22,3,150 V,No,Polyvinyl Chloride (PVC),NEC CMG; CEC CMG; UL AWM Style 2576; UL 1685 FT4; FT4; IEC 60332-1-2; CPR Eca; EU CE,"Audio, control e instrumentación (no apantallado); cableado de baja tensión",,,,"Cable de control marca Belden, referencia 8443. Especificaciones: 22 AWG, 3 conductores, sin apantallar, régimen de voltaje 150 V.",
566-9365-500U,"Belden 9365 — Cable para bandeja 18 AWG, 3 conductores, apantallado",Cables especiales,Cable para bandeja / tray cable,Belden,18,3,300 V,Sí,Polyvinyl Chloride (PVC),NEC Art. 725/727/800 PLTC; ITC-ER; PLTC-ER; CMG; resistente a luz solar; apto para enterramiento,Instrumentación; sensores; válvulas; posicionadores; RTD; señales 4-20 mA y 0-10 V,,,,"Cable para bandeja (tray) marca Belden, referencia 9365. Especificaciones: 18 AWG, 3 conductores, apantallado, régimen de voltaje 300 V.",
566-9463-500,"Belden 9463 — Cable de control 20 AWG, 2 conductores, apantallado",Cables de control,,Belden,20,2,300 V,Sí,Polyvinyl Chloride (PVC),NEC CM/CL2; UL AWM Style 2464,"Ambientes severos; interfaz Allen-Bradley Data Highway Plus (DH+) entre procesadores PLC, dispositivos I/O, interfaces de operador y computadores; interbloqueo de procesadores PLC; mensajería peer-to-peer; programación remota; actualizaciones de I/O",,,,"Cable de control marca Belden, referencia 9463. Especificaciones: 20 AWG, 2 conductores, apantallado, régimen de voltaje 300 V.",
566-9492-U500-60,"Belden 9492 — Cable para bandeja 20 AWG, 3 conductores, sin apantallar",Cables especiales,Cable para bandeja / tray cable,Belden,20,3,300 V,No,Polyvinyl Chloride (PVC),UL PLTC (300 V); PLTC-ER,Instrumentación de alto desempeño; cable para bandeja (tray); transmisión de señales en circuitos de control y monitoreo industrial,,,,"Cable para bandeja (tray) marca Belden, referencia 9492. Especificaciones: 20 AWG, 3 conductores, sin apantallar, régimen de voltaje 300 V.",
31303326000,Cu (cobre) desnudo blando 8 AWG,Conductores desnudos,Alambre desnudo,Procables,8,,,,,ASTM B3 / NTC 1051,Redes de distribución y transmisión de energía eléctrica; puestas a tierra,,,,"Cu (cobre) desnudo blando 8 AWG. Referencia 31303326000 para cotización en Surtilec, línea Conductores desnudos / Alambre desnudo. Especificaciones registradas: marca Procables, calibre 8 AWG. Solicita disponibilidad, cantidades y soporte técnico para despacho en Colombia.",
31303259000,Cu (cobre) desnudo blando 10 AWG,Conductores desnudos,Alambre desnudo,Procables,10,,,,,ASTM B3 / NTC 1051,Redes de distribución y transmisión de energía eléctrica; puestas a tierra,,,,"Cu (cobre) desnudo blando 10 AWG. Referencia 31303259000 para cotización en Surtilec, línea Conductores desnudos / Alambre desnudo. Especificaciones registradas: marca Procables, calibre 10 AWG. Solicita disponibilidad, cantidades y soporte técnico para despacho en Colombia.",
31303205000,Cu (cobre) desnudo blando 12 AWG,Conductores desnudos,Alambre desnudo,Procables,12,,,,,ASTM B3 / NTC 1051,Redes de distribución y transmisión de energía eléctrica; puestas a tierra,,,,"Cu (cobre) desnudo blando 12 AWG. Referencia 31303205000 para cotización en Surtilec, línea Conductores desnudos / Alambre desnudo. Especificaciones registradas: marca Procables, calibre 12 AWG. Solicita disponibilidad, cantidades y soporte técnico para despacho en Colombia.",
31303163000,Cu (cobre) desnudo blando 14 AWG,Conductores desnudos,Alambre desnudo,Procables,14,,,,,ASTM B3 / NTC 1051,Redes de distribución y transmisión de energía eléctrica; puestas a tierra,,,,"Cu (cobre) desnudo blando 14 AWG. Referencia 31303163000 para cotización en Surtilec, línea Conductores desnudos / Alambre desnudo. Especificaciones registradas: marca Procables, calibre 14 AWG. Solicita disponibilidad, cantidades y soporte técnico para despacho en Colombia.",
31321038000,Cable Cu (cobre) desnudo blando 350 kcmil (B) 37H,Conductores desnudos,Cable desnudo,Procables,350 kcmil,,,,,ASTM B3 / NTC 1051,Redes de distribución y transmisión de energía eléctrica; puestas a tierra,,,,"Cable Cu (cobre) desnudo blando 350 kcmil (B) 37H. Referencia 31321038000 para cotización en Surtilec, línea Conductores desnudos / Cable desnudo. Especificaciones registradas: marca Procables, calibre 350 kcmil. Solicita disponibilidad, cantidades y soporte técnico para despacho en Colombia.",
31321034000,Cable Cu (cobre) desnudo blando 250 kcmil (B) 37H,Conductores desnudos,Cable desnudo,Procables,250 kcmil,,,,,ASTM B3 / NTC 1051,Redes de distribución y transmisión de energía eléctrica; puestas a tierra,,,,"Cable Cu (cobre) desnudo blando 250 kcmil (B) 37H. Referencia 31321034000 para cotización en Surtilec, línea Conductores desnudos / Cable desnudo. Especificaciones registradas: marca Procables, calibre 250 kcmil. Solicita disponibilidad, cantidades y soporte técnico para despacho en Colombia.",
31319011000,Cable Cu (cobre) desnudo blando 4/0 AWG (B) 19H,Conductores desnudos,Cable desnudo,Procables,4/0,,,,,ASTM B3 / NTC 1051,Redes de distribución y transmisión de energía eléctrica; puestas a tierra,,,,"Cable Cu (cobre) desnudo blando 4/0 AWG (B) 19H. Referencia 31319011000 para cotización en Surtilec, línea Conductores desnudos / Cable desnudo. Especificaciones registradas: marca Procables, calibre 4/0 AWG. Solicita disponibilidad, cantidades y soporte técnico para despacho en Colombia.",
31321028000,Cable Cu (cobre) desnudo blando 2/0 AWG (B) 19H,Conductores desnudos,Cable desnudo,Procables,2/0,,,,,ASTM B3 / NTC 1051,Redes de distribución y transmisión de energía eléctrica; puestas a tierra,,,,"Cable Cu (cobre) desnudo blando 2/0 AWG (B) 19H. Referencia 31321028000 para cotización en Surtilec, línea Conductores desnudos / Cable desnudo. Especificaciones registradas: marca Procables, calibre 2/0 AWG. Solicita disponibilidad, cantidades y soporte técnico para despacho en Colombia.",
31321026000,Cable Cu (cobre) desnudo blando 1/0 AWG (B) 19H,Conductores desnudos,Cable desnudo,Procables,1/0,,,,,ASTM B3 / NTC 1051,Redes de distribución y transmisión de energía eléctrica; puestas a tierra,,,,"Cable Cu (cobre) desnudo blando 1/0 AWG (B) 19H. Referencia 31321026000 para cotización en Surtilec, línea Conductores desnudos / Cable desnudo. Especificaciones registradas: marca Procables, calibre 1/0 AWG. Solicita disponibilidad, cantidades y soporte técnico para despacho en Colombia.",
31321024000,Cable Cu (cobre) desnudo blando 2 AWG (B) 7H,Conductores desnudos,Cable desnudo,Procables,2,,,,,ASTM B3 / NTC 1051,Redes de distribución y transmisión de energía eléctrica; puestas a tierra,,,,"Cable Cu (cobre) desnudo blando 2 AWG (B) 7H. Referencia 31321024000 para cotización en Surtilec, línea Conductores desnudos / Cable desnudo. Especificaciones registradas: marca Procables, calibre 2 AWG. Solicita disponibilidad, cantidades y soporte técnico para despacho en Colombia.",
31321022000,Cable Cu (cobre) desnudo blando 4 AWG (B) 7H,Conductores desnudos,Cable desnudo,Procables,4,,,,,ASTM B3 / NTC 1051,Redes de distribución y transmisión de energía eléctrica; puestas a tierra,,,,"Cable Cu (cobre) desnudo blando 4 AWG (B) 7H. Referencia 31321022000 para cotización en Surtilec, línea Conductores desnudos / Cable desnudo. Especificaciones registradas: marca Procables, calibre 4 AWG. Solicita disponibilidad, cantidades y soporte técnico para despacho en Colombia.",
31321020000,Cable Cu (cobre) desnudo blando 6 AWG (B) 7H,Conductores desnudos,Cable desnudo,Procables,6,,,,,ASTM B3 / NTC 1051,Redes de distribución y transmisión de energía eléctrica; puestas a tierra,,,,"Cable Cu (cobre) desnudo blando 6 AWG (B) 7H. Referencia 31321020000 para cotización en Surtilec, línea Conductores desnudos / Cable desnudo. Especificaciones registradas: marca Procables, calibre 6 AWG. Solicita disponibilidad, cantidades y soporte técnico para despacho en Colombia.",
31321018000,Cable Cu (cobre) desnudo blando 8 AWG (B) 7H,Conductores desnudos,Cable desnudo,Procables,8,,,,,ASTM B3 / NTC 1051,Redes de distribución y transmisión de energía eléctrica; puestas a tierra,,,,"Cable Cu (cobre) desnudo blando 8 AWG (B) 7H. Referencia 31321018000 para cotización en Surtilec, línea Conductores desnudos / Cable desnudo. Especificaciones registradas: marca Procables, calibre 8 AWG. Solicita disponibilidad, cantidades y soporte técnico para despacho en Colombia.",
31321016000,Cable Cu (cobre) desnudo blando 10 AWG (B)7H,Conductores desnudos,Cable desnudo,Procables,10,,,,,ASTM B3 / NTC 1051,Redes de distribución y transmisión de energía eléctrica; puestas a tierra,,,,"Cable Cu (cobre) desnudo blando 10 AWG (B)7H. Referencia 31321016000 para cotización en Surtilec, línea Conductores desnudos / Cable desnudo. Especificaciones registradas: marca Procables, calibre 10 AWG. Solicita disponibilidad, cantidades y soporte técnico para despacho en Colombia.",
31353140001,THHN/THWN-2 8 AWG 600V 90°C,Cable THHN / THWN-2,,Procables,8,,600 V,,,NTC 2050 / UL 83,"Instalaciones eléctricas interiores, cableado en ductos, tuberías y bandejas; usos en seco y húmedo; temperatura máx. 90°C",,,,"THHN/THWN-2 8 AWG 600V 90°C. Referencia 31353140001 para cotización en Surtilec, línea Cable THHN / THWN-2. Especificaciones registradas: marca Procables, calibre 8 AWG, voltaje 600 V. Solicita disponibilidad, cantidades y soporte técnico para despacho en Colombia.",
31353140002,THHN/THWN-2 8 AWG Cu (cobre) 600V90°C,Cable THHN / THWN-2,,Procables,8,,600 V,,,NTC 2050 / UL 83,"Instalaciones eléctricas interiores, cableado en ductos, tuberías y bandejas; usos en seco y húmedo; temperatura máx. 90°C",,,,"THHN/THWN-2 8 AWG Cu (cobre) 600V90°C. Referencia 31353140002 para cotización en Surtilec, línea Cable THHN / THWN-2. Especificaciones registradas: marca Procables, calibre 8 AWG, voltaje 600 V. Solicita disponibilidad, cantidades y soporte técnico para despacho en Colombia.",
31353100001,THHN/THWN-2 10 AWG Cu600V 90°C,Cable THHN / THWN-2,,Procables,10,,600 V,,,NTC 2050 / UL 83,"Instalaciones eléctricas interiores, cableado en ductos, tuberías y bandejas; usos en seco y húmedo; temperatura máx. 90°C",,,,"THHN/THWN-2 10 AWG Cu600V 90°C. Referencia 31353100001 para cotización en Surtilec, línea Cable THHN / THWN-2. Especificaciones registradas: marca Procables, calibre 10 AWG, voltaje 600 V. Solicita disponibilidad, cantidades y soporte técnico para despacho en Colombia.",
31353080001,THHN/THWN-2 12AWG Cu (cobre) 600V90°C,Cable THHN / THWN-2,,Procables,12,,600 V,,,NTC 2050 / UL 83,"Instalaciones eléctricas interiores, cableado en ductos, tuberías y bandejas; usos en seco y húmedo; temperatura máx. 90°C",,,,"THHN/THWN-2 12AWG Cu (cobre) 600V90°C. Referencia 31353080001 para cotización en Surtilec, línea Cable THHN / THWN-2. Especificaciones registradas: marca Procables, calibre 12 AWG, voltaje 600 V. Solicita disponibilidad, cantidades y soporte técnico para despacho en Colombia.",
31353060001,THHN/THWN-2 14AWG Cu (cobre) 600V90°C,Cable THHN / THWN-2,,Procables,14,,600 V,,,NTC 2050 / UL 83,"Instalaciones eléctricas interiores, cableado en ductos, tuberías y bandejas; usos en seco y húmedo; temperatura máx. 90°C",,,,"THHN/THWN-2 14AWG Cu (cobre) 600V90°C. Referencia 31353060001 para cotización en Surtilec, línea Cable THHN / THWN-2. Especificaciones registradas: marca Procables, calibre 14 AWG, voltaje 600 V. Solicita disponibilidad, cantidades y soporte técnico para despacho en Colombia.",
31353040001,THHN/THWN-2 16 AWG Cu (cobre) 600V90°C,Cable THHN / THWN-2,,Procables,16,,600 V,,,NTC 2050 / UL 83,"Instalaciones eléctricas interiores, cableado en ductos, tuberías y bandejas; usos en seco y húmedo; temperatura máx. 90°C",,,,"THHN/THWN-2 16 AWG Cu (cobre) 600V90°C. Referencia 31353040001 para cotización en Surtilec, línea Cable THHN / THWN-2. Especificaciones registradas: marca Procables, calibre 16 AWG, voltaje 600 V. Solicita disponibilidad, cantidades y soporte técnico para despacho en Colombia.",
31353020001,THHN/THWN-2 18 AWG Cu (cobre) 600V90°C,Cable THHN / THWN-2,,Procables,18,,600 V,,,NTC 2050 / UL 83,"Instalaciones eléctricas interiores, cableado en ductos, tuberías y bandejas; usos en seco y húmedo; temperatura máx. 90°C",,,,"THHN/THWN-2 18 AWG Cu (cobre) 600V90°C. Referencia 31353020001 para cotización en Surtilec, línea Cable THHN / THWN-2. Especificaciones registradas: marca Procables, calibre 18 AWG, voltaje 600 V. Solicita disponibilidad, cantidades y soporte técnico para despacho en Colombia.",
31353101001,Cable THHN/THWN-2 2x10 AWG Cu (cobre) 600V 90°C,Cable THHN / THWN-2,,Procables,10,2,600 V,,,NTC 2050 / UL 83,"Instalaciones eléctricas interiores, cableado en ductos, tuberías y bandejas; usos en seco y húmedo; temperatura máx. 90°C",,,,"Cable THHN/THWN-2 2x10 AWG Cu (cobre) 600V 90°C. Referencia 31353101001 para cotización en Surtilec, línea Cable THHN / THWN-2. Especificaciones registradas: marca Procables, calibre 10 AWG, 2 conductores, voltaje 600 V. Solicita disponibilidad, cantidades y soporte técnico para despacho en Colombia.",
31353081001,Cable THHN/THWN-2 2x12 AWG Cu (cobre) 600V 90°C,Cable THHN / THWN-2,,Procables,12,2,600 V,,,NTC 2050 / UL 83,"Instalaciones eléctricas interiores, cableado en ductos, tuberías y bandejas; usos en seco y húmedo; temperatura máx. 90°C",,,,"Cable THHN/THWN-2 2x12 AWG Cu (cobre) 600V 90°C. Referencia 31353081001 para cotización en Surtilec, línea Cable THHN / THWN-2. Especificaciones registradas: marca Procables, calibre 12 AWG, 2 conductores, voltaje 600 V. Solicita disponibilidad, cantidades y soporte técnico para despacho en Colombia.",
31353061001,Cable THHN/THWN-2 2x14 AWG Cu (cobre) 600V 90°C,Cable THHN / THWN-2,,Procables,14,2,600 V,,,NTC 2050 / UL 83,"Instalaciones eléctricas interiores, cableado en ductos, tuberías y bandejas; usos en seco y húmedo; temperatura máx. 90°C",,,,"Cable THHN/THWN-2 2x14 AWG Cu (cobre) 600V 90°C. Referencia 31353061001 para cotización en Surtilec, línea Cable THHN / THWN-2. Especificaciones registradas: marca Procables, calibre 14 AWG, 2 conductores, voltaje 600 V. Solicita disponibilidad, cantidades y soporte técnico para despacho en Colombia.",
31353149901,Cable THHN/THWN-2 8 AWG Cu (cobre) 600V 90°C 7H (XD),Cable THHN / THWN-2,,Procables,8,,600 V,,,NTC 2050 / UL 83,"Instalaciones eléctricas interiores, cableado en ductos, tuberías y bandejas; usos en seco y húmedo; temperatura máx. 90°C",,,,"Cable THHN/THWN-2 8 AWG Cu (cobre) 600V 90°C 7H (XD). Referencia 31353149901 para cotización en Surtilec, línea Cable THHN / THWN-2. Especificaciones registradas: marca Procables, calibre 8 AWG, voltaje 600 V. Solicita disponibilidad, cantidades y soporte técnico para despacho en Colombia.",
31352605601,THHN/THWN-2 6 AWG Cu (cobre) 600V 90° flexible,Cable THHN / THWN-2,,Procables,6,,600 V,,,NTC 2050 / UL 83,"Instalaciones eléctricas interiores, cableado en ductos, tuberías y bandejas; usos en seco y húmedo; temperatura máx. 90°C",,,,THHN/THWN-2 6 AWG Cu (cobre) 600V 90° Flex,
31352604801,THHN/THWN-2 4 AWG Cu (cobre) 600V 90° flexible,Cable THHN / THWN-2,,Procables,4,,600 V,,,NTC 2050 / UL 83,"Instalaciones eléctricas interiores, cableado en ductos, tuberías y bandejas; usos en seco y húmedo; temperatura máx. 90°C",,,,THHN/THWN-2 4 AWG Cu (cobre) 600V 90° Flex,
31352603601,THHN/THWN-2 2 AWG Cu (cobre) 600V 90° flexible,Cable THHN / THWN-2,,Procables,2,,600 V,,,NTC 2050 / UL 83,"Instalaciones eléctricas interiores, cableado en ductos, tuberías y bandejas; usos en seco y húmedo; temperatura máx. 90°C",,,,THHN/THWN-2 2 AWG Cu (cobre) 600V 90° Flex,
31352602801,THHN/THWN-2 1/0 AWG Cu (cobre) 600V 90° flexible,Cable THHN / THWN-2,,Procables,1/0,,600 V,,,NTC 2050 / UL 83,"Instalaciones eléctricas interiores, cableado en ductos, tuberías y bandejas; usos en seco y húmedo; temperatura máx. 90°C",,,,THHN/THWN-2 1/0 AWG Cu (cobre) 600V 90° Flex,
31352602401,THHN/THWN-2 2/0 AWG Cu (cobre) 600V 90° flexible,Cable THHN / THWN-2,,Procables,2/0,,600 V,,,NTC 2050 / UL 83,"Instalaciones eléctricas interiores, cableado en ductos, tuberías y bandejas; usos en seco y húmedo; temperatura máx. 90°C",,,,THHN/THWN-2 2/0 AWG Cu (cobre) 600V 90° Flex,
31352602001,THHN/THWN-2 3/0 AWG Cu (cobre) 600V 90° flexible,Cable THHN / THWN-2,,Procables,3/0,,600 V,,,NTC 2050 / UL 83,"Instalaciones eléctricas interiores, cableado en ductos, tuberías y bandejas; usos en seco y húmedo; temperatura máx. 90°C",,,,THHN/THWN-2 3/0 AWG Cu (cobre) 600V 90° Flex,
31352601601,THHN/THWN-2 4/0 AWG Cu (cobre) 600V 90° flexible,Cable THHN / THWN-2,,Procables,4/0,,600 V,,,NTC 2050 / UL 83,"Instalaciones eléctricas interiores, cableado en ductos, tuberías y bandejas; usos en seco y húmedo; temperatura máx. 90°C",,,,THHN/THWN-2 4/0 AWG Cu (cobre) 600V 90° Flex,
31352610201,THHN/THWN-2 250 kcmil Cu (cobre) 600V 90° flexible,Cable THHN / THWN-2,,Procables,250 kcmil,,600 V,,,NTC 2050 / UL 83,"Instalaciones eléctricas interiores, cableado en ductos, tuberías y bandejas; usos en seco y húmedo; temperatura máx. 90°C",,,,THHN/THWN-2 250 kcmil Cu (cobre) 600V 90° Flex,
31352610101,THHN/THWN-2 350 kcmil Cu (cobre) 600V 90° flexible,Cable THHN / THWN-2,,Procables,350 kcmil,,600 V,,,NTC 2050 / UL 83,"Instalaciones eléctricas interiores, cableado en ductos, tuberías y bandejas; usos en seco y húmedo; temperatura máx. 90°C",,,,THHN/THWN-2 350 kcmil Cu (cobre) 600V 90° Flex,
31352610102,THHN/THWN-2 500 kcmil Cu (cobre) 600V 90° flexible,Cable THHN / THWN-2,,Procables,500 kcmil,,600 V,,,NTC 2050 / UL 83,"Instalaciones eléctricas interiores, cableado en ductos, tuberías y bandejas; usos en seco y húmedo; temperatura máx. 90°C",,,,THHN/THWN-2 500 kcmil Cu (cobre) 600V 90° Flex,
31354002601,THWN-2 8 AWG Cu (J) PVC/NY 600V 90°C G&OII VW-1,Cable THHN / THWN-2,,Procables,8,,600 V,,,NTC 2050 / UL 83,"Instalaciones eléctricas interiores, cableado en ductos, tuberías y bandejas; usos en seco y húmedo; temperatura máx. 90°C",,,,"THWN-2 8 AWG Cu (J) PVC/NY 600V 90°C G&OII VW-1. Referencia 31354002601 para cotización en Surtilec, línea Cable THHN / THWN-2. Especificaciones registradas: marca Procables, calibre 8 AWG, voltaje 600 V. Solicita disponibilidad, cantidades y soporte técnico para despacho en Colombia.",
31354002605,THWN-2 8 AWG Cu (J) PVC/NY 600V 105C G&OII VW-1,Cable THHN / THWN-2,,Procables,8,,600 V,,,NTC 2050 / UL 83,"Instalaciones eléctricas interiores, cableado en ductos, tuberías y bandejas; usos en seco y húmedo; temperatura máx. 90°C",,,,"THWN-2 8 AWG Cu (J) PVC/NY 600V 105C G&OII VW-1. Referencia 31354002605 para cotización en Surtilec, línea Cable THHN / THWN-2. Especificaciones registradas: marca Procables, calibre 8 AWG, voltaje 600 V. Solicita disponibilidad, cantidades y soporte técnico para despacho en Colombia.",
31354001601,TFFN 18 AWG Cu (J) PVC/NY 600V 90°C G&OII VW-1,Cable THHN / THWN-2,,Procables,18,,600 V,,,NTC 2050 / UL 83,"Instalaciones eléctricas interiores, cableado en ductos, tuberías y bandejas; usos en seco y húmedo; temperatura máx. 90°C",,,,"TFFN 18 AWG Cu (J) PVC/NY 600V 90°C G&OII VW-1. Referencia 31354001601 para cotización en Surtilec, línea Cable THHN / THWN-2. Especificaciones registradas: marca Procables, calibre 18 AWG, voltaje 600 V. Solicita disponibilidad, cantidades y soporte técnico para despacho en Colombia.",
31354001801,TFFN 16 AWG Cu (J) PVC/NY 600V 90°C G&OII VW-1,Cable THHN / THWN-2,,Procables,16,,600 V,,,NTC 2050 / UL 83,"Instalaciones eléctricas interiores, cableado en ductos, tuberías y bandejas; usos en seco y húmedo; temperatura máx. 90°C",,,,"TFFN 16 AWG Cu (J) PVC/NY 600V 90°C G&OII VW-1. Referencia 31354001801 para cotización en Surtilec, línea Cable THHN / THWN-2. Especificaciones registradas: marca Procables, calibre 16 AWG, voltaje 600 V. Solicita disponibilidad, cantidades y soporte técnico para despacho en Colombia.",
31354002101,THWN-2 10 AWG Cu (J) PVC/NY 600V 90°C G&OII VW-1,Cable THHN / THWN-2,,Procables,10,,600 V,,,NTC 2050 / UL 83,"Instalaciones eléctricas interiores, cableado en ductos, tuberías y bandejas; usos en seco y húmedo; temperatura máx. 90°C",,,,"THWN-2 10 AWG Cu (J) PVC/NY 600V 90°C G&OII VW-1. Referencia 31354002101 para cotización en Surtilec, línea Cable THHN / THWN-2. Especificaciones registradas: marca Procables, calibre 10 AWG, voltaje 600 V. Solicita disponibilidad, cantidades y soporte técnico para despacho en Colombia.",
31354002201,THWN-2 12 AWG Cu (J) PVC/NY 600V 90°C G&OII VW-1,Cable THHN / THWN-2,,Procables,12,,600 V,,,NTC 2050 / UL 83,"Instalaciones eléctricas interiores, cableado en ductos, tuberías y bandejas; usos en seco y húmedo; temperatura máx. 90°C",,,,"THWN-2 12 AWG Cu (J) PVC/NY 600V 90°C G&OII VW-1. Referencia 31354002201 para cotización en Surtilec, línea Cable THHN / THWN-2. Especificaciones registradas: marca Procables, calibre 12 AWG, voltaje 600 V. Solicita disponibilidad, cantidades y soporte técnico para despacho en Colombia.",
31354002301,THWN-2 14 AWG Cu (J) PVC/NY 600V 90°C G&OII VW-1,Cable THHN / THWN-2,,Procables,14,,600 V,,,NTC 2050 / UL 83,"Instalaciones eléctricas interiores, cableado en ductos, tuberías y bandejas; usos en seco y húmedo; temperatura máx. 90°C",,,,"THWN-2 14 AWG Cu (J) PVC/NY 600V 90°C G&OII VW-1. Referencia 31354002301 para cotización en Surtilec, línea Cable THHN / THWN-2. Especificaciones registradas: marca Procables, calibre 14 AWG, voltaje 600 V. Solicita disponibilidad, cantidades y soporte técnico para despacho en Colombia.",
31354002401,THWN-2 16 AWG Cu (J) PVC/NY 600V 90°C G&OII VW-1,Cable THHN / THWN-2,,Procables,16,,600 V,,,NTC 2050 / UL 83,"Instalaciones eléctricas interiores, cableado en ductos, tuberías y bandejas; usos en seco y húmedo; temperatura máx. 90°C",,,,"THWN-2 16 AWG Cu (J) PVC/NY 600V 90°C G&OII VW-1. Referencia 31354002401 para cotización en Surtilec, línea Cable THHN / THWN-2. Especificaciones registradas: marca Procables, calibre 16 AWG, voltaje 600 V. Solicita disponibilidad, cantidades y soporte técnico para despacho en Colombia.",
31354002501,THWN-2 18 AWG Cu (J) PVC/NY 600V 90°C G&OII VW-1,Cable THHN / THWN-2,,Procables,18,,600 V,,,NTC 2050 / UL 83,"Instalaciones eléctricas interiores, cableado en ductos, tuberías y bandejas; usos en seco y húmedo; temperatura máx. 90°C",,,,"THWN-2 18 AWG Cu (J) PVC/NY 600V 90°C G&OII VW-1. Referencia 31354002501 para cotización en Surtilec, línea Cable THHN / THWN-2. Especificaciones registradas: marca Procables, calibre 18 AWG, voltaje 600 V. Solicita disponibilidad, cantidades y soporte técnico para despacho en Colombia.",
31354003601,THWN-2 6 AWG Cu (J) PVC/NY 600V 90°C G&OII VW-1,Cable THHN / THWN-2,,Procables,6,,600 V,,,NTC 2050 / UL 83,"Instalaciones eléctricas interiores, cableado en ductos, tuberías y bandejas; usos en seco y húmedo; temperatura máx. 90°C",,,,"THWN-2 6 AWG Cu (J) PVC/NY 600V 90°C G&OII VW-1. Referencia 31354003601 para cotización en Surtilec, línea Cable THHN / THWN-2. Especificaciones registradas: marca Procables, calibre 6 AWG, voltaje 600 V. Solicita disponibilidad, cantidades y soporte técnico para despacho en Colombia.",
31354004801,THWN-2 4 AWG Cu (J) PVC/NY 600V 90°C G&OII VW-1,Cable THHN / THWN-2,,Procables,4,,600 V,,,NTC 2050 / UL 83,"Instalaciones eléctricas interiores, cableado en ductos, tuberías y bandejas; usos en seco y húmedo; temperatura máx. 90°C",,,,"THWN-2 4 AWG Cu (J) PVC/NY 600V 90°C G&OII VW-1. Referencia 31354004801 para cotización en Surtilec, línea Cable THHN / THWN-2. Especificaciones registradas: marca Procables, calibre 4 AWG, voltaje 600 V. Solicita disponibilidad, cantidades y soporte técnico para despacho en Colombia.",
31354004101,THWN-2 2 AWG Cu (J) PVC/NY 600V 90°C G&OII VW-1,Cable THHN / THWN-2,,Procables,2,,600 V,,,NTC 2050 / UL 83,"Instalaciones eléctricas interiores, cableado en ductos, tuberías y bandejas; usos en seco y húmedo; temperatura máx. 90°C",,,,"THWN-2 2 AWG Cu (J) PVC/NY 600V 90°C G&OII VW-1. Referencia 31354004101 para cotización en Surtilec, línea Cable THHN / THWN-2. Especificaciones registradas: marca Procables, calibre 2 AWG, voltaje 600 V. Solicita disponibilidad, cantidades y soporte técnico para despacho en Colombia.",
31354003101,THWN-2 1/0 AWG Cu (J) PVC/NY 600V 90°C G&OII VW-1,Cable THHN / THWN-2,,Procables,1/0,,600 V,,,NTC 2050 / UL 83,"Instalaciones eléctricas interiores, cableado en ductos, tuberías y bandejas; usos en seco y húmedo; temperatura máx. 90°C",,,,"THWN-2 1/0 AWG Cu (J) PVC/NY 600V 90°C G&OII VW-1. Referencia 31354003101 para cotización en Surtilec, línea Cable THHN / THWN-2. Especificaciones registradas: marca Procables, calibre 1/0 AWG, voltaje 600 V. Solicita disponibilidad, cantidades y soporte técnico para despacho en Colombia.",
31405170001,TSEC 2x6+6 AWG Cu (cobre)-XLPUV/PE 600V 75°C CDSA,Cables de acometida,Antifraude TSEC,Procables,6,2,600 V,,,NTC 2208,Acometidas de servicio eléctrico desde la red pública hasta el usuario; uso exterior,,,,"TSEC 2x6+6 AWG Cu (cobre)-XLPUV/PE 600V 75°C CDSA. Referencia 31405170001 para cotización en Surtilec, línea Cables de acometida / Antifraude TSEC. Especificaciones registradas: marca Procables, calibre 6 AWG, 2 conductores, voltaje 600 V. Solicita disponibilidad, cantidades y soporte técnico para despacho en Colombia.",
31405170002,TSEC 2x6+6 AWG Cu (cobre)-XLPUV/PE 600V 90°C CDSA,Cables de acometida,Antifraude TSEC,Procables,6,2,600 V,,,NTC 2208,Acometidas de servicio eléctrico desde la red pública hasta el usuario; uso exterior,,,,"TSEC 2x6+6 AWG Cu (cobre)-XLPUV/PE 600V 90°C CDSA. Referencia 31405170002 para cotización en Surtilec, línea Cables de acometida / Antifraude TSEC. Especificaciones registradas: marca Procables, calibre 6 AWG, 2 conductores, voltaje 600 V. Solicita disponibilidad, cantidades y soporte técnico para despacho en Colombia.",
31404264001,TSEC 2x6+6 AWG Cu (cobre)-XLPUV/PE 600V 90°C,Cables de acometida,Antifraude TSEC,Procables,6,2,600 V,,,NTC 2208,Acometidas de servicio eléctrico desde la red pública hasta el usuario; uso exterior,,,,"TSEC 2x6+6 AWG Cu (cobre)-XLPUV/PE 600V 90°C. Referencia 31404264001 para cotización en Surtilec, línea Cables de acometida / Antifraude TSEC. Especificaciones registradas: marca Procables, calibre 6 AWG, 2 conductores, voltaje 600 V. Solicita disponibilidad, cantidades y soporte técnico para despacho en Colombia.",
31404244901,TSEC 2x8+8 AWG Cu (cobre) CPR XLPE-SR 600V 90°C PE,Cables de acometida,Antifraude TSEC,Procables,8,2,600 V,,,NTC 2208,Acometidas de servicio eléctrico desde la red pública hasta el usuario; uso exterior,,,,"TSEC 2x8+8 AWG Cu (cobre) CPR XLPE-SR 600V 90°C PE. Referencia 31404244901 para cotización en Surtilec, línea Cables de acometida / Antifraude TSEC. Especificaciones registradas: marca Procables, calibre 8 AWG, 2 conductores, voltaje 600 V. Solicita disponibilidad, cantidades y soporte técnico para despacho en Colombia.",
31404145001,TSEC 8+8 AWG Cu-PE/PVC 600V 75°C CDSA,Cables de acometida,Antifraude TSEC,Procables,8,,600 V,,,NTC 2208,Acometidas de servicio eléctrico desde la red pública hasta el usuario; uso exterior,,,,"TSEC 8+8 AWG Cu-PE/PVC 600V 75°C CDSA. Referencia 31404145001 para cotización en Surtilec, línea Cables de acometida / Antifraude TSEC. Especificaciones registradas: marca Procables, calibre 8 AWG, voltaje 600 V. Solicita disponibilidad, cantidades y soporte técnico para despacho en Colombia.",
31405820001,TIPO TREBOL 2x10+10 AWG Cu (cobre) XLPE-SR 600V 75°C PE,Cables de acometida,Tipo Trébol,Procables,10,2,600 V,,,NTC 2208,Acometidas de servicio eléctrico desde la red pública hasta el usuario; uso exterior,,,,"TIPO TREBOL 2x10+10 AWG Cu (cobre) XLPE-SR 600V 75°C PE. Referencia 31405820001 para cotización en Surtilec, línea Cables de acometida / Tipo Trébol. Especificaciones registradas: marca Procables, calibre 10 AWG, 2 conductores, voltaje 600 V. Solicita disponibilidad, cantidades y soporte técnico para despacho en Colombia.",
31405820002,TIPO TREBOL 2x10+10 AWG Cu (cobre) XLPE-SR 600V 90°C PE,Cables de acometida,Tipo Trébol,Procables,10,2,600 V,,,NTC 2208,Acometidas de servicio eléctrico desde la red pública hasta el usuario; uso exterior,,,,"TIPO TREBOL 2x10+10 AWG Cu (cobre) XLPE-SR 600V 90°C PE. Referencia 31405820002 para cotización en Surtilec, línea Cables de acometida / Tipo Trébol. Especificaciones registradas: marca Procables, calibre 10 AWG, 2 conductores, voltaje 600 V. Solicita disponibilidad, cantidades y soporte técnico para despacho en Colombia.",
31405811001,TIPO TREBOL 2x8+8 AWG Cu (cobre) XLPE-SR 600V 75°C PE,Cables de acometida,Tipo Trébol,Procables,8,2,600 V,,,NTC 2208,Acometidas de servicio eléctrico desde la red pública hasta el usuario; uso exterior,,,,"TIPO TREBOL 2x8+8 AWG Cu (cobre) XLPE-SR 600V 75°C PE. Referencia 31405811001 para cotización en Surtilec, línea Cables de acometida / Tipo Trébol. Especificaciones registradas: marca Procables, calibre 8 AWG, 2 conductores, voltaje 600 V. Solicita disponibilidad, cantidades y soporte técnico para despacho en Colombia.",
31405811002,TIPO TREBOL 2x8+8 AWG Cu (cobre) XLPE-SR 600V 90°C PE,Cables de acometida,Tipo Trébol,Procables,8,2,600 V,,,NTC 2208,Acometidas de servicio eléctrico desde la red pública hasta el usuario; uso exterior,,,,"TIPO TREBOL 2x8+8 AWG Cu (cobre) XLPE-SR 600V 90°C PE. Referencia 31405811002 para cotización en Surtilec, línea Cables de acometida / Tipo Trébol. Especificaciones registradas: marca Procables, calibre 8 AWG, 2 conductores, voltaje 600 V. Solicita disponibilidad, cantidades y soporte técnico para despacho en Colombia.",
31352614501,EXZHELLENT BW 14 AWG (2.5mm2) Cu (cobre) CPR HFFR LS 600V 75°,Cables de baja tensión,Exzhellent BW,Procables,14,,600 V,,,IEC 60227 / NTC 3534,"Instalaciones fijas en baja tensión; edificaciones residenciales, comerciales e industriales",,,,"EXZHELLENT BW 14 AWG (2.5mm2) Cu (cobre) CPR HFFR LS 600V 75°. Referencia 31352614501 para cotización en Surtilec, línea Cables de baja tensión / Exzhellent BW. Especificaciones registradas: marca Procables, calibre 14 AWG, voltaje 600 V. Solicita disponibilidad, cantidades y soporte técnico para despacho en Colombia.",
31352612201,EXZHELLENT BW 12 AWG (4mm2) Cu (cobre) CPR HFFR LS 600V 75°C,Cables de baja tensión,Exzhellent BW,Procables,12,,600 V,,,IEC 60227 / NTC 3534,"Instalaciones fijas en baja tensión; edificaciones residenciales, comerciales e industriales",,,,"EXZHELLENT BW 12 AWG (4mm2) Cu (cobre) CPR HFFR LS 600V 75°C. Referencia 31352612201 para cotización en Surtilec, línea Cables de baja tensión / Exzhellent BW. Especificaciones registradas: marca Procables, calibre 12 AWG, voltaje 600 V. Solicita disponibilidad, cantidades y soporte técnico para despacho en Colombia.",
31352610601,EXZHELLENT BW 10 AWG (6mm2) Cu (cobre) CPR HFFR LS 600V 75°C,Cables de baja tensión,Exzhellent BW,Procables,10,,600 V,,,IEC 60227 / NTC 3534,"Instalaciones fijas en baja tensión; edificaciones residenciales, comerciales e industriales",,,,"EXZHELLENT BW 10 AWG (6mm2) Cu (cobre) CPR HFFR LS 600V 75°C. Referencia 31352610601 para cotización en Surtilec, línea Cables de baja tensión / Exzhellent BW. Especificaciones registradas: marca Procables, calibre 10 AWG, voltaje 600 V. Solicita disponibilidad, cantidades y soporte técnico para despacho en Colombia.",
31352610801,EXZHELLENT BW 10 AWG (6mm2) Cu (cobre) CPR HFFR LS 600V 75°C XLPE,Cables de baja tensión,Exzhellent BW,Procables,10,,600 V,,,IEC 60227 / NTC 3534,"Instalaciones fijas en baja tensión; edificaciones residenciales, comerciales e industriales",,,,"EXZHELLENT BW 10 AWG (6mm2) Cu (cobre) CPR HFFR LS 600V 75°C XLPE. Referencia 31352610801 para cotización en Surtilec, línea Cables de baja tensión / Exzhellent BW. Especificaciones registradas: marca Procables, calibre 10 AWG, voltaje 600 V. Solicita disponibilidad, cantidades y soporte técnico para despacho en Colombia.",
31352610201-2,EXZHELLENT BW 8 AWG (10mm2) Cu (cobre) CPR HFFR LS 600V 75°C,Cables de baja tensión,Exzhellent BW,Procables,8,,600 V,,,IEC 60227 / NTC 3534,"Instalaciones fijas en baja tensión; edificaciones residenciales, comerciales e industriales",,,,"EXZHELLENT BW 8 AWG (10mm2) Cu (cobre) CPR HFFR LS 600V 75°C. Referencia 31352610201-2 para cotización en Surtilec, línea Cables de baja tensión / Exzhellent BW. Especificaciones registradas: marca Procables, calibre 8 AWG, voltaje 600 V. Solicita disponibilidad, cantidades y soporte técnico para despacho en Colombia.",
31352610101-2,EXZHELLENT BW 8 AWG (10mm2) Cu (cobre) CPR HFFR LS 600V 90°C XLPE,Cables de baja tensión,Exzhellent BW,Procables,8,,600 V,,,IEC 60227 / NTC 3534,"Instalaciones fijas en baja tensión; edificaciones residenciales, comerciales e industriales",,,,"EXZHELLENT BW 8 AWG (10mm2) Cu (cobre) CPR HFFR LS 600V 90°C XLPE. Referencia 31352610101-2 para cotización en Surtilec, línea Cables de baja tensión / Exzhellent BW. Especificaciones registradas: marca Procables, calibre 8 AWG, voltaje 600 V. Solicita disponibilidad, cantidades y soporte técnico para despacho en Colombia.",
31352610102-2,EXZHELLENT BW 8 AWG Cu (cobre) CPR HFFR LS 600V 90°C XLPE 4H ST,Cables de baja tensión,Exzhellent BW,Procables,8,,600 V,,,IEC 60227 / NTC 3534,"Instalaciones fijas en baja tensión; edificaciones residenciales, comerciales e industriales",,,,"EXZHELLENT BW 8 AWG Cu (cobre) CPR HFFR LS 600V 90°C XLPE 4H ST. Referencia 31352610102-2 para cotización en Surtilec, línea Cables de baja tensión / Exzhellent BW. Especificaciones registradas: marca Procables, calibre 8 AWG, voltaje 600 V. Solicita disponibilidad, cantidades y soporte técnico para despacho en Colombia.",
31352608801,EXZHELLENT BW 6 AWG (16mm2) Cu (cobre) CPR HFFR LS 600V 75°C,Cables de baja tensión,Exzhellent BW,Procables,6,,600 V,,,IEC 60227 / NTC 3534,"Instalaciones fijas en baja tensión; edificaciones residenciales, comerciales e industriales",,,,"EXZHELLENT BW 6 AWG (16mm2) Cu (cobre) CPR HFFR LS 600V 75°C. Referencia 31352608801 para cotización en Surtilec, línea Cables de baja tensión / Exzhellent BW. Especificaciones registradas: marca Procables, calibre 6 AWG, voltaje 600 V. Solicita disponibilidad, cantidades y soporte técnico para despacho en Colombia.",
31352608701,EXZHELLENT BW 6 AWG (16mm2) Cu (cobre) CPR HFFR LS 600V 90°C XLPE,Cables de baja tensión,Exzhellent BW,Procables,6,,600 V,,,IEC 60227 / NTC 3534,"Instalaciones fijas en baja tensión; edificaciones residenciales, comerciales e industriales",,,,"EXZHELLENT BW 6 AWG (16mm2) Cu (cobre) CPR HFFR LS 600V 90°C XLPE. Referencia 31352608701 para cotización en Surtilec, línea Cables de baja tensión / Exzhellent BW. Especificaciones registradas: marca Procables, calibre 6 AWG, voltaje 600 V. Solicita disponibilidad, cantidades y soporte técnico para despacho en Colombia.",
31352606201,EXZHELLENT BW 4 AWG (25mm2) Cu (cobre) CPR HFFR LS 600V 75°C,Cables de baja tensión,Exzhellent BW,Procables,4,,600 V,,,IEC 60227 / NTC 3534,"Instalaciones fijas en baja tensión; edificaciones residenciales, comerciales e industriales",,,,"EXZHELLENT BW 4 AWG (25mm2) Cu (cobre) CPR HFFR LS 600V 75°C. Referencia 31352606201 para cotización en Surtilec, línea Cables de baja tensión / Exzhellent BW. Especificaciones registradas: marca Procables, calibre 4 AWG, voltaje 600 V. Solicita disponibilidad, cantidades y soporte técnico para despacho en Colombia.",
31352606101,EXZHELLENT BW 4 AWG (25mm2) Cu (cobre) CPR HFFR LS 600V 90°C XLPE,Cables de baja tensión,Exzhellent BW,Procables,4,,600 V,,,IEC 60227 / NTC 3534,"Instalaciones fijas en baja tensión; edificaciones residenciales, comerciales e industriales",,,,"EXZHELLENT BW 4 AWG (25mm2) Cu (cobre) CPR HFFR LS 600V 90°C XLPE. Referencia 31352606101 para cotización en Surtilec, línea Cables de baja tensión / Exzhellent BW. Especificaciones registradas: marca Procables, calibre 4 AWG, voltaje 600 V. Solicita disponibilidad, cantidades y soporte técnico para despacho en Colombia.",
31352602401-2,EXZHELLENT BW 2 AWG (35mm2) Cu (cobre) CPR HFFR LS 600V 75°C,Cables de baja tensión,Exzhellent BW,Procables,2,,600 V,,,IEC 60227 / NTC 3534,"Instalaciones fijas en baja tensión; edificaciones residenciales, comerciales e industriales",,,,"EXZHELLENT BW 2 AWG (35mm2) Cu (cobre) CPR HFFR LS 600V 75°C. Referencia 31352602401-2 para cotización en Surtilec, línea Cables de baja tensión / Exzhellent BW. Especificaciones registradas: marca Procables, calibre 2 AWG, voltaje 600 V. Solicita disponibilidad, cantidades y soporte técnico para despacho en Colombia.",
31352602301,EXZHELLENT BW 2 AWG (35mm2) Cu (cobre) CPR HFFR LS 600V 90°C XLPE,Cables de baja tensión,Exzhellent BW,Procables,2,,600 V,,,IEC 60227 / NTC 3534,"Instalaciones fijas en baja tensión; edificaciones residenciales, comerciales e industriales",,,,"EXZHELLENT BW 2 AWG (35mm2) Cu (cobre) CPR HFFR LS 600V 90°C XLPE. Referencia 31352602301 para cotización en Surtilec, línea Cables de baja tensión / Exzhellent BW. Especificaciones registradas: marca Procables, calibre 2 AWG, voltaje 600 V. Solicita disponibilidad, cantidades y soporte técnico para despacho en Colombia.",
31352600401,EXZHELLENT BW 1/0 AWG (50mm2) Cu (cobre) CPR HFFR LS 600V 75°C,Cables de baja tensión,Exzhellent BW,Procables,1/0,,600 V,,,IEC 60227 / NTC 3534,"Instalaciones fijas en baja tensión; edificaciones residenciales, comerciales e industriales",,,,"EXZHELLENT BW 1/0 AWG (50mm2) Cu (cobre) CPR HFFR LS 600V 75°C. Referencia 31352600401 para cotización en Surtilec, línea Cables de baja tensión / Exzhellent BW. Especificaciones registradas: marca Procables, calibre 1/0 AWG, voltaje 600 V. Solicita disponibilidad, cantidades y soporte técnico para despacho en Colombia.",
31352600301,EXZHELLENT BW 1/0 AWG (50mm2) Cu (cobre) CPR HFFR LS 600V 90°C XLPE,Cables de baja tensión,Exzhellent BW,Procables,1/0,,600 V,,,IEC 60227 / NTC 3534,"Instalaciones fijas en baja tensión; edificaciones residenciales, comerciales e industriales",,,,"EXZHELLENT BW 1/0 AWG (50mm2) Cu (cobre) CPR HFFR LS 600V 90°C XLPE. Referencia 31352600301 para cotización en Surtilec, línea Cables de baja tensión / Exzhellent BW. Especificaciones registradas: marca Procables, calibre 1/0 AWG, voltaje 600 V. Solicita disponibilidad, cantidades y soporte técnico para despacho en Colombia.",
31352598801,EXZHELLENT BW 2/0 AWG (70mm2) Cu (cobre) CPR HFFR LS 600V 75°C,Cables de baja tensión,Exzhellent BW,Procables,2/0,,600 V,,,IEC 60227 / NTC 3534,"Instalaciones fijas en baja tensión; edificaciones residenciales, comerciales e industriales",,,,"EXZHELLENT BW 2/0 AWG (70mm2) Cu (cobre) CPR HFFR LS 600V 75°C. Referencia 31352598801 para cotización en Surtilec, línea Cables de baja tensión / Exzhellent BW. Especificaciones registradas: marca Procables, calibre 2/0 AWG, voltaje 600 V. Solicita disponibilidad, cantidades y soporte técnico para despacho en Colombia.",
31352598701,EXZHELLENT BW 2/0 AWG (70mm2) Cu (cobre) CPR HFFR LS 600V 90°C XLPE,Cables de baja tensión,Exzhellent BW,Procables,2/0,,600 V,,,IEC 60227 / NTC 3534,"Instalaciones fijas en baja tensión; edificaciones residenciales, comerciales e industriales",,,,"EXZHELLENT BW 2/0 AWG (70mm2) Cu (cobre) CPR HFFR LS 600V 90°C XLPE. Referencia 31352598701 para cotización en Surtilec, línea Cables de baja tensión / Exzhellent BW. Especificaciones registradas: marca Procables, calibre 2/0 AWG, voltaje 600 V. Solicita disponibilidad, cantidades y soporte técnico para despacho en Colombia.",
31352596401,EXZHELLENT BW 3/0 AWG (95mm2) Cu (cobre) CPR HFFR LS 600V 75°C,Cables de baja tensión,Exzhellent BW,Procables,3/0,,600 V,,,IEC 60227 / NTC 3534,"Instalaciones fijas en baja tensión; edificaciones residenciales, comerciales e industriales",,,,"EXZHELLENT BW 3/0 AWG (95mm2) Cu (cobre) CPR HFFR LS 600V 75°C. Referencia 31352596401 para cotización en Surtilec, línea Cables de baja tensión / Exzhellent BW. Especificaciones registradas: marca Procables, calibre 3/0 AWG, voltaje 600 V. Solicita disponibilidad, cantidades y soporte técnico para despacho en Colombia.",
31352596301,EXZHELLENT BW 3/0 AWG (95mm2) Cu (cobre) CPR HFFR LS 600V 90°C XLPE,Cables de baja tensión,Exzhellent BW,Procables,3/0,,600 V,,,IEC 60227 / NTC 3534,"Instalaciones fijas en baja tensión; edificaciones residenciales, comerciales e industriales",,,,"EXZHELLENT BW 3/0 AWG (95mm2) Cu (cobre) CPR HFFR LS 600V 90°C XLPE. Referencia 31352596301 para cotización en Surtilec, línea Cables de baja tensión / Exzhellent BW. Especificaciones registradas: marca Procables, calibre 3/0 AWG, voltaje 600 V. Solicita disponibilidad, cantidades y soporte técnico para despacho en Colombia.",
31352594201,EXZHELLENT BW 4/0 AWG (120mm2) Cu (cobre) CPR HFFR LS 600V 75°C,Cables de baja tensión,Exzhellent BW,Procables,4/0,,600 V,,,IEC 60227 / NTC 3534,"Instalaciones fijas en baja tensión; edificaciones residenciales, comerciales e industriales",,,,"EXZHELLENT BW 4/0 AWG (120mm2) Cu (cobre) CPR HFFR LS 600V 75°C. Referencia 31352594201 para cotización en Surtilec, línea Cables de baja tensión / Exzhellent BW. Especificaciones registradas: marca Procables, calibre 4/0 AWG, voltaje 600 V. Solicita disponibilidad, cantidades y soporte técnico para despacho en Colombia.",
31352594101,EXZHELLENT BW 4/0 AWG (120mm2) Cu (cobre) CPR HFFR LS 600V 90°C XLPE,Cables de baja tensión,Exzhellent BW,Procables,4/0,,600 V,,,IEC 60227 / NTC 3534,"Instalaciones fijas en baja tensión; edificaciones residenciales, comerciales e industriales",,,,"EXZHELLENT BW 4/0 AWG (120mm2) Cu (cobre) CPR HFFR LS 600V 90°C XLPE. Referencia 31352594101 para cotización en Surtilec, línea Cables de baja tensión / Exzhellent BW. Especificaciones registradas: marca Procables, calibre 4/0 AWG, voltaje 600 V. Solicita disponibilidad, cantidades y soporte técnico para despacho en Colombia.",
31352611601,EXZHELLENT BW 500 kcmil Cu (cobre) CPR HFFR LS 600V 75°,Cables de baja tensión,Exzhellent BW,Procables,500 kcmil,,600 V,,,IEC 60227 / NTC 3534,"Instalaciones fijas en baja tensión; edificaciones residenciales, comerciales e industriales",,,,"EXZHELLENT BW 500 kcmil Cu (cobre) CPR HFFR LS 600V 75°. Referencia 31352611601 para cotización en Surtilec, línea Cables de baja tensión / Exzhellent BW. Especificaciones registradas: marca Procables, calibre 500 kcmil, voltaje 600 V. Solicita disponibilidad, cantidades y soporte técnico para despacho en Colombia.",
31352611001,EXZHELLENT BW 350 kcmil Cu (cobre) CPR HFFR LS 600V 75°,Cables de baja tensión,Exzhellent BW,Procables,350 kcmil,,600 V,,,IEC 60227 / NTC 3534,"Instalaciones fijas en baja tensión; edificaciones residenciales, comerciales e industriales",,,,"EXZHELLENT BW 350 kcmil Cu (cobre) CPR HFFR LS 600V 75°. Referencia 31352611001 para cotización en Surtilec, línea Cables de baja tensión / Exzhellent BW. Especificaciones registradas: marca Procables, calibre 350 kcmil, voltaje 600 V. Solicita disponibilidad, cantidades y soporte técnico para despacho en Colombia.",
31352610401,EXZHELLENT BW 250 kcmil Cu (cobre) CPR HFFR LS 600V 75°,Cables de baja tensión,Exzhellent BW,Procables,250 kcmil,,600 V,,,IEC 60227 / NTC 3534,"Instalaciones fijas en baja tensión; edificaciones residenciales, comerciales e industriales",,,,"EXZHELLENT BW 250 kcmil Cu (cobre) CPR HFFR LS 600V 75°. Referencia 31352610401 para cotización en Surtilec, línea Cables de baja tensión / Exzhellent BW. Especificaciones registradas: marca Procables, calibre 250 kcmil, voltaje 600 V. Solicita disponibilidad, cantidades y soporte técnico para despacho en Colombia.",
31354002601-2,THWN-2 8 AWG Cu (J) PVC/NY 600V G&O II VW-1,Cable THHN / THWN-2,,Procables,8,,600 V,,,NTC 2050 / UL 83,"Instalaciones eléctricas interiores, cableado en ductos, tuberías y bandejas; usos en seco y húmedo; temperatura máx. 90°C",,,,"THWN-2 8 AWG Cu (J) PVC/NY 600V G&O II VW-1. Referencia 31354002601-2 para cotización en Surtilec, línea Cable THHN / THWN-2. Especificaciones registradas: marca Procables, calibre 8 AWG, voltaje 600 V. Solicita disponibilidad, cantidades y soporte técnico para despacho en Colombia.",
31354002605-2,THWN-2 8 AWG Cu (J) PVC/NY 600V 105C G&OII VW-1,Cable THHN / THWN-2,,Procables,8,,600 V,,,NTC 2050 / UL 83,"Instalaciones eléctricas interiores, cableado en ductos, tuberías y bandejas; usos en seco y húmedo; temperatura máx. 90°C",,,,"THWN-2 8 AWG Cu (J) PVC/NY 600V 105C G&OII VW-1. Referencia 31354002605-2 para cotización en Surtilec, línea Cable THHN / THWN-2. Especificaciones registradas: marca Procables, calibre 8 AWG, voltaje 600 V. Solicita disponibilidad, cantidades y soporte técnico para despacho en Colombia.",
31354001801-2,THWN-2 10 AWG Cu (J) PVC/NY 600V G&O II VW-1,Cable THHN / THWN-2,,Procables,10,,600 V,,,NTC 2050 / UL 83,"Instalaciones eléctricas interiores, cableado en ductos, tuberías y bandejas; usos en seco y húmedo; temperatura máx. 90°C",,,,"THWN-2 10 AWG Cu (J) PVC/NY 600V G&O II VW-1. Referencia 31354001801-2 para cotización en Surtilec, línea Cable THHN / THWN-2. Especificaciones registradas: marca Procables, calibre 10 AWG, voltaje 600 V. Solicita disponibilidad, cantidades y soporte técnico para despacho en Colombia.",
31354001805,THWN-2 10 AWG Cu (J) PVC/NY 600V 105C G&OII VW-1,Cable THHN / THWN-2,,Procables,10,,600 V,,,NTC 2050 / UL 83,"Instalaciones eléctricas interiores, cableado en ductos, tuberías y bandejas; usos en seco y húmedo; temperatura máx. 90°C",,,,"THWN-2 10 AWG Cu (J) PVC/NY 600V 105C G&OII VW-1. Referencia 31354001805 para cotización en Surtilec, línea Cable THHN / THWN-2. Especificaciones registradas: marca Procables, calibre 10 AWG, voltaje 600 V. Solicita disponibilidad, cantidades y soporte técnico para despacho en Colombia.",
31354001001,THWN-2 12 AWG Cu (J) PVC/NY 600V G&O II VW-1,Cable THHN / THWN-2,,Procables,12,,600 V,,,NTC 2050 / UL 83,"Instalaciones eléctricas interiores, cableado en ductos, tuberías y bandejas; usos en seco y húmedo; temperatura máx. 90°C",,,,"THWN-2 12 AWG Cu (J) PVC/NY 600V G&O II VW-1. Referencia 31354001001 para cotización en Surtilec, línea Cable THHN / THWN-2. Especificaciones registradas: marca Procables, calibre 12 AWG, voltaje 600 V. Solicita disponibilidad, cantidades y soporte técnico para despacho en Colombia.",
31354001005,THWN-2 12 AWG Cu (J) PVC/NY 600V 105C G&OII VW-1,Cable THHN / THWN-2,,Procables,12,,600 V,,,NTC 2050 / UL 83,"Instalaciones eléctricas interiores, cableado en ductos, tuberías y bandejas; usos en seco y húmedo; temperatura máx. 90°C",,,,"THWN-2 12 AWG Cu (J) PVC/NY 600V 105C G&OII VW-1. Referencia 31354001005 para cotización en Surtilec, línea Cable THHN / THWN-2. Especificaciones registradas: marca Procables, calibre 12 AWG, voltaje 600 V. Solicita disponibilidad, cantidades y soporte técnico para despacho en Colombia.",
31354000201,THWN-2 14 AWG Cu (J) PVC/NY 600V G&O II VW-1,Cable THHN / THWN-2,,Procables,14,,600 V,,,NTC 2050 / UL 83,"Instalaciones eléctricas interiores, cableado en ductos, tuberías y bandejas; usos en seco y húmedo; temperatura máx. 90°C",,,,"THWN-2 14 AWG Cu (J) PVC/NY 600V G&O II VW-1. Referencia 31354000201 para cotización en Surtilec, línea Cable THHN / THWN-2. Especificaciones registradas: marca Procables, calibre 14 AWG, voltaje 600 V. Solicita disponibilidad, cantidades y soporte técnico para despacho en Colombia.",
31354000205,THWN-2 14 AWG Cu (J) PVC/NY 600V 105C G&OII VW-1,Cable THHN / THWN-2,,Procables,14,,600 V,,,NTC 2050 / UL 83,"Instalaciones eléctricas interiores, cableado en ductos, tuberías y bandejas; usos en seco y húmedo; temperatura máx. 90°C",,,,"THWN-2 14 AWG Cu (J) PVC/NY 600V 105C G&OII VW-1. Referencia 31354000205 para cotización en Surtilec, línea Cable THHN / THWN-2. Especificaciones registradas: marca Procables, calibre 14 AWG, voltaje 600 V. Solicita disponibilidad, cantidades y soporte técnico para despacho en Colombia.",
31354000401,THWN-2 16 AWG Cu (J) PVC/NY 600V G&O II VW-1,Cable THHN / THWN-2,,Procables,16,,600 V,,,NTC 2050 / UL 83,"Instalaciones eléctricas interiores, cableado en ductos, tuberías y bandejas; usos en seco y húmedo; temperatura máx. 90°C",,,,"THWN-2 16 AWG Cu (J) PVC/NY 600V G&O II VW-1. Referencia 31354000401 para cotización en Surtilec, línea Cable THHN / THWN-2. Especificaciones registradas: marca Procables, calibre 16 AWG, voltaje 600 V. Solicita disponibilidad, cantidades y soporte técnico para despacho en Colombia.",
31353999801,THWN-2 18 AWG Cu (J) PVC/NY 600V G&O II VW-1,Cable THHN / THWN-2,,Procables,18,,600 V,,,NTC 2050 / UL 83,"Instalaciones eléctricas interiores, cableado en ductos, tuberías y bandejas; usos en seco y húmedo; temperatura máx. 90°C",,,,"THWN-2 18 AWG Cu (J) PVC/NY 600V G&O II VW-1. Referencia 31353999801 para cotización en Surtilec, línea Cable THHN / THWN-2. Especificaciones registradas: marca Procables, calibre 18 AWG, voltaje 600 V. Solicita disponibilidad, cantidades y soporte técnico para despacho en Colombia.",
31354001601-2,TFFN 18 AWG Cu (flexible) PVC/NY 600V G&O II VW-1,Cable THHN / THWN-2,,Procables,18,,600 V,,,NTC 2050 / UL 83,"Instalaciones eléctricas interiores, cableado en ductos, tuberías y bandejas; usos en seco y húmedo; temperatura máx. 90°C",,,,TFFN 18 AWG Cu (FLEX) PVC/NY 600V G&O II VW-1,
31353999701,THWN-2 18 AWG Cu (J) PVC/NY 600V 105C G&OII VW-1,Cable THHN / THWN-2,,Procables,18,,600 V,,,NTC 2050 / UL 83,"Instalaciones eléctricas interiores, cableado en ductos, tuberías y bandejas; usos en seco y húmedo; temperatura máx. 90°C",,,,"THWN-2 18 AWG Cu (J) PVC/NY 600V 105C G&OII VW-1. Referencia 31353999701 para cotización en Surtilec, línea Cable THHN / THWN-2. Especificaciones registradas: marca Procables, calibre 18 AWG, voltaje 600 V. Solicita disponibilidad, cantidades y soporte técnico para despacho en Colombia.",
31353999301,SUPERFLEX 8 AWG Cu (cobre) (J) PVC/NY 600V 90°C VW-1,Cable flexible,Superflex,Procables,8,,600 V,,,NTC 3534 / IEC 60227,"Conexiones móviles; electrodomésticos, herramientas portátiles y equipos industriales",,,,"SUPERFLEX 8 AWG Cu (cobre) (J) PVC/NY 600V 90°C VW-1. Referencia 31353999301 para cotización en Surtilec, línea Cable flexible / Superflex. Especificaciones registradas: marca Procables, calibre 8 AWG, voltaje 600 V. Solicita disponibilidad, cantidades y soporte técnico para despacho en Colombia.",
31353999001,SUPERFLEX 10 AWG Cu (cobre) (J) PVC/NY 600V 90°C VW-1,Cable flexible,Superflex,Procables,10,,600 V,,,NTC 3534 / IEC 60227,"Conexiones móviles; electrodomésticos, herramientas portátiles y equipos industriales",,,,"SUPERFLEX 10 AWG Cu (cobre) (J) PVC/NY 600V 90°C VW-1. Referencia 31353999001 para cotización en Surtilec, línea Cable flexible / Superflex. Especificaciones registradas: marca Procables, calibre 10 AWG, voltaje 600 V. Solicita disponibilidad, cantidades y soporte técnico para despacho en Colombia.",
31353998701,SUPERFLEX 12 AWG Cu (cobre) (J) PVC/NY 600V 90°C VW-1,Cable flexible,Superflex,Procables,12,,600 V,,,NTC 3534 / IEC 60227,"Conexiones móviles; electrodomésticos, herramientas portátiles y equipos industriales",,,,"SUPERFLEX 12 AWG Cu (cobre) (J) PVC/NY 600V 90°C VW-1. Referencia 31353998701 para cotización en Surtilec, línea Cable flexible / Superflex. Especificaciones registradas: marca Procables, calibre 12 AWG, voltaje 600 V. Solicita disponibilidad, cantidades y soporte técnico para despacho en Colombia.",
31353998401,SUPERFLEX 14 AWG Cu (cobre) (J) PVC/NY 600V 90°C VW-1,Cable flexible,Superflex,Procables,14,,600 V,,,NTC 3534 / IEC 60227,"Conexiones móviles; electrodomésticos, herramientas portátiles y equipos industriales",,,,"SUPERFLEX 14 AWG Cu (cobre) (J) PVC/NY 600V 90°C VW-1. Referencia 31353998401 para cotización en Surtilec, línea Cable flexible / Superflex. Especificaciones registradas: marca Procables, calibre 14 AWG, voltaje 600 V. Solicita disponibilidad, cantidades y soporte técnico para despacho en Colombia.",
31353998301,SUPERFLEX 16 AWG Cu (cobre) (J) PVC/NY 600V 90°C VW-1,Cable flexible,Superflex,Procables,16,,600 V,,,NTC 3534 / IEC 60227,"Conexiones móviles; electrodomésticos, herramientas portátiles y equipos industriales",,,,"SUPERFLEX 16 AWG Cu (cobre) (J) PVC/NY 600V 90°C VW-1. Referencia 31353998301 para cotización en Surtilec, línea Cable flexible / Superflex. Especificaciones registradas: marca Procables, calibre 16 AWG, voltaje 600 V. Solicita disponibilidad, cantidades y soporte técnico para despacho en Colombia.",
31353998201,SUPERFLEX 18 AWG Cu (cobre) (J) PVC/NY 600V 90°C VW-1,Cable flexible,Superflex,Procables,18,,600 V,,,NTC 3534 / IEC 60227,"Conexiones móviles; electrodomésticos, herramientas portátiles y equipos industriales",,,,"SUPERFLEX 18 AWG Cu (cobre) (J) PVC/NY 600V 90°C VW-1. Referencia 31353998201 para cotización en Surtilec, línea Cable flexible / Superflex. Especificaciones registradas: marca Procables, calibre 18 AWG, voltaje 600 V. Solicita disponibilidad, cantidades y soporte técnico para despacho en Colombia.",
31354240105,SUPERFLEX 20 AWG Cu (cobre) (J) PVC/NY 600V 90°C VW-1,Cable flexible,Superflex,Procables,20,,600 V,,,NTC 3534 / IEC 60227,"Conexiones móviles; electrodomésticos, herramientas portátiles y equipos industriales",,,,"SUPERFLEX 20 AWG Cu (cobre) (J) PVC/NY 600V 90°C VW-1. Referencia 31354240105 para cotización en Surtilec, línea Cable flexible / Superflex. Especificaciones registradas: marca Procables, calibre 20 AWG, voltaje 600 V. Solicita disponibilidad, cantidades y soporte técnico para despacho en Colombia.",
31354220102,THWN-2 12 AWG Cu (J) PVC/NY 600V105°C G&O II VW-1CT,Cable THHN / THWN-2,,Procables,12,,600 V,,,NTC 2050 / UL 83,"Instalaciones eléctricas interiores, cableado en ductos, tuberías y bandejas; usos en seco y húmedo; temperatura máx. 90°C",,,,"THWN-2 12 AWG Cu (J) PVC/NY 600V105°C G&O II VW-1CT. Referencia 31354220102 para cotización en Surtilec, línea Cable THHN / THWN-2. Especificaciones registradas: marca Procables, calibre 12 AWG, voltaje 600 V. Solicita disponibilidad, cantidades y soporte técnico para despacho en Colombia.",
31354002001,THWN-2 14 AWG Cu (flexible) PVC/NY 600V G&O II VW-1,Cable THHN / THWN-2,,Procables,14,,600 V,,,NTC 2050 / UL 83,"Instalaciones eléctricas interiores, cableado en ductos, tuberías y bandejas; usos en seco y húmedo; temperatura máx. 90°C",,,,THWN-2 14 AWG Cu (FLEX) PVC/NY 600V G&O II VW-1,
31354002002,THWN-2 14 AWG Cu (flexible) PVC NY 600V 105C G&O II VW-1,Cable THHN / THWN-2,,Procables,14,,600 V,,,NTC 2050 / UL 83,"Instalaciones eléctricas interiores, cableado en ductos, tuberías y bandejas; usos en seco y húmedo; temperatura máx. 90°C",,,,THWN-2 14 AWG Cu (FLEX) PVC NY 600V 105C G&O II VW-1,
31354001801-3,TFFN 16 AWG Cu (flexible) PVC/NY 600V G&O II VW-1,Cable THHN / THWN-2,,Procables,16,,600 V,,,NTC 2050 / UL 83,"Instalaciones eléctricas interiores, cableado en ductos, tuberías y bandejas; usos en seco y húmedo; temperatura máx. 90°C",,,,TFFN 16 AWG Cu (FLEX) PVC/NY 600V G&O II VW-1,
31354001802,TFFN 16AWG Cu (flexible) PVC /NY 600V 105C G&O II VW-1,Cable THHN / THWN-2,,Procables,16,,600 V,,,NTC 2050 / UL 83,"Instalaciones eléctricas interiores, cableado en ductos, tuberías y bandejas; usos en seco y húmedo; temperatura máx. 90°C",,,,TFFN 16AWG Cu (FLEX) PVC /NY 600V 105C G&O II VW-1,
31354001601-3,TFFN 18 AWG Cu (flexible) PVC/NY 600V G&O II VW-1,Cable THHN / THWN-2,,Procables,18,,600 V,,,NTC 2050 / UL 83,"Instalaciones eléctricas interiores, cableado en ductos, tuberías y bandejas; usos en seco y húmedo; temperatura máx. 90°C",,,,TFFN 18 AWG Cu (FLEX) PVC/NY 600V G&O II VW-1,
31354001602,TFFN 18AWG Cu (flexible) PVC/NY 600V 105C G&O II VW-1,Cable THHN / THWN-2,,Procables,18,,600 V,,,NTC 2050 / UL 83,"Instalaciones eléctricas interiores, cableado en ductos, tuberías y bandejas; usos en seco y húmedo; temperatura máx. 90°C",,,,TFFN 18AWG Cu (FLEX) PVC/NY 600V 105C G&O II VW-1,
31369100002,DUPLEX CPE SPT 2x10 AWG Cu (J) PVC 300V 60°C,Cable flexible,SPT-CPE,Procables,10,2,300 V,,,NTC 3534 / IEC 60227,"Conexiones móviles; electrodomésticos, herramientas portátiles y equipos industriales",,,,"DUPLEX CPE SPT 2x10 AWG Cu (J) PVC 300V 60°C. Referencia 31369100002 para cotización en Surtilec, línea Cable flexible / SPT-CPE. Especificaciones registradas: marca Procables, calibre 10 AWG, 2 conductores, voltaje 300 V. Solicita disponibilidad, cantidades y soporte técnico para despacho en Colombia.",
31369080001,DUPLEX CPE SPT 2x12 AWG Cu (J) PVC 300V 60°C,Cable flexible,SPT-CPE,Procables,12,2,300 V,,,NTC 3534 / IEC 60227,"Conexiones móviles; electrodomésticos, herramientas portátiles y equipos industriales",,,,"DUPLEX CPE SPT 2x12 AWG Cu (J) PVC 300V 60°C. Referencia 31369080001 para cotización en Surtilec, línea Cable flexible / SPT-CPE. Especificaciones registradas: marca Procables, calibre 12 AWG, 2 conductores, voltaje 300 V. Solicita disponibilidad, cantidades y soporte técnico para despacho en Colombia.",
31369060001,DUPLEX CPE SPT 2x14 AWG Cu (J) PVC 300V 60°C,Cable flexible,SPT-CPE,Procables,14,2,300 V,,,NTC 3534 / IEC 60227,"Conexiones móviles; electrodomésticos, herramientas portátiles y equipos industriales",,,,"DUPLEX CPE SPT 2x14 AWG Cu (J) PVC 300V 60°C. Referencia 31369060001 para cotización en Surtilec, línea Cable flexible / SPT-CPE. Especificaciones registradas: marca Procables, calibre 14 AWG, 2 conductores, voltaje 300 V. Solicita disponibilidad, cantidades y soporte técnico para despacho en Colombia.",
31369041001,DUPLEX CPE SPT 2x16 AWG Cu (J) PVC 300V 60°C,Cable flexible,SPT-CPE,Procables,16,2,300 V,,,NTC 3534 / IEC 60227,"Conexiones móviles; electrodomésticos, herramientas portátiles y equipos industriales",,,,"DUPLEX CPE SPT 2x16 AWG Cu (J) PVC 300V 60°C. Referencia 31369041001 para cotización en Surtilec, línea Cable flexible / SPT-CPE. Especificaciones registradas: marca Procables, calibre 16 AWG, 2 conductores, voltaje 300 V. Solicita disponibilidad, cantidades y soporte técnico para despacho en Colombia.",
31369021001,DUPLEX CPE SPT 2x18 AWG Cu (J) PVC 300V 60°C,Cable flexible,SPT-CPE,Procables,18,2,300 V,,,NTC 3534 / IEC 60227,"Conexiones móviles; electrodomésticos, herramientas portátiles y equipos industriales",,,,"DUPLEX CPE SPT 2x18 AWG Cu (J) PVC 300V 60°C. Referencia 31369021001 para cotización en Surtilec, línea Cable flexible / SPT-CPE. Especificaciones registradas: marca Procables, calibre 18 AWG, 2 conductores, voltaje 300 V. Solicita disponibilidad, cantidades y soporte técnico para despacho en Colombia.",
31369011001,DUPLEX CPE SPT 2x20 AWG Cu (J) PVC 300V 60°C,Cable flexible,SPT-CPE,Procables,20,2,300 V,,,NTC 3534 / IEC 60227,"Conexiones móviles; electrodomésticos, herramientas portátiles y equipos industriales",,,,"DUPLEX CPE SPT 2x20 AWG Cu (J) PVC 300V 60°C. Referencia 31369011001 para cotización en Surtilec, línea Cable flexible / SPT-CPE. Especificaciones registradas: marca Procables, calibre 20 AWG, 2 conductores, voltaje 300 V. Solicita disponibilidad, cantidades y soporte técnico para despacho en Colombia.",
31369010601,DUPLEX CPE SPT 3x12 AWG Cu (J) PVC 300V 60°C,Cable flexible,SPT-CPE,Procables,12,3,300 V,,,NTC 3534 / IEC 60227,"Conexiones móviles; electrodomésticos, herramientas portátiles y equipos industriales",,,,"DUPLEX CPE SPT 3x12 AWG Cu (J) PVC 300V 60°C. Referencia 31369010601 para cotización en Surtilec, línea Cable flexible / SPT-CPE. Especificaciones registradas: marca Procables, calibre 12 AWG, 3 conductores, voltaje 300 V. Solicita disponibilidad, cantidades y soporte técnico para despacho en Colombia.",
31369010401,DUPLEX CPE SPT 3x14 AWG Cu (J) PVC 300V 60°C,Cable flexible,SPT-CPE,Procables,14,3,300 V,,,NTC 3534 / IEC 60227,"Conexiones móviles; electrodomésticos, herramientas portátiles y equipos industriales",,,,"DUPLEX CPE SPT 3x14 AWG Cu (J) PVC 300V 60°C. Referencia 31369010401 para cotización en Surtilec, línea Cable flexible / SPT-CPE. Especificaciones registradas: marca Procables, calibre 14 AWG, 3 conductores, voltaje 300 V. Solicita disponibilidad, cantidades y soporte técnico para despacho en Colombia.",
31369010201,DUPLEX CPE SPT 3x16 AWG Cu (J) PVC 300V 60°C,Cable flexible,SPT-CPE,Procables,16,3,300 V,,,NTC 3534 / IEC 60227,"Conexiones móviles; electrodomésticos, herramientas portátiles y equipos industriales",,,,"DUPLEX CPE SPT 3x16 AWG Cu (J) PVC 300V 60°C. Referencia 31369010201 para cotización en Surtilec, línea Cable flexible / SPT-CPE. Especificaciones registradas: marca Procables, calibre 16 AWG, 3 conductores, voltaje 300 V. Solicita disponibilidad, cantidades y soporte técnico para despacho en Colombia.",
31369010001,DUPLEX CPE SPT 3x18 AWG Cu (J) PVC 300V 60°C,Cable flexible,SPT-CPE,Procables,18,3,300 V,,,NTC 3534 / IEC 60227,"Conexiones móviles; electrodomésticos, herramientas portátiles y equipos industriales",,,,"DUPLEX CPE SPT 3x18 AWG Cu (J) PVC 300V 60°C. Referencia 31369010001 para cotización en Surtilec, línea Cable flexible / SPT-CPE. Especificaciones registradas: marca Procables, calibre 18 AWG, 3 conductores, voltaje 300 V. Solicita disponibilidad, cantidades y soporte técnico para despacho en Colombia.",
31368980001,TERMOFLEX 2x10 AWG Cu (cobre) (J) PVC 300V 60°C,Cable flexible,Termoflex,Procables,10,2,300 V,,,NTC 3534 / IEC 60227,"Conexiones móviles; electrodomésticos, herramientas portátiles y equipos industriales",,,,"TERMOFLEX 2x10 AWG Cu (cobre) (J) PVC 300V 60°C. Referencia 31368980001 para cotización en Surtilec, línea Cable flexible / Termoflex. Especificaciones registradas: marca Procables, calibre 10 AWG, 2 conductores, voltaje 300 V. Solicita disponibilidad, cantidades y soporte técnico para despacho en Colombia.",
31368960001,TERMOFLEX 2x12 AWG Cu (cobre) (J) PVC 300V 60°C,Cable flexible,Termoflex,Procables,12,2,300 V,,,NTC 3534 / IEC 60227,"Conexiones móviles; electrodomésticos, herramientas portátiles y equipos industriales",,,,"TERMOFLEX 2x12 AWG Cu (cobre) (J) PVC 300V 60°C. Referencia 31368960001 para cotización en Surtilec, línea Cable flexible / Termoflex. Especificaciones registradas: marca Procables, calibre 12 AWG, 2 conductores, voltaje 300 V. Solicita disponibilidad, cantidades y soporte técnico para despacho en Colombia.",
31368940001,TERMOFLEX 2x14 AWG Cu (cobre) (J) PVC 300V 60°C,Cable flexible,Termoflex,Procables,14,2,300 V,,,NTC 3534 / IEC 60227,"Conexiones móviles; electrodomésticos, herramientas portátiles y equipos industriales",,,,"TERMOFLEX 2x14 AWG Cu (cobre) (J) PVC 300V 60°C. Referencia 31368940001 para cotización en Surtilec, línea Cable flexible / Termoflex. Especificaciones registradas: marca Procables, calibre 14 AWG, 2 conductores, voltaje 300 V. Solicita disponibilidad, cantidades y soporte técnico para despacho en Colombia.",
31368920001,TERMOFLEX 2x16 AWG Cu (cobre) (J) PVC 300V 60°C,Cable flexible,Termoflex,Procables,16,2,300 V,,,NTC 3534 / IEC 60227,"Conexiones móviles; electrodomésticos, herramientas portátiles y equipos industriales",,,,"TERMOFLEX 2x16 AWG Cu (cobre) (J) PVC 300V 60°C. Referencia 31368920001 para cotización en Surtilec, línea Cable flexible / Termoflex. Especificaciones registradas: marca Procables, calibre 16 AWG, 2 conductores, voltaje 300 V. Solicita disponibilidad, cantidades y soporte técnico para despacho en Colombia.",
31368900001,TERMOFLEX 2x18 AWG Cu (cobre) (J) PVC 300V 60°C,Cable flexible,Termoflex,Procables,18,2,300 V,,,NTC 3534 / IEC 60227,"Conexiones móviles; electrodomésticos, herramientas portátiles y equipos industriales",,,,"TERMOFLEX 2x18 AWG Cu (cobre) (J) PVC 300V 60°C. Referencia 31368900001 para cotización en Surtilec, línea Cable flexible / Termoflex. Especificaciones registradas: marca Procables, calibre 18 AWG, 2 conductores, voltaje 300 V. Solicita disponibilidad, cantidades y soporte técnico para despacho en Colombia.",
31368880001,TERMOFLEX 2x20 AWG Cu (cobre) (J) PVC 300V 60°C,Cable flexible,Termoflex,Procables,20,2,300 V,,,NTC 3534 / IEC 60227,"Conexiones móviles; electrodomésticos, herramientas portátiles y equipos industriales",,,,"TERMOFLEX 2x20 AWG Cu (cobre) (J) PVC 300V 60°C. Referencia 31368880001 para cotización en Surtilec, línea Cable flexible / Termoflex. Especificaciones registradas: marca Procables, calibre 20 AWG, 2 conductores, voltaje 300 V. Solicita disponibilidad, cantidades y soporte técnico para despacho en Colombia.",
31368860001,TERMOFLEX 3x10 AWG Cu (cobre) (J) PVC 300V 60°C,Cable flexible,Termoflex,Procables,10,3,300 V,,,NTC 3534 / IEC 60227,"Conexiones móviles; electrodomésticos, herramientas portátiles y equipos industriales",,,,"TERMOFLEX 3x10 AWG Cu (cobre) (J) PVC 300V 60°C. Referencia 31368860001 para cotización en Surtilec, línea Cable flexible / Termoflex. Especificaciones registradas: marca Procables, calibre 10 AWG, 3 conductores, voltaje 300 V. Solicita disponibilidad, cantidades y soporte técnico para despacho en Colombia.",
31368840001,TERMOFLEX 3x12 AWG Cu (cobre) (J) PVC 300V 60°C,Cable flexible,Termoflex,Procables,12,3,300 V,,,NTC 3534 / IEC 60227,"Conexiones móviles; electrodomésticos, herramientas portátiles y equipos industriales",,,,"TERMOFLEX 3x12 AWG Cu (cobre) (J) PVC 300V 60°C. Referencia 31368840001 para cotización en Surtilec, línea Cable flexible / Termoflex. Especificaciones registradas: marca Procables, calibre 12 AWG, 3 conductores, voltaje 300 V. Solicita disponibilidad, cantidades y soporte técnico para despacho en Colombia.",
31368820001,TERMOFLEX 3x14 AWG Cu (cobre) (J) PVC 300V 60°C,Cable flexible,Termoflex,Procables,14,3,300 V,,,NTC 3534 / IEC 60227,"Conexiones móviles; electrodomésticos, herramientas portátiles y equipos industriales",,,,"TERMOFLEX 3x14 AWG Cu (cobre) (J) PVC 300V 60°C. Referencia 31368820001 para cotización en Surtilec, línea Cable flexible / Termoflex. Especificaciones registradas: marca Procables, calibre 14 AWG, 3 conductores, voltaje 300 V. Solicita disponibilidad, cantidades y soporte técnico para despacho en Colombia.",
31368800001,TERMOFLEX 3x16 AWG Cu (cobre) (J) PVC 300V 60°C,Cable flexible,Termoflex,Procables,16,3,300 V,,,NTC 3534 / IEC 60227,"Conexiones móviles; electrodomésticos, herramientas portátiles y equipos industriales",,,,"TERMOFLEX 3x16 AWG Cu (cobre) (J) PVC 300V 60°C. Referencia 31368800001 para cotización en Surtilec, línea Cable flexible / Termoflex. Especificaciones registradas: marca Procables, calibre 16 AWG, 3 conductores, voltaje 300 V. Solicita disponibilidad, cantidades y soporte técnico para despacho en Colombia.",
31368780001,TERMOFLEX 3x18 AWG Cu (cobre) (J) PVC 300V 60°C,Cable flexible,Termoflex,Procables,18,3,300 V,,,NTC 3534 / IEC 60227,"Conexiones móviles; electrodomésticos, herramientas portátiles y equipos industriales",,,,"TERMOFLEX 3x18 AWG Cu (cobre) (J) PVC 300V 60°C. Referencia 31368780001 para cotización en Surtilec, línea Cable flexible / Termoflex. Especificaciones registradas: marca Procables, calibre 18 AWG, 3 conductores, voltaje 300 V. Solicita disponibilidad, cantidades y soporte técnico para despacho en Colombia.",
31368760001,TERMOFLEX EXZHELLENT 2x10 AWG (6mm2) Cu (cobre) 300V 60°C,Cable flexible,Termoflex Exzhellent,Procables,10,2,300 V,,,NTC 3534 / IEC 60227,"Conexiones móviles; electrodomésticos, herramientas portátiles y equipos industriales",,,,"TERMOFLEX EXZHELLENT 2x10 AWG (6mm2) Cu (cobre) 300V 60°C. Referencia 31368760001 para cotización en Surtilec, línea Cable flexible / Termoflex Exzhellent. Especificaciones registradas: marca Procables, calibre 10 AWG, 2 conductores, voltaje 300 V. Solicita disponibilidad, cantidades y soporte técnico para despacho en Colombia.",
31368740001,TERMOFLEX EXZHELLENT 2x12 AWG (4mm2) Cu (cobre) 300V 60°C,Cable flexible,Termoflex Exzhellent,Procables,12,2,300 V,,,NTC 3534 / IEC 60227,"Conexiones móviles; electrodomésticos, herramientas portátiles y equipos industriales",,,,"TERMOFLEX EXZHELLENT 2x12 AWG (4mm2) Cu (cobre) 300V 60°C. Referencia 31368740001 para cotización en Surtilec, línea Cable flexible / Termoflex Exzhellent. Especificaciones registradas: marca Procables, calibre 12 AWG, 2 conductores, voltaje 300 V. Solicita disponibilidad, cantidades y soporte técnico para despacho en Colombia.",
31368720001,TERMOFLEX EXZHELLENT 2x14 AWG (2.5mm2) Cu (cobre) 300V 60°C,Cable flexible,Termoflex Exzhellent,Procables,14,2,300 V,,,NTC 3534 / IEC 60227,"Conexiones móviles; electrodomésticos, herramientas portátiles y equipos industriales",,,,"TERMOFLEX EXZHELLENT 2x14 AWG (2.5mm2) Cu (cobre) 300V 60°C. Referencia 31368720001 para cotización en Surtilec, línea Cable flexible / Termoflex Exzhellent. Especificaciones registradas: marca Procables, calibre 14 AWG, 2 conductores, voltaje 300 V. Solicita disponibilidad, cantidades y soporte técnico para despacho en Colombia.",
31368700001,TERMOFLEX EXZHELLENT 3x10 AWG (6mm2) Cu (cobre) 300V 60°C,Cable flexible,Termoflex Exzhellent,Procables,10,3,300 V,,,NTC 3534 / IEC 60227,"Conexiones móviles; electrodomésticos, herramientas portátiles y equipos industriales",,,,"TERMOFLEX EXZHELLENT 3x10 AWG (6mm2) Cu (cobre) 300V 60°C. Referencia 31368700001 para cotización en Surtilec, línea Cable flexible / Termoflex Exzhellent. Especificaciones registradas: marca Procables, calibre 10 AWG, 3 conductores, voltaje 300 V. Solicita disponibilidad, cantidades y soporte técnico para despacho en Colombia.",
31368680001,TERMOFLEX EXZHELLENT 3x12 AWG (4mm2) Cu (cobre) 300V 60°C,Cable flexible,Termoflex Exzhellent,Procables,12,3,300 V,,,NTC 3534 / IEC 60227,"Conexiones móviles; electrodomésticos, herramientas portátiles y equipos industriales",,,,"TERMOFLEX EXZHELLENT 3x12 AWG (4mm2) Cu (cobre) 300V 60°C. Referencia 31368680001 para cotización en Surtilec, línea Cable flexible / Termoflex Exzhellent. Especificaciones registradas: marca Procables, calibre 12 AWG, 3 conductores, voltaje 300 V. Solicita disponibilidad, cantidades y soporte técnico para despacho en Colombia.",
31368660001,TERMOFLEX MULTIPROPÓSITO 2x10 AWG Cu (cobre) (J) PVC 300V 60°C,Cable flexible,Termoflex Multipropósito,Procables,10,2,300 V,,,NTC 3534 / IEC 60227,"Conexiones móviles; electrodomésticos, herramientas portátiles y equipos industriales",,,,"TERMOFLEX MULTIPROPÓSITO 2x10 AWG Cu (cobre) (J) PVC 300V 60°C. Referencia 31368660001 para cotización en Surtilec, línea Cable flexible / Termoflex Multipropósito. Especificaciones registradas: marca Procables, calibre 10 AWG, 2 conductores, voltaje 300 V. Solicita disponibilidad, cantidades y soporte técnico para despacho en Colombia.",
31368640001,TERMOFLEX MULTIPROPÓSITO 2x12 AWG Cu (cobre) (J) PVC 300V 60°C,Cable flexible,Termoflex Multipropósito,Procables,12,2,300 V,,,NTC 3534 / IEC 60227,"Conexiones móviles; electrodomésticos, herramientas portátiles y equipos industriales",,,,"TERMOFLEX MULTIPROPÓSITO 2x12 AWG Cu (cobre) (J) PVC 300V 60°C. Referencia 31368640001 para cotización en Surtilec, línea Cable flexible / Termoflex Multipropósito. Especificaciones registradas: marca Procables, calibre 12 AWG, 2 conductores, voltaje 300 V. Solicita disponibilidad, cantidades y soporte técnico para despacho en Colombia.",
31368620001,TERMOFLEX MULTIPROPÓSITO 2x14 AWG Cu (cobre) (J) PVC 300V 60°C,Cable flexible,Termoflex Multipropósito,Procables,14,2,300 V,,,NTC 3534 / IEC 60227,"Conexiones móviles; electrodomésticos, herramientas portátiles y equipos industriales",,,,"TERMOFLEX MULTIPROPÓSITO 2x14 AWG Cu (cobre) (J) PVC 300V 60°C. Referencia 31368620001 para cotización en Surtilec, línea Cable flexible / Termoflex Multipropósito. Especificaciones registradas: marca Procables, calibre 14 AWG, 2 conductores, voltaje 300 V. Solicita disponibilidad, cantidades y soporte técnico para despacho en Colombia.",
31368600001,TERMOFLEX MULTIPROPÓSITO 2x16 AWG Cu (cobre) (J) PVC 300V 60°C,Cable flexible,Termoflex Multipropósito,Procables,16,2,300 V,,,NTC 3534 / IEC 60227,"Conexiones móviles; electrodomésticos, herramientas portátiles y equipos industriales",,,,"TERMOFLEX MULTIPROPÓSITO 2x16 AWG Cu (cobre) (J) PVC 300V 60°C. Referencia 31368600001 para cotización en Surtilec, línea Cable flexible / Termoflex Multipropósito. Especificaciones registradas: marca Procables, calibre 16 AWG, 2 conductores, voltaje 300 V. Solicita disponibilidad, cantidades y soporte técnico para despacho en Colombia.",
31368580001,TERMOFLEX MULTIPROPÓSITO 2x18 AWG Cu (cobre) (J) PVC 300V 60°C,Cable flexible,Termoflex Multipropósito,Procables,18,2,300 V,,,NTC 3534 / IEC 60227,"Conexiones móviles; electrodomésticos, herramientas portátiles y equipos industriales",,,,"TERMOFLEX MULTIPROPÓSITO 2x18 AWG Cu (cobre) (J) PVC 300V 60°C. Referencia 31368580001 para cotización en Surtilec, línea Cable flexible / Termoflex Multipropósito. Especificaciones registradas: marca Procables, calibre 18 AWG, 2 conductores, voltaje 300 V. Solicita disponibilidad, cantidades y soporte técnico para despacho en Colombia.",
31368560001,TERMOFLEX MULTIPROPÓSITO 2x20 AWG Cu (cobre) (J) PVC 300V 60°C,Cable flexible,Termoflex Multipropósito,Procables,20,2,300 V,,,NTC 3534 / IEC 60227,"Conexiones móviles; electrodomésticos, herramientas portátiles y equipos industriales",,,,"TERMOFLEX MULTIPROPÓSITO 2x20 AWG Cu (cobre) (J) PVC 300V 60°C. Referencia 31368560001 para cotización en Surtilec, línea Cable flexible / Termoflex Multipropósito. Especificaciones registradas: marca Procables, calibre 20 AWG, 2 conductores, voltaje 300 V. Solicita disponibilidad, cantidades y soporte técnico para despacho en Colombia.",
31368540001,TERMOFLEX MULTIPROPÓSITO 3x10 AWG Cu (cobre) (J) PVC 300V 60°C,Cable flexible,Termoflex Multipropósito,Procables,10,3,300 V,,,NTC 3534 / IEC 60227,"Conexiones móviles; electrodomésticos, herramientas portátiles y equipos industriales",,,,"TERMOFLEX MULTIPROPÓSITO 3x10 AWG Cu (cobre) (J) PVC 300V 60°C. Referencia 31368540001 para cotización en Surtilec, línea Cable flexible / Termoflex Multipropósito. Especificaciones registradas: marca Procables, calibre 10 AWG, 3 conductores, voltaje 300 V. Solicita disponibilidad, cantidades y soporte técnico para despacho en Colombia.",
31368520001,TERMOFLEX MULTIPROPÓSITO 3x12 AWG Cu (cobre) (J) PVC 300V 60°C,Cable flexible,Termoflex Multipropósito,Procables,12,3,300 V,,,NTC 3534 / IEC 60227,"Conexiones móviles; electrodomésticos, herramientas portátiles y equipos industriales",,,,"TERMOFLEX MULTIPROPÓSITO 3x12 AWG Cu (cobre) (J) PVC 300V 60°C. Referencia 31368520001 para cotización en Surtilec, línea Cable flexible / Termoflex Multipropósito. Especificaciones registradas: marca Procables, calibre 12 AWG, 3 conductores, voltaje 300 V. Solicita disponibilidad, cantidades y soporte técnico para despacho en Colombia.",
31368500001,TERMOFLEX MULTIPROPÓSITO 3x14 AWG Cu (cobre) (J) PVC 300V 60°C,Cable flexible,Termoflex Multipropósito,Procables,14,3,300 V,,,NTC 3534 / IEC 60227,"Conexiones móviles; electrodomésticos, herramientas portátiles y equipos industriales",,,,"TERMOFLEX MULTIPROPÓSITO 3x14 AWG Cu (cobre) (J) PVC 300V 60°C. Referencia 31368500001 para cotización en Surtilec, línea Cable flexible / Termoflex Multipropósito. Especificaciones registradas: marca Procables, calibre 14 AWG, 3 conductores, voltaje 300 V. Solicita disponibilidad, cantidades y soporte técnico para despacho en Colombia.",
31368480001,TERMOFLEX MULTIPROPÓSITO 3x16 AWG Cu (cobre) (J) PVC 300V 60°C,Cable flexible,Termoflex Multipropósito,Procables,16,3,300 V,,,NTC 3534 / IEC 60227,"Conexiones móviles; electrodomésticos, herramientas portátiles y equipos industriales",,,,"TERMOFLEX MULTIPROPÓSITO 3x16 AWG Cu (cobre) (J) PVC 300V 60°C. Referencia 31368480001 para cotización en Surtilec, línea Cable flexible / Termoflex Multipropósito. Especificaciones registradas: marca Procables, calibre 16 AWG, 3 conductores, voltaje 300 V. Solicita disponibilidad, cantidades y soporte técnico para despacho en Colombia.",
31368460001,TERMOFLEX MULTIPROPÓSITO 3x18 AWG Cu (cobre) (J) PVC 300V 60°C,Cable flexible,Termoflex Multipropósito,Procables,18,3,300 V,,,NTC 3534 / IEC 60227,"Conexiones móviles; electrodomésticos, herramientas portátiles y equipos industriales",,,,"TERMOFLEX MULTIPROPÓSITO 3x18 AWG Cu (cobre) (J) PVC 300V 60°C. Referencia 31368460001 para cotización en Surtilec, línea Cable flexible / Termoflex Multipropósito. Especificaciones registradas: marca Procables, calibre 18 AWG, 3 conductores, voltaje 300 V. Solicita disponibilidad, cantidades y soporte técnico para despacho en Colombia.",
31368440001,TERMOFLEX MULTIPROPÓSITO 3x20 AWG Cu (cobre) (J) PVC 300V 60°C,Cable flexible,Termoflex Multipropósito,Procables,20,3,300 V,,,NTC 3534 / IEC 60227,"Conexiones móviles; electrodomésticos, herramientas portátiles y equipos industriales",,,,"TERMOFLEX MULTIPROPÓSITO 3x20 AWG Cu (cobre) (J) PVC 300V 60°C. Referencia 31368440001 para cotización en Surtilec, línea Cable flexible / Termoflex Multipropósito. Especificaciones registradas: marca Procables, calibre 20 AWG, 3 conductores, voltaje 300 V. Solicita disponibilidad, cantidades y soporte técnico para despacho en Colombia.",
32352320101,THHW 2 AWG (33.6 mm2) AA8000,Cables de aluminio,THHW,Procables,2,,,,,NTC 1580 / ICONTEC,Instalaciones eléctricas industriales y comerciales en lugares secos; tableros y canalizaciones,,,,"THHW 2 AWG (33.6 mm2) AA8000. Referencia 32352320101 para cotización en Surtilec, línea Cables de aluminio / THHW. Especificaciones registradas: marca Procables, calibre 2 AWG. Solicita disponibilidad, cantidades y soporte técnico para despacho en Colombia.",
32352320201,THHW 1 AWG (42.4 mm2) AA8000,Cables de aluminio,THHW,Procables,1,,,,,NTC 1580 / ICONTEC,Instalaciones eléctricas industriales y comerciales en lugares secos; tableros y canalizaciones,,,,"THHW 1 AWG (42.4 mm2) AA8000. Referencia 32352320201 para cotización en Surtilec, línea Cables de aluminio / THHW. Especificaciones registradas: marca Procables, calibre 1 AWG. Solicita disponibilidad, cantidades y soporte técnico para despacho en Colombia.",
32352320301,THHW 1/0 AWG (53.5 mm2) AA8000,Cables de aluminio,THHW,Procables,1/0,,,,,NTC 1580 / ICONTEC,Instalaciones eléctricas industriales y comerciales en lugares secos; tableros y canalizaciones,,,,"THHW 1/0 AWG (53.5 mm2) AA8000. Referencia 32352320301 para cotización en Surtilec, línea Cables de aluminio / THHW. Especificaciones registradas: marca Procables, calibre 1/0 AWG. Solicita disponibilidad, cantidades y soporte técnico para despacho en Colombia.",
32352340101,THHW 1/0 AWG (53.5 mm2),Cables de aluminio,THHW,Procables,1/0,,,,,NTC 1580 / ICONTEC,Instalaciones eléctricas industriales y comerciales en lugares secos; tableros y canalizaciones,,,,"THHW 1/0 AWG (53.5 mm2). Referencia 32352340101 para cotización en Surtilec, línea Cables de aluminio / THHW. Especificaciones registradas: marca Procables, calibre 1/0 AWG. Solicita disponibilidad, cantidades y soporte técnico para despacho en Colombia.",
32352350101,THHW 2/0 AWG (67.4 mm2),Cables de aluminio,THHW,Procables,2/0,,,,,NTC 1580 / ICONTEC,Instalaciones eléctricas industriales y comerciales en lugares secos; tableros y canalizaciones,,,,"THHW 2/0 AWG (67.4 mm2). Referencia 32352350101 para cotización en Surtilec, línea Cables de aluminio / THHW. Especificaciones registradas: marca Procables, calibre 2/0 AWG. Solicita disponibilidad, cantidades y soporte técnico para despacho en Colombia.",
32352360101,THHW 3/0 AWG (85 mm2),Cables de aluminio,THHW,Procables,3/0,,,,,NTC 1580 / ICONTEC,Instalaciones eléctricas industriales y comerciales en lugares secos; tableros y canalizaciones,,,,"THHW 3/0 AWG (85 mm2). Referencia 32352360101 para cotización en Surtilec, línea Cables de aluminio / THHW. Especificaciones registradas: marca Procables, calibre 3/0 AWG. Solicita disponibilidad, cantidades y soporte técnico para despacho en Colombia.",
32352370101,THHW 4/0 AWG (107 mm2),Cables de aluminio,THHW,Procables,4/0,,,,,NTC 1580 / ICONTEC,Instalaciones eléctricas industriales y comerciales en lugares secos; tableros y canalizaciones,,,,"THHW 4/0 AWG (107 mm2). Referencia 32352370101 para cotización en Surtilec, línea Cables de aluminio / THHW. Especificaciones registradas: marca Procables, calibre 4/0 AWG. Solicita disponibilidad, cantidades y soporte técnico para despacho en Colombia.",
32352380101,THHW 250 kcmil (127 mm2),Cables de aluminio,THHW,Procables,250 kcmil,,,,,NTC 1580 / ICONTEC,Instalaciones eléctricas industriales y comerciales en lugares secos; tableros y canalizaciones,,,,"THHW 250 kcmil (127 mm2). Referencia 32352380101 para cotización en Surtilec, línea Cables de aluminio / THHW. Especificaciones registradas: marca Procables, calibre 250 kcmil. Solicita disponibilidad, cantidades y soporte técnico para despacho en Colombia.",
32352390101,THHW 350 kcmil (177 mm2),Cables de aluminio,THHW,Procables,350 kcmil,,,,,NTC 1580 / ICONTEC,Instalaciones eléctricas industriales y comerciales en lugares secos; tableros y canalizaciones,,,,"THHW 350 kcmil (177 mm2). Referencia 32352390101 para cotización en Surtilec, línea Cables de aluminio / THHW. Especificaciones registradas: marca Procables, calibre 350 kcmil. Solicita disponibilidad, cantidades y soporte técnico para despacho en Colombia.",
32352400101,THHW 500 kcmil (253 mm2),Cables de aluminio,THHW,Procables,500 kcmil,,,,,NTC 1580 / ICONTEC,Instalaciones eléctricas industriales y comerciales en lugares secos; tableros y canalizaciones,,,,"THHW 500 kcmil (253 mm2). Referencia 32352400101 para cotización en Surtilec, línea Cables de aluminio / THHW. Especificaciones registradas: marca Procables, calibre 500 kcmil. Solicita disponibilidad, cantidades y soporte técnico para despacho en Colombia.",
32352730101,EXZHELLENT 2 AWG (35mm2) AA8000,Cables de aluminio,Exzhellent,Procables,2,,,,,NTC 1580 / ICONTEC,Instalaciones eléctricas industriales y comerciales en lugares secos; tableros y canalizaciones,,,,"EXZHELLENT 2 AWG (35mm2) AA8000. Referencia 32352730101 para cotización en Surtilec, línea Cables de aluminio / Exzhellent. Especificaciones registradas: marca Procables, calibre 2 AWG. Solicita disponibilidad, cantidades y soporte técnico para despacho en Colombia.",
32352740101,EXZHELLENT 1 AWG (42.4mm2) AA8000,Cables de aluminio,Exzhellent,Procables,1,,,,,NTC 1580 / ICONTEC,Instalaciones eléctricas industriales y comerciales en lugares secos; tableros y canalizaciones,,,,"EXZHELLENT 1 AWG (42.4mm2) AA8000. Referencia 32352740101 para cotización en Surtilec, línea Cables de aluminio / Exzhellent. Especificaciones registradas: marca Procables, calibre 1 AWG. Solicita disponibilidad, cantidades y soporte técnico para despacho en Colombia.",
32352750101,EXZHELLENT 1/0 AWG (53.5mm2) AA8000,Cables de aluminio,Exzhellent,Procables,1/0,,,,,NTC 1580 / ICONTEC,Instalaciones eléctricas industriales y comerciales en lugares secos; tableros y canalizaciones,,,,"EXZHELLENT 1/0 AWG (53.5mm2) AA8000. Referencia 32352750101 para cotización en Surtilec, línea Cables de aluminio / Exzhellent. Especificaciones registradas: marca Procables, calibre 1/0 AWG. Solicita disponibilidad, cantidades y soporte técnico para despacho en Colombia.",
32352760101,EXZHELLENT 2/0 AWG (67.4mm2) AA8000,Cables de aluminio,Exzhellent,Procables,2/0,,,,,NTC 1580 / ICONTEC,Instalaciones eléctricas industriales y comerciales en lugares secos; tableros y canalizaciones,,,,"EXZHELLENT 2/0 AWG (67.4mm2) AA8000. Referencia 32352760101 para cotización en Surtilec, línea Cables de aluminio / Exzhellent. Especificaciones registradas: marca Procables, calibre 2/0 AWG. Solicita disponibilidad, cantidades y soporte técnico para despacho en Colombia.",
32352770101,EXZHELLENT 3/0 AWG (85mm2) AA8000,Cables de aluminio,Exzhellent,Procables,3/0,,,,,NTC 1580 / ICONTEC,Instalaciones eléctricas industriales y comerciales en lugares secos; tableros y canalizaciones,,,,"EXZHELLENT 3/0 AWG (85mm2) AA8000. Referencia 32352770101 para cotización en Surtilec, línea Cables de aluminio / Exzhellent. Especificaciones registradas: marca Procables, calibre 3/0 AWG. Solicita disponibilidad, cantidades y soporte técnico para despacho en Colombia.",
32352780101,EXZHELLENT 4/0 AWG (107mm2) AA8000,Cables de aluminio,Exzhellent,Procables,4/0,,,,,NTC 1580 / ICONTEC,Instalaciones eléctricas industriales y comerciales en lugares secos; tableros y canalizaciones,,,,"EXZHELLENT 4/0 AWG (107mm2) AA8000. Referencia 32352780101 para cotización en Surtilec, línea Cables de aluminio / Exzhellent. Especificaciones registradas: marca Procables, calibre 4/0 AWG. Solicita disponibilidad, cantidades y soporte técnico para despacho en Colombia.",
32352790101,EXZHELLENT 250 kcmil (127mm2) AA8000,Cables de aluminio,Exzhellent,Procables,250 kcmil,,,,,NTC 1580 / ICONTEC,Instalaciones eléctricas industriales y comerciales en lugares secos; tableros y canalizaciones,,,,"EXZHELLENT 250 kcmil (127mm2) AA8000. Referencia 32352790101 para cotización en Surtilec, línea Cables de aluminio / Exzhellent. Especificaciones registradas: marca Procables, calibre 250 kcmil. Solicita disponibilidad, cantidades y soporte técnico para despacho en Colombia.",
32352800101,EXZHELLENT 350 kcmil (177mm2) AA8000,Cables de aluminio,Exzhellent,Procables,350 kcmil,,,,,NTC 1580 / ICONTEC,Instalaciones eléctricas industriales y comerciales en lugares secos; tableros y canalizaciones,,,,"EXZHELLENT 350 kcmil (177mm2) AA8000. Referencia 32352800101 para cotización en Surtilec, línea Cables de aluminio / Exzhellent. Especificaciones registradas: marca Procables, calibre 350 kcmil. Solicita disponibilidad, cantidades y soporte técnico para despacho en Colombia.",
32352810101,EXZHELLENT 500 kcmil (253mm2) AA8000,Cables de aluminio,Exzhellent,Procables,500 kcmil,,,,,NTC 1580 / ICONTEC,Instalaciones eléctricas industriales y comerciales en lugares secos; tableros y canalizaciones,,,,"EXZHELLENT 500 kcmil (253mm2) AA8000. Referencia 32352810101 para cotización en Surtilec, línea Cables de aluminio / Exzhellent. Especificaciones registradas: marca Procables, calibre 500 kcmil. Solicita disponibilidad, cantidades y soporte técnico para despacho en Colombia.",
32480055000,ACSR 4/0 AWG PENGUIN,Cables de distribución,ACSR,Procables,4/0,,,,,ASTM B232 / NTC 1795,Redes de distribución aérea de energía eléctrica,,,,"ACSR 4/0 AWG PENGUIN. Referencia 32480055000 para cotización en Surtilec, línea Cables de distribución / ACSR. Especificaciones registradas: marca Procables, calibre 4/0 AWG. Solicita disponibilidad, cantidades y soporte técnico para despacho en Colombia.",
32480050000,ACSR 2/0 AWG PARTRIDGE,Cables de distribución,ACSR,Procables,2/0,,,,,ASTM B232 / NTC 1795,Redes de distribución aérea de energía eléctrica,,,,"ACSR 2/0 AWG PARTRIDGE. Referencia 32480050000 para cotización en Surtilec, línea Cables de distribución / ACSR. Especificaciones registradas: marca Procables, calibre 2/0 AWG. Solicita disponibilidad, cantidades y soporte técnico para despacho en Colombia.",
32480045000,ACSR 1/0 AWG RAVEN,Cables de distribución,ACSR,Procables,1/0,,,,,ASTM B232 / NTC 1795,Redes de distribución aérea de energía eléctrica,,,,"ACSR 1/0 AWG RAVEN. Referencia 32480045000 para cotización en Surtilec, línea Cables de distribución / ACSR. Especificaciones registradas: marca Procables, calibre 1/0 AWG. Solicita disponibilidad, cantidades y soporte técnico para despacho en Colombia.",
32480040000,ACSR 2 AWG SPARATE,Cables de distribución,ACSR,Procables,2,,,,,ASTM B232 / NTC 1795,Redes de distribución aérea de energía eléctrica,,,,"ACSR 2 AWG SPARATE. Referencia 32480040000 para cotización en Surtilec, línea Cables de distribución / ACSR. Especificaciones registradas: marca Procables, calibre 2 AWG. Solicita disponibilidad, cantidades y soporte técnico para despacho en Colombia.",
32480035000,ACSR 4 AWG PENGUIN,Cables de distribución,ACSR,Procables,4,,,,,ASTM B232 / NTC 1795,Redes de distribución aérea de energía eléctrica,,,,"ACSR 4 AWG PENGUIN. Referencia 32480035000 para cotización en Surtilec, línea Cables de distribución / ACSR. Especificaciones registradas: marca Procables, calibre 4 AWG. Solicita disponibilidad, cantidades y soporte técnico para despacho en Colombia.",
32481200001,ACSR 2/0 SWANATE,Cables de distribución,ACSR,Procables,2/0,,,,,ASTM B232 / NTC 1795,Redes de distribución aérea de energía eléctrica,,,,"ACSR 2/0 SWANATE. Referencia 32481200001 para cotización en Surtilec, línea Cables de distribución / ACSR. Especificaciones registradas: marca Procables, calibre 2/0 AWG. Solicita disponibilidad, cantidades y soporte técnico para despacho en Colombia.",
32481210001,ACSR 4/0 PARTRIDGE,Cables de distribución,ACSR,Procables,4/0,,,,,ASTM B232 / NTC 1795,Redes de distribución aérea de energía eléctrica,,,,"ACSR 4/0 PARTRIDGE. Referencia 32481210001 para cotización en Surtilec, línea Cables de distribución / ACSR. Especificaciones registradas: marca Procables, calibre 4/0 AWG. Solicita disponibilidad, cantidades y soporte técnico para despacho en Colombia.",
32481220001,ACSR 336 kcmil MERLIN,Cables de distribución,ACSR,Procables,336 kcmil,,,,,ASTM B232 / NTC 1795,Redes de distribución aérea de energía eléctrica,,,,"ACSR 336 kcmil MERLIN. Referencia 32481220001 para cotización en Surtilec, línea Cables de distribución / ACSR. Especificaciones registradas: marca Procables, calibre 336 kcmil. Solicita disponibilidad, cantidades y soporte técnico para despacho en Colombia.",
32481230001,ACSR 477 kcmil HAWK,Cables de distribución,ACSR,Procables,477 kcmil,,,,,ASTM B232 / NTC 1795,Redes de distribución aérea de energía eléctrica,,,,"ACSR 477 kcmil HAWK. Referencia 32481230001 para cotización en Surtilec, línea Cables de distribución / ACSR. Especificaciones registradas: marca Procables, calibre 477 kcmil. Solicita disponibilidad, cantidades y soporte técnico para despacho en Colombia.",
32481240001,ACSR 556 kcmil FLICKER,Cables de distribución,ACSR,Procables,556 kcmil,,,,,ASTM B232 / NTC 1795,Redes de distribución aérea de energía eléctrica,,,,"ACSR 556 kcmil FLICKER. Referencia 32481240001 para cotización en Surtilec, línea Cables de distribución / ACSR. Especificaciones registradas: marca Procables, calibre 556 kcmil. Solicita disponibilidad, cantidades y soporte técnico para despacho en Colombia.",
32481250001,ACSR 715 kcmil DRAKE,Cables de distribución,ACSR,Procables,715 kcmil,,,,,ASTM B232 / NTC 1795,Redes de distribución aérea de energía eléctrica,,,,"ACSR 715 kcmil DRAKE. Referencia 32481250001 para cotización en Surtilec, línea Cables de distribución / ACSR. Especificaciones registradas: marca Procables, calibre 715 kcmil. Solicita disponibilidad, cantidades y soporte técnico para despacho en Colombia.",
32482100001,TRIPLEX 2x1/0+1/0 AWG XLPE/XLPE,Cables de distribución,Triplex/Cuadruplex,Procables,1/0,2,,,,ASTM B232 / NTC 1795,Redes de distribución aérea de energía eléctrica,,,,"TRIPLEX 2x1/0+1/0 AWG XLPE/XLPE. Referencia 32482100001 para cotización en Surtilec, línea Cables de distribución / Triplex/Cuadruplex. Especificaciones registradas: marca Procables, calibre 1/0 AWG, 2 conductores. Solicita disponibilidad, cantidades y soporte técnico para despacho en Colombia.",
32482120001,TRIPLEX 2x2/0+2/0 AWG XLPE/XLPE,Cables de distribución,Triplex/Cuadruplex,Procables,2/0,2,,,,ASTM B232 / NTC 1795,Redes de distribución aérea de energía eléctrica,,,,"TRIPLEX 2x2/0+2/0 AWG XLPE/XLPE. Referencia 32482120001 para cotización en Surtilec, línea Cables de distribución / Triplex/Cuadruplex. Especificaciones registradas: marca Procables, calibre 2/0 AWG, 2 conductores. Solicita disponibilidad, cantidades y soporte técnico para despacho en Colombia.",
32482130001,TRIPLEX 2x4/0+4/0 AWG XLPE/XLPE,Cables de distribución,Triplex/Cuadruplex,Procables,4/0,2,,,,ASTM B232 / NTC 1795,Redes de distribución aérea de energía eléctrica,,,,"TRIPLEX 2x4/0+4/0 AWG XLPE/XLPE. Referencia 32482130001 para cotización en Surtilec, línea Cables de distribución / Triplex/Cuadruplex. Especificaciones registradas: marca Procables, calibre 4/0 AWG, 2 conductores. Solicita disponibilidad, cantidades y soporte técnico para despacho en Colombia.",
32482140001,TRIPLEX 2x250+250 kcmil XLPE/XLPE,Cables de distribución,Triplex/Cuadruplex,Procables,250 kcmil,2,,,,ASTM B232 / NTC 1795,Redes de distribución aérea de energía eléctrica,,,,"TRIPLEX 2x250+250 kcmil XLPE/XLPE. Referencia 32482140001 para cotización en Surtilec, línea Cables de distribución / Triplex/Cuadruplex. Especificaciones registradas: marca Procables, calibre 250 kcmil, 2 conductores. Solicita disponibilidad, cantidades y soporte técnico para despacho en Colombia.",
32482150001,CUADRUPLEX 3x1/0+1/0 AWG XLPE,Cables de distribución,Triplex/Cuadruplex,Procables,1/0,3,,,,ASTM B232 / NTC 1795,Redes de distribución aérea de energía eléctrica,,,,"CUADRUPLEX 3x1/0+1/0 AWG XLPE. Referencia 32482150001 para cotización en Surtilec, línea Cables de distribución / Triplex/Cuadruplex. Especificaciones registradas: marca Procables, calibre 1/0 AWG, 3 conductores. Solicita disponibilidad, cantidades y soporte técnico para despacho en Colombia.",
32482160001,CUADRUPLEX 3x2/0+2/0 AWG XLPE,Cables de distribución,Triplex/Cuadruplex,Procables,2/0,3,,,,ASTM B232 / NTC 1795,Redes de distribución aérea de energía eléctrica,,,,"CUADRUPLEX 3x2/0+2/0 AWG XLPE. Referencia 32482160001 para cotización en Surtilec, línea Cables de distribución / Triplex/Cuadruplex. Especificaciones registradas: marca Procables, calibre 2/0 AWG, 3 conductores. Solicita disponibilidad, cantidades y soporte técnico para despacho en Colombia.",
32482170001,CUADRUPLEX 3x4/0+4/0 AWG XLPE,Cables de distribución,Triplex/Cuadruplex,Procables,4/0,3,,,,ASTM B232 / NTC 1795,Redes de distribución aérea de energía eléctrica,,,,"CUADRUPLEX 3x4/0+4/0 AWG XLPE. Referencia 32482170001 para cotización en Surtilec, línea Cables de distribución / Triplex/Cuadruplex. Especificaciones registradas: marca Procables, calibre 4/0 AWG, 3 conductores. Solicita disponibilidad, cantidades y soporte técnico para despacho en Colombia.",
32482180001,CUADRUPLEX 3x250+250 kcmil XLPE,Cables de distribución,Triplex/Cuadruplex,Procables,250 kcmil,3,,,,ASTM B232 / NTC 1795,Redes de distribución aérea de energía eléctrica,,,,"CUADRUPLEX 3x250+250 kcmil XLPE. Referencia 32482180001 para cotización en Surtilec, línea Cables de distribución / Triplex/Cuadruplex. Especificaciones registradas: marca Procables, calibre 250 kcmil, 3 conductores. Solicita disponibilidad, cantidades y soporte técnico para despacho en Colombia.",
31399000693,PV 4mm2 Cu (flexible) XLPE SR 2000V G&O 90°C PVC,Cables solares,,Procables,,,2000 V,,,IEC 62930 / TÜV 2Pfg 1169,Sistemas fotovoltaicos; conexión de paneles solares a inversores; uso en exteriores,,,,PV 4mm2 Cu (FLEX) XLPE SR 2000V G&O 90°C PVC,
31399000894,PV 6mm2 Cu (flexible) XLPE SR 1500V G&O 90°C PVC,Cables solares,,Procables,,,1500 V,,,IEC 62930 / TÜV 2Pfg 1169,Sistemas fotovoltaicos; conexión de paneles solares a inversores; uso en exteriores,,,,PV 6mm2 Cu (FLEX) XLPE SR 1500V G&O 90°C PVC,
31399000895,PV 6mm2 Cu (flexible) XLPE SR 1000V G&O 90°C PVC,Cables solares,,Procables,,,1000 V,,,IEC 62930 / TÜV 2Pfg 1169,Sistemas fotovoltaicos; conexión de paneles solares a inversores; uso en exteriores,,,,PV 6mm2 Cu (FLEX) XLPE SR 1000V G&O 90°C PVC,
31399001094,PV 10mm2 Cu (flexible) XLPE SR 1500V G&O 90°C PVC,Cables solares,,Procables,,,1500 V,,,IEC 62930 / TÜV 2Pfg 1169,Sistemas fotovoltaicos; conexión de paneles solares a inversores; uso en exteriores,,,,PV 10mm2 Cu (FLEX) XLPE SR 1500V G&O 90°C PVC,
81471200002,Cable LAN CAT5E 4PX26AWG,Cables de red,,Procables,26,,,,,ANSI/TIA-568,"Redes de datos, telecomunicaciones y Ethernet en entornos industriales y comerciales",,,,"Cable LAN CAT5E 4PX26AWG. Referencia 81471200002 para cotización en Surtilec, línea Cables de red. Especificaciones registradas: marca Procables, calibre 26 AWG. Solicita disponibilidad, cantidades y soporte técnico para despacho en Colombia.",
81471200003,Cable LAN CAT6 4PX23AWG,Cables de red,,Procables,23,,,,,ANSI/TIA-568,"Redes de datos, telecomunicaciones y Ethernet en entornos industriales y comerciales",,,,"Cable LAN CAT6 4PX23AWG. Referencia 81471200003 para cotización en Surtilec, línea Cables de red. Especificaciones registradas: marca Procables, calibre 23 AWG. Solicita disponibilidad, cantidades y soporte técnico para despacho en Colombia.",
81471200004,Cable LAN CAT6A 4PX23AWG,Cables de red,,Procables,23,,,,,ANSI/TIA-568,"Redes de datos, telecomunicaciones y Ethernet en entornos industriales y comerciales",,,,"Cable LAN CAT6A 4PX23AWG. Referencia 81471200004 para cotización en Surtilec, línea Cables de red. Especificaciones registradas: marca Procables, calibre 23 AWG. Solicita disponibilidad, cantidades y soporte técnico para despacho en Colombia.",
81471200005,Cable LAN CAT5E APANT 4PX24AWG,Cables de red,,Procables,24,,,,,ANSI/TIA-568,"Redes de datos, telecomunicaciones y Ethernet en entornos industriales y comerciales",,,,"Cable LAN CAT5E APANT 4PX24AWG. Referencia 81471200005 para cotización en Surtilec, línea Cables de red. Especificaciones registradas: marca Procables, calibre 24 AWG. Solicita disponibilidad, cantidades y soporte técnico para despacho en Colombia.",
88490018501,FO SM ARMADA 96H CINTA ACERO,Cables de fibra óptica,,Procables,,,,,,,Redes de telecomunicaciones de alta velocidad; transmisión de datos a larga distancia,,,,"FO SM ARMADA 96H CINTA ACERO. Referencia 88490018501 para cotización en Surtilec, línea Cables de fibra óptica. Especificaciones registradas: marca Procables. Solicita disponibilidad, cantidades y soporte técnico para despacho en Colombia.",
88490037001,FO SM ADSS 12H VANO 120,Cables de fibra óptica,,Procables,,,,,,,Redes de telecomunicaciones de alta velocidad; transmisión de datos a larga distancia,,,,"FO SM ADSS 12H VANO 120. Referencia 88490037001 para cotización en Surtilec, línea Cables de fibra óptica. Especificaciones registradas: marca Procables. Solicita disponibilidad, cantidades y soporte técnico para despacho en Colombia.",
88490037101,FO SM ADSS 24H VANO 120,Cables de fibra óptica,,Procables,,,,,,,Redes de telecomunicaciones de alta velocidad; transmisión de datos a larga distancia,,,,"FO SM ADSS 24H VANO 120. Referencia 88490037101 para cotización en Surtilec, línea Cables de fibra óptica. Especificaciones registradas: marca Procables. Solicita disponibilidad, cantidades y soporte técnico para despacho en Colombia.",
88490037201,FO SM ADSS 48H VANO 120,Cables de fibra óptica,,Procables,,,,,,,Redes de telecomunicaciones de alta velocidad; transmisión de datos a larga distancia,,,,"FO SM ADSS 48H VANO 120. Referencia 88490037201 para cotización en Surtilec, línea Cables de fibra óptica. Especificaciones registradas: marca Procables. Solicita disponibilidad, cantidades y soporte técnico para despacho en Colombia.",
88490038501,FO SM ADSS 12H VANO 200,Cables de fibra óptica,,Procables,,,,,,,Redes de telecomunicaciones de alta velocidad; transmisión de datos a larga distancia,,,,"FO SM ADSS 12H VANO 200. Referencia 88490038501 para cotización en Surtilec, línea Cables de fibra óptica. Especificaciones registradas: marca Procables. Solicita disponibilidad, cantidades y soporte técnico para despacho en Colombia.",
88490038601,FO SM ADSS 24H VANO 200,Cables de fibra óptica,,Procables,,,,,,,Redes de telecomunicaciones de alta velocidad; transmisión de datos a larga distancia,,,,"FO SM ADSS 24H VANO 200. Referencia 88490038601 para cotización en Surtilec, línea Cables de fibra óptica. Especificaciones registradas: marca Procables. Solicita disponibilidad, cantidades y soporte técnico para despacho en Colombia.",
88490038701,FO SM ADSS 48H VANO 200,Cables de fibra óptica,,Procables,,,,,,,Redes de telecomunicaciones de alta velocidad; transmisión de datos a larga distancia,,,,"FO SM ADSS 48H VANO 200. Referencia 88490038701 para cotización en Surtilec, línea Cables de fibra óptica. Especificaciones registradas: marca Procables. Solicita disponibilidad, cantidades y soporte técnico para despacho en Colombia.",
88490202601,FO SM ARMADA 24H CINTA ACERO,Cables de fibra óptica,,Procables,,,,,,,Redes de telecomunicaciones de alta velocidad; transmisión de datos a larga distancia,,,,"FO SM ARMADA 24H CINTA ACERO. Referencia 88490202601 para cotización en Surtilec, línea Cables de fibra óptica. Especificaciones registradas: marca Procables. Solicita disponibilidad, cantidades y soporte técnico para despacho en Colombia.",
88490202701,FO SM ARMADA 48H CINTA ACERO,Cables de fibra óptica,,Procables,,,,,,,Redes de telecomunicaciones de alta velocidad; transmisión de datos a larga distancia,,,,"FO SM ARMADA 48H CINTA ACERO. Referencia 88490202701 para cotización en Surtilec, línea Cables de fibra óptica. Especificaciones registradas: marca Procables. Solicita disponibilidad, cantidades y soporte técnico para despacho en Colombia.",
88490211001,MICRO FO SM 24H FRP WB,Cables de fibra óptica,,Procables,,,,,,,Redes de telecomunicaciones de alta velocidad; transmisión de datos a larga distancia,,,,"MICRO FO SM 24H FRP WB. Referencia 88490211001 para cotización en Surtilec, línea Cables de fibra óptica. Especificaciones registradas: marca Procables. Solicita disponibilidad, cantidades y soporte técnico para despacho en Colombia.",
106565,16 AWG 4 conductores SJOOW Cordón portátil 300V,Cable flexible,Cable encauchetado,,16,4,300 V,Sí,Thermoset CPE,,,,,,"16 AWG 4 conductores SJOOW Cordón portátil 300V. Referencia 106565 para cotización en Surtilec, línea Cable flexible / Cable encauchetado. Especificaciones registradas: calibre 16 AWG, 4 conductores, voltaje 300 V, apantallado, chaqueta Thermoset CPE. Solicita disponibilidad, cantidades y soporte técnico para despacho en Colombia.",
106969,18/4C VNTC apantallado Cable para bandeja E2 600V ER,Cables especiales,Cable para bandeja / tray cable,,18,4,600 V,Sí,PVC - Polyvinyl Chloride,,,,,,"18/4C VNTC apantallado Cable para bandeja E2 600V ER. Referencia 106969 para cotización en Surtilec, línea Cables especiales / Cable para bandeja / tray cable. Especificaciones registradas: calibre 18 AWG, 4 conductores, voltaje 600 V, apantallado, chaqueta PVC - Polyvinyl Chloride. Solicita disponibilidad, cantidades y soporte técnico para despacho en Colombia.",
1075A,Belden 1075A — 20/2P-22/1C 300V Cable PLTC BC I/O blindaje PLTC/ITC/CMG PVC/PVC,Cables especiales,Cable para bandeja / tray cable,,20,2,300 V,Sí,PVC - Polyvinyl Chloride,PLTC/ITC; CMG/PLTC; CMG/FT4,,,,,"Belden 1075A — 20/2P-22/1C 300V Cable PLTC BC I/O blindaje PLTC/ITC/CMG PVC/PVC. Referencia 1075A para cotización en Surtilec, línea Cables especiales / Cable para bandeja / tray cable. Especificaciones registradas: calibre 20 AWG, 2 conductores, voltaje 300 V, apantallado, chaqueta PVC - Polyvinyl Chloride. Solicita disponibilidad, cantidades y soporte técnico para despacho en Colombia.",
3079A,Belden 3079A — 22/1P Cable DataBus Profibus Cable BC apantallado PLTC/ITC/CMG PE/PVC 300V,Cables de red,,Belden,22,1,300 V,Sí,PVC - Polyvinyl Chloride,20201; PLTC/CMG; CMG/FT4,,,,,"Belden 3079A — 22/1P Cable DataBus Profibus Cable BC apantallado PLTC/ITC/CMG PE/PVC 300V. Referencia 3079A para cotización en Surtilec, línea Cables de red. Especificaciones registradas: marca Belden, calibre 22 AWG, 1 conductores, voltaje 300 V, apantallado. Solicita disponibilidad, cantidades y soporte técnico para despacho en Colombia.",
8770,Belden 8770 — Cable multiconductor 18/3C STR TC PE Beldfoil PVC,Cables de control,,Belden,18,3,300 V,Sí,PVC  - Polyvinyl Chloride,AWM; CM; CM,,,,,"Belden 8770 — Cable multiconductor 18/3C STR TC PE Beldfoil PVC. Referencia 8770 para cotización en Surtilec, línea Cables de control. Especificaciones registradas: marca Belden, calibre 18 AWG, 3 conductores, voltaje 300 V, apantallado. Solicita disponibilidad, cantidades y soporte técnico para despacho en Colombia.",
110902,18/8C CL3R/CMR Cable multiconductor BC apantallado PVC 300V,Cables de control,,,18,8,300 V,Sí,PVC - Polyvinyl Chloride,CL3R/CMR; 725/800; C(UL),,,,,"18/8C CL3R/CMR Cable multiconductor BC apantallado PVC 300V. Referencia 110902 para cotización en Surtilec, línea Cables de control. Especificaciones registradas: calibre 18 AWG, 8 conductores, voltaje 300 V, apantallado, chaqueta PVC - Polyvinyl Chloride. Solicita disponibilidad, cantidades y soporte técnico para despacho en Colombia.",
106562,10 AWG 4 conductores SJOOW Cordón portátil 300V,Cable flexible,Cable encauchetado,,10,4,300 V,Sí,Thermoset CPE,,,,,,"10 AWG 4 conductores SJOOW Cordón portátil 300V. Referencia 106562 para cotización en Surtilec, línea Cable flexible / Cable encauchetado. Especificaciones registradas: calibre 10 AWG, 4 conductores, voltaje 300 V, apantallado, chaqueta Thermoset CPE. Solicita disponibilidad, cantidades y soporte técnico para despacho en Colombia.",
106563,12 AWG 3 conductores SJOOW Cordón portátil 300V,Cable flexible,Cable encauchetado,,12,3,300 V,Sí,Thermoset CPE,,,,,,"12 AWG 3 conductores SJOOW Cordón portátil 300V. Referencia 106563 para cotización en Surtilec, línea Cable flexible / Cable encauchetado. Especificaciones registradas: calibre 12 AWG, 3 conductores, voltaje 300 V, apantallado, chaqueta Thermoset CPE. Solicita disponibilidad, cantidades y soporte técnico para despacho en Colombia.",
106564,12 AWG 4 conductores SJOOW Cordón portátil 300V,Cable flexible,Cable encauchetado,,12,4,300 V,Sí,Thermoset CPE,,,,,,"12 AWG 4 conductores SJOOW Cordón portátil 300V. Referencia 106564 para cotización en Surtilec, línea Cable flexible / Cable encauchetado. Especificaciones registradas: calibre 12 AWG, 4 conductores, voltaje 300 V, apantallado, chaqueta Thermoset CPE. Solicita disponibilidad, cantidades y soporte técnico para despacho en Colombia.",
106566,18 AWG 3 conductores SJOOW Cordón portátil 300V,Cable flexible,Cable encauchetado,,18,3,300 V,Sí,Thermoset CPE,,,,,,"18 AWG 3 conductores SJOOW Cordón portátil 300V. Referencia 106566 para cotización en Surtilec, línea Cable flexible / Cable encauchetado. Especificaciones registradas: calibre 18 AWG, 3 conductores, voltaje 300 V, apantallado, chaqueta Thermoset CPE. Solicita disponibilidad, cantidades y soporte técnico para despacho en Colombia.",
106567,4/4C SOOW Cordón portátil 90C 600V CPE negro Non-UL,Cable flexible,Cable encauchetado,,4,4,600 V,Sí,Thermoset CPE,,,,,,"4/4C SOOW Cordón portátil 90C 600V CPE negro Non-UL. Referencia 106567 para cotización en Surtilec, línea Cable flexible / Cable encauchetado. Especificaciones registradas: calibre 4 AWG, 4 conductores, voltaje 600 V, apantallado, chaqueta Thermoset CPE. Solicita disponibilidad, cantidades y soporte técnico para despacho en Colombia.",
106568,8/3C SOOW Cordón portátil 90C 600V CPE negro Non-UL,Cable flexible,Cable encauchetado,,8,3,600 V,Sí,Thermoset CPE,,,,,,"8/3C SOOW Cordón portátil 90C 600V CPE negro Non-UL. Referencia 106568 para cotización en Surtilec, línea Cable flexible / Cable encauchetado. Especificaciones registradas: calibre 8 AWG, 3 conductores, voltaje 600 V, apantallado, chaqueta Thermoset CPE. Solicita disponibilidad, cantidades y soporte técnico para despacho en Colombia.",
106569,8/4C SOOW Cordón portátil 90C 600V CPE negro Non-UL,Cable flexible,Cable encauchetado,,8,4,600 V,Sí,Thermoset CPE,,,,,,"8/4C SOOW Cordón portátil 90C 600V CPE negro Non-UL. Referencia 106569 para cotización en Surtilec, línea Cable flexible / Cable encauchetado. Especificaciones registradas: calibre 8 AWG, 4 conductores, voltaje 600 V, apantallado, chaqueta Thermoset CPE. Solicita disponibilidad, cantidades y soporte técnico para despacho en Colombia.",
106570,10/2C SOOW Cordón portátil 90C 600V CPE,Cable flexible,Cable encauchetado,,10,2,600 V,Sí,Thermoset CPE,,,,,,"10/2C SOOW Cordón portátil 90C 600V CPE. Referencia 106570 para cotización en Surtilec, línea Cable flexible / Cable encauchetado. Especificaciones registradas: calibre 10 AWG, 2 conductores, voltaje 600 V, apantallado, chaqueta Thermoset CPE. Solicita disponibilidad, cantidades y soporte técnico para despacho en Colombia.",
106571,16/2C SOOW Cordón portátil 90C 600V CPE,Cable flexible,Cable encauchetado,,16,2,600 V,Sí,Thermoset CPE,,,,,,"16/2C SOOW Cordón portátil 90C 600V CPE. Referencia 106571 para cotización en Surtilec, línea Cable flexible / Cable encauchetado. Especificaciones registradas: calibre 16 AWG, 2 conductores, voltaje 600 V, apantallado, chaqueta Thermoset CPE. Solicita disponibilidad, cantidades y soporte técnico para despacho en Colombia.",
106572,16/3C SOOW Cordón portátil 90C 600V CPE,Cable flexible,Cable encauchetado,,16,3,600 V,Sí,Thermoset CPE,,,,,,"16/3C SOOW Cordón portátil 90C 600V CPE. Referencia 106572 para cotización en Surtilec, línea Cable flexible / Cable encauchetado. Especificaciones registradas: calibre 16 AWG, 3 conductores, voltaje 600 V, apantallado, chaqueta Thermoset CPE. Solicita disponibilidad, cantidades y soporte técnico para despacho en Colombia.",
106573,16/4C SOOW Cordón portátil 90C 600V CPE,Cable flexible,Cable encauchetado,,16,4,600 V,Sí,Thermoset CPE,,,,,,"16/4C SOOW Cordón portátil 90C 600V CPE. Referencia 106573 para cotización en Surtilec, línea Cable flexible / Cable encauchetado. Especificaciones registradas: calibre 16 AWG, 4 conductores, voltaje 600 V, apantallado, chaqueta Thermoset CPE. Solicita disponibilidad, cantidades y soporte técnico para despacho en Colombia.",
106574,18/5C SOOW Cordón portátil 90C 600V CPE,Cable flexible,Cable encauchetado,,18,5,600 V,,Thermoset CPE,,,,,,"18/5C SOOW Cordón portátil 90C 600V CPE. Referencia 106574 para cotización en Surtilec, línea Cable flexible / Cable encauchetado. Especificaciones registradas: calibre 18 AWG, 5 conductores, voltaje 600 V, chaqueta Thermoset CPE. Solicita disponibilidad, cantidades y soporte técnico para despacho en Colombia.",
106575,1 AWG clase K Cable de soldadura 600V 105C EPDM,Cables especiales,Cable de soldadura,,1,1,600 V,Sí,EPDM - Ethylene Propylene Diene Monomer,,,,,,"1 AWG clase K Cable de soldadura 600V 105C EPDM. Referencia 106575 para cotización en Surtilec, línea Cables especiales / Cable de soldadura. Especificaciones registradas: calibre 1 AWG, 1 conductores, voltaje 600 V, apantallado, chaqueta EPDM - Ethylene Propylene Diene Monomer. Solicita disponibilidad, cantidades y soporte técnico para despacho en Colombia.",
106576,2 AWG clase K Cable de soldadura 600V 105C EPDM,Cables especiales,Cable de soldadura,,2,1,600 V,Sí,EPDM - Ethylene Propylene Diene Monomer,,,,,,"2 AWG clase K Cable de soldadura 600V 105C EPDM. Referencia 106576 para cotización en Surtilec, línea Cables especiales / Cable de soldadura. Especificaciones registradas: calibre 2 AWG, 1 conductores, voltaje 600 V, apantallado, chaqueta EPDM - Ethylene Propylene Diene Monomer. Solicita disponibilidad, cantidades y soporte técnico para despacho en Colombia.",
106578-V2,2 AWG Super Vu-Tron Cable de soldadura 600V 90C,Cables especiales,Cable de soldadura,,2,1,600 V,Sí,Super Vu-Tron - CPE,,,,,,"2 AWG Super Vu-Tron Cable de soldadura 600V 90C. Referencia 106578-V2 para cotización en Surtilec, línea Cables especiales / Cable de soldadura. Especificaciones registradas: calibre 2 AWG, 1 conductores, voltaje 600 V, apantallado, chaqueta Super Vu-Tron - CPE. Solicita disponibilidad, cantidades y soporte técnico para despacho en Colombia.",
106579,4 AWG clase K Cable de soldadura 600V 105C EPDM,Cables especiales,Cable de soldadura,,4,1,600 V,Sí,EPDM - Ethylene Propylene Diene Monomer,,,,,,"4 AWG clase K Cable de soldadura 600V 105C EPDM. Referencia 106579 para cotización en Surtilec, línea Cables especiales / Cable de soldadura. Especificaciones registradas: calibre 4 AWG, 1 conductores, voltaje 600 V, apantallado, chaqueta EPDM - Ethylene Propylene Diene Monomer. Solicita disponibilidad, cantidades y soporte técnico para despacho en Colombia.",
106581,6 AWG clase K Cable de soldadura 600V 105C EPDM,Cables especiales,Cable de soldadura,,6,1,600 V,Sí,EPDM - Ethylene Propylene Diene Monomer,,,,,,"6 AWG clase K Cable de soldadura 600V 105C EPDM. Referencia 106581 para cotización en Surtilec, línea Cables especiales / Cable de soldadura. Especificaciones registradas: calibre 6 AWG, 1 conductores, voltaje 600 V, apantallado, chaqueta EPDM - Ethylene Propylene Diene Monomer. Solicita disponibilidad, cantidades y soporte técnico para despacho en Colombia.",
106582,1/0 AWG clase K Cable de soldadura 600V 105C EPDM,Cables especiales,Cable de soldadura,,1/0,1,600 V,Sí,EPDM - Ethylene Propylene Diene Monomer,,,,,,"1/0 AWG clase K Cable de soldadura 600V 105C EPDM. Referencia 106582 para cotización en Surtilec, línea Cables especiales / Cable de soldadura. Especificaciones registradas: calibre 1/0 AWG, 1 conductores, voltaje 600 V, apantallado, chaqueta EPDM - Ethylene Propylene Diene Monomer. Solicita disponibilidad, cantidades y soporte técnico para despacho en Colombia.",
106584,1/0 AWG Super Vu-Tron Cable de soldadura 600V 90C,Cables especiales,Cable de soldadura,,1/0,1,600 V,Sí,Super Vu-Tron - CPE,,,,,,"1/0 AWG Super Vu-Tron Cable de soldadura 600V 90C. Referencia 106584 para cotización en Surtilec, línea Cables especiales / Cable de soldadura. Especificaciones registradas: calibre 1/0 AWG, 1 conductores, voltaje 600 V, apantallado, chaqueta Super Vu-Tron - CPE. Solicita disponibilidad, cantidades y soporte técnico para despacho en Colombia.",
106585,2/0 AWG clase K Cable de soldadura 600V 105C EPDM,Cables especiales,Cable de soldadura,,2/0,1,600 V,Sí,EPDM - Ethylene Propylene Diene Monomer,,,,,,"2/0 AWG clase K Cable de soldadura 600V 105C EPDM. Referencia 106585 para cotización en Surtilec, línea Cables especiales / Cable de soldadura. Especificaciones registradas: calibre 2/0 AWG, 1 conductores, voltaje 600 V, apantallado, chaqueta EPDM - Ethylene Propylene Diene Monomer. Solicita disponibilidad, cantidades y soporte técnico para despacho en Colombia.",
106587-V20,2/0 AWG Super Vu-Tron Cable de soldadura 600V 90C,Cables especiales,Cable de soldadura,,2/0,1,600 V,Sí,Super Vu-Tron - CPE,,,,,,"2/0 AWG Super Vu-Tron Cable de soldadura 600V 90C. Referencia 106587-V20 para cotización en Surtilec, línea Cables especiales / Cable de soldadura. Especificaciones registradas: calibre 2/0 AWG, 1 conductores, voltaje 600 V, apantallado, chaqueta Super Vu-Tron - CPE. Solicita disponibilidad, cantidades y soporte técnico para despacho en Colombia.",
106588,250 KCMIL clase K Cable de soldadura 600V 105C EPDM,Cables especiales,Cable de soldadura,,250 MCM,1,600 V,Sí,EPDM - Ethylene Propylene Diene Monomer,,,,,,"250 KCMIL clase K Cable de soldadura 600V 105C EPDM. Referencia 106588 para cotización en Surtilec, línea Cables especiales / Cable de soldadura. Especificaciones registradas: calibre 250 MCM, 1 conductores, voltaje 600 V, apantallado, chaqueta EPDM - Ethylene Propylene Diene Monomer. Solicita disponibilidad, cantidades y soporte técnico para despacho en Colombia.",
106589,3/0 AWG clase K Cable de soldadura 600V 105C EPDM,Cables especiales,Cable de soldadura,,3/0,1,600 V,Sí,EPDM - Ethylene Propylene Diene Monomer,,,,,,"3/0 AWG clase K Cable de soldadura 600V 105C EPDM. Referencia 106589 para cotización en Surtilec, línea Cables especiales / Cable de soldadura. Especificaciones registradas: calibre 3/0 AWG, 1 conductores, voltaje 600 V, apantallado, chaqueta EPDM - Ethylene Propylene Diene Monomer. Solicita disponibilidad, cantidades y soporte técnico para despacho en Colombia.",
106590,350 KCMIL clase K Cable de soldadura 600V 105C EPDM,Cables especiales,Cable de soldadura,,350 MCM,1,600 V,Sí,EPDM - Ethylene Propylene Diene Monomer,,,,,,"350 KCMIL clase K Cable de soldadura 600V 105C EPDM. Referencia 106590 para cotización en Surtilec, línea Cables especiales / Cable de soldadura. Especificaciones registradas: calibre 350 MCM, 1 conductores, voltaje 600 V, apantallado, chaqueta EPDM - Ethylene Propylene Diene Monomer. Solicita disponibilidad, cantidades y soporte técnico para despacho en Colombia.",
106591,4/0 AWG clase K Cable de soldadura 600V 105C EPDM,Cables especiales,Cable de soldadura,,4/0,1,600 V,Sí,EPDM - Ethylene Propylene Diene Monomer,,,,,,"4/0 AWG clase K Cable de soldadura 600V 105C EPDM. Referencia 106591 para cotización en Surtilec, línea Cables especiales / Cable de soldadura. Especificaciones registradas: calibre 4/0 AWG, 1 conductores, voltaje 600 V, apantallado, chaqueta EPDM - Ethylene Propylene Diene Monomer. Solicita disponibilidad, cantidades y soporte técnico para despacho en Colombia.",
106592,4/0 AWG Super Vu-Tron clase M Cable de soldadura 600V 90C,Cables especiales,Cable de soldadura,,4/0,1,600 V,Sí,Super Vu-Tron - CPE,,,,,,"4/0 AWG Super Vu-Tron clase M Cable de soldadura 600V 90C. Referencia 106592 para cotización en Surtilec, línea Cables especiales / Cable de soldadura. Especificaciones registradas: calibre 4/0 AWG, 1 conductores, voltaje 600 V, apantallado, chaqueta Super Vu-Tron - CPE. Solicita disponibilidad, cantidades y soporte técnico para despacho en Colombia.",
106593,500 KCMIL clase K Cable de soldadura 600V 105C EPDM,Cables especiales,Cable de soldadura,,500 MCM,1,600 V,Sí,EPDM - Ethylene Propylene Diene Monomer,,,,,,"500 KCMIL clase K Cable de soldadura 600V 105C EPDM. Referencia 106593 para cotización en Surtilec, línea Cables especiales / Cable de soldadura. Especificaciones registradas: calibre 500 MCM, 1 conductores, voltaje 600 V, apantallado, chaqueta EPDM - Ethylene Propylene Diene Monomer. Solicita disponibilidad, cantidades y soporte técnico para despacho en Colombia.",
106594,2 AWG puente Cable N/S EPR,Cables especiales,Cables apantallados,,2,1,5 kV,Sí,EPDM - Ethylene Propylene Diene Monomer,,,,,,"2 AWG puente Cable N/S EPR. Referencia 106594 para cotización en Surtilec, línea Cables especiales / Cables apantallados. Especificaciones registradas: calibre 2 AWG, 1 conductores, voltaje 5 kV, apantallado, chaqueta EPDM - Ethylene Propylene Diene Monomer. Solicita disponibilidad, cantidades y soporte técnico para despacho en Colombia.",
106595,2/0 AWG puente Cable N/S EPR,Cables especiales,Cables apantallados,,2/0,1,5 kV,Sí,EPDM - Ethylene Propylene Diene Monomer,,,,,,"2/0 AWG puente Cable N/S EPR. Referencia 106595 para cotización en Surtilec, línea Cables especiales / Cables apantallados. Especificaciones registradas: calibre 2/0 AWG, 1 conductores, voltaje 5 kV, apantallado, chaqueta EPDM - Ethylene Propylene Diene Monomer. Solicita disponibilidad, cantidades y soporte técnico para despacho en Colombia.",
106596,4/0 AWG puente Cable N/S EPR,Cables especiales,Cables apantallados,,4/0,1,5 kV,Sí,EPDM - Ethylene Propylene Diene Monomer,,,,,,"4/0 AWG puente Cable N/S EPR. Referencia 106596 para cotización en Surtilec, línea Cables especiales / Cables apantallados. Especificaciones registradas: calibre 4/0 AWG, 1 conductores, voltaje 5 kV, apantallado, chaqueta EPDM - Ethylene Propylene Diene Monomer. Solicita disponibilidad, cantidades y soporte técnico para despacho en Colombia.",
106597,500 MCM puente Cable N/S EPR,Cables especiales,Cables apantallados,,500 MCM,1,5 kV,Sí,EPDM - Ethylene Propylene Diene Monomer,,,,,,"500 MCM puente Cable N/S EPR. Referencia 106597 para cotización en Surtilec, línea Cables especiales / Cables apantallados. Especificaciones registradas: calibre 500 MCM, 1 conductores, voltaje 5 kV, apantallado, chaqueta EPDM - Ethylene Propylene Diene Monomer. Solicita disponibilidad, cantidades y soporte técnico para despacho en Colombia.",
106598,1 AWG 4C tipo W Cable EPDM/CPE 2KV,Cables especiales,Cables apantallados,,1,4,2 kV,Sí,CPE - Chlorinated Polyethylene,,,,,,"1 AWG 4C tipo W Cable EPDM/CPE 2KV. Referencia 106598 para cotización en Surtilec, línea Cables especiales / Cables apantallados. Especificaciones registradas: calibre 1 AWG, 4 conductores, voltaje 2 kV, apantallado, chaqueta CPE - Chlorinated Polyethylene. Solicita disponibilidad, cantidades y soporte técnico para despacho en Colombia.",
106599,4 AWG 3C tipo W Cable EPDM/CPE 2KV,Cables especiales,Cables apantallados,,4,3,2 kV,Sí,CPE - Chlorinated Polyethylene,,,,,,"4 AWG 3C tipo W Cable EPDM/CPE 2KV. Referencia 106599 para cotización en Surtilec, línea Cables especiales / Cables apantallados. Especificaciones registradas: calibre 4 AWG, 3 conductores, voltaje 2 kV, apantallado, chaqueta CPE - Chlorinated Polyethylene. Solicita disponibilidad, cantidades y soporte técnico para despacho en Colombia.",
106600,6 AWG 2C tipo W Cable EPDM/CPE 2KV,Cables especiales,Cables apantallados,,6,2,2 kV,Sí,CPE - Chlorinated Polyethylene,,,,,,"6 AWG 2C tipo W Cable EPDM/CPE 2KV. Referencia 106600 para cotización en Surtilec, línea Cables especiales / Cables apantallados. Especificaciones registradas: calibre 6 AWG, 2 conductores, voltaje 2 kV, apantallado, chaqueta CPE - Chlorinated Polyethylene. Solicita disponibilidad, cantidades y soporte técnico para despacho en Colombia.",
106601,6 AWG 4C tipo W Cable EPDM/CPE 2KV,Cables especiales,Cables apantallados,,6,4,2 kV,Sí,CPE - Chlorinated Polyethylene,,,,,,"6 AWG 4C tipo W Cable EPDM/CPE 2KV. Referencia 106601 para cotización en Surtilec, línea Cables especiales / Cables apantallados. Especificaciones registradas: calibre 6 AWG, 4 conductores, voltaje 2 kV, apantallado, chaqueta CPE - Chlorinated Polyethylene. Solicita disponibilidad, cantidades y soporte técnico para despacho en Colombia.",
106602,6 AWG 5C tipo W Cable EPDM/CPE 2KV,Cables especiales,Cables apantallados,,6,5,2 kV,Sí,CPE - Chlorinated Polyethylene,,,,,,"6 AWG 5C tipo W Cable EPDM/CPE 2KV. Referencia 106602 para cotización en Surtilec, línea Cables especiales / Cables apantallados. Especificaciones registradas: calibre 6 AWG, 5 conductores, voltaje 2 kV, apantallado, chaqueta CPE - Chlorinated Polyethylene. Solicita disponibilidad, cantidades y soporte técnico para despacho en Colombia.",
106603,8 AWG 3C tipo W Cable EPDM/CPE 2KV,Cables especiales,Cables apantallados,,8,3,2 kV,Sí,CPE - Chlorinated Polyethylene,,,,,,"8 AWG 3C tipo W Cable EPDM/CPE 2KV. Referencia 106603 para cotización en Surtilec, línea Cables especiales / Cables apantallados. Especificaciones registradas: calibre 8 AWG, 3 conductores, voltaje 2 kV, apantallado, chaqueta CPE - Chlorinated Polyethylene. Solicita disponibilidad, cantidades y soporte técnico para despacho en Colombia.",
106604,8 AWG 4C tipo W Cable EPDM/CPE 2KV,Cables especiales,Cables apantallados,,8,4,2 kV,Sí,CPE - Chlorinated Polyethylene,,,,,,"8 AWG 4C tipo W Cable EPDM/CPE 2KV. Referencia 106604 para cotización en Surtilec, línea Cables especiales / Cables apantallados. Especificaciones registradas: calibre 8 AWG, 4 conductores, voltaje 2 kV, apantallado, chaqueta CPE - Chlorinated Polyethylene. Solicita disponibilidad, cantidades y soporte técnico para despacho en Colombia.",
106605,1/0 AWG 1C tipo W Cable EPDM/CPE 2KV,Cables especiales,Cables apantallados,,1/0,1,2 kV,Sí,CPE - Chlorinated Polyethylene,,,,,,"1/0 AWG 1C tipo W Cable EPDM/CPE 2KV. Referencia 106605 para cotización en Surtilec, línea Cables especiales / Cables apantallados. Especificaciones registradas: calibre 1/0 AWG, 1 conductores, voltaje 2 kV, apantallado, chaqueta CPE - Chlorinated Polyethylene. Solicita disponibilidad, cantidades y soporte técnico para despacho en Colombia.",
106606,1/0 AWG 4C tipo W Cable EPDM/CPE 2KV,Cables especiales,Cables apantallados,,1/0,4,2 kV,Sí,CPE - Chlorinated Polyethylene,,,,,,"1/0 AWG 4C tipo W Cable EPDM/CPE 2KV. Referencia 106606 para cotización en Surtilec, línea Cables especiales / Cables apantallados. Especificaciones registradas: calibre 1/0 AWG, 4 conductores, voltaje 2 kV, apantallado, chaqueta CPE - Chlorinated Polyethylene. Solicita disponibilidad, cantidades y soporte técnico para despacho en Colombia.",
106607,1/0 AWG 5C tipo W Cable EPDM/CPE 2KV,Cables especiales,Cables apantallados,,1/0,5,2 kV,Sí,CPE - Chlorinated Polyethylene,,,,,,"1/0 AWG 5C tipo W Cable EPDM/CPE 2KV. Referencia 106607 para cotización en Surtilec, línea Cables especiales / Cables apantallados. Especificaciones registradas: calibre 1/0 AWG, 5 conductores, voltaje 2 kV, apantallado, chaqueta CPE - Chlorinated Polyethylene. Solicita disponibilidad, cantidades y soporte técnico para despacho en Colombia.",
106608,2/0 AWG 3C tipo W Cable EPDM/CPE 2KV,Cables especiales,Cables apantallados,,2/0,3,2 kV,Sí,CPE - Chlorinated Polyethylene,,,,,,"2/0 AWG 3C tipo W Cable EPDM/CPE 2KV. Referencia 106608 para cotización en Surtilec, línea Cables especiales / Cables apantallados. Especificaciones registradas: calibre 2/0 AWG, 3 conductores, voltaje 2 kV, apantallado, chaqueta CPE - Chlorinated Polyethylene. Solicita disponibilidad, cantidades y soporte técnico para despacho en Colombia.",
106609,2/0 AWG 4C tipo W Cable EPDM/CPE 2KV,Cables especiales,Cables apantallados,,2/0,4,2 kV,Sí,CPE - Chlorinated Polyethylene,,,,,,"2/0 AWG 4C tipo W Cable EPDM/CPE 2KV. Referencia 106609 para cotización en Surtilec, línea Cables especiales / Cables apantallados. Especificaciones registradas: calibre 2/0 AWG, 4 conductores, voltaje 2 kV, apantallado, chaqueta CPE - Chlorinated Polyethylene. Solicita disponibilidad, cantidades y soporte técnico para despacho en Colombia.",
106610,2/0 AWG 5C tipo W Cable EPDM/CPE 2KV,Cables especiales,Cables apantallados,,2/0,5,2 kV,Sí,CPE - Chlorinated Polyethylene,,,,,,"2/0 AWG 5C tipo W Cable EPDM/CPE 2KV. Referencia 106610 para cotización en Surtilec, línea Cables especiales / Cables apantallados. Especificaciones registradas: calibre 2/0 AWG, 5 conductores, voltaje 2 kV, apantallado, chaqueta CPE - Chlorinated Polyethylene. Solicita disponibilidad, cantidades y soporte técnico para despacho en Colombia.",
106611,3/0 AWG 4C tipo W Cable EPDM/CPE 2KV,Cables especiales,Cables apantallados,,3/0,4,2 kV,Sí,CPE - Chlorinated Polyethylene,,,,,,"3/0 AWG 4C tipo W Cable EPDM/CPE 2KV. Referencia 106611 para cotización en Surtilec, línea Cables especiales / Cables apantallados. Especificaciones registradas: calibre 3/0 AWG, 4 conductores, voltaje 2 kV, apantallado, chaqueta CPE - Chlorinated Polyethylene. Solicita disponibilidad, cantidades y soporte técnico para despacho en Colombia.",
106612,3/0 AWG 5C tipo W Cable EPDM/CPE 2KV,Cables especiales,Cables apantallados,,3/0,5,2 kV,Sí,CPE - Chlorinated Polyethylene,,,,,,"3/0 AWG 5C tipo W Cable EPDM/CPE 2KV. Referencia 106612 para cotización en Surtilec, línea Cables especiales / Cables apantallados. Especificaciones registradas: calibre 3/0 AWG, 5 conductores, voltaje 2 kV, apantallado, chaqueta CPE - Chlorinated Polyethylene. Solicita disponibilidad, cantidades y soporte técnico para despacho en Colombia.",
106613,4/0 AWG 4C tipo W Cable EPDM/CPE 2KV,Cables especiales,Cables apantallados,,4/0,4,2 kV,Sí,CPE - Chlorinated Polyethylene,,,,,,"4/0 AWG 4C tipo W Cable EPDM/CPE 2KV. Referencia 106613 para cotización en Surtilec, línea Cables especiales / Cables apantallados. Especificaciones registradas: calibre 4/0 AWG, 4 conductores, voltaje 2 kV, apantallado, chaqueta CPE - Chlorinated Polyethylene. Solicita disponibilidad, cantidades y soporte técnico para despacho en Colombia.",
106614,500 MCM 1C tipo W Cable EPDM/CPE 2KV,Cables especiales,Cables apantallados,,500 MCM,1,2 kV,Sí,CPE - Chlorinated Polyethylene,,,,,,"500 MCM 1C tipo W Cable EPDM/CPE 2KV. Referencia 106614 para cotización en Surtilec, línea Cables especiales / Cables apantallados. Especificaciones registradas: calibre 500 MCM, 1 conductores, voltaje 2 kV, apantallado, chaqueta CPE - Chlorinated Polyethylene. Solicita disponibilidad, cantidades y soporte técnico para despacho en Colombia.",
106615,1/3C tipo GGC 90C 2KV,Cables especiales,Cables apantallados,,1,3,2 kV,Sí,CPE - Chlorinated Polyethylene,,,,,,"1/3C tipo GGC 90C 2KV. Referencia 106615 para cotización en Surtilec, línea Cables especiales / Cables apantallados. Especificaciones registradas: calibre 1 AWG, 3 conductores, voltaje 2 kV, apantallado, chaqueta CPE - Chlorinated Polyethylene. Solicita disponibilidad, cantidades y soporte técnico para despacho en Colombia.",
106616,2/3C tipo GGC 90C 2KV,Cables especiales,Cables apantallados,,2,3,2 kV,Sí,CPE - Chlorinated Polyethylene,,,,,,"2/3C tipo GGC 90C 2KV. Referencia 106616 para cotización en Surtilec, línea Cables especiales / Cables apantallados. Especificaciones registradas: calibre 2 AWG, 3 conductores, voltaje 2 kV, apantallado, chaqueta CPE - Chlorinated Polyethylene. Solicita disponibilidad, cantidades y soporte técnico para despacho en Colombia.",
106617,2/4C tipo G 90C 2KV,Cables especiales,Cables apantallados,,2,4,2 kV,Sí,CPE - Chlorinated Polyethylene,,,,,,"2/4C tipo G 90C 2KV. Referencia 106617 para cotización en Surtilec, línea Cables especiales / Cables apantallados. Especificaciones registradas: calibre 2 AWG, 4 conductores, voltaje 2 kV, apantallado, chaqueta CPE - Chlorinated Polyethylene. Solicita disponibilidad, cantidades y soporte técnico para despacho en Colombia.",
106618,4/3C tipo GGC 90C 2KV,Cables especiales,Cables apantallados,,4,3,2 kV,Sí,CPE - Chlorinated Polyethylene,,,,,,"4/3C tipo GGC 90C 2KV. Referencia 106618 para cotización en Surtilec, línea Cables especiales / Cables apantallados. Especificaciones registradas: calibre 4 AWG, 3 conductores, voltaje 2 kV, apantallado, chaqueta CPE - Chlorinated Polyethylene. Solicita disponibilidad, cantidades y soporte técnico para despacho en Colombia.",
106619,4/4C tipo G 90C 2KV,Cables especiales,Cables apantallados,,4,4,2 kV,Sí,CPE - Chlorinated Polyethylene,,,,,,"4/4C tipo G 90C 2KV. Referencia 106619 para cotización en Surtilec, línea Cables especiales / Cables apantallados. Especificaciones registradas: calibre 4 AWG, 4 conductores, voltaje 2 kV, apantallado, chaqueta CPE - Chlorinated Polyethylene. Solicita disponibilidad, cantidades y soporte técnico para despacho en Colombia.",
106620,6/3C tipo GGC 90C 2KV,Cables especiales,Cables apantallados,,6,3,2 kV,Sí,CPE - Chlorinated Polyethylene,,,,,,"6/3C tipo GGC 90C 2KV. Referencia 106620 para cotización en Surtilec, línea Cables especiales / Cables apantallados. Especificaciones registradas: calibre 6 AWG, 3 conductores, voltaje 2 kV, apantallado, chaqueta CPE - Chlorinated Polyethylene. Solicita disponibilidad, cantidades y soporte técnico para despacho en Colombia.",
106621,6/4C tipo G 90C 2KV,Cables especiales,Cables apantallados,,6,4,2 kV,Sí,CPE - Chlorinated Polyethylene,,,,,,"6/4C tipo G 90C 2KV. Referencia 106621 para cotización en Surtilec, línea Cables especiales / Cables apantallados. Especificaciones registradas: calibre 6 AWG, 4 conductores, voltaje 2 kV, apantallado, chaqueta CPE - Chlorinated Polyethylene. Solicita disponibilidad, cantidades y soporte técnico para despacho en Colombia.",
106622,8/3C tipo GGC 90C 2KV,Cables especiales,Cables apantallados,,8,3,2 kV,Sí,CPE - Chlorinated Polyethylene,,,,,,"8/3C tipo GGC 90C 2KV. Referencia 106622 para cotización en Surtilec, línea Cables especiales / Cables apantallados. Especificaciones registradas: calibre 8 AWG, 3 conductores, voltaje 2 kV, apantallado, chaqueta CPE - Chlorinated Polyethylene. Solicita disponibilidad, cantidades y soporte técnico para despacho en Colombia.",
106623,8/4C tipo G 90C 2KV,Cables especiales,Cables apantallados,,8,4,2 kV,Sí,CPE - Chlorinated Polyethylene,,,,,,"8/4C tipo G 90C 2KV. Referencia 106623 para cotización en Surtilec, línea Cables especiales / Cables apantallados. Especificaciones registradas: calibre 8 AWG, 4 conductores, voltaje 2 kV, apantallado, chaqueta CPE - Chlorinated Polyethylene. Solicita disponibilidad, cantidades y soporte técnico para despacho en Colombia.",
106624,1/0-3C tipo GGC 90C 2KV,Cables especiales,Cables apantallados,,1/0,3,2 kV,Sí,CPE - Chlorinated Polyethylene,,,,,,"1/0-3C tipo GGC 90C 2KV. Referencia 106624 para cotización en Surtilec, línea Cables especiales / Cables apantallados. Especificaciones registradas: calibre 1/0 AWG, 3 conductores, voltaje 2 kV, apantallado, chaqueta CPE - Chlorinated Polyethylene. Solicita disponibilidad, cantidades y soporte técnico para despacho en Colombia.",
106625,1/0-4C tipo G 90C 2KV,Cables especiales,Cables apantallados,,1/0,4,2 kV,Sí,CPE - Chlorinated Polyethylene,,,,,,"1/0-4C tipo G 90C 2KV. Referencia 106625 para cotización en Surtilec, línea Cables especiales / Cables apantallados. Especificaciones registradas: calibre 1/0 AWG, 4 conductores, voltaje 2 kV, apantallado, chaqueta CPE - Chlorinated Polyethylene. Solicita disponibilidad, cantidades y soporte técnico para despacho en Colombia.",
106626,2/0-3C tipo GGC 90C 2KV,Cables especiales,Cables apantallados,,2/0,3,2 kV,Sí,CPE - Chlorinated Polyethylene,,,,,,"2/0-3C tipo GGC 90C 2KV. Referencia 106626 para cotización en Surtilec, línea Cables especiales / Cables apantallados. Especificaciones registradas: calibre 2/0 AWG, 3 conductores, voltaje 2 kV, apantallado, chaqueta CPE - Chlorinated Polyethylene. Solicita disponibilidad, cantidades y soporte técnico para despacho en Colombia.",
106627,2/0-4C tipo G 90C 2KV,Cables especiales,Cables apantallados,,2/0,4,2 kV,Sí,CPE - Chlorinated Polyethylene,,,,,,"2/0-4C tipo G 90C 2KV. Referencia 106627 para cotización en Surtilec, línea Cables especiales / Cables apantallados. Especificaciones registradas: calibre 2/0 AWG, 4 conductores, voltaje 2 kV, apantallado, chaqueta CPE - Chlorinated Polyethylene. Solicita disponibilidad, cantidades y soporte técnico para despacho en Colombia.",
106628,250/3C tipo GGC 90C 2KV,Cables especiales,Cables apantallados,,250 MCM,3,2 kV,Sí,CPE - Chlorinated Polyethylene,C(UL),,,,,"250/3C tipo GGC 90C 2KV. Referencia 106628 para cotización en Surtilec, línea Cables especiales / Cables apantallados. Especificaciones registradas: calibre 250 MCM, 3 conductores, voltaje 2 kV, apantallado, chaqueta CPE - Chlorinated Polyethylene. Solicita disponibilidad, cantidades y soporte técnico para despacho en Colombia.",
106629,3/0-3C tipo GGC 90C 2KV,Cables especiales,Cables apantallados,,3/0,3,2 kV,Sí,CPE - Chlorinated Polyethylene,,,,,,"3/0-3C tipo GGC 90C 2KV. Referencia 106629 para cotización en Surtilec, línea Cables especiales / Cables apantallados. Especificaciones registradas: calibre 3/0 AWG, 3 conductores, voltaje 2 kV, apantallado, chaqueta CPE - Chlorinated Polyethylene. Solicita disponibilidad, cantidades y soporte técnico para despacho en Colombia.",
106630,3/0-4C tipo G 90C 2KV,Cables especiales,Cables apantallados,,3/0,4,2 kV,Sí,CPE - Chlorinated Polyethylene,,,,,,"3/0-4C tipo G 90C 2KV. Referencia 106630 para cotización en Surtilec, línea Cables especiales / Cables apantallados. Especificaciones registradas: calibre 3/0 AWG, 4 conductores, voltaje 2 kV, apantallado, chaqueta CPE - Chlorinated Polyethylene. Solicita disponibilidad, cantidades y soporte técnico para despacho en Colombia.",
106631,350/3C tipo GGC 90C 2KV,Cables especiales,Cables apantallados,,350 MCM,3,2 kV,Sí,CPE - Chlorinated Polyethylene,C(UL),,,,,"350/3C tipo GGC 90C 2KV. Referencia 106631 para cotización en Surtilec, línea Cables especiales / Cables apantallados. Especificaciones registradas: calibre 350 MCM, 3 conductores, voltaje 2 kV, apantallado, chaqueta CPE - Chlorinated Polyethylene. Solicita disponibilidad, cantidades y soporte técnico para despacho en Colombia.",
106632,4/0-3C tipo GGC 90C 2KV,Cables especiales,Cables apantallados,,4/0,3,2 kV,Sí,CPE - Chlorinated Polyethylene,,,,,,"4/0-3C tipo GGC 90C 2KV. Referencia 106632 para cotización en Surtilec, línea Cables especiales / Cables apantallados. Especificaciones registradas: calibre 4/0 AWG, 3 conductores, voltaje 2 kV, apantallado, chaqueta CPE - Chlorinated Polyethylene. Solicita disponibilidad, cantidades y soporte técnico para despacho en Colombia.",
106633,4/0-4C tipo G 90C 2KV,Cables especiales,Cables apantallados,,4/0,4,2 kV,Sí,CPE - Chlorinated Polyethylene,,,,,,"4/0-4C tipo G 90C 2KV. Referencia 106633 para cotización en Surtilec, línea Cables especiales / Cables apantallados. Especificaciones registradas: calibre 4/0 AWG, 4 conductores, voltaje 2 kV, apantallado, chaqueta CPE - Chlorinated Polyethylene. Solicita disponibilidad, cantidades y soporte técnico para despacho en Colombia.",
106634,500/3C tipo GGC 90C 2KV,Cables especiales,Cables apantallados,,500 MCM,3,2 kV,Sí,CPE - Chlorinated Polyethylene,C(UL),,,,,"500/3C tipo GGC 90C 2KV. Referencia 106634 para cotización en Surtilec, línea Cables especiales / Cables apantallados. Especificaciones registradas: calibre 500 MCM, 3 conductores, voltaje 2 kV, apantallado, chaqueta CPE - Chlorinated Polyethylene. Solicita disponibilidad, cantidades y soporte técnico para despacho en Colombia.",
106635,1 AWG DLO Cable RHH RHW-2 RW90 90C 2KV CPE,Cables especiales,Cable DLO,,1,1,2 kV,Sí,XL-CPE - Cross-linked Chlorinated Polyethylene,,,,,,"1 AWG DLO Cable RHH RHW-2 RW90 90C 2KV CPE. Referencia 106635 para cotización en Surtilec, línea Cables especiales / Cable DLO. Especificaciones registradas: calibre 1 AWG, 1 conductores, voltaje 2 kV, apantallado, chaqueta XL-CPE - Cross-linked Chlorinated Polyethylene. Solicita disponibilidad, cantidades y soporte técnico para despacho en Colombia.",
106636,2 AWG DLO Cable RHH RHW-2 RW90 90C 2KV CPE,Cables especiales,Cable DLO,,2,1,2 kV,Sí,XL-CPE - Cross-linked Chlorinated Polyethylene,,,,,,"2 AWG DLO Cable RHH RHW-2 RW90 90C 2KV CPE. Referencia 106636 para cotización en Surtilec, línea Cables especiales / Cable DLO. Especificaciones registradas: calibre 2 AWG, 1 conductores, voltaje 2 kV, apantallado, chaqueta XL-CPE - Cross-linked Chlorinated Polyethylene. Solicita disponibilidad, cantidades y soporte técnico para despacho en Colombia.",
106637,4 AWG DLO Cable RHH RHW-2 RW90 90C 2KV CPE,Cables especiales,Cable DLO,,4,1,2 kV,Sí,XL-CPE - Cross-linked Chlorinated Polyethylene,,,,,,"4 AWG DLO Cable RHH RHW-2 RW90 90C 2KV CPE. Referencia 106637 para cotización en Surtilec, línea Cables especiales / Cable DLO. Especificaciones registradas: calibre 4 AWG, 1 conductores, voltaje 2 kV, apantallado, chaqueta XL-CPE - Cross-linked Chlorinated Polyethylene. Solicita disponibilidad, cantidades y soporte técnico para despacho en Colombia.",
106638,6 AWG DLO Cable RHH RHW-2 RW90 90C 2KV CPE,Cables especiales,Cable DLO,,6,1,2 kV,Sí,XL-CPE - Cross-linked Chlorinated Polyethylene,,,,,,"6 AWG DLO Cable RHH RHW-2 RW90 90C 2KV CPE. Referencia 106638 para cotización en Surtilec, línea Cables especiales / Cable DLO. Especificaciones registradas: calibre 6 AWG, 1 conductores, voltaje 2 kV, apantallado, chaqueta XL-CPE - Cross-linked Chlorinated Polyethylene. Solicita disponibilidad, cantidades y soporte técnico para despacho en Colombia.",
106639,8 AWG DLO Cable RHH RHW-2 RW90 90C 2KV CPE,Cables especiales,Cable DLO,,8,1,2 kV,Sí,XL-CPE - Cross-linked Chlorinated Polyethylene,,,,,,"8 AWG DLO Cable RHH RHW-2 RW90 90C 2KV CPE. Referencia 106639 para cotización en Surtilec, línea Cables especiales / Cable DLO. Especificaciones registradas: calibre 8 AWG, 1 conductores, voltaje 2 kV, apantallado, chaqueta XL-CPE - Cross-linked Chlorinated Polyethylene. Solicita disponibilidad, cantidades y soporte técnico para despacho en Colombia.",
106640,1/0 AWG DLO Cable RHH RHW-2 RW90 90C 2KV CPE,Cables especiales,Cable DLO,,1/0,1,2 kV,Sí,XL-CPE - Cross-linked Chlorinated Polyethylene,,,,,,"1/0 AWG DLO Cable RHH RHW-2 RW90 90C 2KV CPE. Referencia 106640 para cotización en Surtilec, línea Cables especiales / Cable DLO. Especificaciones registradas: calibre 1/0 AWG, 1 conductores, voltaje 2 kV, apantallado, chaqueta XL-CPE - Cross-linked Chlorinated Polyethylene. Solicita disponibilidad, cantidades y soporte técnico para despacho en Colombia.",
106641,12 AWG DLO Cable RHH RHW-2 RW90 90C 2KV CPE,Cables especiales,Cable DLO,,12,1,2 kV,Sí,XL-CPE - Cross-linked Chlorinated Polyethylene,,,,,,"12 AWG DLO Cable RHH RHW-2 RW90 90C 2KV CPE. Referencia 106641 para cotización en Surtilec, línea Cables especiales / Cable DLO. Especificaciones registradas: calibre 12 AWG, 1 conductores, voltaje 2 kV, apantallado, chaqueta XL-CPE - Cross-linked Chlorinated Polyethylene. Solicita disponibilidad, cantidades y soporte técnico para despacho en Colombia.",
106642,2/0 AWG DLO Cable RHH RHW-2 RW90 90C 2KV CPE,Cables especiales,Cable DLO,,2/0,1,2 kV,Sí,XL-CPE - Cross-linked Chlorinated Polyethylene,,,,,,"2/0 AWG DLO Cable RHH RHW-2 RW90 90C 2KV CPE. Referencia 106642 para cotización en Surtilec, línea Cables especiales / Cable DLO. Especificaciones registradas: calibre 2/0 AWG, 1 conductores, voltaje 2 kV, apantallado, chaqueta XL-CPE - Cross-linked Chlorinated Polyethylene. Solicita disponibilidad, cantidades y soporte técnico para despacho en Colombia.",
106643,262 MCM DLO Cable RHH RHW-2 RW90 90C 2KV CPE,Cables especiales,Cable DLO,,262 MCM,1,2 kV,Sí,XL-CPE - Cross-linked Chlorinated Polyethylene,,,,,,"262 MCM DLO Cable RHH RHW-2 RW90 90C 2KV CPE. Referencia 106643 para cotización en Surtilec, línea Cables especiales / Cable DLO. Especificaciones registradas: calibre 262 MCM, 1 conductores, voltaje 2 kV, apantallado, chaqueta XL-CPE - Cross-linked Chlorinated Polyethylene. Solicita disponibilidad, cantidades y soporte técnico para despacho en Colombia.",
106644,3/0 AWG DLO Cable RHH RHW-2 RW90 90C 2KV CPE,Cables especiales,Cable DLO,,3/0,1,2 kV,Sí,XL-CPE - Cross-linked Chlorinated Polyethylene,,,,,,"3/0 AWG DLO Cable RHH RHW-2 RW90 90C 2KV CPE. Referencia 106644 para cotización en Surtilec, línea Cables especiales / Cable DLO. Especificaciones registradas: calibre 3/0 AWG, 1 conductores, voltaje 2 kV, apantallado, chaqueta XL-CPE - Cross-linked Chlorinated Polyethylene. Solicita disponibilidad, cantidades y soporte técnico para despacho en Colombia.",
106645,313 MCM DLO Cable RHH RHW-2 RW90 90C 2KV CPE,Cables especiales,Cable DLO,,313 MCM,1,2 kV,Sí,XL-CPE - Cross-linked Chlorinated Polyethylene,,,,,,"313 MCM DLO Cable RHH RHW-2 RW90 90C 2KV CPE. Referencia 106645 para cotización en Surtilec, línea Cables especiales / Cable DLO. Especificaciones registradas: calibre 313 MCM, 1 conductores, voltaje 2 kV, apantallado, chaqueta XL-CPE - Cross-linked Chlorinated Polyethylene. Solicita disponibilidad, cantidades y soporte técnico para despacho en Colombia.",
106646,373 MCM DLO Cable RHH RHW-2 RW90 90C 2KV CPE,Cables especiales,Cable DLO,,373 MCM,1,2 kV,Sí,XL-CPE - Cross-linked Chlorinated Polyethylene,,,,,,"373 MCM DLO Cable RHH RHW-2 RW90 90C 2KV CPE. Referencia 106646 para cotización en Surtilec, línea Cables especiales / Cable DLO. Especificaciones registradas: calibre 373 MCM, 1 conductores, voltaje 2 kV, apantallado, chaqueta XL-CPE - Cross-linked Chlorinated Polyethylene. Solicita disponibilidad, cantidades y soporte técnico para despacho en Colombia.",
106647,4/0 AWG DLO Cable RHH RHW-2 RW90 90C 2KV CPE,Cables especiales,Cable DLO,,4/0,1,2 kV,Sí,XL-CPE - Cross-linked Chlorinated Polyethylene,,,,,,"4/0 AWG DLO Cable RHH RHW-2 RW90 90C 2KV CPE. Referencia 106647 para cotización en Surtilec, línea Cables especiales / Cable DLO. Especificaciones registradas: calibre 4/0 AWG, 1 conductores, voltaje 2 kV, apantallado, chaqueta XL-CPE - Cross-linked Chlorinated Polyethylene. Solicita disponibilidad, cantidades y soporte técnico para despacho en Colombia.",
106648,444 MCM DLO Cable RHH RHW-2 RW90 90C 2KV CPE,Cables especiales,Cable DLO,,444 MCM,1,2 kV,Sí,XL-CPE - Cross-linked Chlorinated Polyethylene,,,,,,"444 MCM DLO Cable RHH RHW-2 RW90 90C 2KV CPE. Referencia 106648 para cotización en Surtilec, línea Cables especiales / Cable DLO. Especificaciones registradas: calibre 444 MCM, 1 conductores, voltaje 2 kV, apantallado, chaqueta XL-CPE - Cross-linked Chlorinated Polyethylene. Solicita disponibilidad, cantidades y soporte técnico para despacho en Colombia.",
106649,535 MCM DLO Cable RHH RHW-2 RW90 90C 2KV CPE,Cables especiales,Cable DLO,,535 MCM,1,2 kV,Sí,XL-CPE - Cross-linked Chlorinated Polyethylene,,,,,,"535 MCM DLO Cable RHH RHW-2 RW90 90C 2KV CPE. Referencia 106649 para cotización en Surtilec, línea Cables especiales / Cable DLO. Especificaciones registradas: calibre 535 MCM, 1 conductores, voltaje 2 kV, apantallado, chaqueta XL-CPE - Cross-linked Chlorinated Polyethylene. Solicita disponibilidad, cantidades y soporte técnico para despacho en Colombia.",
106650,646 MCM DLO Cable RHH RHW-2 RW90 90C 2KV CPE,Cables especiales,Cable DLO,,646 MCM,1,2 kV,Sí,XL-CPE - Cross-linked Chlorinated Polyethylene,,,,,,"646 MCM DLO Cable RHH RHW-2 RW90 90C 2KV CPE. Referencia 106650 para cotización en Surtilec, línea Cables especiales / Cable DLO. Especificaciones registradas: calibre 646 MCM, 1 conductores, voltaje 2 kV, apantallado, chaqueta XL-CPE - Cross-linked Chlorinated Polyethylene. Solicita disponibilidad, cantidades y soporte técnico para despacho en Colombia.",
106651,777 MCM DLO Cable RHH RHW-2 RW90 90C 2KV CPE,Cables especiales,Cable DLO,,777 MCM,1,2 kV,Sí,XL-CPE - Cross-linked Chlorinated Polyethylene,,,,,,"777 MCM DLO Cable RHH RHW-2 RW90 90C 2KV CPE. Referencia 106651 para cotización en Surtilec, línea Cables especiales / Cable DLO. Especificaciones registradas: calibre 777 MCM, 1 conductores, voltaje 2 kV, apantallado, chaqueta XL-CPE - Cross-linked Chlorinated Polyethylene. Solicita disponibilidad, cantidades y soporte técnico para despacho en Colombia.",
106652,16 AWG 2 conductores SJOOW Cordón portátil 300V,Cable flexible,Cable encauchetado,,16,2,300 V,Sí,Thermoset CPE,,,,,,"16 AWG 2 conductores SJOOW Cordón portátil 300V. Referencia 106652 para cotización en Surtilec, línea Cable flexible / Cable encauchetado. Especificaciones registradas: calibre 16 AWG, 2 conductores, voltaje 300 V, apantallado, chaqueta Thermoset CPE. Solicita disponibilidad, cantidades y soporte técnico para despacho en Colombia.",
106653,10/4C plano festón 105C 600V PVC,Cables especiales,Cable festón,,10,4,600 V,Sí,PVC - Polyvinyl Chloride,,,,,,"10/4C plano festón 105C 600V PVC. Referencia 106653 para cotización en Surtilec, línea Cables especiales / Cable festón. Especificaciones registradas: calibre 10 AWG, 4 conductores, voltaje 600 V, apantallado, chaqueta PVC - Polyvinyl Chloride. Solicita disponibilidad, cantidades y soporte técnico para despacho en Colombia.",
106654,12/4C plano festón 105C 600V PVC,Cables especiales,Cable festón,,12,4,600 V,Sí,PVC - Polyvinyl Chloride,,,,,,"12/4C plano festón 105C 600V PVC. Referencia 106654 para cotización en Surtilec, línea Cables especiales / Cable festón. Especificaciones registradas: calibre 12 AWG, 4 conductores, voltaje 600 V, apantallado, chaqueta PVC - Polyvinyl Chloride. Solicita disponibilidad, cantidades y soporte técnico para despacho en Colombia.",
106655,12/8C plano festón 105C 600V PVC,Cables especiales,Cable festón,,12,8,600 V,Sí,PVC - Polyvinyl Chloride,,,,,,"12/8C plano festón 105C 600V PVC. Referencia 106655 para cotización en Surtilec, línea Cables especiales / Cable festón. Especificaciones registradas: calibre 12 AWG, 8 conductores, voltaje 600 V, apantallado, chaqueta PVC - Polyvinyl Chloride. Solicita disponibilidad, cantidades y soporte técnico para despacho en Colombia.",
106656,14/4C plano festón 105C 600V PVC,Cables especiales,Cable festón,,14,4,600 V,Sí,PVC - Polyvinyl Chloride,,,,,,"14/4C plano festón 105C 600V PVC. Referencia 106656 para cotización en Surtilec, línea Cables especiales / Cable festón. Especificaciones registradas: calibre 14 AWG, 4 conductores, voltaje 600 V, apantallado, chaqueta PVC - Polyvinyl Chloride. Solicita disponibilidad, cantidades y soporte técnico para despacho en Colombia.",
106657,14/8C plano festón 105C 600V PVC,Cables especiales,Cable festón,,14,8,600 V,Sí,PVC - Polyvinyl Chloride,,,,,,"14/8C plano festón 105C 600V PVC. Referencia 106657 para cotización en Surtilec, línea Cables especiales / Cable festón. Especificaciones registradas: calibre 14 AWG, 8 conductores, voltaje 600 V, apantallado, chaqueta PVC - Polyvinyl Chloride. Solicita disponibilidad, cantidades y soporte técnico para despacho en Colombia.",
106658,16/8C plano festón 105C 600V PVC,Cables especiales,Cable festón,,16,8,600 V,Sí,PVC - Polyvinyl Chloride,,,,,,"16/8C plano festón 105C 600V PVC. Referencia 106658 para cotización en Surtilec, línea Cables especiales / Cable festón. Especificaciones registradas: calibre 16 AWG, 8 conductores, voltaje 600 V, apantallado, chaqueta PVC - Polyvinyl Chloride. Solicita disponibilidad, cantidades y soporte técnico para despacho en Colombia.",
106659,16/12C plano festón 105C 600V PVC,Cables especiales,Cable festón,,16,12,600 V,Sí,PVC - Polyvinyl Chloride,,,,,,"16/12C plano festón 105C 600V PVC. Referencia 106659 para cotización en Surtilec, línea Cables especiales / Cable festón. Especificaciones registradas: calibre 16 AWG, 12 conductores, voltaje 600 V, apantallado, chaqueta PVC - Polyvinyl Chloride. Solicita disponibilidad, cantidades y soporte técnico para despacho en Colombia.",
106660,14/1C FEP tipo K (19 STR) 150C 600V,Cables especiales,Cable de alta temperatura,,14,1,600 V,Sí,,,,,,,"14/1C FEP tipo K (19 STR) 150C 600V. Referencia 106660 para cotización en Surtilec, línea Cables especiales / Cable de alta temperatura. Especificaciones registradas: calibre 14 AWG, 1 conductores, voltaje 600 V, apantallado. Solicita disponibilidad, cantidades y soporte técnico para despacho en Colombia.",
106664,18/1C FEP tipo K (19 STR) 150C 600V,Cables especiales,Cable de alta temperatura,,18,1,600 V,Sí,,,,,,,"18/1C FEP tipo K (19 STR) 150C 600V. Referencia 106664 para cotización en Surtilec, línea Cables especiales / Cable de alta temperatura. Especificaciones registradas: calibre 18 AWG, 1 conductores, voltaje 600 V, apantallado. Solicita disponibilidad, cantidades y soporte técnico para despacho en Colombia.",
106665,"12 AWG PTFE teflón, negro 2",Cables especiales,Cable de alta temperatura,,12,1,1000 V,Sí,,,,,,,"12 AWG PTFE teflón, negro 2. Referencia 106665 para cotización en Surtilec, línea Cables especiales / Cable de alta temperatura. Especificaciones registradas: calibre 12 AWG, 1 conductores, voltaje 1000 V, apantallado. Solicita disponibilidad, cantidades y soporte técnico para despacho en Colombia.",
106666,"14 AWG PTFE teflón,",Cables especiales,Cable de alta temperatura,,14,1,1000 V,Sí,,,,,,,"14 AWG PTFE teflón,. Referencia 106666 para cotización en Surtilec, línea Cables especiales / Cable de alta temperatura. Especificaciones registradas: calibre 14 AWG, 1 conductores, voltaje 1000 V, apantallado. Solicita disponibilidad, cantidades y soporte técnico para despacho en Colombia.",
106667,10 AWG PTFE teflón,Cables especiales,Cable de alta temperatura,,10,1,600 V,Sí,,,,,,,"10 AWG PTFE teflón. Referencia 106667 para cotización en Surtilec, línea Cables especiales / Cable de alta temperatura. Especificaciones registradas: calibre 10 AWG, 1 conductores, voltaje 600 V, apantallado. Solicita disponibilidad, cantidades y soporte técnico para despacho en Colombia.",
106668,"10 AWG PTFE teflón,",Cables especiales,Cable de alta temperatura,,10,1,600 V,Sí,,,,,,,"10 AWG PTFE teflón,. Referencia 106668 para cotización en Surtilec, línea Cables especiales / Cable de alta temperatura. Especificaciones registradas: calibre 10 AWG, 1 conductores, voltaje 600 V, apantallado. Solicita disponibilidad, cantidades y soporte técnico para despacho en Colombia.",
106670,14 AWG PTFE teflón negro 2,Cables especiales,Cable de alta temperatura,,14,1,600 V,Sí,,,,,,,"14 AWG PTFE teflón negro 2. Referencia 106670 para cotización en Surtilec, línea Cables especiales / Cable de alta temperatura. Especificaciones registradas: calibre 14 AWG, 1 conductores, voltaje 600 V, apantallado. Solicita disponibilidad, cantidades y soporte técnico para despacho en Colombia.",
106671,14 AWG PTFE teflón,Cables especiales,Cable de alta temperatura,,14,1,600 V,Sí,,,,,,,"14 AWG PTFE teflón. Referencia 106671 para cotización en Surtilec, línea Cables especiales / Cable de alta temperatura. Especificaciones registradas: calibre 14 AWG, 1 conductores, voltaje 600 V, apantallado. Solicita disponibilidad, cantidades y soporte técnico para despacho en Colombia.",
106675,16 AWG PTFE teflón,Cables especiales,Cable de alta temperatura,,16,1,600 V,Sí,,,,,,,"16 AWG PTFE teflón. Referencia 106675 para cotización en Surtilec, línea Cables especiales / Cable de alta temperatura. Especificaciones registradas: calibre 16 AWG, 1 conductores, voltaje 600 V, apantallado. Solicita disponibilidad, cantidades y soporte técnico para despacho en Colombia.",
106680,16(19ST)TFE-E MIL-16878/4 GRY,Cables especiales,Cable de alta temperatura,,16,1,600 V,Sí,,,,,,,"16(19ST)TFE-E MIL-16878/4 GRY. Referencia 106680 para cotización en Surtilec, línea Cables especiales / Cable de alta temperatura. Especificaciones registradas: calibre 16 AWG, 1 conductores, voltaje 600 V, apantallado. Solicita disponibilidad, cantidades y soporte técnico para despacho en Colombia.",
106682,"16 AWG PTFE teflón,",Cables especiales,Cable de alta temperatura,,16,1,600 V,Sí,,,,,,,"16 AWG PTFE teflón,. Referencia 106682 para cotización en Surtilec, línea Cables especiales / Cable de alta temperatura. Especificaciones registradas: calibre 16 AWG, 1 conductores, voltaje 600 V, apantallado. Solicita disponibilidad, cantidades y soporte técnico para despacho en Colombia.",
106685,18(19ST)TFE-E MIL-16878/4 BLK,Cables especiales,Cable de alta temperatura,,18,1,600 V,Sí,,,,,,,"18(19ST)TFE-E MIL-16878/4 BLK. Referencia 106685 para cotización en Surtilec, línea Cables especiales / Cable de alta temperatura. Especificaciones registradas: calibre 18 AWG, 1 conductores, voltaje 600 V, apantallado. Solicita disponibilidad, cantidades y soporte técnico para despacho en Colombia.",
106686,18 AWG PTFE teflón,Cables especiales,Cable de alta temperatura,,18,1,600 V,Sí,,,,,,,"18 AWG PTFE teflón. Referencia 106686 para cotización en Surtilec, línea Cables especiales / Cable de alta temperatura. Especificaciones registradas: calibre 18 AWG, 1 conductores, voltaje 600 V, apantallado. Solicita disponibilidad, cantidades y soporte técnico para despacho en Colombia.",
106688,18(19ST)TFE-E MIL-16878/4 GRN,Cables especiales,Cable de alta temperatura,,18,1,600 V,Sí,,,,,,,"18(19ST)TFE-E MIL-16878/4 GRN. Referencia 106688 para cotización en Surtilec, línea Cables especiales / Cable de alta temperatura. Especificaciones registradas: calibre 18 AWG, 1 conductores, voltaje 600 V, apantallado. Solicita disponibilidad, cantidades y soporte técnico para despacho en Colombia.",
106690,"18 AWG PTFE teflón,",Cables especiales,Cable de alta temperatura,,18,1,600 V,Sí,,,,,,,"18 AWG PTFE teflón,. Referencia 106690 para cotización en Surtilec, línea Cables especiales / Cable de alta temperatura. Especificaciones registradas: calibre 18 AWG, 1 conductores, voltaje 600 V, apantallado. Solicita disponibilidad, cantidades y soporte técnico para despacho en Colombia.",
106693,22 AWG PTFE teflón,Cables especiales,Cable de alta temperatura,,22,1,600 V,Sí,,,,,,,"22 AWG PTFE teflón. Referencia 106693 para cotización en Surtilec, línea Cables especiales / Cable de alta temperatura. Especificaciones registradas: calibre 22 AWG, 1 conductores, voltaje 600 V, apantallado. Solicita disponibilidad, cantidades y soporte técnico para despacho en Colombia.",
106696,"22 AWG PTFE teflón,",Cables especiales,Cable de alta temperatura,,22,1,600 V,Sí,,,,,,,"22 AWG PTFE teflón,. Referencia 106696 para cotización en Surtilec, línea Cables especiales / Cable de alta temperatura. Especificaciones registradas: calibre 22 AWG, 1 conductores, voltaje 600 V, apantallado. Solicita disponibilidad, cantidades y soporte técnico para despacho en Colombia.",
106697,14/1C Gas Tube Only GTO-15 Cable 105C 15KV,Cables especiales,Cables apantallados,,14,1,15 kV,Sí,PVC - Polyvinyl Chloride,UL814,,,,,"14/1C Gas Tube Only GTO-15 Cable 105C 15KV. Referencia 106697 para cotización en Surtilec, línea Cables especiales / Cables apantallados. Especificaciones registradas: calibre 14 AWG, 1 conductores, voltaje 15 kV, apantallado, chaqueta PVC - Polyvinyl Chloride. Solicita disponibilidad, cantidades y soporte técnico para despacho en Colombia.",
106698,2 AWG 133 hilos cobre desnudo PVC,Conductores desnudos,Cable desnudo,,2,1,600 V,Sí,,,,,,,"2 AWG 133 hilos cobre desnudo PVC. Referencia 106698 para cotización en Surtilec, línea Conductores desnudos / Cable desnudo. Especificaciones registradas: calibre 2 AWG, 1 conductores, voltaje 600 V, apantallado. Solicita disponibilidad, cantidades y soporte técnico para despacho en Colombia.",
106699,8 AWG 133 hilos cobre desnudo PVC,Conductores desnudos,Cable desnudo,,8,1,600 V,Sí,,,,,,,"8 AWG 133 hilos cobre desnudo PVC. Referencia 106699 para cotización en Surtilec, línea Conductores desnudos / Cable desnudo. Especificaciones registradas: calibre 8 AWG, 1 conductores, voltaje 600 V, apantallado. Solicita disponibilidad, cantidades y soporte técnico para despacho en Colombia.",
106701,10 AWG 105 hilos cobre estañado PVC,Cables especiales,Cables apantallados,,10,1,600 V,Sí,,,,,,,"10 AWG 105 hilos cobre estañado PVC. Referencia 106701 para cotización en Surtilec, línea Cables especiales / Cables apantallados. Especificaciones registradas: calibre 10 AWG, 1 conductores, voltaje 600 V, apantallado. Solicita disponibilidad, cantidades y soporte técnico para despacho en Colombia.",
106707,12 AWG 65 hilos cobre estañado PVC,Cables especiales,Cables apantallados,,12,1,600 V,Sí,,,,,,,"12 AWG 65 hilos cobre estañado PVC. Referencia 106707 para cotización en Surtilec, línea Cables especiales / Cables apantallados. Especificaciones registradas: calibre 12 AWG, 1 conductores, voltaje 600 V, apantallado. Solicita disponibilidad, cantidades y soporte técnico para despacho en Colombia.",
106716,14 AWG 41 hilos cobre estañado PVC,Cables especiales,Cables apantallados,,14,1,600 V,Sí,,,,,,,"14 AWG 41 hilos cobre estañado PVC. Referencia 106716 para cotización en Surtilec, línea Cables especiales / Cables apantallados. Especificaciones registradas: calibre 14 AWG, 1 conductores, voltaje 600 V, apantallado. Solicita disponibilidad, cantidades y soporte técnico para despacho en Colombia.",
106726,16 AWG 26 hilos cobre estañado PVC,Cables especiales,Cables apantallados,,16,1,600 V,Sí,,,,,,,"16 AWG 26 hilos cobre estañado PVC. Referencia 106726 para cotización en Surtilec, línea Cables especiales / Cables apantallados. Especificaciones registradas: calibre 16 AWG, 1 conductores, voltaje 600 V, apantallado. Solicita disponibilidad, cantidades y soporte técnico para despacho en Colombia.",
106737,18 AWG cobre desnudo sólido PVC,Conductores desnudos,Cable desnudo,,18,1,600 V,Sí,,,,,,,"18 AWG cobre desnudo sólido PVC. Referencia 106737 para cotización en Surtilec, línea Conductores desnudos / Cable desnudo. Especificaciones registradas: calibre 18 AWG, 1 conductores, voltaje 600 V, apantallado. Solicita disponibilidad, cantidades y soporte técnico para despacho en Colombia.",
106738,18 AWG 16 hilos cobre estañado PVC,Cables especiales,Cables apantallados,,18,1,600 V,Sí,,,,,,,"18 AWG 16 hilos cobre estañado PVC. Referencia 106738 para cotización en Surtilec, línea Cables especiales / Cables apantallados. Especificaciones registradas: calibre 18 AWG, 1 conductores, voltaje 600 V, apantallado. Solicita disponibilidad, cantidades y soporte técnico para despacho en Colombia.",
106750,20 AWG 10 hilos cobre estañado PVC,Cables especiales,Cables apantallados,,20,1,600 V,Sí,,,,,,,"20 AWG 10 hilos cobre estañado PVC. Referencia 106750 para cotización en Surtilec, línea Cables especiales / Cables apantallados. Especificaciones registradas: calibre 20 AWG, 1 conductores, voltaje 600 V, apantallado. Solicita disponibilidad, cantidades y soporte técnico para despacho en Colombia.",
106760,22 AWG 7 hilos cobre estañado PVC,Cables especiales,Cables apantallados,,22,1,600 V,Sí,,,,,,,"22 AWG 7 hilos cobre estañado PVC. Referencia 106760 para cotización en Surtilec, línea Cables especiales / Cables apantallados. Especificaciones registradas: calibre 22 AWG, 1 conductores, voltaje 600 V, apantallado. Solicita disponibilidad, cantidades y soporte técnico para despacho en Colombia.",
106770,22 AWG máquina herramienta cable UL 1007/1569,Cables especiales,Cables apantallados,,22,1,300 V,Sí,,,,,,,"22 AWG máquina herramienta cable UL 1007/1569. Referencia 106770 para cotización en Surtilec, línea Cables especiales / Cables apantallados. Especificaciones registradas: calibre 22 AWG, 1 conductores, voltaje 300 V, apantallado. Solicita disponibilidad, cantidades y soporte técnico para despacho en Colombia.",
106773,16/1PR PLTC N/S 105C 300V PVC,Cables especiales,Cable para bandeja / tray cable,,16,1,300 V,Sí,PVC - Polyvinyl Chloride,PLTC/ITC,,,,,"16/1PR PLTC N/S 105C 300V PVC. Referencia 106773 para cotización en Surtilec, línea Cables especiales / Cable para bandeja / tray cable. Especificaciones registradas: calibre 16 AWG, 1 conductores, voltaje 300 V, apantallado, chaqueta PVC - Polyvinyl Chloride. Solicita disponibilidad, cantidades y soporte técnico para despacho en Colombia.",
106774,16/1PR PLTC general blindaje PVC 105C 300V,Cables especiales,Cable para bandeja / tray cable,,16,1,300 V,Sí,PVC - Polyvinyl Chloride,PLTC/ITC/CL3; ITC; FT4,,,,,"16/1PR PLTC general blindaje PVC 105C 300V. Referencia 106774 para cotización en Surtilec, línea Cables especiales / Cable para bandeja / tray cable. Especificaciones registradas: calibre 16 AWG, 1 conductores, voltaje 300 V, apantallado, chaqueta PVC - Polyvinyl Chloride. Solicita disponibilidad, cantidades y soporte técnico para despacho en Colombia.",
106776,18/1PR PLTC general blindaje PVC 105C 300V,Cables especiales,Cable para bandeja / tray cable,,18,1,300 V,Sí,PVC - Polyvinyl Chloride,PLTC/ITC/CL3; ITC; FT4,,,,,"18/1PR PLTC general blindaje PVC 105C 300V. Referencia 106776 para cotización en Surtilec, línea Cables especiales / Cable para bandeja / tray cable. Especificaciones registradas: calibre 18 AWG, 1 conductores, voltaje 300 V, apantallado, chaqueta PVC - Polyvinyl Chloride. Solicita disponibilidad, cantidades y soporte técnico para despacho en Colombia.",
106777,20/1PR PLTC general blindaje PVC 105C 300V,Cables especiales,Cable para bandeja / tray cable,,20,1,300 V,Sí,PVC - Polyvinyl Chloride,PLTC/ITC/CL3; ITC; FT4,,,,,"20/1PR PLTC general blindaje PVC 105C 300V. Referencia 106777 para cotización en Surtilec, línea Cables especiales / Cable para bandeja / tray cable. Especificaciones registradas: calibre 20 AWG, 1 conductores, voltaje 300 V, apantallado, chaqueta PVC - Polyvinyl Chloride. Solicita disponibilidad, cantidades y soporte técnico para despacho en Colombia.",
106778,16/1TR PLTC general blindaje PVC 105C 300V,Cables especiales,Cable para bandeja / tray cable,,16,1,300 V,Sí,PVC - Polyvinyl Chloride,PLTC/ITC/CL3; ITC; FT4,,,,,"16/1TR PLTC general blindaje PVC 105C 300V. Referencia 106778 para cotización en Surtilec, línea Cables especiales / Cable para bandeja / tray cable. Especificaciones registradas: calibre 16 AWG, 1 conductores, voltaje 300 V, apantallado, chaqueta PVC - Polyvinyl Chloride. Solicita disponibilidad, cantidades y soporte técnico para despacho en Colombia.",
106779,18/1TR PLTC general blindaje PVC 105C 300V,Cables especiales,Cable para bandeja / tray cable,,18,1,300 V,Sí,PVC - Polyvinyl Chloride,PLTC/ITC/CL3; ITC; FT4,,,,,"18/1TR PLTC general blindaje PVC 105C 300V. Referencia 106779 para cotización en Surtilec, línea Cables especiales / Cable para bandeja / tray cable. Especificaciones registradas: calibre 18 AWG, 1 conductores, voltaje 300 V, apantallado, chaqueta PVC - Polyvinyl Chloride. Solicita disponibilidad, cantidades y soporte técnico para despacho en Colombia.",
106780,20/1TR PLTC general blindaje PVC 105C 300V,Cables especiales,Cable para bandeja / tray cable,,20,1,300 V,Sí,PVC - Polyvinyl Chloride,PLTC/ITC/CL3; ITC; FT4,,,,,"20/1TR PLTC general blindaje PVC 105C 300V. Referencia 106780 para cotización en Surtilec, línea Cables especiales / Cable para bandeja / tray cable. Especificaciones registradas: calibre 20 AWG, 1 conductores, voltaje 300 V, apantallado, chaqueta PVC - Polyvinyl Chloride. Solicita disponibilidad, cantidades y soporte técnico para despacho en Colombia.",
106781,16/1PR PLTC apantallado 105C 300V PVC,Cables especiales,Cable para bandeja / tray cable,,16,1,300 V,Sí,PVC - Polyvinyl Chloride,PLTC/ITC,,,,,"16/1PR PLTC apantallado 105C 300V PVC. Referencia 106781 para cotización en Surtilec, línea Cables especiales / Cable para bandeja / tray cable. Especificaciones registradas: calibre 16 AWG, 1 conductores, voltaje 300 V, apantallado, chaqueta PVC - Polyvinyl Chloride. Solicita disponibilidad, cantidades y soporte técnico para despacho en Colombia.",
106782,18/1PR PLTC apantallado 105C 300V PVC,Cables especiales,Cable para bandeja / tray cable,,18,1,300 V,Sí,PVC - Polyvinyl Chloride,PLTC/ITC,,,,,"18/1PR PLTC apantallado 105C 300V PVC. Referencia 106782 para cotización en Surtilec, línea Cables especiales / Cable para bandeja / tray cable. Especificaciones registradas: calibre 18 AWG, 1 conductores, voltaje 300 V, apantallado, chaqueta PVC - Polyvinyl Chloride. Solicita disponibilidad, cantidades y soporte técnico para despacho en Colombia.",
106783,20/1PR PLTC apantallado 105C 300V PVC,Cables especiales,Cable para bandeja / tray cable,,20,1,300 V,Sí,PVC - Polyvinyl Chloride,PLTC/ITC,,,,,"20/1PR PLTC apantallado 105C 300V PVC. Referencia 106783 para cotización en Surtilec, línea Cables especiales / Cable para bandeja / tray cable. Especificaciones registradas: calibre 20 AWG, 1 conductores, voltaje 300 V, apantallado, chaqueta PVC - Polyvinyl Chloride. Solicita disponibilidad, cantidades y soporte técnico para despacho en Colombia.",
106784,16/4PR PLTC apantallado 105C 300V PVC,Cables especiales,Cable para bandeja / tray cable,,16,4,300 V,Sí,PVC - Polyvinyl Chloride,PLTC/ITC,,,,,"16/4PR PLTC apantallado 105C 300V PVC. Referencia 106784 para cotización en Surtilec, línea Cables especiales / Cable para bandeja / tray cable. Especificaciones registradas: calibre 16 AWG, 4 conductores, voltaje 300 V, apantallado, chaqueta PVC - Polyvinyl Chloride. Solicita disponibilidad, cantidades y soporte técnico para despacho en Colombia.",
106785,16/8PR PLTC apantallado 105C 300V PVC,Cables especiales,Cable para bandeja / tray cable,,16,8,300 V,Sí,PVC - Polyvinyl Chloride,PLTC/ITC,,,,,"16/8PR PLTC apantallado 105C 300V PVC. Referencia 106785 para cotización en Surtilec, línea Cables especiales / Cable para bandeja / tray cable. Especificaciones registradas: calibre 16 AWG, 8 conductores, voltaje 300 V, apantallado, chaqueta PVC - Polyvinyl Chloride. Solicita disponibilidad, cantidades y soporte técnico para despacho en Colombia.",
106786,16/12PR PLTC apantallado 105C 300V PVC,Cables especiales,Cable para bandeja / tray cable,,16,12,300 V,Sí,PVC - Polyvinyl Chloride,PLTC/ITC,,,,,"16/12PR PLTC apantallado 105C 300V PVC. Referencia 106786 para cotización en Surtilec, línea Cables especiales / Cable para bandeja / tray cable. Especificaciones registradas: calibre 16 AWG, 12 conductores, voltaje 300 V, apantallado, chaqueta PVC - Polyvinyl Chloride. Solicita disponibilidad, cantidades y soporte técnico para despacho en Colombia.",
106787,16/16PR PLTC apantallado 105C 300V PVC,Cables especiales,Cable para bandeja / tray cable,,16,16,300 V,Sí,PVC - Polyvinyl Chloride,PLTC/ITC,,,,,"16/16PR PLTC apantallado 105C 300V PVC. Referencia 106787 para cotización en Surtilec, línea Cables especiales / Cable para bandeja / tray cable. Especificaciones registradas: calibre 16 AWG, 16 conductores, voltaje 300 V, apantallado, chaqueta PVC - Polyvinyl Chloride. Solicita disponibilidad, cantidades y soporte técnico para despacho en Colombia.",
106788,16/24PR PVC/OS/PVC BLK/WHT,Cables especiales,Cables apantallados,,16,24,300 V,Sí,PVC - Polyvinyl Chloride,,,,,,"16/24PR PVC/OS/PVC BLK/WHT. Referencia 106788 para cotización en Surtilec, línea Cables especiales / Cables apantallados. Especificaciones registradas: calibre 16 AWG, 24 conductores, voltaje 300 V, apantallado, chaqueta PVC - Polyvinyl Chloride. Solicita disponibilidad, cantidades y soporte técnico para despacho en Colombia.",
106789,16/36PR PLTC apantallado 105C 300V PVC,Cables especiales,Cable para bandeja / tray cable,,16,36,300 V,Sí,PVC - Polyvinyl Chloride,PLTC/ITC,,,,,"16/36PR PLTC apantallado 105C 300V PVC. Referencia 106789 para cotización en Surtilec, línea Cables especiales / Cable para bandeja / tray cable. Especificaciones registradas: calibre 16 AWG, 36 conductores, voltaje 300 V, apantallado, chaqueta PVC - Polyvinyl Chloride. Solicita disponibilidad, cantidades y soporte técnico para despacho en Colombia.",
106790,20/12PR PLTC apantallado 105C 300V PVC,Cables especiales,Cable para bandeja / tray cable,,20,12,300 V,Sí,PVC - Polyvinyl Chloride,,,,,,"20/12PR PLTC apantallado 105C 300V PVC. Referencia 106790 para cotización en Surtilec, línea Cables especiales / Cable para bandeja / tray cable. Especificaciones registradas: calibre 20 AWG, 12 conductores, voltaje 300 V, apantallado, chaqueta PVC - Polyvinyl Chloride. Solicita disponibilidad, cantidades y soporte técnico para despacho en Colombia.",
106791,16/2PR PVC/OS/PVC BLK/WHT 600V,Cables especiales,Cables apantallados,,16,2,600 V,Sí,PVC - Polyvinyl Chloride,,,,,,"16/2PR PVC/OS/PVC BLK/WHT 600V. Referencia 106791 para cotización en Surtilec, línea Cables especiales / Cables apantallados. Especificaciones registradas: calibre 16 AWG, 2 conductores, voltaje 600 V, apantallado, chaqueta PVC - Polyvinyl Chloride. Solicita disponibilidad, cantidades y soporte técnico para despacho en Colombia.",
106792,16/3PR PVC/OS/PVC BLK/WHT 600V,Cables especiales,Cables apantallados,,16,3,600 V,Sí,PVC - Polyvinyl Chloride,,,,,,"16/3PR PVC/OS/PVC BLK/WHT 600V. Referencia 106792 para cotización en Surtilec, línea Cables especiales / Cables apantallados. Especificaciones registradas: calibre 16 AWG, 3 conductores, voltaje 600 V, apantallado, chaqueta PVC - Polyvinyl Chloride. Solicita disponibilidad, cantidades y soporte técnico para despacho en Colombia.",
106793,16/4PR PVC/OS/PVC BLK/WHT 600V,Cables especiales,Cables apantallados,,16,4,600 V,Sí,PVC - Polyvinyl Chloride,,,,,,"16/4PR PVC/OS/PVC BLK/WHT 600V. Referencia 106793 para cotización en Surtilec, línea Cables especiales / Cables apantallados. Especificaciones registradas: calibre 16 AWG, 4 conductores, voltaje 600 V, apantallado, chaqueta PVC - Polyvinyl Chloride. Solicita disponibilidad, cantidades y soporte técnico para despacho en Colombia.",
106794,16/5PR PVC/OS/PVC BLK/WHT 600V,Cables especiales,Cables apantallados,,16,5,600 V,Sí,PVC - Polyvinyl Chloride,,,,,,"16/5PR PVC/OS/PVC BLK/WHT 600V. Referencia 106794 para cotización en Surtilec, línea Cables especiales / Cables apantallados. Especificaciones registradas: calibre 16 AWG, 5 conductores, voltaje 600 V, apantallado, chaqueta PVC - Polyvinyl Chloride. Solicita disponibilidad, cantidades y soporte técnico para despacho en Colombia.",
106795,16/8PR PVC/OS/PVC BLK/WHT 600V,Cables especiales,Cables apantallados,,16,8,600 V,Sí,PVC - Polyvinyl Chloride,,,,,,"16/8PR PVC/OS/PVC BLK/WHT 600V. Referencia 106795 para cotización en Surtilec, línea Cables especiales / Cables apantallados. Especificaciones registradas: calibre 16 AWG, 8 conductores, voltaje 600 V, apantallado, chaqueta PVC - Polyvinyl Chloride. Solicita disponibilidad, cantidades y soporte técnico para despacho en Colombia.",
106796,16/12PR PVC/OS/PVC BL/WH 600V,Cables especiales,Cables apantallados,,16,12,600 V,Sí,PVC - Polyvinyl Chloride,,,,,,"16/12PR PVC/OS/PVC BL/WH 600V. Referencia 106796 para cotización en Surtilec, línea Cables especiales / Cables apantallados. Especificaciones registradas: calibre 16 AWG, 12 conductores, voltaje 600 V, apantallado, chaqueta PVC - Polyvinyl Chloride. Solicita disponibilidad, cantidades y soporte técnico para despacho en Colombia.",
106797,16/16PR PVC/OS/PVC BL/WH 600V,Cables especiales,Cables apantallados,,16,16,600 V,Sí,PVC - Polyvinyl Chloride,,,,,,"16/16PR PVC/OS/PVC BL/WH 600V. Referencia 106797 para cotización en Surtilec, línea Cables especiales / Cables apantallados. Especificaciones registradas: calibre 16 AWG, 16 conductores, voltaje 600 V, apantallado, chaqueta PVC - Polyvinyl Chloride. Solicita disponibilidad, cantidades y soporte técnico para despacho en Colombia.",
106798,16/24PR PVC/OS/PVC BL/WH 600V,Cables especiales,Cables apantallados,,16,24,600 V,Sí,PVC - Polyvinyl Chloride,,,,,,"16/24PR PVC/OS/PVC BL/WH 600V. Referencia 106798 para cotización en Surtilec, línea Cables especiales / Cables apantallados. Especificaciones registradas: calibre 16 AWG, 24 conductores, voltaje 600 V, apantallado, chaqueta PVC - Polyvinyl Chloride. Solicita disponibilidad, cantidades y soporte técnico para despacho en Colombia.",
106799,18/2PR PVC/OS/PVC BLK/WHT 600V,Cables especiales,Cables apantallados,,18,2,600 V,Sí,PVC - Polyvinyl Chloride,,,,,,"18/2PR PVC/OS/PVC BLK/WHT 600V. Referencia 106799 para cotización en Surtilec, línea Cables especiales / Cables apantallados. Especificaciones registradas: calibre 18 AWG, 2 conductores, voltaje 600 V, apantallado, chaqueta PVC - Polyvinyl Chloride. Solicita disponibilidad, cantidades y soporte técnico para despacho en Colombia.",
106800,18/4PR PVC/OS/PVC BLK/WHT 600V,Cables especiales,Cables apantallados,,18,4,600 V,Sí,PVC - Polyvinyl Chloride,,,,,,"18/4PR PVC/OS/PVC BLK/WHT 600V. Referencia 106800 para cotización en Surtilec, línea Cables especiales / Cables apantallados. Especificaciones registradas: calibre 18 AWG, 4 conductores, voltaje 600 V, apantallado, chaqueta PVC - Polyvinyl Chloride. Solicita disponibilidad, cantidades y soporte técnico para despacho en Colombia.",
106801,18/6PR PVC/OS/PVC BLK/WHT 600V,Cables especiales,Cables apantallados,,18,6,600 V,Sí,PVC - Polyvinyl Chloride,,,,,,"18/6PR PVC/OS/PVC BLK/WHT 600V. Referencia 106801 para cotización en Surtilec, línea Cables especiales / Cables apantallados. Especificaciones registradas: calibre 18 AWG, 6 conductores, voltaje 600 V, apantallado, chaqueta PVC - Polyvinyl Chloride. Solicita disponibilidad, cantidades y soporte técnico para despacho en Colombia.",
106802,18/8PR PVC/OS/PVC BLK/WHT 600V,Cables especiales,Cables apantallados,,18,8,600 V,Sí,PVC - Polyvinyl Chloride,,,,,,"18/8PR PVC/OS/PVC BLK/WHT 600V. Referencia 106802 para cotización en Surtilec, línea Cables especiales / Cables apantallados. Especificaciones registradas: calibre 18 AWG, 8 conductores, voltaje 600 V, apantallado, chaqueta PVC - Polyvinyl Chloride. Solicita disponibilidad, cantidades y soporte técnico para despacho en Colombia.",
106803,18/12PR PVC/OS/PVC BLK/WHT,Cables especiales,Cables apantallados,,18,12,600 V,Sí,PVC - Polyvinyl Chloride,,,,,,"18/12PR PVC/OS/PVC BLK/WHT. Referencia 106803 para cotización en Surtilec, línea Cables especiales / Cables apantallados. Especificaciones registradas: calibre 18 AWG, 12 conductores, voltaje 600 V, apantallado, chaqueta PVC - Polyvinyl Chloride. Solicita disponibilidad, cantidades y soporte técnico para despacho en Colombia.",
106804,18/24PR PVC/OS/PVC BLK/WHT,Cables especiales,Cables apantallados,,18,24,600 V,Sí,PVC - Polyvinyl Chloride,,,,,,"18/24PR PVC/OS/PVC BLK/WHT. Referencia 106804 para cotización en Surtilec, línea Cables especiales / Cables apantallados. Especificaciones registradas: calibre 18 AWG, 24 conductores, voltaje 600 V, apantallado, chaqueta PVC - Polyvinyl Chloride. Solicita disponibilidad, cantidades y soporte técnico para despacho en Colombia.",
106805,18/36PR PVC/OS/PVC BLK/WHT,Cables especiales,Cables apantallados,,18,36,600 V,Sí,PVC - Polyvinyl Chloride,,,,,,"18/36PR PVC/OS/PVC BLK/WHT. Referencia 106805 para cotización en Surtilec, línea Cables especiales / Cables apantallados. Especificaciones registradas: calibre 18 AWG, 36 conductores, voltaje 600 V, apantallado, chaqueta PVC - Polyvinyl Chloride. Solicita disponibilidad, cantidades y soporte técnico para despacho en Colombia.",
106806,16/2PR PLTC SPOS 105C 300V PVC,Cables especiales,Cable para bandeja / tray cable,,16,2,300 V,Sí,PVC - Polyvinyl Chloride,"PLTC/ITC; Class 1, Division 2; FT4",,,,,"16/2PR PLTC SPOS 105C 300V PVC. Referencia 106806 para cotización en Surtilec, línea Cables especiales / Cable para bandeja / tray cable. Especificaciones registradas: calibre 16 AWG, 2 conductores, voltaje 300 V, apantallado, chaqueta PVC - Polyvinyl Chloride. Solicita disponibilidad, cantidades y soporte técnico para despacho en Colombia.",
106807,16/4PR PLTC SPOS 105C 300V PVC,Cables especiales,Cable para bandeja / tray cable,,16,4,300 V,Sí,PVC - Polyvinyl Chloride,"PLTC/ITC; Class 1, Division 2; FT4",,,,,"16/4PR PLTC SPOS 105C 300V PVC. Referencia 106807 para cotización en Surtilec, línea Cables especiales / Cable para bandeja / tray cable. Especificaciones registradas: calibre 16 AWG, 4 conductores, voltaje 300 V, apantallado, chaqueta PVC - Polyvinyl Chloride. Solicita disponibilidad, cantidades y soporte técnico para despacho en Colombia.",
106808,16/8PR PLTC SPOS 105C 300V PVC,Cables especiales,Cable para bandeja / tray cable,,16,8,300 V,Sí,PVC - Polyvinyl Chloride,"PLTC/ITC; Class 1, Division 2; FT4",,,,,"16/8PR PLTC SPOS 105C 300V PVC. Referencia 106808 para cotización en Surtilec, línea Cables especiales / Cable para bandeja / tray cable. Especificaciones registradas: calibre 16 AWG, 8 conductores, voltaje 300 V, apantallado, chaqueta PVC - Polyvinyl Chloride. Solicita disponibilidad, cantidades y soporte técnico para despacho en Colombia.",
106809,16/12PR PLTC SPOS 105C 300V PVC,Cables especiales,Cable para bandeja / tray cable,,16,12,300 V,Sí,PVC - Polyvinyl Chloride,"PLTC/ITC; Class 1, Division 2; FT4",,,,,"16/12PR PLTC SPOS 105C 300V PVC. Referencia 106809 para cotización en Surtilec, línea Cables especiales / Cable para bandeja / tray cable. Especificaciones registradas: calibre 16 AWG, 12 conductores, voltaje 300 V, apantallado, chaqueta PVC - Polyvinyl Chloride. Solicita disponibilidad, cantidades y soporte técnico para despacho en Colombia.",
106810,16/16PR PLTC SPOS 105C 300V PVC,Cables especiales,Cable para bandeja / tray cable,,16,16,300 V,Sí,PVC - Polyvinyl Chloride,"PLTC/ITC; Class 1, Division 2; FT4",,,,,"16/16PR PLTC SPOS 105C 300V PVC. Referencia 106810 para cotización en Surtilec, línea Cables especiales / Cable para bandeja / tray cable. Especificaciones registradas: calibre 16 AWG, 16 conductores, voltaje 300 V, apantallado, chaqueta PVC - Polyvinyl Chloride. Solicita disponibilidad, cantidades y soporte técnico para despacho en Colombia.",
106811,16/24PR PLTC SPOS 105C 300V PVC,Cables especiales,Cable para bandeja / tray cable,,16,24,300 V,Sí,PVC - Polyvinyl Chloride,"PLTC/ITC; Class 1, Division 2; FT4",,,,,"16/24PR PLTC SPOS 105C 300V PVC. Referencia 106811 para cotización en Surtilec, línea Cables especiales / Cable para bandeja / tray cable. Especificaciones registradas: calibre 16 AWG, 24 conductores, voltaje 300 V, apantallado, chaqueta PVC - Polyvinyl Chloride. Solicita disponibilidad, cantidades y soporte técnico para despacho en Colombia.",
106812,16/36PR PLTC SPOS 105C 300V PVC,Cables especiales,Cable para bandeja / tray cable,,16,36,300 V,Sí,PVC - Polyvinyl Chloride,"PLTC/ITC; Class 1, Division 2; FT4",,,,,"16/36PR PLTC SPOS 105C 300V PVC. Referencia 106812 para cotización en Surtilec, línea Cables especiales / Cable para bandeja / tray cable. Especificaciones registradas: calibre 16 AWG, 36 conductores, voltaje 300 V, apantallado, chaqueta PVC - Polyvinyl Chloride. Solicita disponibilidad, cantidades y soporte técnico para despacho en Colombia.",
106813,18/2PR PLTC SPOS 105C 300V PVC,Cables especiales,Cable para bandeja / tray cable,,18,2,300 V,Sí,PVC - Polyvinyl Chloride,"PLTC/ITC; Class 1, Division 2; FT4",,,,,"18/2PR PLTC SPOS 105C 300V PVC. Referencia 106813 para cotización en Surtilec, línea Cables especiales / Cable para bandeja / tray cable. Especificaciones registradas: calibre 18 AWG, 2 conductores, voltaje 300 V, apantallado, chaqueta PVC - Polyvinyl Chloride. Solicita disponibilidad, cantidades y soporte técnico para despacho en Colombia.",
106814,18/4PR PLTC SPOS 105C 300V PVC,Cables especiales,Cable para bandeja / tray cable,,18,4,300 V,Sí,PVC - Polyvinyl Chloride,"PLTC/ITC; Class 1, Division 2; FT4",,,,,"18/4PR PLTC SPOS 105C 300V PVC. Referencia 106814 para cotización en Surtilec, línea Cables especiales / Cable para bandeja / tray cable. Especificaciones registradas: calibre 18 AWG, 4 conductores, voltaje 300 V, apantallado, chaqueta PVC - Polyvinyl Chloride. Solicita disponibilidad, cantidades y soporte técnico para despacho en Colombia.",
106815,18/8PR PLTC SPOS 105C 300V PVC,Cables especiales,Cable para bandeja / tray cable,,18,8,300 V,Sí,PVC - Polyvinyl Chloride,"PLTC/ITC; Class 1, Division 2; FT4",,,,,"18/8PR PLTC SPOS 105C 300V PVC. Referencia 106815 para cotización en Surtilec, línea Cables especiales / Cable para bandeja / tray cable. Especificaciones registradas: calibre 18 AWG, 8 conductores, voltaje 300 V, apantallado, chaqueta PVC - Polyvinyl Chloride. Solicita disponibilidad, cantidades y soporte técnico para despacho en Colombia.",
106816,18/12PR PLTC SPOS 105C 300V PVC,Cables especiales,Cable para bandeja / tray cable,,18,12,300 V,Sí,PVC - Polyvinyl Chloride,"PLTC/ITC; Class 1, Division 2; FT4",,,,,"18/12PR PLTC SPOS 105C 300V PVC. Referencia 106816 para cotización en Surtilec, línea Cables especiales / Cable para bandeja / tray cable. Especificaciones registradas: calibre 18 AWG, 12 conductores, voltaje 300 V, apantallado, chaqueta PVC - Polyvinyl Chloride. Solicita disponibilidad, cantidades y soporte técnico para despacho en Colombia.",
106817,18/16PR PLTC SPOS 105C 300V PVC,Cables especiales,Cable para bandeja / tray cable,,18,16,300 V,Sí,PVC - Polyvinyl Chloride,"PLTC/ITC; Class 1, Division 2; FT4",,,,,"18/16PR PLTC SPOS 105C 300V PVC. Referencia 106817 para cotización en Surtilec, línea Cables especiales / Cable para bandeja / tray cable. Especificaciones registradas: calibre 18 AWG, 16 conductores, voltaje 300 V, apantallado, chaqueta PVC - Polyvinyl Chloride. Solicita disponibilidad, cantidades y soporte técnico para despacho en Colombia.",
106818,18/24PR PLTC SPOS 105C 300V PVC,Cables especiales,Cable para bandeja / tray cable,,18,24,300 V,Sí,PVC - Polyvinyl Chloride,"PLTC/ITC; Class 1, Division 2; FT4",,,,,"18/24PR PLTC SPOS 105C 300V PVC. Referencia 106818 para cotización en Surtilec, línea Cables especiales / Cable para bandeja / tray cable. Especificaciones registradas: calibre 18 AWG, 24 conductores, voltaje 300 V, apantallado, chaqueta PVC - Polyvinyl Chloride. Solicita disponibilidad, cantidades y soporte técnico para despacho en Colombia.",
106819,18/36PR PLTC SPOS 105C 300V PVC,Cables especiales,Cable para bandeja / tray cable,,18,36,300 V,Sí,PVC - Polyvinyl Chloride,"PLTC/ITC; Class 1, Division 2; FT4",,,,,"18/36PR PLTC SPOS 105C 300V PVC. Referencia 106819 para cotización en Surtilec, línea Cables especiales / Cable para bandeja / tray cable. Especificaciones registradas: calibre 18 AWG, 36 conductores, voltaje 300 V, apantallado, chaqueta PVC - Polyvinyl Chloride. Solicita disponibilidad, cantidades y soporte técnico para despacho en Colombia.",
106820,20/2PR PLTC SPOS 105C 300V PVC,Cables especiales,Cable para bandeja / tray cable,,20,2,300 V,Sí,PVC - Polyvinyl Chloride,"PLTC/ITC; Class 1, Division 2; FT4",,,,,"20/2PR PLTC SPOS 105C 300V PVC. Referencia 106820 para cotización en Surtilec, línea Cables especiales / Cable para bandeja / tray cable. Especificaciones registradas: calibre 20 AWG, 2 conductores, voltaje 300 V, apantallado, chaqueta PVC - Polyvinyl Chloride. Solicita disponibilidad, cantidades y soporte técnico para despacho en Colombia.",
106821,20/4PR PLTC SPOS 105C 300V PVC,Cables especiales,Cable para bandeja / tray cable,,20,4,300 V,Sí,PVC - Polyvinyl Chloride,PLTC/ITC,,,,,"20/4PR PLTC SPOS 105C 300V PVC. Referencia 106821 para cotización en Surtilec, línea Cables especiales / Cable para bandeja / tray cable. Especificaciones registradas: calibre 20 AWG, 4 conductores, voltaje 300 V, apantallado, chaqueta PVC - Polyvinyl Chloride. Solicita disponibilidad, cantidades y soporte técnico para despacho en Colombia.",
106822,20/8PR PLTC SPOS 105C 300V PVC,Cables especiales,Cable para bandeja / tray cable,,20,8,300 V,Sí,PVC - Polyvinyl Chloride,PLTC/ITC,,,,,"20/8PR PLTC SPOS 105C 300V PVC. Referencia 106822 para cotización en Surtilec, línea Cables especiales / Cable para bandeja / tray cable. Especificaciones registradas: calibre 20 AWG, 8 conductores, voltaje 300 V, apantallado, chaqueta PVC - Polyvinyl Chloride. Solicita disponibilidad, cantidades y soporte técnico para despacho en Colombia.",
106823,20/12PR PLTC SPOS 105C 300V PVC,Cables especiales,Cable para bandeja / tray cable,,20,12,300 V,Sí,PVC - Polyvinyl Chloride,PLTC/ITC,,,,,"20/12PR PLTC SPOS 105C 300V PVC. Referencia 106823 para cotización en Surtilec, línea Cables especiales / Cable para bandeja / tray cable. Especificaciones registradas: calibre 20 AWG, 12 conductores, voltaje 300 V, apantallado, chaqueta PVC - Polyvinyl Chloride. Solicita disponibilidad, cantidades y soporte técnico para despacho en Colombia.",
106824,20/16PR PLTC SPOS 105C 300V PVC,Cables especiales,Cable para bandeja / tray cable,,20,16,300 V,Sí,PVC - Polyvinyl Chloride,PLTC/ITC,,,,,"20/16PR PLTC SPOS 105C 300V PVC. Referencia 106824 para cotización en Surtilec, línea Cables especiales / Cable para bandeja / tray cable. Especificaciones registradas: calibre 20 AWG, 16 conductores, voltaje 300 V, apantallado, chaqueta PVC - Polyvinyl Chloride. Solicita disponibilidad, cantidades y soporte técnico para despacho en Colombia.",
106825,20 AWG 20 pr PLTC apantallado pares general apantallado,Cables especiales,Cable para bandeja / tray cable,,20,20,300 V,Sí,PVC - Polyvinyl Chloride,PLTC/ITC,,,,,"20 AWG 20 pr PLTC apantallado pares general apantallado. Referencia 106825 para cotización en Surtilec, línea Cables especiales / Cable para bandeja / tray cable. Especificaciones registradas: calibre 20 AWG, 20 conductores, voltaje 300 V, apantallado, chaqueta PVC - Polyvinyl Chloride. Solicita disponibilidad, cantidades y soporte técnico para despacho en Colombia.",
106826,20/24PR PLTC SPOS 105C 300V PVC,Cables especiales,Cable para bandeja / tray cable,,20,24,300 V,Sí,PVC - Polyvinyl Chloride,PLTC/ITC,,,,,"20/24PR PLTC SPOS 105C 300V PVC. Referencia 106826 para cotización en Surtilec, línea Cables especiales / Cable para bandeja / tray cable. Especificaciones registradas: calibre 20 AWG, 24 conductores, voltaje 300 V, apantallado, chaqueta PVC - Polyvinyl Chloride. Solicita disponibilidad, cantidades y soporte técnico para despacho en Colombia.",
106827,20/36PR PLTC SPOS 105C 300V PVC,Cables especiales,Cable para bandeja / tray cable,,20,36,300 V,Sí,PVC - Polyvinyl Chloride,PLTC/ITC,,,,,"20/36PR PLTC SPOS 105C 300V PVC. Referencia 106827 para cotización en Surtilec, línea Cables especiales / Cable para bandeja / tray cable. Especificaciones registradas: calibre 20 AWG, 36 conductores, voltaje 300 V, apantallado, chaqueta PVC - Polyvinyl Chloride. Solicita disponibilidad, cantidades y soporte técnico para despacho en Colombia.",
106828,20/50PR PLTC SPOS 105C 300V PVC,Cables especiales,Cable para bandeja / tray cable,,20,50,300 V,Sí,PVC - Polyvinyl Chloride,PLTC/ITC,,,,,"20/50PR PLTC SPOS 105C 300V PVC. Referencia 106828 para cotización en Surtilec, línea Cables especiales / Cable para bandeja / tray cable. Especificaciones registradas: calibre 20 AWG, 50 conductores, voltaje 300 V, apantallado, chaqueta PVC - Polyvinyl Chloride. Solicita disponibilidad, cantidades y soporte técnico para despacho en Colombia.",
106829,14/2PR TC SPOS PVC 600V,Cables especiales,Cables apantallados,,14,2,600 V,Sí,PVC - Polyvinyl Chloride,,,,,,"14/2PR TC SPOS PVC 600V. Referencia 106829 para cotización en Surtilec, línea Cables especiales / Cables apantallados. Especificaciones registradas: calibre 14 AWG, 2 conductores, voltaje 600 V, apantallado, chaqueta PVC - Polyvinyl Chloride. Solicita disponibilidad, cantidades y soporte técnico para despacho en Colombia.",
106830,14/4PR TC SPOS PVC 600V,Cables especiales,Cables apantallados,,14,4,600 V,Sí,PVC - Polyvinyl Chloride,,,,,,"14/4PR TC SPOS PVC 600V. Referencia 106830 para cotización en Surtilec, línea Cables especiales / Cables apantallados. Especificaciones registradas: calibre 14 AWG, 4 conductores, voltaje 600 V, apantallado, chaqueta PVC - Polyvinyl Chloride. Solicita disponibilidad, cantidades y soporte técnico para despacho en Colombia.",
106831,14/8PR TC SPOS PVC 600V,Cables especiales,Cables apantallados,,14,8,600 V,Sí,PVC - Polyvinyl Chloride,,,,,,"14/8PR TC SPOS PVC 600V. Referencia 106831 para cotización en Surtilec, línea Cables especiales / Cables apantallados. Especificaciones registradas: calibre 14 AWG, 8 conductores, voltaje 600 V, apantallado, chaqueta PVC - Polyvinyl Chloride. Solicita disponibilidad, cantidades y soporte técnico para despacho en Colombia.",
106832,14/12PR TC SPOS PVC 600V,Cables especiales,Cables apantallados,,14,12,600 V,Sí,PVC - Polyvinyl Chloride,,,,,,"14/12PR TC SPOS PVC 600V. Referencia 106832 para cotización en Surtilec, línea Cables especiales / Cables apantallados. Especificaciones registradas: calibre 14 AWG, 12 conductores, voltaje 600 V, apantallado, chaqueta PVC - Polyvinyl Chloride. Solicita disponibilidad, cantidades y soporte técnico para despacho en Colombia.",
106833,14/24PR TC SPOS PVC 600V,Cables especiales,Cables apantallados,,14,24,600 V,Sí,PVC - Polyvinyl Chloride,,,,,,"14/24PR TC SPOS PVC 600V. Referencia 106833 para cotización en Surtilec, línea Cables especiales / Cables apantallados. Especificaciones registradas: calibre 14 AWG, 24 conductores, voltaje 600 V, apantallado, chaqueta PVC - Polyvinyl Chloride. Solicita disponibilidad, cantidades y soporte técnico para despacho en Colombia.",
106834,16/2PR TC SPOS PVC 600V,Cables especiales,Cables apantallados,,16,2,600 V,Sí,PVC - Polyvinyl Chloride,,,,,,"16/2PR TC SPOS PVC 600V. Referencia 106834 para cotización en Surtilec, línea Cables especiales / Cables apantallados. Especificaciones registradas: calibre 16 AWG, 2 conductores, voltaje 600 V, apantallado, chaqueta PVC - Polyvinyl Chloride. Solicita disponibilidad, cantidades y soporte técnico para despacho en Colombia.",
106835,16/3PR TC SPOS PVC 600V,Cables especiales,Cables apantallados,,16,3,600 V,Sí,PVC - Polyvinyl Chloride,,,,,,"16/3PR TC SPOS PVC 600V. Referencia 106835 para cotización en Surtilec, línea Cables especiales / Cables apantallados. Especificaciones registradas: calibre 16 AWG, 3 conductores, voltaje 600 V, apantallado, chaqueta PVC - Polyvinyl Chloride. Solicita disponibilidad, cantidades y soporte técnico para despacho en Colombia.",
106836,16/4PR PVC/SPOS/PVC BLK/WHT,Cables especiales,Cables apantallados,,16,4,600 V,Sí,PVC - Polyvinyl Chloride,1277,,,,,"16/4PR PVC/SPOS/PVC BLK/WHT. Referencia 106836 para cotización en Surtilec, línea Cables especiales / Cables apantallados. Especificaciones registradas: calibre 16 AWG, 4 conductores, voltaje 600 V, apantallado, chaqueta PVC - Polyvinyl Chloride. Solicita disponibilidad, cantidades y soporte técnico para despacho en Colombia.",
106837,16/6PR TC SPOS PVC 600V,Cables especiales,Cables apantallados,,16,6,600 V,Sí,PVC - Polyvinyl Chloride,,,,,,"16/6PR TC SPOS PVC 600V. Referencia 106837 para cotización en Surtilec, línea Cables especiales / Cables apantallados. Especificaciones registradas: calibre 16 AWG, 6 conductores, voltaje 600 V, apantallado, chaqueta PVC - Polyvinyl Chloride. Solicita disponibilidad, cantidades y soporte técnico para despacho en Colombia.",
106838,16/8PR TC SPOS PVC 600V,Cables especiales,Cables apantallados,,16,8,600 V,Sí,PVC - Polyvinyl Chloride,,,,,,"16/8PR TC SPOS PVC 600V. Referencia 106838 para cotización en Surtilec, línea Cables especiales / Cables apantallados. Especificaciones registradas: calibre 16 AWG, 8 conductores, voltaje 600 V, apantallado, chaqueta PVC - Polyvinyl Chloride. Solicita disponibilidad, cantidades y soporte técnico para despacho en Colombia.",
106839,16/12PR TC SPOS PVC 600V,Cables especiales,Cables apantallados,,16,12,600 V,Sí,PVC - Polyvinyl Chloride,,,,,,"16/12PR TC SPOS PVC 600V. Referencia 106839 para cotización en Surtilec, línea Cables especiales / Cables apantallados. Especificaciones registradas: calibre 16 AWG, 12 conductores, voltaje 600 V, apantallado, chaqueta PVC - Polyvinyl Chloride. Solicita disponibilidad, cantidades y soporte técnico para despacho en Colombia.",
106840,16/16PR PVC/SPOS/PVC BLK/WHT,Cables especiales,Cables apantallados,,16,16,600 V,Sí,PVC - Polyvinyl Chloride,1277,,,,,"16/16PR PVC/SPOS/PVC BLK/WHT. Referencia 106840 para cotización en Surtilec, línea Cables especiales / Cables apantallados. Especificaciones registradas: calibre 16 AWG, 16 conductores, voltaje 600 V, apantallado, chaqueta PVC - Polyvinyl Chloride. Solicita disponibilidad, cantidades y soporte técnico para despacho en Colombia.",
106841,16/20PR TC SPOS PVC 600V,Cables especiales,Cables apantallados,,16,20,600 V,Sí,PVC - Polyvinyl Chloride,,,,,,"16/20PR TC SPOS PVC 600V. Referencia 106841 para cotización en Surtilec, línea Cables especiales / Cables apantallados. Especificaciones registradas: calibre 16 AWG, 20 conductores, voltaje 600 V, apantallado, chaqueta PVC - Polyvinyl Chloride. Solicita disponibilidad, cantidades y soporte técnico para despacho en Colombia.",
106842,16/24PR TC SPOS PVC 600V,Cables especiales,Cables apantallados,,16,24,600 V,Sí,PVC - Polyvinyl Chloride,,,,,,"16/24PR TC SPOS PVC 600V. Referencia 106842 para cotización en Surtilec, línea Cables especiales / Cables apantallados. Especificaciones registradas: calibre 16 AWG, 24 conductores, voltaje 600 V, apantallado, chaqueta PVC - Polyvinyl Chloride. Solicita disponibilidad, cantidades y soporte técnico para despacho en Colombia.",
106843,16/36PR TC SPOS PVC 600V,Cables especiales,Cables apantallados,,16,36,600 V,Sí,PVC - Polyvinyl Chloride,,,,,,"16/36PR TC SPOS PVC 600V. Referencia 106843 para cotización en Surtilec, línea Cables especiales / Cables apantallados. Especificaciones registradas: calibre 16 AWG, 36 conductores, voltaje 600 V, apantallado, chaqueta PVC - Polyvinyl Chloride. Solicita disponibilidad, cantidades y soporte técnico para despacho en Colombia.",
106844,16/50PR TC SPOS PVC 600V,Cables especiales,Cables apantallados,,16,50,600 V,Sí,PVC - Polyvinyl Chloride,,,,,,"16/50PR TC SPOS PVC 600V. Referencia 106844 para cotización en Surtilec, línea Cables especiales / Cables apantallados. Especificaciones registradas: calibre 16 AWG, 50 conductores, voltaje 600 V, apantallado, chaqueta PVC - Polyvinyl Chloride. Solicita disponibilidad, cantidades y soporte técnico para despacho en Colombia.",
106845,18/2PR TC SPOS PVC 600V,Cables especiales,Cables apantallados,,18,2,600 V,Sí,PVC - Polyvinyl Chloride,,,,,,"18/2PR TC SPOS PVC 600V. Referencia 106845 para cotización en Surtilec, línea Cables especiales / Cables apantallados. Especificaciones registradas: calibre 18 AWG, 2 conductores, voltaje 600 V, apantallado, chaqueta PVC - Polyvinyl Chloride. Solicita disponibilidad, cantidades y soporte técnico para despacho en Colombia.",
106846,18/3PR TC SPOS PVC 600V,Cables especiales,Cables apantallados,,18,3,600 V,Sí,PVC - Polyvinyl Chloride,,,,,,"18/3PR TC SPOS PVC 600V. Referencia 106846 para cotización en Surtilec, línea Cables especiales / Cables apantallados. Especificaciones registradas: calibre 18 AWG, 3 conductores, voltaje 600 V, apantallado, chaqueta PVC - Polyvinyl Chloride. Solicita disponibilidad, cantidades y soporte técnico para despacho en Colombia.",
106847,18/4PR TC SPOS PVC 600V,Cables especiales,Cables apantallados,,18,4,600 V,Sí,PVC - Polyvinyl Chloride,,,,,,"18/4PR TC SPOS PVC 600V. Referencia 106847 para cotización en Surtilec, línea Cables especiales / Cables apantallados. Especificaciones registradas: calibre 18 AWG, 4 conductores, voltaje 600 V, apantallado, chaqueta PVC - Polyvinyl Chloride. Solicita disponibilidad, cantidades y soporte técnico para despacho en Colombia.",
106848,18/6PR TC SPOS PVC 600V,Cables especiales,Cables apantallados,,18,6,600 V,Sí,PVC - Polyvinyl Chloride,,,,,,"18/6PR TC SPOS PVC 600V. Referencia 106848 para cotización en Surtilec, línea Cables especiales / Cables apantallados. Especificaciones registradas: calibre 18 AWG, 6 conductores, voltaje 600 V, apantallado, chaqueta PVC - Polyvinyl Chloride. Solicita disponibilidad, cantidades y soporte técnico para despacho en Colombia.",
106849,18/8PR TC SPOS PVC 600V,Cables especiales,Cables apantallados,,18,8,600 V,Sí,PVC - Polyvinyl Chloride,,,,,,"18/8PR TC SPOS PVC 600V. Referencia 106849 para cotización en Surtilec, línea Cables especiales / Cables apantallados. Especificaciones registradas: calibre 18 AWG, 8 conductores, voltaje 600 V, apantallado, chaqueta PVC - Polyvinyl Chloride. Solicita disponibilidad, cantidades y soporte técnico para despacho en Colombia.",
106850,18/12PR TC SPOS PVC 600V,Cables especiales,Cables apantallados,,18,12,600 V,Sí,PVC - Polyvinyl Chloride,,,,,,"18/12PR TC SPOS PVC 600V. Referencia 106850 para cotización en Surtilec, línea Cables especiales / Cables apantallados. Especificaciones registradas: calibre 18 AWG, 12 conductores, voltaje 600 V, apantallado, chaqueta PVC - Polyvinyl Chloride. Solicita disponibilidad, cantidades y soporte técnico para despacho en Colombia.",
106851,18/16PR TC SPOS PVC 600V,Cables especiales,Cables apantallados,,18,16,600 V,Sí,PVC - Polyvinyl Chloride,,,,,,"18/16PR TC SPOS PVC 600V. Referencia 106851 para cotización en Surtilec, línea Cables especiales / Cables apantallados. Especificaciones registradas: calibre 18 AWG, 16 conductores, voltaje 600 V, apantallado, chaqueta PVC - Polyvinyl Chloride. Solicita disponibilidad, cantidades y soporte técnico para despacho en Colombia.",
106852,18/24PR PVC/SPOS/PVC BLK/WHT,Cables especiales,Cables apantallados,,18,24,600 V,Sí,PVC - Polyvinyl Chloride,1277,,,,,"18/24PR PVC/SPOS/PVC BLK/WHT. Referencia 106852 para cotización en Surtilec, línea Cables especiales / Cables apantallados. Especificaciones registradas: calibre 18 AWG, 24 conductores, voltaje 600 V, apantallado, chaqueta PVC - Polyvinyl Chloride. Solicita disponibilidad, cantidades y soporte técnico para despacho en Colombia.",
106853,18/36PR TC SPOS PVC 600V,Cables especiales,Cables apantallados,,18,36,600 V,Sí,PVC - Polyvinyl Chloride,,,,,,"18/36PR TC SPOS PVC 600V. Referencia 106853 para cotización en Surtilec, línea Cables especiales / Cables apantallados. Especificaciones registradas: calibre 18 AWG, 36 conductores, voltaje 600 V, apantallado, chaqueta PVC - Polyvinyl Chloride. Solicita disponibilidad, cantidades y soporte técnico para despacho en Colombia.",
106854,18/50PR TC SPOS PVC 600V,Cables especiales,Cables apantallados,,18,50,600 V,Sí,PVC - Polyvinyl Chloride,,,,,,"18/50PR TC SPOS PVC 600V. Referencia 106854 para cotización en Surtilec, línea Cables especiales / Cables apantallados. Especificaciones registradas: calibre 18 AWG, 50 conductores, voltaje 600 V, apantallado, chaqueta PVC - Polyvinyl Chloride. Solicita disponibilidad, cantidades y soporte técnico para despacho en Colombia.",
106855,16/2TR TC STOS PVC 600V,Cables especiales,Cables apantallados,,16,2,600 V,Sí,PVC - Polyvinyl Chloride,,,,,,"16/2TR TC STOS PVC 600V. Referencia 106855 para cotización en Surtilec, línea Cables especiales / Cables apantallados. Especificaciones registradas: calibre 16 AWG, 2 conductores, voltaje 600 V, apantallado, chaqueta PVC - Polyvinyl Chloride. Solicita disponibilidad, cantidades y soporte técnico para despacho en Colombia.",
106856,16/4TR TC STOS PVC 600V,Cables especiales,Cables apantallados,,16,4,600 V,Sí,PVC - Polyvinyl Chloride,,,,,,"16/4TR TC STOS PVC 600V. Referencia 106856 para cotización en Surtilec, línea Cables especiales / Cables apantallados. Especificaciones registradas: calibre 16 AWG, 4 conductores, voltaje 600 V, apantallado, chaqueta PVC - Polyvinyl Chloride. Solicita disponibilidad, cantidades y soporte técnico para despacho en Colombia.",
106857,16/8TR TC STOS PVC 600V,Cables especiales,Cables apantallados,,16,8,600 V,Sí,PVC - Polyvinyl Chloride,,,,,,"16/8TR TC STOS PVC 600V. Referencia 106857 para cotización en Surtilec, línea Cables especiales / Cables apantallados. Especificaciones registradas: calibre 16 AWG, 8 conductores, voltaje 600 V, apantallado, chaqueta PVC - Polyvinyl Chloride. Solicita disponibilidad, cantidades y soporte técnico para despacho en Colombia.",
106858,16/12TR TC STOS PVC 600V,Cables especiales,Cables apantallados,,16,12,600 V,Sí,PVC - Polyvinyl Chloride,,,,,,"16/12TR TC STOS PVC 600V. Referencia 106858 para cotización en Surtilec, línea Cables especiales / Cables apantallados. Especificaciones registradas: calibre 16 AWG, 12 conductores, voltaje 600 V, apantallado, chaqueta PVC - Polyvinyl Chloride. Solicita disponibilidad, cantidades y soporte técnico para despacho en Colombia.",
106859,16/16TR PVC/STOS/PVC 600V 90C,Cables especiales,Cables apantallados,,16,16,600 V,Sí,PVC - Polyvinyl Chloride,1277,,,,,"16/16TR PVC/STOS/PVC 600V 90C. Referencia 106859 para cotización en Surtilec, línea Cables especiales / Cables apantallados. Especificaciones registradas: calibre 16 AWG, 16 conductores, voltaje 600 V, apantallado, chaqueta PVC - Polyvinyl Chloride. Solicita disponibilidad, cantidades y soporte técnico para despacho en Colombia.",
106860,16/24TR TC STOS PVC 600V,Cables especiales,Cables apantallados,,16,24,600 V,Sí,PVC - Polyvinyl Chloride,,,,,,"16/24TR TC STOS PVC 600V. Referencia 106860 para cotización en Surtilec, línea Cables especiales / Cables apantallados. Especificaciones registradas: calibre 16 AWG, 24 conductores, voltaje 600 V, apantallado, chaqueta PVC - Polyvinyl Chloride. Solicita disponibilidad, cantidades y soporte técnico para despacho en Colombia.",
106861,16/36TR TC STOS PVC 600V,Cables especiales,Cables apantallados,,16,36,600 V,Sí,PVC - Polyvinyl Chloride,,,,,,"16/36TR TC STOS PVC 600V. Referencia 106861 para cotización en Surtilec, línea Cables especiales / Cables apantallados. Especificaciones registradas: calibre 16 AWG, 36 conductores, voltaje 600 V, apantallado, chaqueta PVC - Polyvinyl Chloride. Solicita disponibilidad, cantidades y soporte técnico para despacho en Colombia.",
106862,18/4TR TC STOS PVC 600V,Cables especiales,Cables apantallados,,18,4,600 V,Sí,PVC - Polyvinyl Chloride,,,,,,"18/4TR TC STOS PVC 600V. Referencia 106862 para cotización en Surtilec, línea Cables especiales / Cables apantallados. Especificaciones registradas: calibre 18 AWG, 4 conductores, voltaje 600 V, apantallado, chaqueta PVC - Polyvinyl Chloride. Solicita disponibilidad, cantidades y soporte técnico para despacho en Colombia.",
106863,18/8TR TC STOS PVC 600V,Cables especiales,Cables apantallados,,18,8,600 V,Sí,PVC - Polyvinyl Chloride,,,,,,"18/8TR TC STOS PVC 600V. Referencia 106863 para cotización en Surtilec, línea Cables especiales / Cables apantallados. Especificaciones registradas: calibre 18 AWG, 8 conductores, voltaje 600 V, apantallado, chaqueta PVC - Polyvinyl Chloride. Solicita disponibilidad, cantidades y soporte técnico para despacho en Colombia.",
106864,18/12TR TC STOS PVC 600V,Cables especiales,Cables apantallados,,18,12,600 V,Sí,PVC - Polyvinyl Chloride,,,,,,"18/12TR TC STOS PVC 600V. Referencia 106864 para cotización en Surtilec, línea Cables especiales / Cables apantallados. Especificaciones registradas: calibre 18 AWG, 12 conductores, voltaje 600 V, apantallado, chaqueta PVC - Polyvinyl Chloride. Solicita disponibilidad, cantidades y soporte técnico para despacho en Colombia.",
106865,18/24TR PVC/STOS/PVC 600V 90C,Cables especiales,Cables apantallados,,18,24,600 V,Sí,PVC - Polyvinyl Chloride,1277,,,,,"18/24TR PVC/STOS/PVC 600V 90C. Referencia 106865 para cotización en Surtilec, línea Cables especiales / Cables apantallados. Especificaciones registradas: calibre 18 AWG, 24 conductores, voltaje 600 V, apantallado, chaqueta PVC - Polyvinyl Chloride. Solicita disponibilidad, cantidades y soporte técnico para despacho en Colombia.",
106866,20/4TR PLTC STOS 105C 300V PVC,Cables especiales,Cable para bandeja / tray cable,,20,4,300 V,Sí,PVC - Polyvinyl Chloride,PLTC/ITC,,,,,"20/4TR PLTC STOS 105C 300V PVC. Referencia 106866 para cotización en Surtilec, línea Cables especiales / Cable para bandeja / tray cable. Especificaciones registradas: calibre 20 AWG, 4 conductores, voltaje 300 V, apantallado, chaqueta PVC - Polyvinyl Chloride. Solicita disponibilidad, cantidades y soporte técnico para despacho en Colombia.",
106867,20/8TR PLTC STOS 105C 300V PVC,Cables especiales,Cable para bandeja / tray cable,,20,8,300 V,Sí,PVC - Polyvinyl Chloride,PLTC/ITC,,,,,"20/8TR PLTC STOS 105C 300V PVC. Referencia 106867 para cotización en Surtilec, línea Cables especiales / Cable para bandeja / tray cable. Especificaciones registradas: calibre 20 AWG, 8 conductores, voltaje 300 V, apantallado, chaqueta PVC - Polyvinyl Chloride. Solicita disponibilidad, cantidades y soporte técnico para despacho en Colombia.",
106868,20/12TR PLTC STOS 105C 300V PVC,Cables especiales,Cable para bandeja / tray cable,,20,12,300 V,Sí,PVC - Polyvinyl Chloride,PLTC/ITC,,,,,"20/12TR PLTC STOS 105C 300V PVC. Referencia 106868 para cotización en Surtilec, línea Cables especiales / Cable para bandeja / tray cable. Especificaciones registradas: calibre 20 AWG, 12 conductores, voltaje 300 V, apantallado, chaqueta PVC - Polyvinyl Chloride. Solicita disponibilidad, cantidades y soporte técnico para despacho en Colombia.",
106869,20/36TR PLTC STOS 105C 300V PVC,Cables especiales,Cable para bandeja / tray cable,,20,36,300 V,Sí,PVC - Polyvinyl Chloride,PLTC/ITC,,,,,"20/36TR PLTC STOS 105C 300V PVC. Referencia 106869 para cotización en Surtilec, línea Cables especiales / Cable para bandeja / tray cable. Especificaciones registradas: calibre 20 AWG, 36 conductores, voltaje 300 V, apantallado, chaqueta PVC - Polyvinyl Chloride. Solicita disponibilidad, cantidades y soporte técnico para despacho en Colombia.",
106870,8/3C VNTC N/S Cable para bandeja M4 600V ER,Cables especiales,Cable para bandeja / tray cable,,8,3,600 V,Sí,PVC - Polyvinyl Chloride,,,,,,"8/3C VNTC N/S Cable para bandeja M4 600V ER. Referencia 106870 para cotización en Surtilec, línea Cables especiales / Cable para bandeja / tray cable. Especificaciones registradas: calibre 8 AWG, 3 conductores, voltaje 600 V, apantallado, chaqueta PVC - Polyvinyl Chloride. Solicita disponibilidad, cantidades y soporte técnico para despacho en Colombia.",
106871,10/2C VNTC N/S Cable para bandeja E2 600V TC plano,Cables especiales,Cable para bandeja / tray cable,,10,2,600 V,Sí,PVC - Polyvinyl Chloride,,,,,,"10/2C VNTC N/S Cable para bandeja E2 600V TC plano. Referencia 106871 para cotización en Surtilec, línea Cables especiales / Cable para bandeja / tray cable. Especificaciones registradas: calibre 10 AWG, 2 conductores, voltaje 600 V, apantallado, chaqueta PVC - Polyvinyl Chloride. Solicita disponibilidad, cantidades y soporte técnico para despacho en Colombia.",
106872,10/3C VNTC N/S Cable para bandeja E2 600V ER,Cables especiales,Cable para bandeja / tray cable,,10,3,600 V,Sí,PVC - Polyvinyl Chloride,,,,,,"10/3C VNTC N/S Cable para bandeja E2 600V ER. Referencia 106872 para cotización en Surtilec, línea Cables especiales / Cable para bandeja / tray cable. Especificaciones registradas: calibre 10 AWG, 3 conductores, voltaje 600 V, apantallado, chaqueta PVC - Polyvinyl Chloride. Solicita disponibilidad, cantidades y soporte técnico para despacho en Colombia.",
106873,10/3C VNTC N/S Cable para bandeja BWG 600V ER,Cables especiales,Cable para bandeja / tray cable,,10,3,600 V,Sí,PVC - Polyvinyl Chloride,,,,,,"10/3C VNTC N/S Cable para bandeja BWG 600V ER. Referencia 106873 para cotización en Surtilec, línea Cables especiales / Cable para bandeja / tray cable. Especificaciones registradas: calibre 10 AWG, 3 conductores, voltaje 600 V, apantallado, chaqueta PVC - Polyvinyl Chloride. Solicita disponibilidad, cantidades y soporte técnico para despacho en Colombia.",
106874,10/4C VNTC N/S Cable para bandeja E2 600V ER,Cables especiales,Cable para bandeja / tray cable,,10,4,600 V,Sí,PVC - Polyvinyl Chloride,,,,,,"10/4C VNTC N/S Cable para bandeja E2 600V ER. Referencia 106874 para cotización en Surtilec, línea Cables especiales / Cable para bandeja / tray cable. Especificaciones registradas: calibre 10 AWG, 4 conductores, voltaje 600 V, apantallado, chaqueta PVC - Polyvinyl Chloride. Solicita disponibilidad, cantidades y soporte técnico para despacho en Colombia.",
106875,10/5C VNTC N/S Cable para bandeja E2 600V ER,Cables especiales,Cable para bandeja / tray cable,,10,5,600 V,Sí,PVC - Polyvinyl Chloride,,,,,,"10/5C VNTC N/S Cable para bandeja E2 600V ER. Referencia 106875 para cotización en Surtilec, línea Cables especiales / Cable para bandeja / tray cable. Especificaciones registradas: calibre 10 AWG, 5 conductores, voltaje 600 V, apantallado, chaqueta PVC - Polyvinyl Chloride. Solicita disponibilidad, cantidades y soporte técnico para despacho en Colombia.",
106876,10/7C VNTC N/S Cable para bandeja E2 600V ER,Cables especiales,Cable para bandeja / tray cable,,10,7,600 V,Sí,PVC - Polyvinyl Chloride,,,,,,"10/7C VNTC N/S Cable para bandeja E2 600V ER. Referencia 106876 para cotización en Surtilec, línea Cables especiales / Cable para bandeja / tray cable. Especificaciones registradas: calibre 10 AWG, 7 conductores, voltaje 600 V, apantallado, chaqueta PVC - Polyvinyl Chloride. Solicita disponibilidad, cantidades y soporte técnico para despacho en Colombia.",
106877,10/9C VNTC N/S Cable para bandeja E2 600V ER,Cables especiales,Cable para bandeja / tray cable,,10,9,600 V,Sí,PVC - Polyvinyl Chloride,,,,,,"10/9C VNTC N/S Cable para bandeja E2 600V ER. Referencia 106877 para cotización en Surtilec, línea Cables especiales / Cable para bandeja / tray cable. Especificaciones registradas: calibre 10 AWG, 9 conductores, voltaje 600 V, apantallado, chaqueta PVC - Polyvinyl Chloride. Solicita disponibilidad, cantidades y soporte técnico para despacho en Colombia.",
106878,10/12C VNTC N/S Cable para bandeja E2 600V ER,Cables especiales,Cable para bandeja / tray cable,,10,12,600 V,Sí,PVC - Polyvinyl Chloride,,,,,,"10/12C VNTC N/S Cable para bandeja E2 600V ER. Referencia 106878 para cotización en Surtilec, línea Cables especiales / Cable para bandeja / tray cable. Especificaciones registradas: calibre 10 AWG, 12 conductores, voltaje 600 V, apantallado, chaqueta PVC - Polyvinyl Chloride. Solicita disponibilidad, cantidades y soporte técnico para despacho en Colombia.",
106879,10/19C VNTC N/S Cable para bandeja E2 600V ER,Cables especiales,Cable para bandeja / tray cable,,10,19,600 V,Sí,PVC - Polyvinyl Chloride,,,,,,"10/19C VNTC N/S Cable para bandeja E2 600V ER. Referencia 106879 para cotización en Surtilec, línea Cables especiales / Cable para bandeja / tray cable. Especificaciones registradas: calibre 10 AWG, 19 conductores, voltaje 600 V, apantallado, chaqueta PVC - Polyvinyl Chloride. Solicita disponibilidad, cantidades y soporte técnico para despacho en Colombia.",
106880,12/2C VNTC N/S Cable para bandeja E2 600V TC plano,Cables especiales,Cable para bandeja / tray cable,,12,2,600 V,Sí,PVC - Polyvinyl Chloride,,,,,,"12/2C VNTC N/S Cable para bandeja E2 600V TC plano. Referencia 106880 para cotización en Surtilec, línea Cables especiales / Cable para bandeja / tray cable. Especificaciones registradas: calibre 12 AWG, 2 conductores, voltaje 600 V, apantallado, chaqueta PVC - Polyvinyl Chloride. Solicita disponibilidad, cantidades y soporte técnico para despacho en Colombia.",
106881,12/2C VNTC N/S Cable para bandeja E2 600V TC redondo,Cables especiales,Cable para bandeja / tray cable,,12,2,600 V,Sí,PVC - Polyvinyl Chloride,,,,,,"12/2C VNTC N/S Cable para bandeja E2 600V TC redondo. Referencia 106881 para cotización en Surtilec, línea Cables especiales / Cable para bandeja / tray cable. Especificaciones registradas: calibre 12 AWG, 2 conductores, voltaje 600 V, apantallado, chaqueta PVC - Polyvinyl Chloride. Solicita disponibilidad, cantidades y soporte técnico para despacho en Colombia.",
106882,12/3C VNTC N/S Cable para bandeja E2 600V ER,Cables especiales,Cable para bandeja / tray cable,,12,3,600 V,Sí,PVC - Polyvinyl Chloride,,,,,,"12/3C VNTC N/S Cable para bandeja E2 600V ER. Referencia 106882 para cotización en Surtilec, línea Cables especiales / Cable para bandeja / tray cable. Especificaciones registradas: calibre 12 AWG, 3 conductores, voltaje 600 V, apantallado, chaqueta PVC - Polyvinyl Chloride. Solicita disponibilidad, cantidades y soporte técnico para despacho en Colombia.",
106883,12/3C VNTC N/S Cable para bandeja 600V BWG ER,Cables especiales,Cable para bandeja / tray cable,,12,3,600 V,Sí,PVC - Polyvinyl Chloride,,,,,,"12/3C VNTC N/S Cable para bandeja 600V BWG ER. Referencia 106883 para cotización en Surtilec, línea Cables especiales / Cable para bandeja / tray cable. Especificaciones registradas: calibre 12 AWG, 3 conductores, voltaje 600 V, apantallado, chaqueta PVC - Polyvinyl Chloride. Solicita disponibilidad, cantidades y soporte técnico para despacho en Colombia.",
106884,12/4C VNTC N/S Cable para bandeja E2 600V ER,Cables especiales,Cable para bandeja / tray cable,,12,4,600 V,Sí,PVC - Polyvinyl Chloride,,,,,,"12/4C VNTC N/S Cable para bandeja E2 600V ER. Referencia 106884 para cotización en Surtilec, línea Cables especiales / Cable para bandeja / tray cable. Especificaciones registradas: calibre 12 AWG, 4 conductores, voltaje 600 V, apantallado, chaqueta PVC - Polyvinyl Chloride. Solicita disponibilidad, cantidades y soporte técnico para despacho en Colombia.",
106885,12/5C VNTC N/S Cable para bandeja E2 600V ER,Cables especiales,Cable para bandeja / tray cable,,12,5,600 V,Sí,PVC - Polyvinyl Chloride,,,,,,"12/5C VNTC N/S Cable para bandeja E2 600V ER. Referencia 106885 para cotización en Surtilec, línea Cables especiales / Cable para bandeja / tray cable. Especificaciones registradas: calibre 12 AWG, 5 conductores, voltaje 600 V, apantallado, chaqueta PVC - Polyvinyl Chloride. Solicita disponibilidad, cantidades y soporte técnico para despacho en Colombia.",
106886,12/6C VNTC N/S Cable para bandeja E2 600V ER,Cables especiales,Cable para bandeja / tray cable,,12,6,600 V,Sí,PVC - Polyvinyl Chloride,,,,,,"12/6C VNTC N/S Cable para bandeja E2 600V ER. Referencia 106886 para cotización en Surtilec, línea Cables especiales / Cable para bandeja / tray cable. Especificaciones registradas: calibre 12 AWG, 6 conductores, voltaje 600 V, apantallado, chaqueta PVC - Polyvinyl Chloride. Solicita disponibilidad, cantidades y soporte técnico para despacho en Colombia.",
106887,12/7C VNTC N/S Cable para bandeja E2 600V ER,Cables especiales,Cable para bandeja / tray cable,,12,7,600 V,Sí,PVC - Polyvinyl Chloride,,,,,,"12/7C VNTC N/S Cable para bandeja E2 600V ER. Referencia 106887 para cotización en Surtilec, línea Cables especiales / Cable para bandeja / tray cable. Especificaciones registradas: calibre 12 AWG, 7 conductores, voltaje 600 V, apantallado, chaqueta PVC - Polyvinyl Chloride. Solicita disponibilidad, cantidades y soporte técnico para despacho en Colombia.",
106888,12/9C VNTC N/S Cable para bandeja E2 600V ER,Cables especiales,Cable para bandeja / tray cable,,12,9,600 V,Sí,PVC - Polyvinyl Chloride,,,,,,"12/9C VNTC N/S Cable para bandeja E2 600V ER. Referencia 106888 para cotización en Surtilec, línea Cables especiales / Cable para bandeja / tray cable. Especificaciones registradas: calibre 12 AWG, 9 conductores, voltaje 600 V, apantallado, chaqueta PVC - Polyvinyl Chloride. Solicita disponibilidad, cantidades y soporte técnico para despacho en Colombia.",
106889,12/12C VNTC N/S Cable para bandeja E2 600V ER,Cables especiales,Cable para bandeja / tray cable,,12,12,600 V,Sí,PVC - Polyvinyl Chloride,,,,,,"12/12C VNTC N/S Cable para bandeja E2 600V ER. Referencia 106889 para cotización en Surtilec, línea Cables especiales / Cable para bandeja / tray cable. Especificaciones registradas: calibre 12 AWG, 12 conductores, voltaje 600 V, apantallado, chaqueta PVC - Polyvinyl Chloride. Solicita disponibilidad, cantidades y soporte técnico para despacho en Colombia.",
106890,12/16C VNTC N/S Cable para bandeja E2 600V ER,Cables especiales,Cable para bandeja / tray cable,,12,16,600 V,Sí,PVC - Polyvinyl Chloride,,,,,,"12/16C VNTC N/S Cable para bandeja E2 600V ER. Referencia 106890 para cotización en Surtilec, línea Cables especiales / Cable para bandeja / tray cable. Especificaciones registradas: calibre 12 AWG, 16 conductores, voltaje 600 V, apantallado, chaqueta PVC - Polyvinyl Chloride. Solicita disponibilidad, cantidades y soporte técnico para despacho en Colombia.",
106891,12/19C VNTC N/S Cable para bandeja E2 600V ER,Cables especiales,Cable para bandeja / tray cable,,12,19,600 V,Sí,PVC - Polyvinyl Chloride,,,,,,"12/19C VNTC N/S Cable para bandeja E2 600V ER. Referencia 106891 para cotización en Surtilec, línea Cables especiales / Cable para bandeja / tray cable. Especificaciones registradas: calibre 12 AWG, 19 conductores, voltaje 600 V, apantallado, chaqueta PVC - Polyvinyl Chloride. Solicita disponibilidad, cantidades y soporte técnico para despacho en Colombia.",
106892,12/25C VNTC N/S Cable para bandeja E2 600V ER,Cables especiales,Cable para bandeja / tray cable,,12,25,600 V,Sí,PVC - Polyvinyl Chloride,,,,,,"12/25C VNTC N/S Cable para bandeja E2 600V ER. Referencia 106892 para cotización en Surtilec, línea Cables especiales / Cable para bandeja / tray cable. Especificaciones registradas: calibre 12 AWG, 25 conductores, voltaje 600 V, apantallado, chaqueta PVC - Polyvinyl Chloride. Solicita disponibilidad, cantidades y soporte técnico para despacho en Colombia.",
106893,12/30C VNTC N/S Cable para bandeja E2 600V ER,Cables especiales,Cable para bandeja / tray cable,,12,30,600 V,Sí,PVC - Polyvinyl Chloride,,,,,,"12/30C VNTC N/S Cable para bandeja E2 600V ER. Referencia 106893 para cotización en Surtilec, línea Cables especiales / Cable para bandeja / tray cable. Especificaciones registradas: calibre 12 AWG, 30 conductores, voltaje 600 V, apantallado, chaqueta PVC - Polyvinyl Chloride. Solicita disponibilidad, cantidades y soporte técnico para despacho en Colombia.",
106894,12/37C VNTC N/S Cable para bandeja E2 600V ER,Cables especiales,Cable para bandeja / tray cable,,12,37,600 V,Sí,PVC - Polyvinyl Chloride,,,,,,"12/37C VNTC N/S Cable para bandeja E2 600V ER. Referencia 106894 para cotización en Surtilec, línea Cables especiales / Cable para bandeja / tray cable. Especificaciones registradas: calibre 12 AWG, 37 conductores, voltaje 600 V, apantallado, chaqueta PVC - Polyvinyl Chloride. Solicita disponibilidad, cantidades y soporte técnico para despacho en Colombia.",
106895,14/3C VNTC N/S Cable para bandeja BWG 600V ER,Cables especiales,Cable para bandeja / tray cable,,14,3,600 V,Sí,PVC - Polyvinyl Chloride,,,,,,"14/3C VNTC N/S Cable para bandeja BWG 600V ER. Referencia 106895 para cotización en Surtilec, línea Cables especiales / Cable para bandeja / tray cable. Especificaciones registradas: calibre 14 AWG, 3 conductores, voltaje 600 V, apantallado, chaqueta PVC - Polyvinyl Chloride. Solicita disponibilidad, cantidades y soporte técnico para despacho en Colombia.",
106896,16/2C VNTC N/S Cable para bandeja E2 600V TC plano,Cables especiales,Cable para bandeja / tray cable,,16,2,600 V,Sí,PVC - Polyvinyl Chloride,,,,,,"16/2C VNTC N/S Cable para bandeja E2 600V TC plano. Referencia 106896 para cotización en Surtilec, línea Cables especiales / Cable para bandeja / tray cable. Especificaciones registradas: calibre 16 AWG, 2 conductores, voltaje 600 V, apantallado, chaqueta PVC - Polyvinyl Chloride. Solicita disponibilidad, cantidades y soporte técnico para despacho en Colombia.",
106897,16/2C VNTC N/S Cable para bandeja E2 600V TC redondo,Cables especiales,Cable para bandeja / tray cable,,16,2,600 V,Sí,PVC - Polyvinyl Chloride,,,,,,"16/2C VNTC N/S Cable para bandeja E2 600V TC redondo. Referencia 106897 para cotización en Surtilec, línea Cables especiales / Cable para bandeja / tray cable. Especificaciones registradas: calibre 16 AWG, 2 conductores, voltaje 600 V, apantallado, chaqueta PVC - Polyvinyl Chloride. Solicita disponibilidad, cantidades y soporte técnico para despacho en Colombia.",
106898,16/3C VNTC N/S Cable para bandeja E2 600V ER,Cables especiales,Cable para bandeja / tray cable,,16,3,600 V,Sí,PVC - Polyvinyl Chloride,,,,,,"16/3C VNTC N/S Cable para bandeja E2 600V ER. Referencia 106898 para cotización en Surtilec, línea Cables especiales / Cable para bandeja / tray cable. Especificaciones registradas: calibre 16 AWG, 3 conductores, voltaje 600 V, apantallado, chaqueta PVC - Polyvinyl Chloride. Solicita disponibilidad, cantidades y soporte técnico para despacho en Colombia.",
106899,16/4C VNTC N/S Cable para bandeja E2 600V ER,Cables especiales,Cable para bandeja / tray cable,,16,4,600 V,Sí,PVC - Polyvinyl Chloride,,,,,,"16/4C VNTC N/S Cable para bandeja E2 600V ER. Referencia 106899 para cotización en Surtilec, línea Cables especiales / Cable para bandeja / tray cable. Especificaciones registradas: calibre 16 AWG, 4 conductores, voltaje 600 V, apantallado, chaqueta PVC - Polyvinyl Chloride. Solicita disponibilidad, cantidades y soporte técnico para despacho en Colombia.",
106900,16/5C VNTC N/S Cable para bandeja E2 600V ER,Cables especiales,Cable para bandeja / tray cable,,16,5,600 V,Sí,PVC - Polyvinyl Chloride,,,,,,"16/5C VNTC N/S Cable para bandeja E2 600V ER. Referencia 106900 para cotización en Surtilec, línea Cables especiales / Cable para bandeja / tray cable. Especificaciones registradas: calibre 16 AWG, 5 conductores, voltaje 600 V, apantallado, chaqueta PVC - Polyvinyl Chloride. Solicita disponibilidad, cantidades y soporte técnico para despacho en Colombia.",
106901,16/6C VNTC N/S Cable para bandeja E2 600V ER,Cables especiales,Cable para bandeja / tray cable,,16,6,600 V,Sí,PVC - Polyvinyl Chloride,,,,,,"16/6C VNTC N/S Cable para bandeja E2 600V ER. Referencia 106901 para cotización en Surtilec, línea Cables especiales / Cable para bandeja / tray cable. Especificaciones registradas: calibre 16 AWG, 6 conductores, voltaje 600 V, apantallado, chaqueta PVC - Polyvinyl Chloride. Solicita disponibilidad, cantidades y soporte técnico para despacho en Colombia.",
106902,16/7C VNTC N/S Cable para bandeja E2 600V ER,Cables especiales,Cable para bandeja / tray cable,,16,7,600 V,Sí,PVC - Polyvinyl Chloride,,,,,,"16/7C VNTC N/S Cable para bandeja E2 600V ER. Referencia 106902 para cotización en Surtilec, línea Cables especiales / Cable para bandeja / tray cable. Especificaciones registradas: calibre 16 AWG, 7 conductores, voltaje 600 V, apantallado, chaqueta PVC - Polyvinyl Chloride. Solicita disponibilidad, cantidades y soporte técnico para despacho en Colombia.",
106903,16/9C VNTC N/S Cable para bandeja E2 600V ER,Cables especiales,Cable para bandeja / tray cable,,16,9,600 V,Sí,PVC - Polyvinyl Chloride,,,,,,"16/9C VNTC N/S Cable para bandeja E2 600V ER. Referencia 106903 para cotización en Surtilec, línea Cables especiales / Cable para bandeja / tray cable. Especificaciones registradas: calibre 16 AWG, 9 conductores, voltaje 600 V, apantallado, chaqueta PVC - Polyvinyl Chloride. Solicita disponibilidad, cantidades y soporte técnico para despacho en Colombia.",
106904,16/10C VNTC N/S Cable para bandeja E2 600V ER,Cables especiales,Cable para bandeja / tray cable,,16,10,600 V,Sí,PVC - Polyvinyl Chloride,,,,,,"16/10C VNTC N/S Cable para bandeja E2 600V ER. Referencia 106904 para cotización en Surtilec, línea Cables especiales / Cable para bandeja / tray cable. Especificaciones registradas: calibre 16 AWG, 10 conductores, voltaje 600 V, apantallado, chaqueta PVC - Polyvinyl Chloride. Solicita disponibilidad, cantidades y soporte técnico para despacho en Colombia.",
106905,16/12C VNTC N/S Cable para bandeja E2 600V ER,Cables especiales,Cable para bandeja / tray cable,,16,12,600 V,Sí,PVC - Polyvinyl Chloride,,,,,,"16/12C VNTC N/S Cable para bandeja E2 600V ER. Referencia 106905 para cotización en Surtilec, línea Cables especiales / Cable para bandeja / tray cable. Especificaciones registradas: calibre 16 AWG, 12 conductores, voltaje 600 V, apantallado, chaqueta PVC - Polyvinyl Chloride. Solicita disponibilidad, cantidades y soporte técnico para despacho en Colombia.",
106906,16/16C VNTC N/S Cable para bandeja E2 600V ER,Cables especiales,Cable para bandeja / tray cable,,16,16,600 V,Sí,PVC - Polyvinyl Chloride,,,,,,"16/16C VNTC N/S Cable para bandeja E2 600V ER. Referencia 106906 para cotización en Surtilec, línea Cables especiales / Cable para bandeja / tray cable. Especificaciones registradas: calibre 16 AWG, 16 conductores, voltaje 600 V, apantallado, chaqueta PVC - Polyvinyl Chloride. Solicita disponibilidad, cantidades y soporte técnico para despacho en Colombia.",
106907,16/19C VNTC N/S Cable para bandeja E2 600V ER,Cables especiales,Cable para bandeja / tray cable,,16,19,600 V,Sí,PVC - Polyvinyl Chloride,,,,,,"16/19C VNTC N/S Cable para bandeja E2 600V ER. Referencia 106907 para cotización en Surtilec, línea Cables especiales / Cable para bandeja / tray cable. Especificaciones registradas: calibre 16 AWG, 19 conductores, voltaje 600 V, apantallado, chaqueta PVC - Polyvinyl Chloride. Solicita disponibilidad, cantidades y soporte técnico para despacho en Colombia.",
106908,16/20C VNTC N/S Cable para bandeja E2 600V ER,Cables especiales,Cable para bandeja / tray cable,,16,20,600 V,Sí,PVC - Polyvinyl Chloride,,,,,,"16/20C VNTC N/S Cable para bandeja E2 600V ER. Referencia 106908 para cotización en Surtilec, línea Cables especiales / Cable para bandeja / tray cable. Especificaciones registradas: calibre 16 AWG, 20 conductores, voltaje 600 V, apantallado, chaqueta PVC - Polyvinyl Chloride. Solicita disponibilidad, cantidades y soporte técnico para despacho en Colombia.",
106909,16/25C VNTC N/S Cable para bandeja E2 600V ER,Cables especiales,Cable para bandeja / tray cable,,16,25,600 V,Sí,PVC - Polyvinyl Chloride,,,,,,"16/25C VNTC N/S Cable para bandeja E2 600V ER. Referencia 106909 para cotización en Surtilec, línea Cables especiales / Cable para bandeja / tray cable. Especificaciones registradas: calibre 16 AWG, 25 conductores, voltaje 600 V, apantallado, chaqueta PVC - Polyvinyl Chloride. Solicita disponibilidad, cantidades y soporte técnico para despacho en Colombia.",
106910,16/30C VNTC N/S Cable para bandeja E2 600V ER,Cables especiales,Cable para bandeja / tray cable,,16,30,600 V,Sí,PVC - Polyvinyl Chloride,,,,,,"16/30C VNTC N/S Cable para bandeja E2 600V ER. Referencia 106910 para cotización en Surtilec, línea Cables especiales / Cable para bandeja / tray cable. Especificaciones registradas: calibre 16 AWG, 30 conductores, voltaje 600 V, apantallado, chaqueta PVC - Polyvinyl Chloride. Solicita disponibilidad, cantidades y soporte técnico para despacho en Colombia.",
106911,16/37C VNTC N/S Cable para bandeja E2 600V ER,Cables especiales,Cable para bandeja / tray cable,,16,37,600 V,Sí,PVC - Polyvinyl Chloride,,,,,,"16/37C VNTC N/S Cable para bandeja E2 600V ER. Referencia 106911 para cotización en Surtilec, línea Cables especiales / Cable para bandeja / tray cable. Especificaciones registradas: calibre 16 AWG, 37 conductores, voltaje 600 V, apantallado, chaqueta PVC - Polyvinyl Chloride. Solicita disponibilidad, cantidades y soporte técnico para despacho en Colombia.",
106912,16/50C VNTC N/S Cable para bandeja E2 600V ER,Cables especiales,Cable para bandeja / tray cable,,16,50,600 V,Sí,PVC - Polyvinyl Chloride,,,,,,"16/50C VNTC N/S Cable para bandeja E2 600V ER. Referencia 106912 para cotización en Surtilec, línea Cables especiales / Cable para bandeja / tray cable. Especificaciones registradas: calibre 16 AWG, 50 conductores, voltaje 600 V, apantallado, chaqueta PVC - Polyvinyl Chloride. Solicita disponibilidad, cantidades y soporte técnico para despacho en Colombia.",
106913,18/2C VNTC N/S Cable para bandeja E2 600V TC plano,Cables especiales,Cable para bandeja / tray cable,,18,2,600 V,Sí,PVC - Polyvinyl Chloride,,,,,,"18/2C VNTC N/S Cable para bandeja E2 600V TC plano. Referencia 106913 para cotización en Surtilec, línea Cables especiales / Cable para bandeja / tray cable. Especificaciones registradas: calibre 18 AWG, 2 conductores, voltaje 600 V, apantallado, chaqueta PVC - Polyvinyl Chloride. Solicita disponibilidad, cantidades y soporte técnico para despacho en Colombia.",
106914,18/2C VNTC N/S Cable para bandeja E2 600V TC redondo,Cables especiales,Cable para bandeja / tray cable,,18,2,600 V,Sí,PVC - Polyvinyl Chloride,,,,,,"18/2C VNTC N/S Cable para bandeja E2 600V TC redondo. Referencia 106914 para cotización en Surtilec, línea Cables especiales / Cable para bandeja / tray cable. Especificaciones registradas: calibre 18 AWG, 2 conductores, voltaje 600 V, apantallado, chaqueta PVC - Polyvinyl Chloride. Solicita disponibilidad, cantidades y soporte técnico para despacho en Colombia.",
106915,18/3C VNTC N/S Cable para bandeja E2 600V ER,Cables especiales,Cable para bandeja / tray cable,,18,3,600 V,Sí,PVC - Polyvinyl Chloride,,,,,,"18/3C VNTC N/S Cable para bandeja E2 600V ER. Referencia 106915 para cotización en Surtilec, línea Cables especiales / Cable para bandeja / tray cable. Especificaciones registradas: calibre 18 AWG, 3 conductores, voltaje 600 V, apantallado, chaqueta PVC - Polyvinyl Chloride. Solicita disponibilidad, cantidades y soporte técnico para despacho en Colombia.",
106916,18/4C VNTC N/S Cable para bandeja E2 600V ER,Cables especiales,Cable para bandeja / tray cable,,18,4,600 V,Sí,PVC - Polyvinyl Chloride,,,,,,"18/4C VNTC N/S Cable para bandeja E2 600V ER. Referencia 106916 para cotización en Surtilec, línea Cables especiales / Cable para bandeja / tray cable. Especificaciones registradas: calibre 18 AWG, 4 conductores, voltaje 600 V, apantallado, chaqueta PVC - Polyvinyl Chloride. Solicita disponibilidad, cantidades y soporte técnico para despacho en Colombia.",
106917,18/5C VNTC N/S Cable para bandeja E2 600V ER,Cables especiales,Cable para bandeja / tray cable,,18,5,600 V,Sí,PVC - Polyvinyl Chloride,,,,,,"18/5C VNTC N/S Cable para bandeja E2 600V ER. Referencia 106917 para cotización en Surtilec, línea Cables especiales / Cable para bandeja / tray cable. Especificaciones registradas: calibre 18 AWG, 5 conductores, voltaje 600 V, apantallado, chaqueta PVC - Polyvinyl Chloride. Solicita disponibilidad, cantidades y soporte técnico para despacho en Colombia.",
106918,18/7C VNTC N/S Cable para bandeja E2 600V ER,Cables especiales,Cable para bandeja / tray cable,,18,7,600 V,Sí,PVC - Polyvinyl Chloride,,,,,,"18/7C VNTC N/S Cable para bandeja E2 600V ER. Referencia 106918 para cotización en Surtilec, línea Cables especiales / Cable para bandeja / tray cable. Especificaciones registradas: calibre 18 AWG, 7 conductores, voltaje 600 V, apantallado, chaqueta PVC - Polyvinyl Chloride. Solicita disponibilidad, cantidades y soporte técnico para despacho en Colombia.",
106919,18/9C VNTC N/S Cable para bandeja E2 600V ER,Cables especiales,Cable para bandeja / tray cable,,18,9,600 V,Sí,PVC - Polyvinyl Chloride,,,,,,"18/9C VNTC N/S Cable para bandeja E2 600V ER. Referencia 106919 para cotización en Surtilec, línea Cables especiales / Cable para bandeja / tray cable. Especificaciones registradas: calibre 18 AWG, 9 conductores, voltaje 600 V, apantallado, chaqueta PVC - Polyvinyl Chloride. Solicita disponibilidad, cantidades y soporte técnico para despacho en Colombia.",
106920,18/10C VNTC N/S Cable para bandeja E2 600V ER,Cables especiales,Cable para bandeja / tray cable,,18,10,600 V,Sí,PVC - Polyvinyl Chloride,,,,,,"18/10C VNTC N/S Cable para bandeja E2 600V ER. Referencia 106920 para cotización en Surtilec, línea Cables especiales / Cable para bandeja / tray cable. Especificaciones registradas: calibre 18 AWG, 10 conductores, voltaje 600 V, apantallado, chaqueta PVC - Polyvinyl Chloride. Solicita disponibilidad, cantidades y soporte técnico para despacho en Colombia.",
106921,18/12C VNTC N/S Cable para bandeja E2 600V ER,Cables especiales,Cable para bandeja / tray cable,,18,12,600 V,Sí,PVC - Polyvinyl Chloride,,,,,,"18/12C VNTC N/S Cable para bandeja E2 600V ER. Referencia 106921 para cotización en Surtilec, línea Cables especiales / Cable para bandeja / tray cable. Especificaciones registradas: calibre 18 AWG, 12 conductores, voltaje 600 V, apantallado, chaqueta PVC - Polyvinyl Chloride. Solicita disponibilidad, cantidades y soporte técnico para despacho en Colombia.",
106922,18/15C VNTC N/S Cable para bandeja E2 600V ER,Cables especiales,Cable para bandeja / tray cable,,18,15,600 V,Sí,PVC - Polyvinyl Chloride,,,,,,"18/15C VNTC N/S Cable para bandeja E2 600V ER. Referencia 106922 para cotización en Surtilec, línea Cables especiales / Cable para bandeja / tray cable. Especificaciones registradas: calibre 18 AWG, 15 conductores, voltaje 600 V, apantallado, chaqueta PVC - Polyvinyl Chloride. Solicita disponibilidad, cantidades y soporte técnico para despacho en Colombia.",
106923,18/19C VNTC N/S Cable para bandeja E2 600V ER,Cables especiales,Cable para bandeja / tray cable,,18,19,600 V,Sí,PVC - Polyvinyl Chloride,,,,,,"18/19C VNTC N/S Cable para bandeja E2 600V ER. Referencia 106923 para cotización en Surtilec, línea Cables especiales / Cable para bandeja / tray cable. Especificaciones registradas: calibre 18 AWG, 19 conductores, voltaje 600 V, apantallado, chaqueta PVC - Polyvinyl Chloride. Solicita disponibilidad, cantidades y soporte técnico para despacho en Colombia.",
106924,18/25C VNTC N/S Cable para bandeja E2 600V ER,Cables especiales,Cable para bandeja / tray cable,,18,25,600 V,Sí,PVC - Polyvinyl Chloride,,,,,,"18/25C VNTC N/S Cable para bandeja E2 600V ER. Referencia 106924 para cotización en Surtilec, línea Cables especiales / Cable para bandeja / tray cable. Especificaciones registradas: calibre 18 AWG, 25 conductores, voltaje 600 V, apantallado, chaqueta PVC - Polyvinyl Chloride. Solicita disponibilidad, cantidades y soporte técnico para despacho en Colombia.",
106925,18/37C VNTC N/S Cable para bandeja E2 600V ER,Cables especiales,Cable para bandeja / tray cable,,18,37,600 V,Sí,PVC - Polyvinyl Chloride,,,,,,"18/37C VNTC N/S Cable para bandeja E2 600V ER. Referencia 106925 para cotización en Surtilec, línea Cables especiales / Cable para bandeja / tray cable. Especificaciones registradas: calibre 18 AWG, 37 conductores, voltaje 600 V, apantallado, chaqueta PVC - Polyvinyl Chloride. Solicita disponibilidad, cantidades y soporte técnico para despacho en Colombia.",
106926,12/2C VNTC N/S Cable para bandeja M4 600V TC plano,Cables especiales,Cable para bandeja / tray cable,,12,2,600 V,Sí,PVC - Polyvinyl Chloride,,,,,,"12/2C VNTC N/S Cable para bandeja M4 600V TC plano. Referencia 106926 para cotización en Surtilec, línea Cables especiales / Cable para bandeja / tray cable. Especificaciones registradas: calibre 12 AWG, 2 conductores, voltaje 600 V, apantallado, chaqueta PVC - Polyvinyl Chloride. Solicita disponibilidad, cantidades y soporte técnico para despacho en Colombia.",
106927,12/3C VNTC N/S Cable para bandeja M4 600V ER,Cables especiales,Cable para bandeja / tray cable,,12,3,600 V,Sí,PVC - Polyvinyl Chloride,,,,,,"12/3C VNTC N/S Cable para bandeja M4 600V ER. Referencia 106927 para cotización en Surtilec, línea Cables especiales / Cable para bandeja / tray cable. Especificaciones registradas: calibre 12 AWG, 3 conductores, voltaje 600 V, apantallado, chaqueta PVC - Polyvinyl Chloride. Solicita disponibilidad, cantidades y soporte técnico para despacho en Colombia.",
106928,12/4C VNTC N/S Cable para bandeja M4 600V ER,Cables especiales,Cable para bandeja / tray cable,,12,4,600 V,Sí,PVC - Polyvinyl Chloride,,,,,,"12/4C VNTC N/S Cable para bandeja M4 600V ER. Referencia 106928 para cotización en Surtilec, línea Cables especiales / Cable para bandeja / tray cable. Especificaciones registradas: calibre 12 AWG, 4 conductores, voltaje 600 V, apantallado, chaqueta PVC - Polyvinyl Chloride. Solicita disponibilidad, cantidades y soporte técnico para despacho en Colombia.",
106929,12/7C VNTC N/S Cable para bandeja M4 600V ER,Cables especiales,Cable para bandeja / tray cable,,12,7,600 V,Sí,PVC - Polyvinyl Chloride,,,,,,"12/7C VNTC N/S Cable para bandeja M4 600V ER. Referencia 106929 para cotización en Surtilec, línea Cables especiales / Cable para bandeja / tray cable. Especificaciones registradas: calibre 12 AWG, 7 conductores, voltaje 600 V, apantallado, chaqueta PVC - Polyvinyl Chloride. Solicita disponibilidad, cantidades y soporte técnico para despacho en Colombia.",
106930,10/3C+14/4C VNTC N/S w/tierra M4 600V ER,Cables especiales,Cable para bandeja / tray cable,,10,3,600 V,Sí,PVC - Polyvinyl Chloride,,,,,,"10/3C+14/4C VNTC N/S w/tierra M4 600V ER. Referencia 106930 para cotización en Surtilec, línea Cables especiales / Cable para bandeja / tray cable. Especificaciones registradas: calibre 10 AWG, 3 conductores, voltaje 600 V, apantallado, chaqueta PVC - Polyvinyl Chloride. Solicita disponibilidad, cantidades y soporte técnico para despacho en Colombia.",
106931,12/4C VNTC N/S Cable para bandeja E1 600V ER,Cables especiales,Cable para bandeja / tray cable,,12,4,600 V,Sí,PVC - Polyvinyl Chloride,,,,,,"12/4C VNTC N/S Cable para bandeja E1 600V ER. Referencia 106931 para cotización en Surtilec, línea Cables especiales / Cable para bandeja / tray cable. Especificaciones registradas: calibre 12 AWG, 4 conductores, voltaje 600 V, apantallado, chaqueta PVC - Polyvinyl Chloride. Solicita disponibilidad, cantidades y soporte técnico para despacho en Colombia.",
106932,14/4C VNTC N/S Cable para bandeja E1 600V ER,Cables especiales,Cable para bandeja / tray cable,,14,4,600 V,Sí,PVC - Polyvinyl Chloride,,,,,,"14/4C VNTC N/S Cable para bandeja E1 600V ER. Referencia 106932 para cotización en Surtilec, línea Cables especiales / Cable para bandeja / tray cable. Especificaciones registradas: calibre 14 AWG, 4 conductores, voltaje 600 V, apantallado, chaqueta PVC - Polyvinyl Chloride. Solicita disponibilidad, cantidades y soporte técnico para despacho en Colombia.",
106933,14/7C VNTC N/S Cable para bandeja E1 600V ER,Cables especiales,Cable para bandeja / tray cable,,14,7,600 V,Sí,PVC - Polyvinyl Chloride,,,,,,"14/7C VNTC N/S Cable para bandeja E1 600V ER. Referencia 106933 para cotización en Surtilec, línea Cables especiales / Cable para bandeja / tray cable. Especificaciones registradas: calibre 14 AWG, 7 conductores, voltaje 600 V, apantallado, chaqueta PVC - Polyvinyl Chloride. Solicita disponibilidad, cantidades y soporte técnico para despacho en Colombia.",
106934,14/2C VNTC apantallado Cable para bandeja E1 600V TC,Cables especiales,Cable para bandeja / tray cable,,14,2,600 V,Sí,PVC - Polyvinyl Chloride,,,,,,"14/2C VNTC apantallado Cable para bandeja E1 600V TC. Referencia 106934 para cotización en Surtilec, línea Cables especiales / Cable para bandeja / tray cable. Especificaciones registradas: calibre 14 AWG, 2 conductores, voltaje 600 V, apantallado, chaqueta PVC - Polyvinyl Chloride. Solicita disponibilidad, cantidades y soporte técnico para despacho en Colombia.",
106935,16/2C VNTC apantallado Cable para bandeja E1 600V TC,Cables especiales,Cable para bandeja / tray cable,,16,2,600 V,Sí,PVC - Polyvinyl Chloride,,,,,,"16/2C VNTC apantallado Cable para bandeja E1 600V TC. Referencia 106935 para cotización en Surtilec, línea Cables especiales / Cable para bandeja / tray cable. Especificaciones registradas: calibre 16 AWG, 2 conductores, voltaje 600 V, apantallado, chaqueta PVC - Polyvinyl Chloride. Solicita disponibilidad, cantidades y soporte técnico para despacho en Colombia.",
106936,16/3C VNTC apantallado Cable para bandeja E1 600V ER,Cables especiales,Cable para bandeja / tray cable,,16,3,600 V,Sí,PVC - Polyvinyl Chloride,,,,,,"16/3C VNTC apantallado Cable para bandeja E1 600V ER. Referencia 106936 para cotización en Surtilec, línea Cables especiales / Cable para bandeja / tray cable. Especificaciones registradas: calibre 16 AWG, 3 conductores, voltaje 600 V, apantallado, chaqueta PVC - Polyvinyl Chloride. Solicita disponibilidad, cantidades y soporte técnico para despacho en Colombia.",
106937,18/2C VNTC apantallado Cable para bandeja E1 600V TC,Cables especiales,Cable para bandeja / tray cable,,18,2,600 V,Sí,PVC - Polyvinyl Chloride,,,,,,"18/2C VNTC apantallado Cable para bandeja E1 600V TC. Referencia 106937 para cotización en Surtilec, línea Cables especiales / Cable para bandeja / tray cable. Especificaciones registradas: calibre 18 AWG, 2 conductores, voltaje 600 V, apantallado, chaqueta PVC - Polyvinyl Chloride. Solicita disponibilidad, cantidades y soporte técnico para despacho en Colombia.",
106938,18/3C VNTC apantallado Cable para bandeja E1 600V ER,Cables especiales,Cable para bandeja / tray cable,,18,3,600 V,Sí,PVC - Polyvinyl Chloride,,,,,,"18/3C VNTC apantallado Cable para bandeja E1 600V ER. Referencia 106938 para cotización en Surtilec, línea Cables especiales / Cable para bandeja / tray cable. Especificaciones registradas: calibre 18 AWG, 3 conductores, voltaje 600 V, apantallado, chaqueta PVC - Polyvinyl Chloride. Solicita disponibilidad, cantidades y soporte técnico para despacho en Colombia.",
106939,10/2C VNTC apantallado Cable para bandeja E2 600V TC,Cables especiales,Cable para bandeja / tray cable,,10,2,600 V,Sí,PVC - Polyvinyl Chloride,,,,,,"10/2C VNTC apantallado Cable para bandeja E2 600V TC. Referencia 106939 para cotización en Surtilec, línea Cables especiales / Cable para bandeja / tray cable. Especificaciones registradas: calibre 10 AWG, 2 conductores, voltaje 600 V, apantallado, chaqueta PVC - Polyvinyl Chloride. Solicita disponibilidad, cantidades y soporte técnico para despacho en Colombia.",
106940,10/3C VNTC apantallado Cable para bandeja E2 600V ER,Cables especiales,Cable para bandeja / tray cable,,10,3,600 V,Sí,PVC - Polyvinyl Chloride,,,,,,"10/3C VNTC apantallado Cable para bandeja E2 600V ER. Referencia 106940 para cotización en Surtilec, línea Cables especiales / Cable para bandeja / tray cable. Especificaciones registradas: calibre 10 AWG, 3 conductores, voltaje 600 V, apantallado, chaqueta PVC - Polyvinyl Chloride. Solicita disponibilidad, cantidades y soporte técnico para despacho en Colombia.",
106941,10/4C VNTC apantallado Cable para bandeja E2 600V ER,Cables especiales,Cable para bandeja / tray cable,,10,4,600 V,Sí,PVC - Polyvinyl Chloride,,,,,,"10/4C VNTC apantallado Cable para bandeja E2 600V ER. Referencia 106941 para cotización en Surtilec, línea Cables especiales / Cable para bandeja / tray cable. Especificaciones registradas: calibre 10 AWG, 4 conductores, voltaje 600 V, apantallado, chaqueta PVC - Polyvinyl Chloride. Solicita disponibilidad, cantidades y soporte técnico para despacho en Colombia.",
106942,12/2C VNTC apantallado Cable para bandeja E2 600V TC,Cables especiales,Cable para bandeja / tray cable,,12,2,600 V,Sí,PVC - Polyvinyl Chloride,,,,,,"12/2C VNTC apantallado Cable para bandeja E2 600V TC. Referencia 106942 para cotización en Surtilec, línea Cables especiales / Cable para bandeja / tray cable. Especificaciones registradas: calibre 12 AWG, 2 conductores, voltaje 600 V, apantallado, chaqueta PVC - Polyvinyl Chloride. Solicita disponibilidad, cantidades y soporte técnico para despacho en Colombia.",
106943,12/3C VNTC apantallado Cable para bandeja E2 600V ER,Cables especiales,Cable para bandeja / tray cable,,12,3,600 V,Sí,PVC - Polyvinyl Chloride,,,,,,"12/3C VNTC apantallado Cable para bandeja E2 600V ER. Referencia 106943 para cotización en Surtilec, línea Cables especiales / Cable para bandeja / tray cable. Especificaciones registradas: calibre 12 AWG, 3 conductores, voltaje 600 V, apantallado, chaqueta PVC - Polyvinyl Chloride. Solicita disponibilidad, cantidades y soporte técnico para despacho en Colombia.",
106944,12/4C VNTC apantallado Cable para bandeja E2 600V ER,Cables especiales,Cable para bandeja / tray cable,,12,4,600 V,Sí,PVC - Polyvinyl Chloride,,,,,,"12/4C VNTC apantallado Cable para bandeja E2 600V ER. Referencia 106944 para cotización en Surtilec, línea Cables especiales / Cable para bandeja / tray cable. Especificaciones registradas: calibre 12 AWG, 4 conductores, voltaje 600 V, apantallado, chaqueta PVC - Polyvinyl Chloride. Solicita disponibilidad, cantidades y soporte técnico para despacho en Colombia.",
106945,12/5C VNTC apantallado Cable para bandeja E2 600V ER,Cables especiales,Cable para bandeja / tray cable,,12,5,600 V,Sí,PVC - Polyvinyl Chloride,,,,,,"12/5C VNTC apantallado Cable para bandeja E2 600V ER. Referencia 106945 para cotización en Surtilec, línea Cables especiales / Cable para bandeja / tray cable. Especificaciones registradas: calibre 12 AWG, 5 conductores, voltaje 600 V, apantallado, chaqueta PVC - Polyvinyl Chloride. Solicita disponibilidad, cantidades y soporte técnico para despacho en Colombia.",
106946,12/7C VNTC apantallado Cable para bandeja E2 600V ER,Cables especiales,Cable para bandeja / tray cable,,12,7,600 V,Sí,PVC - Polyvinyl Chloride,,,,,,"12/7C VNTC apantallado Cable para bandeja E2 600V ER. Referencia 106946 para cotización en Surtilec, línea Cables especiales / Cable para bandeja / tray cable. Especificaciones registradas: calibre 12 AWG, 7 conductores, voltaje 600 V, apantallado, chaqueta PVC - Polyvinyl Chloride. Solicita disponibilidad, cantidades y soporte técnico para despacho en Colombia.",
106947,12/12C VNTC apantallado Cable para bandeja E2 600V ER,Cables especiales,Cable para bandeja / tray cable,,12,12,600 V,Sí,PVC - Polyvinyl Chloride,,,,,,"12/12C VNTC apantallado Cable para bandeja E2 600V ER. Referencia 106947 para cotización en Surtilec, línea Cables especiales / Cable para bandeja / tray cable. Especificaciones registradas: calibre 12 AWG, 12 conductores, voltaje 600 V, apantallado, chaqueta PVC - Polyvinyl Chloride. Solicita disponibilidad, cantidades y soporte técnico para despacho en Colombia.",
106948,14/2C VNTC apantallado Cable para bandeja E2 600V TC,Cables especiales,Cable para bandeja / tray cable,,14,2,600 V,Sí,PVC - Polyvinyl Chloride,,,,,,"14/2C VNTC apantallado Cable para bandeja E2 600V TC. Referencia 106948 para cotización en Surtilec, línea Cables especiales / Cable para bandeja / tray cable. Especificaciones registradas: calibre 14 AWG, 2 conductores, voltaje 600 V, apantallado, chaqueta PVC - Polyvinyl Chloride. Solicita disponibilidad, cantidades y soporte técnico para despacho en Colombia.",
106949,14/3C VNTC apantallado Cable para bandeja E2 600V ER,Cables especiales,Cable para bandeja / tray cable,,14,3,600 V,Sí,PVC - Polyvinyl Chloride,,,,,,"14/3C VNTC apantallado Cable para bandeja E2 600V ER. Referencia 106949 para cotización en Surtilec, línea Cables especiales / Cable para bandeja / tray cable. Especificaciones registradas: calibre 14 AWG, 3 conductores, voltaje 600 V, apantallado, chaqueta PVC - Polyvinyl Chloride. Solicita disponibilidad, cantidades y soporte técnico para despacho en Colombia.",
106950,14/4C VNTC apantallado Cable para bandeja E2 600V ER,Cables especiales,Cable para bandeja / tray cable,,14,4,600 V,Sí,PVC - Polyvinyl Chloride,,,,,,"14/4C VNTC apantallado Cable para bandeja E2 600V ER. Referencia 106950 para cotización en Surtilec, línea Cables especiales / Cable para bandeja / tray cable. Especificaciones registradas: calibre 14 AWG, 4 conductores, voltaje 600 V, apantallado, chaqueta PVC - Polyvinyl Chloride. Solicita disponibilidad, cantidades y soporte técnico para despacho en Colombia.",
106951,14/5C VNTC apantallado Cable para bandeja E2 600V ER,Cables especiales,Cable para bandeja / tray cable,,14,5,600 V,Sí,PVC - Polyvinyl Chloride,,,,,,"14/5C VNTC apantallado Cable para bandeja E2 600V ER. Referencia 106951 para cotización en Surtilec, línea Cables especiales / Cable para bandeja / tray cable. Especificaciones registradas: calibre 14 AWG, 5 conductores, voltaje 600 V, apantallado, chaqueta PVC - Polyvinyl Chloride. Solicita disponibilidad, cantidades y soporte técnico para despacho en Colombia.",
106952,14/7C VNTC apantallado Cable para bandeja E2 600V ER,Cables especiales,Cable para bandeja / tray cable,,14,7,600 V,Sí,PVC - Polyvinyl Chloride,,,,,,"14/7C VNTC apantallado Cable para bandeja E2 600V ER. Referencia 106952 para cotización en Surtilec, línea Cables especiales / Cable para bandeja / tray cable. Especificaciones registradas: calibre 14 AWG, 7 conductores, voltaje 600 V, apantallado, chaqueta PVC - Polyvinyl Chloride. Solicita disponibilidad, cantidades y soporte técnico para despacho en Colombia.",
106953,14/9C VNTC apantallado Cable para bandeja E2 600V ER,Cables especiales,Cable para bandeja / tray cable,,14,9,600 V,Sí,PVC - Polyvinyl Chloride,,,,,,"14/9C VNTC apantallado Cable para bandeja E2 600V ER. Referencia 106953 para cotización en Surtilec, línea Cables especiales / Cable para bandeja / tray cable. Especificaciones registradas: calibre 14 AWG, 9 conductores, voltaje 600 V, apantallado, chaqueta PVC - Polyvinyl Chloride. Solicita disponibilidad, cantidades y soporte técnico para despacho en Colombia.",
106954,14/12C VNTC apantallado Cable para bandeja E2 600V ER,Cables especiales,Cable para bandeja / tray cable,,14,12,600 V,Sí,PVC - Polyvinyl Chloride,,,,,,"14/12C VNTC apantallado Cable para bandeja E2 600V ER. Referencia 106954 para cotización en Surtilec, línea Cables especiales / Cable para bandeja / tray cable. Especificaciones registradas: calibre 14 AWG, 12 conductores, voltaje 600 V, apantallado, chaqueta PVC - Polyvinyl Chloride. Solicita disponibilidad, cantidades y soporte técnico para despacho en Colombia.",
106955,14/19C VNTC apantallado Cable para bandeja E2 600V ER,Cables especiales,Cable para bandeja / tray cable,,14,19,600 V,Sí,PVC - Polyvinyl Chloride,,,,,,"14/19C VNTC apantallado Cable para bandeja E2 600V ER. Referencia 106955 para cotización en Surtilec, línea Cables especiales / Cable para bandeja / tray cable. Especificaciones registradas: calibre 14 AWG, 19 conductores, voltaje 600 V, apantallado, chaqueta PVC - Polyvinyl Chloride. Solicita disponibilidad, cantidades y soporte técnico para despacho en Colombia.",
106956,14/30C VNTC apantallado Cable para bandeja E2 600V ER,Cables especiales,Cable para bandeja / tray cable,,14,30,600 V,Sí,PVC - Polyvinyl Chloride,,,,,,"14/30C VNTC apantallado Cable para bandeja E2 600V ER. Referencia 106956 para cotización en Surtilec, línea Cables especiales / Cable para bandeja / tray cable. Especificaciones registradas: calibre 14 AWG, 30 conductores, voltaje 600 V, apantallado, chaqueta PVC - Polyvinyl Chloride. Solicita disponibilidad, cantidades y soporte técnico para despacho en Colombia.",
106957,16/2C VNTC apantallado Cable para bandeja E2 600V TC,Cables especiales,Cable para bandeja / tray cable,,16,2,600 V,Sí,PVC - Polyvinyl Chloride,,,,,,"16/2C VNTC apantallado Cable para bandeja E2 600V TC. Referencia 106957 para cotización en Surtilec, línea Cables especiales / Cable para bandeja / tray cable. Especificaciones registradas: calibre 16 AWG, 2 conductores, voltaje 600 V, apantallado, chaqueta PVC - Polyvinyl Chloride. Solicita disponibilidad, cantidades y soporte técnico para despacho en Colombia.",
106958,16/3C VNTC apantallado Cable para bandeja E2 600V ER,Cables especiales,Cable para bandeja / tray cable,,16,3,600 V,Sí,PVC - Polyvinyl Chloride,,,,,,"16/3C VNTC apantallado Cable para bandeja E2 600V ER. Referencia 106958 para cotización en Surtilec, línea Cables especiales / Cable para bandeja / tray cable. Especificaciones registradas: calibre 16 AWG, 3 conductores, voltaje 600 V, apantallado, chaqueta PVC - Polyvinyl Chloride. Solicita disponibilidad, cantidades y soporte técnico para despacho en Colombia.",
106959,16/4C VNTC apantallado Cable para bandeja E2 600V ER,Cables especiales,Cable para bandeja / tray cable,,16,4,600 V,Sí,PVC - Polyvinyl Chloride,,,,,,"16/4C VNTC apantallado Cable para bandeja E2 600V ER. Referencia 106959 para cotización en Surtilec, línea Cables especiales / Cable para bandeja / tray cable. Especificaciones registradas: calibre 16 AWG, 4 conductores, voltaje 600 V, apantallado, chaqueta PVC - Polyvinyl Chloride. Solicita disponibilidad, cantidades y soporte técnico para despacho en Colombia.",
106960,16/5C VNTC apantallado Cable para bandeja E2 600V ER,Cables especiales,Cable para bandeja / tray cable,,16,5,600 V,Sí,PVC - Polyvinyl Chloride,,,,,,"16/5C VNTC apantallado Cable para bandeja E2 600V ER. Referencia 106960 para cotización en Surtilec, línea Cables especiales / Cable para bandeja / tray cable. Especificaciones registradas: calibre 16 AWG, 5 conductores, voltaje 600 V, apantallado, chaqueta PVC - Polyvinyl Chloride. Solicita disponibilidad, cantidades y soporte técnico para despacho en Colombia.",
106961,16/7C VNTC apantallado Cable para bandeja E2 600V ER,Cables especiales,Cable para bandeja / tray cable,,16,7,600 V,Sí,PVC - Polyvinyl Chloride,,,,,,"16/7C VNTC apantallado Cable para bandeja E2 600V ER. Referencia 106961 para cotización en Surtilec, línea Cables especiales / Cable para bandeja / tray cable. Especificaciones registradas: calibre 16 AWG, 7 conductores, voltaje 600 V, apantallado, chaqueta PVC - Polyvinyl Chloride. Solicita disponibilidad, cantidades y soporte técnico para despacho en Colombia.",
106962,16/9C VNTC apantallado Cable para bandeja E2 600V ER,Cables especiales,Cable para bandeja / tray cable,,16,9,600 V,Sí,PVC - Polyvinyl Chloride,,,,,,"16/9C VNTC apantallado Cable para bandeja E2 600V ER. Referencia 106962 para cotización en Surtilec, línea Cables especiales / Cable para bandeja / tray cable. Especificaciones registradas: calibre 16 AWG, 9 conductores, voltaje 600 V, apantallado, chaqueta PVC - Polyvinyl Chloride. Solicita disponibilidad, cantidades y soporte técnico para despacho en Colombia.",
106963,16/12C VNTC apantallado Cable para bandeja E2 600V ER,Cables especiales,Cable para bandeja / tray cable,,16,12,600 V,Sí,PVC - Polyvinyl Chloride,,,,,,"16/12C VNTC apantallado Cable para bandeja E2 600V ER. Referencia 106963 para cotización en Surtilec, línea Cables especiales / Cable para bandeja / tray cable. Especificaciones registradas: calibre 16 AWG, 12 conductores, voltaje 600 V, apantallado, chaqueta PVC - Polyvinyl Chloride. Solicita disponibilidad, cantidades y soporte técnico para despacho en Colombia.",
106964,16/19C VNTC apantallado Cable para bandeja E2 600V ER,Cables especiales,Cable para bandeja / tray cable,,16,19,600 V,Sí,PVC - Polyvinyl Chloride,,,,,,"16/19C VNTC apantallado Cable para bandeja E2 600V ER. Referencia 106964 para cotización en Surtilec, línea Cables especiales / Cable para bandeja / tray cable. Especificaciones registradas: calibre 16 AWG, 19 conductores, voltaje 600 V, apantallado, chaqueta PVC - Polyvinyl Chloride. Solicita disponibilidad, cantidades y soporte técnico para despacho en Colombia.",
106965,16/25C VNTC apantallado Cable para bandeja E2 600V ER,Cables especiales,Cable para bandeja / tray cable,,16,25,600 V,Sí,PVC - Polyvinyl Chloride,,,,,,"16/25C VNTC apantallado Cable para bandeja E2 600V ER. Referencia 106965 para cotización en Surtilec, línea Cables especiales / Cable para bandeja / tray cable. Especificaciones registradas: calibre 16 AWG, 25 conductores, voltaje 600 V, apantallado, chaqueta PVC - Polyvinyl Chloride. Solicita disponibilidad, cantidades y soporte técnico para despacho en Colombia.",
106966,16/37C VNTC apantallado Cable para bandeja E2 600V ER,Cables especiales,Cable para bandeja / tray cable,,16,37,600 V,Sí,PVC - Polyvinyl Chloride,,,,,,"16/37C VNTC apantallado Cable para bandeja E2 600V ER. Referencia 106966 para cotización en Surtilec, línea Cables especiales / Cable para bandeja / tray cable. Especificaciones registradas: calibre 16 AWG, 37 conductores, voltaje 600 V, apantallado, chaqueta PVC - Polyvinyl Chloride. Solicita disponibilidad, cantidades y soporte técnico para despacho en Colombia.",
106967,18/2C VNTC apantallado Cable para bandeja E2 600V TC,Cables especiales,Cable para bandeja / tray cable,,18,2,600 V,Sí,PVC - Polyvinyl Chloride,,,,,,"18/2C VNTC apantallado Cable para bandeja E2 600V TC. Referencia 106967 para cotización en Surtilec, línea Cables especiales / Cable para bandeja / tray cable. Especificaciones registradas: calibre 18 AWG, 2 conductores, voltaje 600 V, apantallado, chaqueta PVC - Polyvinyl Chloride. Solicita disponibilidad, cantidades y soporte técnico para despacho en Colombia.",
106968,18/3C VNTC apantallado Cable para bandeja E2 600V ER,Cables especiales,Cable para bandeja / tray cable,,18,3,600 V,Sí,PVC - Polyvinyl Chloride,,,,,,"18/3C VNTC apantallado Cable para bandeja E2 600V ER. Referencia 106968 para cotización en Surtilec, línea Cables especiales / Cable para bandeja / tray cable. Especificaciones registradas: calibre 18 AWG, 3 conductores, voltaje 600 V, apantallado, chaqueta PVC - Polyvinyl Chloride. Solicita disponibilidad, cantidades y soporte técnico para despacho en Colombia.",
106970,18/5C VNTC apantallado Cable para bandeja E2 600V ER,Cables especiales,Cable para bandeja / tray cable,,18,5,600 V,Sí,PVC - Polyvinyl Chloride,,,,,,"18/5C VNTC apantallado Cable para bandeja E2 600V ER. Referencia 106970 para cotización en Surtilec, línea Cables especiales / Cable para bandeja / tray cable. Especificaciones registradas: calibre 18 AWG, 5 conductores, voltaje 600 V, apantallado, chaqueta PVC - Polyvinyl Chloride. Solicita disponibilidad, cantidades y soporte técnico para despacho en Colombia.",
106971,18/7C VNTC apantallado Cable para bandeja E2 600V ER,Cables especiales,Cable para bandeja / tray cable,,18,7,600 V,Sí,PVC - Polyvinyl Chloride,,,,,,"18/7C VNTC apantallado Cable para bandeja E2 600V ER. Referencia 106971 para cotización en Surtilec, línea Cables especiales / Cable para bandeja / tray cable. Especificaciones registradas: calibre 18 AWG, 7 conductores, voltaje 600 V, apantallado, chaqueta PVC - Polyvinyl Chloride. Solicita disponibilidad, cantidades y soporte técnico para despacho en Colombia.",
106972,18/8C VNTC apantallado Cable para bandeja E2 600V ER,Cables especiales,Cable para bandeja / tray cable,,18,8,600 V,Sí,PVC - Polyvinyl Chloride,,,,,,"18/8C VNTC apantallado Cable para bandeja E2 600V ER. Referencia 106972 para cotización en Surtilec, línea Cables especiales / Cable para bandeja / tray cable. Especificaciones registradas: calibre 18 AWG, 8 conductores, voltaje 600 V, apantallado, chaqueta PVC - Polyvinyl Chloride. Solicita disponibilidad, cantidades y soporte técnico para despacho en Colombia.",
106973,18/9C VNTC apantallado Cable para bandeja E2 600V ER,Cables especiales,Cable para bandeja / tray cable,,18,9,600 V,Sí,PVC - Polyvinyl Chloride,,,,,,"18/9C VNTC apantallado Cable para bandeja E2 600V ER. Referencia 106973 para cotización en Surtilec, línea Cables especiales / Cable para bandeja / tray cable. Especificaciones registradas: calibre 18 AWG, 9 conductores, voltaje 600 V, apantallado, chaqueta PVC - Polyvinyl Chloride. Solicita disponibilidad, cantidades y soporte técnico para despacho en Colombia.",
106974,18/10C VNTC apantallado Cable para bandeja E2 600V ER,Cables especiales,Cable para bandeja / tray cable,,18,10,600 V,Sí,PVC - Polyvinyl Chloride,,,,,,"18/10C VNTC apantallado Cable para bandeja E2 600V ER. Referencia 106974 para cotización en Surtilec, línea Cables especiales / Cable para bandeja / tray cable. Especificaciones registradas: calibre 18 AWG, 10 conductores, voltaje 600 V, apantallado, chaqueta PVC - Polyvinyl Chloride. Solicita disponibilidad, cantidades y soporte técnico para despacho en Colombia.",
106975,18/12C VNTC apantallado Cable para bandeja E2 600V ER,Cables especiales,Cable para bandeja / tray cable,,18,12,600 V,Sí,PVC - Polyvinyl Chloride,,,,,,"18/12C VNTC apantallado Cable para bandeja E2 600V ER. Referencia 106975 para cotización en Surtilec, línea Cables especiales / Cable para bandeja / tray cable. Especificaciones registradas: calibre 18 AWG, 12 conductores, voltaje 600 V, apantallado, chaqueta PVC - Polyvinyl Chloride. Solicita disponibilidad, cantidades y soporte técnico para despacho en Colombia.",
106976,18/19C VNTC apantallado Cable para bandeja E2 600V ER,Cables especiales,Cable para bandeja / tray cable,,18,19,600 V,Sí,PVC - Polyvinyl Chloride,,,,,,"18/19C VNTC apantallado Cable para bandeja E2 600V ER. Referencia 106976 para cotización en Surtilec, línea Cables especiales / Cable para bandeja / tray cable. Especificaciones registradas: calibre 18 AWG, 19 conductores, voltaje 600 V, apantallado, chaqueta PVC - Polyvinyl Chloride. Solicita disponibilidad, cantidades y soporte técnico para despacho en Colombia.",
106977,18/25C VNTC apantallado Cable para bandeja E2 600V ER,Cables especiales,Cable para bandeja / tray cable,,18,25,600 V,Sí,PVC - Polyvinyl Chloride,,,,,,"18/25C VNTC apantallado Cable para bandeja E2 600V ER. Referencia 106977 para cotización en Surtilec, línea Cables especiales / Cable para bandeja / tray cable. Especificaciones registradas: calibre 18 AWG, 25 conductores, voltaje 600 V, apantallado, chaqueta PVC - Polyvinyl Chloride. Solicita disponibilidad, cantidades y soporte técnico para despacho en Colombia.",
106978,18/37C VNTC apantallado Cable para bandeja E2 600V ER,Cables especiales,Cable para bandeja / tray cable,,18,37,600 V,Sí,PVC - Polyvinyl Chloride,,,,,,"18/37C VNTC apantallado Cable para bandeja E2 600V ER. Referencia 106978 para cotización en Surtilec, línea Cables especiales / Cable para bandeja / tray cable. Especificaciones registradas: calibre 18 AWG, 37 conductores, voltaje 600 V, apantallado, chaqueta PVC - Polyvinyl Chloride. Solicita disponibilidad, cantidades y soporte técnico para despacho en Colombia.",
106979,1/4C VNTC N/S Cable para bandeja w/tierra M4 600V ER,Cables especiales,Cable para bandeja / tray cable,,1,4,600 V,Sí,PVC - Polyvinyl Chloride,,,,,,"1/4C VNTC N/S Cable para bandeja w/tierra M4 600V ER. Referencia 106979 para cotización en Surtilec, línea Cables especiales / Cable para bandeja / tray cable. Especificaciones registradas: calibre 1 AWG, 4 conductores, voltaje 600 V, apantallado, chaqueta PVC - Polyvinyl Chloride. Solicita disponibilidad, cantidades y soporte técnico para despacho en Colombia.",
106980,2/3C VNTC N/S Cable para bandeja w/tierra M4 600V ER,Cables especiales,Cable para bandeja / tray cable,,2,3,600 V,Sí,PVC - Polyvinyl Chloride,,,,,,"2/3C VNTC N/S Cable para bandeja w/tierra M4 600V ER. Referencia 106980 para cotización en Surtilec, línea Cables especiales / Cable para bandeja / tray cable. Especificaciones registradas: calibre 2 AWG, 3 conductores, voltaje 600 V, apantallado, chaqueta PVC - Polyvinyl Chloride. Solicita disponibilidad, cantidades y soporte técnico para despacho en Colombia.",
106981,4/4C VNTC N/S Cable para bandeja w/tierra M4 600V ER,Cables especiales,Cable para bandeja / tray cable,,4,4,600 V,Sí,PVC - Polyvinyl Chloride,,,,,,"4/4C VNTC N/S Cable para bandeja w/tierra M4 600V ER. Referencia 106981 para cotización en Surtilec, línea Cables especiales / Cable para bandeja / tray cable. Especificaciones registradas: calibre 4 AWG, 4 conductores, voltaje 600 V, apantallado, chaqueta PVC - Polyvinyl Chloride. Solicita disponibilidad, cantidades y soporte técnico para despacho en Colombia.",
106982,6/3C VNTC N/S Cable para bandeja w/tierra M4 600V ER,Cables especiales,Cable para bandeja / tray cable,,6,3,600 V,Sí,PVC - Polyvinyl Chloride,,,,,,"6/3C VNTC N/S Cable para bandeja w/tierra M4 600V ER. Referencia 106982 para cotización en Surtilec, línea Cables especiales / Cable para bandeja / tray cable. Especificaciones registradas: calibre 6 AWG, 3 conductores, voltaje 600 V, apantallado, chaqueta PVC - Polyvinyl Chloride. Solicita disponibilidad, cantidades y soporte técnico para despacho en Colombia.",
106983,8/4C VNTC N/S Cable para bandeja w/tierra M4 600V ER,Cables especiales,Cable para bandeja / tray cable,,8,4,600 V,Sí,PVC - Polyvinyl Chloride,,,,,,"8/4C VNTC N/S Cable para bandeja w/tierra M4 600V ER. Referencia 106983 para cotización en Surtilec, línea Cables especiales / Cable para bandeja / tray cable. Especificaciones registradas: calibre 8 AWG, 4 conductores, voltaje 600 V, apantallado, chaqueta PVC - Polyvinyl Chloride. Solicita disponibilidad, cantidades y soporte técnico para despacho en Colombia.",
106984,1/0-3C VNTC N/S Cable para bandeja w/tierra M4 600V ER,Cables especiales,Cable para bandeja / tray cable,,1/0,3,600 V,Sí,PVC - Polyvinyl Chloride,,,,,,"1/0-3C VNTC N/S Cable para bandeja w/tierra M4 600V ER. Referencia 106984 para cotización en Surtilec, línea Cables especiales / Cable para bandeja / tray cable. Especificaciones registradas: calibre 1/0 AWG, 3 conductores, voltaje 600 V, apantallado, chaqueta PVC - Polyvinyl Chloride. Solicita disponibilidad, cantidades y soporte técnico para despacho en Colombia.",
106985,2/0-3C VNTC N/S Cable para bandeja w/tierra M4 600V ER,Cables especiales,Cable para bandeja / tray cable,,2/0,3,600 V,Sí,PVC - Polyvinyl Chloride,,,,,,"2/0-3C VNTC N/S Cable para bandeja w/tierra M4 600V ER. Referencia 106985 para cotización en Surtilec, línea Cables especiales / Cable para bandeja / tray cable. Especificaciones registradas: calibre 2/0 AWG, 3 conductores, voltaje 600 V, apantallado, chaqueta PVC - Polyvinyl Chloride. Solicita disponibilidad, cantidades y soporte técnico para despacho en Colombia.",
106986,2/0-4C VNTC N/S Cable para bandeja w/tierra M4 600V ER,Cables especiales,Cable para bandeja / tray cable,,2/0,4,600 V,Sí,PVC - Polyvinyl Chloride,,,,,,"2/0-4C VNTC N/S Cable para bandeja w/tierra M4 600V ER. Referencia 106986 para cotización en Surtilec, línea Cables especiales / Cable para bandeja / tray cable. Especificaciones registradas: calibre 2/0 AWG, 4 conductores, voltaje 600 V, apantallado, chaqueta PVC - Polyvinyl Chloride. Solicita disponibilidad, cantidades y soporte técnico para despacho en Colombia.",
106987,3/0-3C VNTC N/S Cable para bandeja w/tierra M4 600V ER,Cables especiales,Cable para bandeja / tray cable,,3/0,3,600 V,Sí,PVC - Polyvinyl Chloride,,,,,,"3/0-3C VNTC N/S Cable para bandeja w/tierra M4 600V ER. Referencia 106987 para cotización en Surtilec, línea Cables especiales / Cable para bandeja / tray cable. Especificaciones registradas: calibre 3/0 AWG, 3 conductores, voltaje 600 V, apantallado, chaqueta PVC - Polyvinyl Chloride. Solicita disponibilidad, cantidades y soporte técnico para despacho en Colombia.",
106988,3/0-4C VNTC N/S Cable para bandeja w/tierra M4 600V ER,Cables especiales,Cable para bandeja / tray cable,,3/0,4,600 V,Sí,PVC - Polyvinyl Chloride,,,,,,"3/0-4C VNTC N/S Cable para bandeja w/tierra M4 600V ER. Referencia 106988 para cotización en Surtilec, línea Cables especiales / Cable para bandeja / tray cable. Especificaciones registradas: calibre 3/0 AWG, 4 conductores, voltaje 600 V, apantallado, chaqueta PVC - Polyvinyl Chloride. Solicita disponibilidad, cantidades y soporte técnico para despacho en Colombia.",
106989,350MCM/3C VNTC N/S Cable para bandeja w/tierra M4 600V ER,Cables especiales,Cable para bandeja / tray cable,,350 MCM,3,600 V,Sí,PVC - Polyvinyl Chloride,,,,,,"350MCM/3C VNTC N/S Cable para bandeja w/tierra M4 600V ER. Referencia 106989 para cotización en Surtilec, línea Cables especiales / Cable para bandeja / tray cable. Especificaciones registradas: calibre 350 MCM, 3 conductores, voltaje 600 V, apantallado, chaqueta PVC - Polyvinyl Chloride. Solicita disponibilidad, cantidades y soporte técnico para despacho en Colombia.",
106990,4/0-3C VNTC N/S Cable para bandeja w/tierra M4 600V ER,Cables especiales,Cable para bandeja / tray cable,,4/0,3,600 V,Sí,PVC - Polyvinyl Chloride,,,,,,"4/0-3C VNTC N/S Cable para bandeja w/tierra M4 600V ER. Referencia 106990 para cotización en Surtilec, línea Cables especiales / Cable para bandeja / tray cable. Especificaciones registradas: calibre 4/0 AWG, 3 conductores, voltaje 600 V, apantallado, chaqueta PVC - Polyvinyl Chloride. Solicita disponibilidad, cantidades y soporte técnico para despacho en Colombia.",
106991,500MCM/3C VNTC N/S Cable para bandeja w/tierra M4 600V ER,Cables especiales,Cable para bandeja / tray cable,,500 MCM,3,600 V,Sí,PVC - Polyvinyl Chloride,,,,,,"500MCM/3C VNTC N/S Cable para bandeja w/tierra M4 600V ER. Referencia 106991 para cotización en Surtilec, línea Cables especiales / Cable para bandeja / tray cable. Especificaciones registradas: calibre 500 MCM, 3 conductores, voltaje 600 V, apantallado, chaqueta PVC - Polyvinyl Chloride. Solicita disponibilidad, cantidades y soporte técnico para despacho en Colombia.",
106992,2/3C VNTC apantallado Cable para bandeja w/tierra M4 600V ER,Cables especiales,Cable para bandeja / tray cable,,2,3,600 V,Sí,PVC - Polyvinyl Chloride,,,,,,"2/3C VNTC apantallado Cable para bandeja w/tierra M4 600V ER. Referencia 106992 para cotización en Surtilec, línea Cables especiales / Cable para bandeja / tray cable. Especificaciones registradas: calibre 2 AWG, 3 conductores, voltaje 600 V, apantallado, chaqueta PVC - Polyvinyl Chloride. Solicita disponibilidad, cantidades y soporte técnico para despacho en Colombia.",
106993,4/3C VNTC apantallado Cable para bandeja w/tierra M4 600V ER,Cables especiales,Cable para bandeja / tray cable,,4,3,600 V,Sí,PVC - Polyvinyl Chloride,,,,,,"4/3C VNTC apantallado Cable para bandeja w/tierra M4 600V ER. Referencia 106993 para cotización en Surtilec, línea Cables especiales / Cable para bandeja / tray cable. Especificaciones registradas: calibre 4 AWG, 3 conductores, voltaje 600 V, apantallado, chaqueta PVC - Polyvinyl Chloride. Solicita disponibilidad, cantidades y soporte técnico para despacho en Colombia.",
106994,6/3C VNTC apantallado Cable para bandeja w/tierra M4 600V ER,Cables especiales,Cable para bandeja / tray cable,,6,3,600 V,Sí,PVC - Polyvinyl Chloride,,,,,,"6/3C VNTC apantallado Cable para bandeja w/tierra M4 600V ER. Referencia 106994 para cotización en Surtilec, línea Cables especiales / Cable para bandeja / tray cable. Especificaciones registradas: calibre 6 AWG, 3 conductores, voltaje 600 V, apantallado, chaqueta PVC - Polyvinyl Chloride. Solicita disponibilidad, cantidades y soporte técnico para despacho en Colombia.",
106995,8/3C VNTC apantallado Cable para bandeja w/tierra M4 600V ER,Cables especiales,Cable para bandeja / tray cable,,8,3,600 V,Sí,PVC - Polyvinyl Chloride,,,,,,"8/3C VNTC apantallado Cable para bandeja w/tierra M4 600V ER. Referencia 106995 para cotización en Surtilec, línea Cables especiales / Cable para bandeja / tray cable. Especificaciones registradas: calibre 8 AWG, 3 conductores, voltaje 600 V, apantallado, chaqueta PVC - Polyvinyl Chloride. Solicita disponibilidad, cantidades y soporte técnico para despacho en Colombia.",
106996,8/4C VNTC apantallado Cable para bandeja w/tierra M4 600V ER,Cables especiales,Cable para bandeja / tray cable,,8,4,600 V,Sí,PVC - Polyvinyl Chloride,,,,,,"8/4C VNTC apantallado Cable para bandeja w/tierra M4 600V ER. Referencia 106996 para cotización en Surtilec, línea Cables especiales / Cable para bandeja / tray cable. Especificaciones registradas: calibre 8 AWG, 4 conductores, voltaje 600 V, apantallado, chaqueta PVC - Polyvinyl Chloride. Solicita disponibilidad, cantidades y soporte técnico para despacho en Colombia.",
106997,10/2C XLPE XPTC N/S Cable para bandeja E2 600V TC plano,Cables especiales,Cable para bandeja / tray cable,,10,2,600 V,Sí,PVC - Polyvinyl Chloride,,,,,,"10/2C XLPE XPTC N/S Cable para bandeja E2 600V TC plano. Referencia 106997 para cotización en Surtilec, línea Cables especiales / Cable para bandeja / tray cable. Especificaciones registradas: calibre 10 AWG, 2 conductores, voltaje 600 V, apantallado, chaqueta PVC - Polyvinyl Chloride. Solicita disponibilidad, cantidades y soporte técnico para despacho en Colombia.",
106998,10/3C XLPE XPTC N/S Cable para bandeja E2 600V ER,Cables especiales,Cable para bandeja / tray cable,,10,3,600 V,Sí,PVC - Polyvinyl Chloride,,,,,,"10/3C XLPE XPTC N/S Cable para bandeja E2 600V ER. Referencia 106998 para cotización en Surtilec, línea Cables especiales / Cable para bandeja / tray cable. Especificaciones registradas: calibre 10 AWG, 3 conductores, voltaje 600 V, apantallado, chaqueta PVC - Polyvinyl Chloride. Solicita disponibilidad, cantidades y soporte técnico para despacho en Colombia.",
106999,10/4C XLPE XPTC N/S Cable para bandeja E2 600V ER,Cables especiales,Cable para bandeja / tray cable,,10,4,600 V,Sí,PVC - Polyvinyl Chloride,,,,,,"10/4C XLPE XPTC N/S Cable para bandeja E2 600V ER. Referencia 106999 para cotización en Surtilec, línea Cables especiales / Cable para bandeja / tray cable. Especificaciones registradas: calibre 10 AWG, 4 conductores, voltaje 600 V, apantallado, chaqueta PVC - Polyvinyl Chloride. Solicita disponibilidad, cantidades y soporte técnico para despacho en Colombia.",
107000,10/5C XLPE XPTC N/S Cable para bandeja E2 600V ER,Cables especiales,Cable para bandeja / tray cable,,10,5,600 V,Sí,PVC - Polyvinyl Chloride,,,,,,"10/5C XLPE XPTC N/S Cable para bandeja E2 600V ER. Referencia 107000 para cotización en Surtilec, línea Cables especiales / Cable para bandeja / tray cable. Especificaciones registradas: calibre 10 AWG, 5 conductores, voltaje 600 V, apantallado, chaqueta PVC - Polyvinyl Chloride. Solicita disponibilidad, cantidades y soporte técnico para despacho en Colombia.",
107001,10/7C XLPE XPTC N/S Cable para bandeja E2 600V ER,Cables especiales,Cable para bandeja / tray cable,,10,7,600 V,Sí,PVC - Polyvinyl Chloride,,,,,,"10/7C XLPE XPTC N/S Cable para bandeja E2 600V ER. Referencia 107001 para cotización en Surtilec, línea Cables especiales / Cable para bandeja / tray cable. Especificaciones registradas: calibre 10 AWG, 7 conductores, voltaje 600 V, apantallado, chaqueta PVC - Polyvinyl Chloride. Solicita disponibilidad, cantidades y soporte técnico para despacho en Colombia.",
107002,10/12C XLPE XPTC N/S Cable para bandeja E2 600V ER,Cables especiales,Cable para bandeja / tray cable,,10,12,600 V,Sí,PVC - Polyvinyl Chloride,,,,,,"10/12C XLPE XPTC N/S Cable para bandeja E2 600V ER. Referencia 107002 para cotización en Surtilec, línea Cables especiales / Cable para bandeja / tray cable. Especificaciones registradas: calibre 10 AWG, 12 conductores, voltaje 600 V, apantallado, chaqueta PVC - Polyvinyl Chloride. Solicita disponibilidad, cantidades y soporte técnico para despacho en Colombia.",
107003,12/2C XLPE XPTC N/S Cable para bandeja E2 600V TC plano,Cables especiales,Cable para bandeja / tray cable,,12,2,600 V,Sí,PVC - Polyvinyl Chloride,,,,,,"12/2C XLPE XPTC N/S Cable para bandeja E2 600V TC plano. Referencia 107003 para cotización en Surtilec, línea Cables especiales / Cable para bandeja / tray cable. Especificaciones registradas: calibre 12 AWG, 2 conductores, voltaje 600 V, apantallado, chaqueta PVC - Polyvinyl Chloride. Solicita disponibilidad, cantidades y soporte técnico para despacho en Colombia.",
107004,12/3C XLPE XPTC N/S Cable para bandeja E2 600V ER,Cables especiales,Cable para bandeja / tray cable,,12,3,600 V,Sí,PVC - Polyvinyl Chloride,,,,,,"12/3C XLPE XPTC N/S Cable para bandeja E2 600V ER. Referencia 107004 para cotización en Surtilec, línea Cables especiales / Cable para bandeja / tray cable. Especificaciones registradas: calibre 12 AWG, 3 conductores, voltaje 600 V, apantallado, chaqueta PVC - Polyvinyl Chloride. Solicita disponibilidad, cantidades y soporte técnico para despacho en Colombia.",
107005,12/4C XLPE XPTC N/S Cable para bandeja E2 600V ER,Cables especiales,Cable para bandeja / tray cable,,12,4,600 V,Sí,PVC - Polyvinyl Chloride,,,,,,"12/4C XLPE XPTC N/S Cable para bandeja E2 600V ER. Referencia 107005 para cotización en Surtilec, línea Cables especiales / Cable para bandeja / tray cable. Especificaciones registradas: calibre 12 AWG, 4 conductores, voltaje 600 V, apantallado, chaqueta PVC - Polyvinyl Chloride. Solicita disponibilidad, cantidades y soporte técnico para despacho en Colombia.",
107006,12/5C XLPE XPTC N/S Cable para bandeja E2 600V ER,Cables especiales,Cable para bandeja / tray cable,,12,5,600 V,Sí,PVC - Polyvinyl Chloride,,,,,,"12/5C XLPE XPTC N/S Cable para bandeja E2 600V ER. Referencia 107006 para cotización en Surtilec, línea Cables especiales / Cable para bandeja / tray cable. Especificaciones registradas: calibre 12 AWG, 5 conductores, voltaje 600 V, apantallado, chaqueta PVC - Polyvinyl Chloride. Solicita disponibilidad, cantidades y soporte técnico para despacho en Colombia.",
107007,12/7C XLPE XPTC N/S Cable para bandeja E2 600V ER,Cables especiales,Cable para bandeja / tray cable,,12,7,600 V,Sí,PVC - Polyvinyl Chloride,,,,,,"12/7C XLPE XPTC N/S Cable para bandeja E2 600V ER. Referencia 107007 para cotización en Surtilec, línea Cables especiales / Cable para bandeja / tray cable. Especificaciones registradas: calibre 12 AWG, 7 conductores, voltaje 600 V, apantallado, chaqueta PVC - Polyvinyl Chloride. Solicita disponibilidad, cantidades y soporte técnico para despacho en Colombia.",
107008,12/9C XLPE XPTC N/S Cable para bandeja E2 600V ER,Cables especiales,Cable para bandeja / tray cable,,12,9,600 V,Sí,PVC - Polyvinyl Chloride,,,,,,"12/9C XLPE XPTC N/S Cable para bandeja E2 600V ER. Referencia 107008 para cotización en Surtilec, línea Cables especiales / Cable para bandeja / tray cable. Especificaciones registradas: calibre 12 AWG, 9 conductores, voltaje 600 V, apantallado, chaqueta PVC - Polyvinyl Chloride. Solicita disponibilidad, cantidades y soporte técnico para despacho en Colombia.",
107009,12/12C XLPE XPTC N/S Cable para bandeja E2 600V ER,Cables especiales,Cable para bandeja / tray cable,,12,12,600 V,Sí,PVC - Polyvinyl Chloride,,,,,,"12/12C XLPE XPTC N/S Cable para bandeja E2 600V ER. Referencia 107009 para cotización en Surtilec, línea Cables especiales / Cable para bandeja / tray cable. Especificaciones registradas: calibre 12 AWG, 12 conductores, voltaje 600 V, apantallado, chaqueta PVC - Polyvinyl Chloride. Solicita disponibilidad, cantidades y soporte técnico para despacho en Colombia.",
107010,12 AWG 19 conductores XLPE XPTC Cable para bandeja sin apantallar,Cables especiales,Cable para bandeja / tray cable,,12,19,600 V,Sí,PVC - Polyvinyl Chloride,,,,,,"12 AWG 19 conductores XLPE XPTC Cable para bandeja sin apantallar. Referencia 107010 para cotización en Surtilec, línea Cables especiales / Cable para bandeja / tray cable. Especificaciones registradas: calibre 12 AWG, 19 conductores, voltaje 600 V, apantallado, chaqueta PVC - Polyvinyl Chloride. Solicita disponibilidad, cantidades y soporte técnico para despacho en Colombia.",
107011,14/2C XLPE XPTC N/S Cable para bandeja E2 600V TC,Cables especiales,Cable para bandeja / tray cable,,14,2,600 V,Sí,PVC - Polyvinyl Chloride,,,,,,"14/2C XLPE XPTC N/S Cable para bandeja E2 600V TC. Referencia 107011 para cotización en Surtilec, línea Cables especiales / Cable para bandeja / tray cable. Especificaciones registradas: calibre 14 AWG, 2 conductores, voltaje 600 V, apantallado, chaqueta PVC - Polyvinyl Chloride. Solicita disponibilidad, cantidades y soporte técnico para despacho en Colombia.",
107012,14/3C XLPE XPTC N/S Cable para bandeja E2 600V ER,Cables especiales,Cable para bandeja / tray cable,,14,3,600 V,Sí,PVC - Polyvinyl Chloride,,,,,,"14/3C XLPE XPTC N/S Cable para bandeja E2 600V ER. Referencia 107012 para cotización en Surtilec, línea Cables especiales / Cable para bandeja / tray cable. Especificaciones registradas: calibre 14 AWG, 3 conductores, voltaje 600 V, apantallado, chaqueta PVC - Polyvinyl Chloride. Solicita disponibilidad, cantidades y soporte técnico para despacho en Colombia.",
107013,14/4C XLPE XPTC N/S Cable para bandeja E2 600V ER,Cables especiales,Cable para bandeja / tray cable,,14,4,600 V,Sí,PVC - Polyvinyl Chloride,,,,,,"14/4C XLPE XPTC N/S Cable para bandeja E2 600V ER. Referencia 107013 para cotización en Surtilec, línea Cables especiales / Cable para bandeja / tray cable. Especificaciones registradas: calibre 14 AWG, 4 conductores, voltaje 600 V, apantallado, chaqueta PVC - Polyvinyl Chloride. Solicita disponibilidad, cantidades y soporte técnico para despacho en Colombia.",
107014,14/5C XLPE XPTC N/S Cable para bandeja E2 600V ER,Cables especiales,Cable para bandeja / tray cable,,14,5,600 V,Sí,PVC - Polyvinyl Chloride,,,,,,"14/5C XLPE XPTC N/S Cable para bandeja E2 600V ER. Referencia 107014 para cotización en Surtilec, línea Cables especiales / Cable para bandeja / tray cable. Especificaciones registradas: calibre 14 AWG, 5 conductores, voltaje 600 V, apantallado, chaqueta PVC - Polyvinyl Chloride. Solicita disponibilidad, cantidades y soporte técnico para despacho en Colombia.",
107015,14/7C XLPE XPTC N/S Cable para bandeja E2 600V ER,Cables especiales,Cable para bandeja / tray cable,,14,7,600 V,Sí,PVC - Polyvinyl Chloride,,,,,,"14/7C XLPE XPTC N/S Cable para bandeja E2 600V ER. Referencia 107015 para cotización en Surtilec, línea Cables especiales / Cable para bandeja / tray cable. Especificaciones registradas: calibre 14 AWG, 7 conductores, voltaje 600 V, apantallado, chaqueta PVC - Polyvinyl Chloride. Solicita disponibilidad, cantidades y soporte técnico para despacho en Colombia.",
107016,14/9C XLPE XPTC N/S Cable para bandeja E2 600V ER,Cables especiales,Cable para bandeja / tray cable,,14,9,600 V,Sí,PVC - Polyvinyl Chloride,,,,,,"14/9C XLPE XPTC N/S Cable para bandeja E2 600V ER. Referencia 107016 para cotización en Surtilec, línea Cables especiales / Cable para bandeja / tray cable. Especificaciones registradas: calibre 14 AWG, 9 conductores, voltaje 600 V, apantallado, chaqueta PVC - Polyvinyl Chloride. Solicita disponibilidad, cantidades y soporte técnico para despacho en Colombia.",
107017,14/12C XLPE XPTC N/S Cable para bandeja E2 600V ER,Cables especiales,Cable para bandeja / tray cable,,14,12,600 V,Sí,PVC - Polyvinyl Chloride,,,,,,"14/12C XLPE XPTC N/S Cable para bandeja E2 600V ER. Referencia 107017 para cotización en Surtilec, línea Cables especiales / Cable para bandeja / tray cable. Especificaciones registradas: calibre 14 AWG, 12 conductores, voltaje 600 V, apantallado, chaqueta PVC - Polyvinyl Chloride. Solicita disponibilidad, cantidades y soporte técnico para despacho en Colombia.",
107018,14/19C XLPE XPTC N/S Cable para bandeja E2 600V ER,Cables especiales,Cable para bandeja / tray cable,,14,19,600 V,Sí,PVC - Polyvinyl Chloride,,,,,,"14/19C XLPE XPTC N/S Cable para bandeja E2 600V ER. Referencia 107018 para cotización en Surtilec, línea Cables especiales / Cable para bandeja / tray cable. Especificaciones registradas: calibre 14 AWG, 19 conductores, voltaje 600 V, apantallado, chaqueta PVC - Polyvinyl Chloride. Solicita disponibilidad, cantidades y soporte técnico para despacho en Colombia.",
107019,14/25 XLPE XPTC N/S Cable para bandeja E2 600V ER,Cables especiales,Cable para bandeja / tray cable,,14,25,600 V,Sí,PVC - Polyvinyl Chloride,,,,,,"14/25 XLPE XPTC N/S Cable para bandeja E2 600V ER. Referencia 107019 para cotización en Surtilec, línea Cables especiales / Cable para bandeja / tray cable. Especificaciones registradas: calibre 14 AWG, 25 conductores, voltaje 600 V, apantallado, chaqueta PVC - Polyvinyl Chloride. Solicita disponibilidad, cantidades y soporte técnico para despacho en Colombia.",
107020,14/37C XLPE XPTC N/S Cable para bandeja E2 600V ER,Cables especiales,Cable para bandeja / tray cable,,14,37,600 V,Sí,PVC - Polyvinyl Chloride,,,,,,"14/37C XLPE XPTC N/S Cable para bandeja E2 600V ER. Referencia 107020 para cotización en Surtilec, línea Cables especiales / Cable para bandeja / tray cable. Especificaciones registradas: calibre 14 AWG, 37 conductores, voltaje 600 V, apantallado, chaqueta PVC - Polyvinyl Chloride. Solicita disponibilidad, cantidades y soporte técnico para despacho en Colombia.",
107021,2/3C XLPE XPTC N/S Cable para bandeja w/G M4 600V ER,Cables especiales,Cable para bandeja / tray cable,,2,3,600 V,Sí,PVC - Polyvinyl Chloride,,,,,,"2/3C XLPE XPTC N/S Cable para bandeja w/G M4 600V ER. Referencia 107021 para cotización en Surtilec, línea Cables especiales / Cable para bandeja / tray cable. Especificaciones registradas: calibre 2 AWG, 3 conductores, voltaje 600 V, apantallado, chaqueta PVC - Polyvinyl Chloride. Solicita disponibilidad, cantidades y soporte técnico para despacho en Colombia.",
107022,2/4C XLPE XPTC N/S Cable para bandeja w/G M4 600V ER,Cables especiales,Cable para bandeja / tray cable,,2,4,600 V,Sí,PVC - Polyvinyl Chloride,,,,,,"2/4C XLPE XPTC N/S Cable para bandeja w/G M4 600V ER. Referencia 107022 para cotización en Surtilec, línea Cables especiales / Cable para bandeja / tray cable. Especificaciones registradas: calibre 2 AWG, 4 conductores, voltaje 600 V, apantallado, chaqueta PVC - Polyvinyl Chloride. Solicita disponibilidad, cantidades y soporte técnico para despacho en Colombia.",
107023,4/3C XLPE XPTC N/S Cable para bandeja w/G M4 600V ER,Cables especiales,Cable para bandeja / tray cable,,4,3,600 V,Sí,PVC - Polyvinyl Chloride,,,,,,"4/3C XLPE XPTC N/S Cable para bandeja w/G M4 600V ER. Referencia 107023 para cotización en Surtilec, línea Cables especiales / Cable para bandeja / tray cable. Especificaciones registradas: calibre 4 AWG, 3 conductores, voltaje 600 V, apantallado, chaqueta PVC - Polyvinyl Chloride. Solicita disponibilidad, cantidades y soporte técnico para despacho en Colombia.",
107024,4 AWG 4 conductores XLPE XPTC Cable para bandeja con tierra,Cables especiales,Cable para bandeja / tray cable,,4,4,600 V,Sí,PVC - Polyvinyl Chloride,,,,,,"4 AWG 4 conductores XLPE XPTC Cable para bandeja con tierra. Referencia 107024 para cotización en Surtilec, línea Cables especiales / Cable para bandeja / tray cable. Especificaciones registradas: calibre 4 AWG, 4 conductores, voltaje 600 V, apantallado, chaqueta PVC - Polyvinyl Chloride. Solicita disponibilidad, cantidades y soporte técnico para despacho en Colombia.",
107025,6/3C XLPE XPTC N/S Cable para bandeja w/G M4 600V ER,Cables especiales,Cable para bandeja / tray cable,,6,3,600 V,Sí,PVC - Polyvinyl Chloride,,,,,,"6/3C XLPE XPTC N/S Cable para bandeja w/G M4 600V ER. Referencia 107025 para cotización en Surtilec, línea Cables especiales / Cable para bandeja / tray cable. Especificaciones registradas: calibre 6 AWG, 3 conductores, voltaje 600 V, apantallado, chaqueta PVC - Polyvinyl Chloride. Solicita disponibilidad, cantidades y soporte técnico para despacho en Colombia.",
107026,6 AWG 4 conductores XLPE XPTC Cable para bandeja con tierra,Cables especiales,Cable para bandeja / tray cable,,6,4,600 V,Sí,,,,,,,"6 AWG 4 conductores XLPE XPTC Cable para bandeja con tierra. Referencia 107026 para cotización en Surtilec, línea Cables especiales / Cable para bandeja / tray cable. Especificaciones registradas: calibre 6 AWG, 4 conductores, voltaje 600 V, apantallado. Solicita disponibilidad, cantidades y soporte técnico para despacho en Colombia.",
107027,8/3C XLPE XPTC N/S Cable para bandeja w/G M4 600V ER,Cables especiales,Cable para bandeja / tray cable,,8,3,600 V,Sí,PVC - Polyvinyl Chloride,,,,,,"8/3C XLPE XPTC N/S Cable para bandeja w/G M4 600V ER. Referencia 107027 para cotización en Surtilec, línea Cables especiales / Cable para bandeja / tray cable. Especificaciones registradas: calibre 8 AWG, 3 conductores, voltaje 600 V, apantallado, chaqueta PVC - Polyvinyl Chloride. Solicita disponibilidad, cantidades y soporte técnico para despacho en Colombia.",
107028,8/4C XLPE XPTC N/S Cable para bandeja w/G M4 600V ER,Cables especiales,Cable para bandeja / tray cable,,8,4,600 V,Sí,PVC - Polyvinyl Chloride,,,,,,"8/4C XLPE XPTC N/S Cable para bandeja w/G M4 600V ER. Referencia 107028 para cotización en Surtilec, línea Cables especiales / Cable para bandeja / tray cable. Especificaciones registradas: calibre 8 AWG, 4 conductores, voltaje 600 V, apantallado, chaqueta PVC - Polyvinyl Chloride. Solicita disponibilidad, cantidades y soporte técnico para despacho en Colombia.",
107029,1/0-3C XLPE XPTC N/S Cable para bandeja w/G M4 600V ER,Cables especiales,Cable para bandeja / tray cable,,1/0,3,600 V,Sí,PVC - Polyvinyl Chloride,,,,,,"1/0-3C XLPE XPTC N/S Cable para bandeja w/G M4 600V ER. Referencia 107029 para cotización en Surtilec, línea Cables especiales / Cable para bandeja / tray cable. Especificaciones registradas: calibre 1/0 AWG, 3 conductores, voltaje 600 V, apantallado, chaqueta PVC - Polyvinyl Chloride. Solicita disponibilidad, cantidades y soporte técnico para despacho en Colombia.",
107030,1/0 AWG 4 conductores XLPE XPTC Cable para bandeja con tierra,Cables especiales,Cable para bandeja / tray cable,,1/0,4,600 V,Sí,PVC - Polyvinyl Chloride,,,,,,"1/0 AWG 4 conductores XLPE XPTC Cable para bandeja con tierra. Referencia 107030 para cotización en Surtilec, línea Cables especiales / Cable para bandeja / tray cable. Especificaciones registradas: calibre 1/0 AWG, 4 conductores, voltaje 600 V, apantallado, chaqueta PVC - Polyvinyl Chloride. Solicita disponibilidad, cantidades y soporte técnico para despacho en Colombia.",
107031,10/3C XLPE XPTC N/S Cable para bandeja w/G E2 600V ER,Cables especiales,Cable para bandeja / tray cable,,10,3,600 V,Sí,PVC - Polyvinyl Chloride,,,,,,"10/3C XLPE XPTC N/S Cable para bandeja w/G E2 600V ER. Referencia 107031 para cotización en Surtilec, línea Cables especiales / Cable para bandeja / tray cable. Especificaciones registradas: calibre 10 AWG, 3 conductores, voltaje 600 V, apantallado, chaqueta PVC - Polyvinyl Chloride. Solicita disponibilidad, cantidades y soporte técnico para despacho en Colombia.",
107032,12/3C XLPE XPTC N/S Cable para bandeja w/G E2 600V ER,Cables especiales,Cable para bandeja / tray cable,,12,3,600 V,Sí,PVC - Polyvinyl Chloride,,,,,,"12/3C XLPE XPTC N/S Cable para bandeja w/G E2 600V ER. Referencia 107032 para cotización en Surtilec, línea Cables especiales / Cable para bandeja / tray cable. Especificaciones registradas: calibre 12 AWG, 3 conductores, voltaje 600 V, apantallado, chaqueta PVC - Polyvinyl Chloride. Solicita disponibilidad, cantidades y soporte técnico para despacho en Colombia.",
107033,2/0-3C XLPE XPTC N/S Cable para bandeja w/G M4 600V ER,Cables especiales,Cable para bandeja / tray cable,,2/0,3,600 V,Sí,PVC - Polyvinyl Chloride,,,,,,"2/0-3C XLPE XPTC N/S Cable para bandeja w/G M4 600V ER. Referencia 107033 para cotización en Surtilec, línea Cables especiales / Cable para bandeja / tray cable. Especificaciones registradas: calibre 2/0 AWG, 3 conductores, voltaje 600 V, apantallado, chaqueta PVC - Polyvinyl Chloride. Solicita disponibilidad, cantidades y soporte técnico para despacho en Colombia.",
107034,2/0 AWG 4 conductores XLPE XPTC Cable para bandeja con tierra,Cables especiales,Cable para bandeja / tray cable,,2/0,4,600 V,Sí,PVC - Polyvinyl Chloride,,,,,,"2/0 AWG 4 conductores XLPE XPTC Cable para bandeja con tierra. Referencia 107034 para cotización en Surtilec, línea Cables especiales / Cable para bandeja / tray cable. Especificaciones registradas: calibre 2/0 AWG, 4 conductores, voltaje 600 V, apantallado, chaqueta PVC - Polyvinyl Chloride. Solicita disponibilidad, cantidades y soporte técnico para despacho en Colombia.",
107035,250/3C XLPE XPTC N/S Cable para bandeja w/G M4 600V ER,Cables especiales,Cable para bandeja / tray cable,,250 MCM,3,600 V,Sí,PVC - Polyvinyl Chloride,,,,,,"250/3C XLPE XPTC N/S Cable para bandeja w/G M4 600V ER. Referencia 107035 para cotización en Surtilec, línea Cables especiales / Cable para bandeja / tray cable. Especificaciones registradas: calibre 250 MCM, 3 conductores, voltaje 600 V, apantallado, chaqueta PVC - Polyvinyl Chloride. Solicita disponibilidad, cantidades y soporte técnico para despacho en Colombia.",
107036,350/3C XLPE XPTC N/S Cable para bandeja w/G M4 600V ER,Cables especiales,Cable para bandeja / tray cable,,350 MCM,3,600 V,Sí,PVC - Polyvinyl Chloride,,,,,,"350/3C XLPE XPTC N/S Cable para bandeja w/G M4 600V ER. Referencia 107036 para cotización en Surtilec, línea Cables especiales / Cable para bandeja / tray cable. Especificaciones registradas: calibre 350 MCM, 3 conductores, voltaje 600 V, apantallado, chaqueta PVC - Polyvinyl Chloride. Solicita disponibilidad, cantidades y soporte técnico para despacho en Colombia.",
107037,4/0-3C XLPE XPTC N/S Cable para bandeja w/G M4 600V ER,Cables especiales,Cable para bandeja / tray cable,,4/0,3,600 V,Sí,PVC - Polyvinyl Chloride,,,,,,"4/0-3C XLPE XPTC N/S Cable para bandeja w/G M4 600V ER. Referencia 107037 para cotización en Surtilec, línea Cables especiales / Cable para bandeja / tray cable. Especificaciones registradas: calibre 4/0 AWG, 3 conductores, voltaje 600 V, apantallado, chaqueta PVC - Polyvinyl Chloride. Solicita disponibilidad, cantidades y soporte técnico para despacho en Colombia.",
107038,4/0-4C XLPE XPTC N/S Cable para bandeja w/G M4 600V ER,Cables especiales,Cable para bandeja / tray cable,,4/0,4,600 V,Sí,PVC - Polyvinyl Chloride,,,,,,"4/0-4C XLPE XPTC N/S Cable para bandeja w/G M4 600V ER. Referencia 107038 para cotización en Surtilec, línea Cables especiales / Cable para bandeja / tray cable. Especificaciones registradas: calibre 4/0 AWG, 4 conductores, voltaje 600 V, apantallado, chaqueta PVC - Polyvinyl Chloride. Solicita disponibilidad, cantidades y soporte técnico para despacho en Colombia.",
107039,500/3C XLPE XPTC N/S Cable para bandeja w/G M4 600V ER,Cables especiales,Cable para bandeja / tray cable,,500 MCM,3,600 V,Sí,PVC - Polyvinyl Chloride,,,,,,"500/3C XLPE XPTC N/S Cable para bandeja w/G M4 600V ER. Referencia 107039 para cotización en Surtilec, línea Cables especiales / Cable para bandeja / tray cable. Especificaciones registradas: calibre 500 MCM, 3 conductores, voltaje 600 V, apantallado, chaqueta PVC - Polyvinyl Chloride. Solicita disponibilidad, cantidades y soporte técnico para despacho en Colombia.",
107040,2/3C Bus bajante 60C 600V,Cables especiales,Cables apantallados,,2,3,600 V,Sí,PVC - Polyvinyl Chloride,,,,,,"2/3C Bus bajante 60C 600V. Referencia 107040 para cotización en Surtilec, línea Cables especiales / Cables apantallados. Especificaciones registradas: calibre 2 AWG, 3 conductores, voltaje 600 V, apantallado, chaqueta PVC - Polyvinyl Chloride. Solicita disponibilidad, cantidades y soporte técnico para despacho en Colombia.",
107041,6/3C Bus bajante 60C 600V,Cables especiales,Cables apantallados,,6,3,600 V,Sí,PVC - Polyvinyl Chloride,,,,,,"6/3C Bus bajante 60C 600V. Referencia 107041 para cotización en Surtilec, línea Cables especiales / Cables apantallados. Especificaciones registradas: calibre 6 AWG, 3 conductores, voltaje 600 V, apantallado, chaqueta PVC - Polyvinyl Chloride. Solicita disponibilidad, cantidades y soporte técnico para despacho en Colombia.",
107042,8/3C Bus bajante 60C 600V,Cables especiales,Cables apantallados,,8,3,600 V,Sí,PVC - Polyvinyl Chloride,,,,,,"8/3C Bus bajante 60C 600V. Referencia 107042 para cotización en Surtilec, línea Cables especiales / Cables apantallados. Especificaciones registradas: calibre 8 AWG, 3 conductores, voltaje 600 V, apantallado, chaqueta PVC - Polyvinyl Chloride. Solicita disponibilidad, cantidades y soporte técnico para despacho en Colombia.",
107043,10/3C Bus bajante 60C 600V,Cables especiales,Cables apantallados,,10,3,600 V,Sí,PVC - Polyvinyl Chloride,,,,,,"10/3C Bus bajante 60C 600V. Referencia 107043 para cotización en Surtilec, línea Cables especiales / Cables apantallados. Especificaciones registradas: calibre 10 AWG, 3 conductores, voltaje 600 V, apantallado, chaqueta PVC - Polyvinyl Chloride. Solicita disponibilidad, cantidades y soporte técnico para despacho en Colombia.",
107044,12/3C Bus bajante 60C 600V,Cables especiales,Cables apantallados,,12,3,600 V,Sí,PVC - Polyvinyl Chloride,,,,,,"12/3C Bus bajante 60C 600V. Referencia 107044 para cotización en Surtilec, línea Cables especiales / Cables apantallados. Especificaciones registradas: calibre 12 AWG, 3 conductores, voltaje 600 V, apantallado, chaqueta PVC - Polyvinyl Chloride. Solicita disponibilidad, cantidades y soporte técnico para despacho en Colombia.",
107045,12/4C Bus bajante 60C 600V,Cables especiales,Cables apantallados,,12,4,600 V,Sí,PVC - Polyvinyl Chloride,,,,,,"12/4C Bus bajante 60C 600V. Referencia 107045 para cotización en Surtilec, línea Cables especiales / Cables apantallados. Especificaciones registradas: calibre 12 AWG, 4 conductores, voltaje 600 V, apantallado, chaqueta PVC - Polyvinyl Chloride. Solicita disponibilidad, cantidades y soporte técnico para despacho en Colombia.",
107046,14/3C Bus bajante 60C 600V,Cables especiales,Cables apantallados,,14,3,600 V,Sí,PVC - Polyvinyl Chloride,,,,,,"14/3C Bus bajante 60C 600V. Referencia 107046 para cotización en Surtilec, línea Cables especiales / Cables apantallados. Especificaciones registradas: calibre 14 AWG, 3 conductores, voltaje 600 V, apantallado, chaqueta PVC - Polyvinyl Chloride. Solicita disponibilidad, cantidades y soporte técnico para despacho en Colombia.",
107047,2/3C+12/4C VNTC N/S w/tierra M4 600V ER,Cables especiales,Cable para bandeja / tray cable,,2,3,600 V,Sí,PVC - Polyvinyl Chloride,,,,,,"2/3C+12/4C VNTC N/S w/tierra M4 600V ER. Referencia 107047 para cotización en Surtilec, línea Cables especiales / Cable para bandeja / tray cable. Especificaciones registradas: calibre 2 AWG, 3 conductores, voltaje 600 V, apantallado, chaqueta PVC - Polyvinyl Chloride. Solicita disponibilidad, cantidades y soporte técnico para despacho en Colombia.",
107048,4/3C+12/4C VNTC N/S w/tierra M4 600V ER,Cables especiales,Cable para bandeja / tray cable,,4,3,600 V,Sí,PVC - Polyvinyl Chloride,,,,,,"4/3C+12/4C VNTC N/S w/tierra M4 600V ER. Referencia 107048 para cotización en Surtilec, línea Cables especiales / Cable para bandeja / tray cable. Especificaciones registradas: calibre 4 AWG, 3 conductores, voltaje 600 V, apantallado, chaqueta PVC - Polyvinyl Chloride. Solicita disponibilidad, cantidades y soporte técnico para despacho en Colombia.",
107049,6/3C+12/4C VNTC N/S w/tierra M4 600V ER,Cables especiales,Cable para bandeja / tray cable,,6,3,600 V,Sí,PVC - Polyvinyl Chloride,,,,,,"6/3C+12/4C VNTC N/S w/tierra M4 600V ER. Referencia 107049 para cotización en Surtilec, línea Cables especiales / Cable para bandeja / tray cable. Especificaciones registradas: calibre 6 AWG, 3 conductores, voltaje 600 V, apantallado, chaqueta PVC - Polyvinyl Chloride. Solicita disponibilidad, cantidades y soporte técnico para despacho en Colombia.",
107050,8/3C+12/4C VNTC N/S w/tierra M4 600V ER,Cables especiales,Cable para bandeja / tray cable,,8,3,600 V,Sí,PVC - Polyvinyl Chloride,,,,,,"8/3C+12/4C VNTC N/S w/tierra M4 600V ER. Referencia 107050 para cotización en Surtilec, línea Cables especiales / Cable para bandeja / tray cable. Especificaciones registradas: calibre 8 AWG, 3 conductores, voltaje 600 V, apantallado, chaqueta PVC - Polyvinyl Chloride. Solicita disponibilidad, cantidades y soporte técnico para despacho en Colombia.",
107051,12/3C+14/4C VNTC N/S w/tierra M4 600V ER,Cables especiales,Cable para bandeja / tray cable,,12,3,600 V,Sí,PVC - Polyvinyl Chloride,,,,,,"12/3C+14/4C VNTC N/S w/tierra M4 600V ER. Referencia 107051 para cotización en Surtilec, línea Cables especiales / Cable para bandeja / tray cable. Especificaciones registradas: calibre 12 AWG, 3 conductores, voltaje 600 V, apantallado, chaqueta PVC - Polyvinyl Chloride. Solicita disponibilidad, cantidades y soporte técnico para despacho en Colombia.",
107052,10/2C FREP/CPE N/S Cable para bandeja E2 600V TC plano,Cables especiales,Cable para bandeja / tray cable,,10,2,600 V,Sí,CPE - Chlorinated Polyethylene,,,,,,"10/2C FREP/CPE N/S Cable para bandeja E2 600V TC plano. Referencia 107052 para cotización en Surtilec, línea Cables especiales / Cable para bandeja / tray cable. Especificaciones registradas: calibre 10 AWG, 2 conductores, voltaje 600 V, apantallado, chaqueta CPE - Chlorinated Polyethylene. Solicita disponibilidad, cantidades y soporte técnico para despacho en Colombia.",
107053,10/3C FREP/CPE N/S Cable para bandeja E2 600V ER,Cables especiales,Cable para bandeja / tray cable,,10,3,600 V,Sí,CPE - Chlorinated Polyethylene,,,,,,"10/3C FREP/CPE N/S Cable para bandeja E2 600V ER. Referencia 107053 para cotización en Surtilec, línea Cables especiales / Cable para bandeja / tray cable. Especificaciones registradas: calibre 10 AWG, 3 conductores, voltaje 600 V, apantallado, chaqueta CPE - Chlorinated Polyethylene. Solicita disponibilidad, cantidades y soporte técnico para despacho en Colombia.",
107054,10/4C FREP/CPE N/S Cable para bandeja E2 600V ER,Cables especiales,Cable para bandeja / tray cable,,10,4,600 V,Sí,CPE - Chlorinated Polyethylene,,,,,,"10/4C FREP/CPE N/S Cable para bandeja E2 600V ER. Referencia 107054 para cotización en Surtilec, línea Cables especiales / Cable para bandeja / tray cable. Especificaciones registradas: calibre 10 AWG, 4 conductores, voltaje 600 V, apantallado, chaqueta CPE - Chlorinated Polyethylene. Solicita disponibilidad, cantidades y soporte técnico para despacho en Colombia.",
107055,10/5C FREP/CPE N/S Cable para bandeja E2 600V ER,Cables especiales,Cable para bandeja / tray cable,,10,5,600 V,Sí,CPE - Chlorinated Polyethylene,,,,,,"10/5C FREP/CPE N/S Cable para bandeja E2 600V ER. Referencia 107055 para cotización en Surtilec, línea Cables especiales / Cable para bandeja / tray cable. Especificaciones registradas: calibre 10 AWG, 5 conductores, voltaje 600 V, apantallado, chaqueta CPE - Chlorinated Polyethylene. Solicita disponibilidad, cantidades y soporte técnico para despacho en Colombia.",
107056,10/7C FREP/CPE N/S Cable para bandeja E2 600V ER,Cables especiales,Cable para bandeja / tray cable,,10,7,600 V,Sí,CPE - Chlorinated Polyethylene,,,,,,"10/7C FREP/CPE N/S Cable para bandeja E2 600V ER. Referencia 107056 para cotización en Surtilec, línea Cables especiales / Cable para bandeja / tray cable. Especificaciones registradas: calibre 10 AWG, 7 conductores, voltaje 600 V, apantallado, chaqueta CPE - Chlorinated Polyethylene. Solicita disponibilidad, cantidades y soporte técnico para despacho en Colombia.",
107057,10/9C FREP/CPE N/S Cable para bandeja E2 600V ER,Cables especiales,Cable para bandeja / tray cable,,10,9,600 V,Sí,CPE - Chlorinated Polyethylene,,,,,,"10/9C FREP/CPE N/S Cable para bandeja E2 600V ER. Referencia 107057 para cotización en Surtilec, línea Cables especiales / Cable para bandeja / tray cable. Especificaciones registradas: calibre 10 AWG, 9 conductores, voltaje 600 V, apantallado, chaqueta CPE - Chlorinated Polyethylene. Solicita disponibilidad, cantidades y soporte técnico para despacho en Colombia.",
107058,10/12C FREP/CPE N/S Cable para bandeja E2 600V ER,Cables especiales,Cable para bandeja / tray cable,,10,12,600 V,Sí,CPE - Chlorinated Polyethylene,,,,,,"10/12C FREP/CPE N/S Cable para bandeja E2 600V ER. Referencia 107058 para cotización en Surtilec, línea Cables especiales / Cable para bandeja / tray cable. Especificaciones registradas: calibre 10 AWG, 12 conductores, voltaje 600 V, apantallado, chaqueta CPE - Chlorinated Polyethylene. Solicita disponibilidad, cantidades y soporte técnico para despacho en Colombia.",
107059,12/2C FREP/CPE N/S Cable para bandeja E2 600V TC plano,Cables especiales,Cable para bandeja / tray cable,,12,2,600 V,Sí,CPE - Chlorinated Polyethylene,,,,,,"12/2C FREP/CPE N/S Cable para bandeja E2 600V TC plano. Referencia 107059 para cotización en Surtilec, línea Cables especiales / Cable para bandeja / tray cable. Especificaciones registradas: calibre 12 AWG, 2 conductores, voltaje 600 V, apantallado, chaqueta CPE - Chlorinated Polyethylene. Solicita disponibilidad, cantidades y soporte técnico para despacho en Colombia.",
107060,12/3C FREP/CPE N/S Cable para bandeja E2 600V ER,Cables especiales,Cable para bandeja / tray cable,,12,3,600 V,Sí,CPE - Chlorinated Polyethylene,,,,,,"12/3C FREP/CPE N/S Cable para bandeja E2 600V ER. Referencia 107060 para cotización en Surtilec, línea Cables especiales / Cable para bandeja / tray cable. Especificaciones registradas: calibre 12 AWG, 3 conductores, voltaje 600 V, apantallado, chaqueta CPE - Chlorinated Polyethylene. Solicita disponibilidad, cantidades y soporte técnico para despacho en Colombia.",
107061,12/4C FREP/CPE N/S Cable para bandeja E2 600V ER,Cables especiales,Cable para bandeja / tray cable,,12,4,600 V,Sí,CPE - Chlorinated Polyethylene,,,,,,"12/4C FREP/CPE N/S Cable para bandeja E2 600V ER. Referencia 107061 para cotización en Surtilec, línea Cables especiales / Cable para bandeja / tray cable. Especificaciones registradas: calibre 12 AWG, 4 conductores, voltaje 600 V, apantallado, chaqueta CPE - Chlorinated Polyethylene. Solicita disponibilidad, cantidades y soporte técnico para despacho en Colombia.",
107062,12/5C FREP/CPE N/S Cable para bandeja E2 600V ER,Cables especiales,Cable para bandeja / tray cable,,12,5,600 V,Sí,CPE - Chlorinated Polyethylene,,,,,,"12/5C FREP/CPE N/S Cable para bandeja E2 600V ER. Referencia 107062 para cotización en Surtilec, línea Cables especiales / Cable para bandeja / tray cable. Especificaciones registradas: calibre 12 AWG, 5 conductores, voltaje 600 V, apantallado, chaqueta CPE - Chlorinated Polyethylene. Solicita disponibilidad, cantidades y soporte técnico para despacho en Colombia.",
107063,12/7C FREP/CPE N/S Cable para bandeja E2 600V ER,Cables especiales,Cable para bandeja / tray cable,,12,7,600 V,Sí,CPE - Chlorinated Polyethylene,,,,,,"12/7C FREP/CPE N/S Cable para bandeja E2 600V ER. Referencia 107063 para cotización en Surtilec, línea Cables especiales / Cable para bandeja / tray cable. Especificaciones registradas: calibre 12 AWG, 7 conductores, voltaje 600 V, apantallado, chaqueta CPE - Chlorinated Polyethylene. Solicita disponibilidad, cantidades y soporte técnico para despacho en Colombia.",
107064,12/9C FREP/CPE N/S Cable para bandeja E2 600V ER,Cables especiales,Cable para bandeja / tray cable,,12,9,600 V,Sí,CPE - Chlorinated Polyethylene,,,,,,"12/9C FREP/CPE N/S Cable para bandeja E2 600V ER. Referencia 107064 para cotización en Surtilec, línea Cables especiales / Cable para bandeja / tray cable. Especificaciones registradas: calibre 12 AWG, 9 conductores, voltaje 600 V, apantallado, chaqueta CPE - Chlorinated Polyethylene. Solicita disponibilidad, cantidades y soporte técnico para despacho en Colombia.",
107065,12/12C FREP/CPE N/S Cable para bandeja E2 600V ER,Cables especiales,Cable para bandeja / tray cable,,12,12,600 V,Sí,CPE - Chlorinated Polyethylene,,,,,,"12/12C FREP/CPE N/S Cable para bandeja E2 600V ER. Referencia 107065 para cotización en Surtilec, línea Cables especiales / Cable para bandeja / tray cable. Especificaciones registradas: calibre 12 AWG, 12 conductores, voltaje 600 V, apantallado, chaqueta CPE - Chlorinated Polyethylene. Solicita disponibilidad, cantidades y soporte técnico para despacho en Colombia.",
107066,12/15C FREP/CPE N/S Cable para bandeja E2 600V ER,Cables especiales,Cable para bandeja / tray cable,,12,15,600 V,Sí,CPE - Chlorinated Polyethylene,,,,,,"12/15C FREP/CPE N/S Cable para bandeja E2 600V ER. Referencia 107066 para cotización en Surtilec, línea Cables especiales / Cable para bandeja / tray cable. Especificaciones registradas: calibre 12 AWG, 15 conductores, voltaje 600 V, apantallado, chaqueta CPE - Chlorinated Polyethylene. Solicita disponibilidad, cantidades y soporte técnico para despacho en Colombia.",
107067,12/19C FREP/CPE N/S Cable para bandeja E2 600V ER,Cables especiales,Cable para bandeja / tray cable,,12,19,600 V,Sí,CPE - Chlorinated Polyethylene,,,,,,"12/19C FREP/CPE N/S Cable para bandeja E2 600V ER. Referencia 107067 para cotización en Surtilec, línea Cables especiales / Cable para bandeja / tray cable. Especificaciones registradas: calibre 12 AWG, 19 conductores, voltaje 600 V, apantallado, chaqueta CPE - Chlorinated Polyethylene. Solicita disponibilidad, cantidades y soporte técnico para despacho en Colombia.",
107068,12/37C FREP/CPE N/S Cable para bandeja E2 600V ER,Cables especiales,Cable para bandeja / tray cable,,12,37,600 V,Sí,CPE - Chlorinated Polyethylene,,,,,,"12/37C FREP/CPE N/S Cable para bandeja E2 600V ER. Referencia 107068 para cotización en Surtilec, línea Cables especiales / Cable para bandeja / tray cable. Especificaciones registradas: calibre 12 AWG, 37 conductores, voltaje 600 V, apantallado, chaqueta CPE - Chlorinated Polyethylene. Solicita disponibilidad, cantidades y soporte técnico para despacho en Colombia.",
107069,14/2C FREP/CPE N/S Cable para bandeja E2 600V TC plano,Cables especiales,Cable para bandeja / tray cable,,14,2,600 V,Sí,CPE - Chlorinated Polyethylene,,,,,,"14/2C FREP/CPE N/S Cable para bandeja E2 600V TC plano. Referencia 107069 para cotización en Surtilec, línea Cables especiales / Cable para bandeja / tray cable. Especificaciones registradas: calibre 14 AWG, 2 conductores, voltaje 600 V, apantallado, chaqueta CPE - Chlorinated Polyethylene. Solicita disponibilidad, cantidades y soporte técnico para despacho en Colombia.",
107070,14/3C FREP/CPE N/S Cable para bandeja E2 600V ER,Cables especiales,Cable para bandeja / tray cable,,14,3,600 V,Sí,CPE - Chlorinated Polyethylene,,,,,,"14/3C FREP/CPE N/S Cable para bandeja E2 600V ER. Referencia 107070 para cotización en Surtilec, línea Cables especiales / Cable para bandeja / tray cable. Especificaciones registradas: calibre 14 AWG, 3 conductores, voltaje 600 V, apantallado, chaqueta CPE - Chlorinated Polyethylene. Solicita disponibilidad, cantidades y soporte técnico para despacho en Colombia.",
107071,14/4C FREP/CPE N/S Cable para bandeja E2 600V ER,Cables especiales,Cable para bandeja / tray cable,,14,4,600 V,Sí,CPE - Chlorinated Polyethylene,,,,,,"14/4C FREP/CPE N/S Cable para bandeja E2 600V ER. Referencia 107071 para cotización en Surtilec, línea Cables especiales / Cable para bandeja / tray cable. Especificaciones registradas: calibre 14 AWG, 4 conductores, voltaje 600 V, apantallado, chaqueta CPE - Chlorinated Polyethylene. Solicita disponibilidad, cantidades y soporte técnico para despacho en Colombia.",
107072,14/5C FREP/CPE N/S Cable para bandeja E2 600V ER,Cables especiales,Cable para bandeja / tray cable,,14,5,600 V,Sí,CPE - Chlorinated Polyethylene,,,,,,"14/5C FREP/CPE N/S Cable para bandeja E2 600V ER. Referencia 107072 para cotización en Surtilec, línea Cables especiales / Cable para bandeja / tray cable. Especificaciones registradas: calibre 14 AWG, 5 conductores, voltaje 600 V, apantallado, chaqueta CPE - Chlorinated Polyethylene. Solicita disponibilidad, cantidades y soporte técnico para despacho en Colombia.",
107073,14/7C FREP/CPE N/S Cable para bandeja E2 600V ER,Cables especiales,Cable para bandeja / tray cable,,14,7,600 V,Sí,CPE - Chlorinated Polyethylene,,,,,,"14/7C FREP/CPE N/S Cable para bandeja E2 600V ER. Referencia 107073 para cotización en Surtilec, línea Cables especiales / Cable para bandeja / tray cable. Especificaciones registradas: calibre 14 AWG, 7 conductores, voltaje 600 V, apantallado, chaqueta CPE - Chlorinated Polyethylene. Solicita disponibilidad, cantidades y soporte técnico para despacho en Colombia.",
107074,14/9C FREP/CPE N/S Cable para bandeja E2 600V ER,Cables especiales,Cable para bandeja / tray cable,,14,9,600 V,Sí,CPE - Chlorinated Polyethylene,,,,,,"14/9C FREP/CPE N/S Cable para bandeja E2 600V ER. Referencia 107074 para cotización en Surtilec, línea Cables especiales / Cable para bandeja / tray cable. Especificaciones registradas: calibre 14 AWG, 9 conductores, voltaje 600 V, apantallado, chaqueta CPE - Chlorinated Polyethylene. Solicita disponibilidad, cantidades y soporte técnico para despacho en Colombia.",
107075,14/12C FREP/CPE N/S Cable para bandeja E2 600V ER,Cables especiales,Cable para bandeja / tray cable,,14,12,600 V,Sí,CPE - Chlorinated Polyethylene,,,,,,"14/12C FREP/CPE N/S Cable para bandeja E2 600V ER. Referencia 107075 para cotización en Surtilec, línea Cables especiales / Cable para bandeja / tray cable. Especificaciones registradas: calibre 14 AWG, 12 conductores, voltaje 600 V, apantallado, chaqueta CPE - Chlorinated Polyethylene. Solicita disponibilidad, cantidades y soporte técnico para despacho en Colombia.",
107076,14/19C FREP/CPE N/S Cable para bandeja E2 600V ER,Cables especiales,Cable para bandeja / tray cable,,14,19,600 V,Sí,CPE - Chlorinated Polyethylene,,,,,,"14/19C FREP/CPE N/S Cable para bandeja E2 600V ER. Referencia 107076 para cotización en Surtilec, línea Cables especiales / Cable para bandeja / tray cable. Especificaciones registradas: calibre 14 AWG, 19 conductores, voltaje 600 V, apantallado, chaqueta CPE - Chlorinated Polyethylene. Solicita disponibilidad, cantidades y soporte técnico para despacho en Colombia.",
107077,14/25C FREP/CPE N/S Cable para bandeja E2 600V ER,Cables especiales,Cable para bandeja / tray cable,,14,25,600 V,Sí,CPE - Chlorinated Polyethylene,,,,,,"14/25C FREP/CPE N/S Cable para bandeja E2 600V ER. Referencia 107077 para cotización en Surtilec, línea Cables especiales / Cable para bandeja / tray cable. Especificaciones registradas: calibre 14 AWG, 25 conductores, voltaje 600 V, apantallado, chaqueta CPE - Chlorinated Polyethylene. Solicita disponibilidad, cantidades y soporte técnico para despacho en Colombia.",
107078,14/37C FREP/CPE N/S Cable para bandeja E2 600V ER,Cables especiales,Cable para bandeja / tray cable,,14,37,600 V,Sí,CPE - Chlorinated Polyethylene,,,,,,"14/37C FREP/CPE N/S Cable para bandeja E2 600V ER. Referencia 107078 para cotización en Surtilec, línea Cables especiales / Cable para bandeja / tray cable. Especificaciones registradas: calibre 14 AWG, 37 conductores, voltaje 600 V, apantallado, chaqueta CPE - Chlorinated Polyethylene. Solicita disponibilidad, cantidades y soporte técnico para despacho en Colombia.",
107079,16/9C FREP/CPE N/S Cable para bandeja E2 600V ER,Cables especiales,Cable para bandeja / tray cable,,16,9,600 V,Sí,CPE - Chlorinated Polyethylene,,,,,,"16/9C FREP/CPE N/S Cable para bandeja E2 600V ER. Referencia 107079 para cotización en Surtilec, línea Cables especiales / Cable para bandeja / tray cable. Especificaciones registradas: calibre 16 AWG, 9 conductores, voltaje 600 V, apantallado, chaqueta CPE - Chlorinated Polyethylene. Solicita disponibilidad, cantidades y soporte técnico para despacho en Colombia.",
107080,16/12C FREP/CPE N/S 600V M1/E2,Cables especiales,Cables apantallados,,16,12,600 V,Sí,CPE - Chlorinated Polyethylene,,,,,,"16/12C FREP/CPE N/S 600V M1/E2. Referencia 107080 para cotización en Surtilec, línea Cables especiales / Cables apantallados. Especificaciones registradas: calibre 16 AWG, 12 conductores, voltaje 600 V, apantallado, chaqueta CPE - Chlorinated Polyethylene. Solicita disponibilidad, cantidades y soporte técnico para despacho en Colombia.",
107081,16/24C FREP/CPE N/S 600V M1/E2,Cables especiales,Cables apantallados,,16,24,600 V,Sí,CPE - Chlorinated Polyethylene,,,,,,"16/24C FREP/CPE N/S 600V M1/E2. Referencia 107081 para cotización en Surtilec, línea Cables especiales / Cables apantallados. Especificaciones registradas: calibre 16 AWG, 24 conductores, voltaje 600 V, apantallado, chaqueta CPE - Chlorinated Polyethylene. Solicita disponibilidad, cantidades y soporte técnico para despacho en Colombia.",
107082,16/37C FREP-CPE N/S Cable para bandeja E2 600V ER,Cables especiales,Cable para bandeja / tray cable,,16,37,600 V,Sí,CPE - Chlorinated Polyethylene,,,,,,"16/37C FREP-CPE N/S Cable para bandeja E2 600V ER. Referencia 107082 para cotización en Surtilec, línea Cables especiales / Cable para bandeja / tray cable. Especificaciones registradas: calibre 16 AWG, 37 conductores, voltaje 600 V, apantallado, chaqueta CPE - Chlorinated Polyethylene. Solicita disponibilidad, cantidades y soporte técnico para despacho en Colombia.",
107083,10/2C FREP/CPE N/S Cable para bandeja E1 600V TC plano,Cables especiales,Cable para bandeja / tray cable,,10,2,600 V,Sí,CPE - Chlorinated Polyethylene,,,,,,"10/2C FREP/CPE N/S Cable para bandeja E1 600V TC plano. Referencia 107083 para cotización en Surtilec, línea Cables especiales / Cable para bandeja / tray cable. Especificaciones registradas: calibre 10 AWG, 2 conductores, voltaje 600 V, apantallado, chaqueta CPE - Chlorinated Polyethylene. Solicita disponibilidad, cantidades y soporte técnico para despacho en Colombia.",
107084,10/3C FREP/CPE N/S Cable para bandeja E1 600V ER,Cables especiales,Cable para bandeja / tray cable,,10,3,600 V,Sí,CPE - Chlorinated Polyethylene,,,,,,"10/3C FREP/CPE N/S Cable para bandeja E1 600V ER. Referencia 107084 para cotización en Surtilec, línea Cables especiales / Cable para bandeja / tray cable. Especificaciones registradas: calibre 10 AWG, 3 conductores, voltaje 600 V, apantallado, chaqueta CPE - Chlorinated Polyethylene. Solicita disponibilidad, cantidades y soporte técnico para despacho en Colombia.",
107085,10/4C FREP/CPE N/S Cable para bandeja E1 600V ER,Cables especiales,Cable para bandeja / tray cable,,10,4,600 V,Sí,CPE - Chlorinated Polyethylene,,,,,,"10/4C FREP/CPE N/S Cable para bandeja E1 600V ER. Referencia 107085 para cotización en Surtilec, línea Cables especiales / Cable para bandeja / tray cable. Especificaciones registradas: calibre 10 AWG, 4 conductores, voltaje 600 V, apantallado, chaqueta CPE - Chlorinated Polyethylene. Solicita disponibilidad, cantidades y soporte técnico para despacho en Colombia.",
107086,12/2C FREP/CPE N/S Cable para bandeja E1 600V TC plano,Cables especiales,Cable para bandeja / tray cable,,12,2,600 V,Sí,CPE - Chlorinated Polyethylene,,,,,,"12/2C FREP/CPE N/S Cable para bandeja E1 600V TC plano. Referencia 107086 para cotización en Surtilec, línea Cables especiales / Cable para bandeja / tray cable. Especificaciones registradas: calibre 12 AWG, 2 conductores, voltaje 600 V, apantallado, chaqueta CPE - Chlorinated Polyethylene. Solicita disponibilidad, cantidades y soporte técnico para despacho en Colombia.",
107087,12/3C FREP/CPE N/S Cable para bandeja E1 600V ER,Cables especiales,Cable para bandeja / tray cable,,12,3,600 V,Sí,CPE - Chlorinated Polyethylene,,,,,,"12/3C FREP/CPE N/S Cable para bandeja E1 600V ER. Referencia 107087 para cotización en Surtilec, línea Cables especiales / Cable para bandeja / tray cable. Especificaciones registradas: calibre 12 AWG, 3 conductores, voltaje 600 V, apantallado, chaqueta CPE - Chlorinated Polyethylene. Solicita disponibilidad, cantidades y soporte técnico para despacho en Colombia.",
107088,12/4C FREP/CPE N/S Cable para bandeja E1 600V ER,Cables especiales,Cable para bandeja / tray cable,,12,4,600 V,Sí,CPE - Chlorinated Polyethylene,,,,,,"12/4C FREP/CPE N/S Cable para bandeja E1 600V ER. Referencia 107088 para cotización en Surtilec, línea Cables especiales / Cable para bandeja / tray cable. Especificaciones registradas: calibre 12 AWG, 4 conductores, voltaje 600 V, apantallado, chaqueta CPE - Chlorinated Polyethylene. Solicita disponibilidad, cantidades y soporte técnico para despacho en Colombia.",
107089,12/5C FREP/CPE N/S 600V M1/E1,Cables especiales,Cables apantallados,,12,5,600 V,Sí,CPE - Chlorinated Polyethylene,,,,,,"12/5C FREP/CPE N/S 600V M1/E1. Referencia 107089 para cotización en Surtilec, línea Cables especiales / Cables apantallados. Especificaciones registradas: calibre 12 AWG, 5 conductores, voltaje 600 V, apantallado, chaqueta CPE - Chlorinated Polyethylene. Solicita disponibilidad, cantidades y soporte técnico para despacho en Colombia.",
107090,12/7C FREP/CPE N/S Cable para bandeja E1 600V ER,Cables especiales,Cable para bandeja / tray cable,,12,7,600 V,Sí,CPE - Chlorinated Polyethylene,,,,,,"12/7C FREP/CPE N/S Cable para bandeja E1 600V ER. Referencia 107090 para cotización en Surtilec, línea Cables especiales / Cable para bandeja / tray cable. Especificaciones registradas: calibre 12 AWG, 7 conductores, voltaje 600 V, apantallado, chaqueta CPE - Chlorinated Polyethylene. Solicita disponibilidad, cantidades y soporte técnico para despacho en Colombia.",
107091,12/12C FREP/CPE N/S Cable para bandeja E1 600V ER,Cables especiales,Cable para bandeja / tray cable,,12,12,600 V,Sí,CPE - Chlorinated Polyethylene,,,,,,"12/12C FREP/CPE N/S Cable para bandeja E1 600V ER. Referencia 107091 para cotización en Surtilec, línea Cables especiales / Cable para bandeja / tray cable. Especificaciones registradas: calibre 12 AWG, 12 conductores, voltaje 600 V, apantallado, chaqueta CPE - Chlorinated Polyethylene. Solicita disponibilidad, cantidades y soporte técnico para despacho en Colombia.",
107092,14/2C FREP/CPE N/S Cable para bandeja E1 600V TC plano,Cables especiales,Cable para bandeja / tray cable,,14,2,600 V,Sí,CPE - Chlorinated Polyethylene,,,,,,"14/2C FREP/CPE N/S Cable para bandeja E1 600V TC plano. Referencia 107092 para cotización en Surtilec, línea Cables especiales / Cable para bandeja / tray cable. Especificaciones registradas: calibre 14 AWG, 2 conductores, voltaje 600 V, apantallado, chaqueta CPE - Chlorinated Polyethylene. Solicita disponibilidad, cantidades y soporte técnico para despacho en Colombia.",
107093,14/3C FREP/CPE N/S Cable para bandeja E1 600V ER,Cables especiales,Cable para bandeja / tray cable,,14,3,600 V,Sí,CPE - Chlorinated Polyethylene,,,,,,"14/3C FREP/CPE N/S Cable para bandeja E1 600V ER. Referencia 107093 para cotización en Surtilec, línea Cables especiales / Cable para bandeja / tray cable. Especificaciones registradas: calibre 14 AWG, 3 conductores, voltaje 600 V, apantallado, chaqueta CPE - Chlorinated Polyethylene. Solicita disponibilidad, cantidades y soporte técnico para despacho en Colombia.",
107094,14/4C FREP/CPE N/S Cable para bandeja E1 600V ER,Cables especiales,Cable para bandeja / tray cable,,14,4,600 V,Sí,CPE - Chlorinated Polyethylene,,,,,,"14/4C FREP/CPE N/S Cable para bandeja E1 600V ER. Referencia 107094 para cotización en Surtilec, línea Cables especiales / Cable para bandeja / tray cable. Especificaciones registradas: calibre 14 AWG, 4 conductores, voltaje 600 V, apantallado, chaqueta CPE - Chlorinated Polyethylene. Solicita disponibilidad, cantidades y soporte técnico para despacho en Colombia.",
107095,14/5C FREP/CPE N/S Cable para bandeja E1 600V ER,Cables especiales,Cable para bandeja / tray cable,,14,5,600 V,Sí,CPE - Chlorinated Polyethylene,,,,,,"14/5C FREP/CPE N/S Cable para bandeja E1 600V ER. Referencia 107095 para cotización en Surtilec, línea Cables especiales / Cable para bandeja / tray cable. Especificaciones registradas: calibre 14 AWG, 5 conductores, voltaje 600 V, apantallado, chaqueta CPE - Chlorinated Polyethylene. Solicita disponibilidad, cantidades y soporte técnico para despacho en Colombia.",
107096,14/7C FREP/CPE N/S Cable para bandeja E1 600V ER,Cables especiales,Cable para bandeja / tray cable,,14,7,600 V,Sí,CPE - Chlorinated Polyethylene,,,,,,"14/7C FREP/CPE N/S Cable para bandeja E1 600V ER. Referencia 107096 para cotización en Surtilec, línea Cables especiales / Cable para bandeja / tray cable. Especificaciones registradas: calibre 14 AWG, 7 conductores, voltaje 600 V, apantallado, chaqueta CPE - Chlorinated Polyethylene. Solicita disponibilidad, cantidades y soporte técnico para despacho en Colombia.",
107097,14/9C FREP/CPE N/S Cable para bandeja E1 600V ER,Cables especiales,Cable para bandeja / tray cable,,14,9,600 V,Sí,CPE - Chlorinated Polyethylene,,,,,,"14/9C FREP/CPE N/S Cable para bandeja E1 600V ER. Referencia 107097 para cotización en Surtilec, línea Cables especiales / Cable para bandeja / tray cable. Especificaciones registradas: calibre 14 AWG, 9 conductores, voltaje 600 V, apantallado, chaqueta CPE - Chlorinated Polyethylene. Solicita disponibilidad, cantidades y soporte técnico para despacho en Colombia.",
107098,14/12C FREP/CPE N/S Cable para bandeja E1 600V ER,Cables especiales,Cable para bandeja / tray cable,,14,12,600 V,Sí,CPE - Chlorinated Polyethylene,,,,,,"14/12C FREP/CPE N/S Cable para bandeja E1 600V ER. Referencia 107098 para cotización en Surtilec, línea Cables especiales / Cable para bandeja / tray cable. Especificaciones registradas: calibre 14 AWG, 12 conductores, voltaje 600 V, apantallado, chaqueta CPE - Chlorinated Polyethylene. Solicita disponibilidad, cantidades y soporte técnico para despacho en Colombia.",
107099,16/3C FREP/CPE apantallado Cable para bandeja E2 600V ER,Cables especiales,Cable para bandeja / tray cable,,16,3,600 V,Sí,CPE - Chlorinated Polyethylene,,,,,,"16/3C FREP/CPE apantallado Cable para bandeja E2 600V ER. Referencia 107099 para cotización en Surtilec, línea Cables especiales / Cable para bandeja / tray cable. Especificaciones registradas: calibre 16 AWG, 3 conductores, voltaje 600 V, apantallado, chaqueta CPE - Chlorinated Polyethylene. Solicita disponibilidad, cantidades y soporte técnico para despacho en Colombia.",
107100,18/2C FREP/CPE SHLD 600V M1/E2,Cables especiales,Cables apantallados,,18,2,600 V,Sí,CPE - Chlorinated Polyethylene,,,,,,"18/2C FREP/CPE SHLD 600V M1/E2. Referencia 107100 para cotización en Surtilec, línea Cables especiales / Cables apantallados. Especificaciones registradas: calibre 18 AWG, 2 conductores, voltaje 600 V, apantallado, chaqueta CPE - Chlorinated Polyethylene. Solicita disponibilidad, cantidades y soporte técnico para despacho en Colombia.",
107101,2/3C FREP/CPE N/S Cable para bandeja M4 600V ER,Cables especiales,Cable para bandeja / tray cable,,2,3,600 V,Sí,CPE - Chlorinated Polyethylene,,,,,,"2/3C FREP/CPE N/S Cable para bandeja M4 600V ER. Referencia 107101 para cotización en Surtilec, línea Cables especiales / Cable para bandeja / tray cable. Especificaciones registradas: calibre 2 AWG, 3 conductores, voltaje 600 V, apantallado, chaqueta CPE - Chlorinated Polyethylene. Solicita disponibilidad, cantidades y soporte técnico para despacho en Colombia.",
107102,2/4C FREP/CPE N/S Cable para bandeja w/G M4 600V ER,Cables especiales,Cable para bandeja / tray cable,,2,4,600 V,Sí,CPE - Chlorinated Polyethylene,,,,,,"2/4C FREP/CPE N/S Cable para bandeja w/G M4 600V ER. Referencia 107102 para cotización en Surtilec, línea Cables especiales / Cable para bandeja / tray cable. Especificaciones registradas: calibre 2 AWG, 4 conductores, voltaje 600 V, apantallado, chaqueta CPE - Chlorinated Polyethylene. Solicita disponibilidad, cantidades y soporte técnico para despacho en Colombia.",
107103,4/3C FREP/CPE N/S Cable para bandeja w/G M4 600V ER,Cables especiales,Cable para bandeja / tray cable,,4,3,600 V,Sí,CPE - Chlorinated Polyethylene,,,,,,"4/3C FREP/CPE N/S Cable para bandeja w/G M4 600V ER. Referencia 107103 para cotización en Surtilec, línea Cables especiales / Cable para bandeja / tray cable. Especificaciones registradas: calibre 4 AWG, 3 conductores, voltaje 600 V, apantallado, chaqueta CPE - Chlorinated Polyethylene. Solicita disponibilidad, cantidades y soporte técnico para despacho en Colombia.",
107104,4/4C FREP/CPE N/S Cable para bandeja w/G M4 600V ER,Cables especiales,Cable para bandeja / tray cable,,4,4,600 V,Sí,CPE - Chlorinated Polyethylene,,,,,,"4/4C FREP/CPE N/S Cable para bandeja w/G M4 600V ER. Referencia 107104 para cotización en Surtilec, línea Cables especiales / Cable para bandeja / tray cable. Especificaciones registradas: calibre 4 AWG, 4 conductores, voltaje 600 V, apantallado, chaqueta CPE - Chlorinated Polyethylene. Solicita disponibilidad, cantidades y soporte técnico para despacho en Colombia.",
107105,6/3C FREP/CPE N/S Cable para bandeja w/G M4 600V ER,Cables especiales,Cable para bandeja / tray cable,,6,3,600 V,Sí,CPE - Chlorinated Polyethylene,,,,,,"6/3C FREP/CPE N/S Cable para bandeja w/G M4 600V ER. Referencia 107105 para cotización en Surtilec, línea Cables especiales / Cable para bandeja / tray cable. Especificaciones registradas: calibre 6 AWG, 3 conductores, voltaje 600 V, apantallado, chaqueta CPE - Chlorinated Polyethylene. Solicita disponibilidad, cantidades y soporte técnico para despacho en Colombia.",
107106,6/4C FREP/CPE N/S Cable para bandeja w/G M4 600V ER,Cables especiales,Cable para bandeja / tray cable,,6,4,600 V,Sí,CPE - Chlorinated Polyethylene,,,,,,"6/4C FREP/CPE N/S Cable para bandeja w/G M4 600V ER. Referencia 107106 para cotización en Surtilec, línea Cables especiales / Cable para bandeja / tray cable. Especificaciones registradas: calibre 6 AWG, 4 conductores, voltaje 600 V, apantallado, chaqueta CPE - Chlorinated Polyethylene. Solicita disponibilidad, cantidades y soporte técnico para despacho en Colombia.",
107107,8/3C FREP/CPE N/S Cable para bandeja w/G M4 600V ER,Cables especiales,Cable para bandeja / tray cable,,8,3,600 V,Sí,CPE - Chlorinated Polyethylene,,,,,,"8/3C FREP/CPE N/S Cable para bandeja w/G M4 600V ER. Referencia 107107 para cotización en Surtilec, línea Cables especiales / Cable para bandeja / tray cable. Especificaciones registradas: calibre 8 AWG, 3 conductores, voltaje 600 V, apantallado, chaqueta CPE - Chlorinated Polyethylene. Solicita disponibilidad, cantidades y soporte técnico para despacho en Colombia.",
107108,8/4C FREP/CPE N/S Cable para bandeja w/G M4 600V ER,Cables especiales,Cable para bandeja / tray cable,,8,4,600 V,Sí,CPE - Chlorinated Polyethylene,,,,,,"8/4C FREP/CPE N/S Cable para bandeja w/G M4 600V ER. Referencia 107108 para cotización en Surtilec, línea Cables especiales / Cable para bandeja / tray cable. Especificaciones registradas: calibre 8 AWG, 4 conductores, voltaje 600 V, apantallado, chaqueta CPE - Chlorinated Polyethylene. Solicita disponibilidad, cantidades y soporte técnico para despacho en Colombia.",
107109,1/0-3C FREP/CPE N/S Cable para bandeja w/G M4 600V ER,Cables especiales,Cable para bandeja / tray cable,,1/0,3,600 V,Sí,CPE - Chlorinated Polyethylene,,,,,,"1/0-3C FREP/CPE N/S Cable para bandeja w/G M4 600V ER. Referencia 107109 para cotización en Surtilec, línea Cables especiales / Cable para bandeja / tray cable. Especificaciones registradas: calibre 1/0 AWG, 3 conductores, voltaje 600 V, apantallado, chaqueta CPE - Chlorinated Polyethylene. Solicita disponibilidad, cantidades y soporte técnico para despacho en Colombia.",
107110,2/0-3C FREP/CPE N/S Cable para bandeja M4 600V ER,Cables especiales,Cable para bandeja / tray cable,,2/0,3,600 V,Sí,CPE - Chlorinated Polyethylene,,,,,,"2/0-3C FREP/CPE N/S Cable para bandeja M4 600V ER. Referencia 107110 para cotización en Surtilec, línea Cables especiales / Cable para bandeja / tray cable. Especificaciones registradas: calibre 2/0 AWG, 3 conductores, voltaje 600 V, apantallado, chaqueta CPE - Chlorinated Polyethylene. Solicita disponibilidad, cantidades y soporte técnico para despacho en Colombia.",
107111,350/3C FREP/CPE M4 600V TC-ER,Cables especiales,Cable para bandeja / tray cable,,350 MCM,3,600 V,Sí,CPE - Chlorinated Polyethylene,,,,,,"350/3C FREP/CPE M4 600V TC-ER. Referencia 107111 para cotización en Surtilec, línea Cables especiales / Cable para bandeja / tray cable. Especificaciones registradas: calibre 350 MCM, 3 conductores, voltaje 600 V, apantallado, chaqueta CPE - Chlorinated Polyethylene. Solicita disponibilidad, cantidades y soporte técnico para despacho en Colombia.",
107112,500/3C FREP/CPE N/S Cable para bandeja w/G M4 600V ER,Cables especiales,Cable para bandeja / tray cable,,500 MCM,3,600 V,Sí,CPE - Chlorinated Polyethylene,,,,,,"500/3C FREP/CPE N/S Cable para bandeja w/G M4 600V ER. Referencia 107112 para cotización en Surtilec, línea Cables especiales / Cable para bandeja / tray cable. Especificaciones registradas: calibre 500 MCM, 3 conductores, voltaje 600 V, apantallado, chaqueta CPE - Chlorinated Polyethylene. Solicita disponibilidad, cantidades y soporte técnico para despacho en Colombia.",
107113,16/1TR OS W/drenaje FREP/CPE,Cables especiales,Cables apantallados,,16,1,600 V,Sí,CPE - Chlorinated Polyethylene,,,,,,"16/1TR OS W/drenaje FREP/CPE. Referencia 107113 para cotización en Surtilec, línea Cables especiales / Cables apantallados. Especificaciones registradas: calibre 16 AWG, 1 conductores, voltaje 600 V, apantallado, chaqueta CPE - Chlorinated Polyethylene. Solicita disponibilidad, cantidades y soporte técnico para despacho en Colombia.",
107114,16/3TR STOS W/drenaje FREP/CPE,Cables especiales,Cables apantallados,,16,3,600 V,Sí,CPE - Chlorinated Polyethylene,,,,,,"16/3TR STOS W/drenaje FREP/CPE. Referencia 107114 para cotización en Surtilec, línea Cables especiales / Cables apantallados. Especificaciones registradas: calibre 16 AWG, 3 conductores, voltaje 600 V, apantallado, chaqueta CPE - Chlorinated Polyethylene. Solicita disponibilidad, cantidades y soporte técnico para despacho en Colombia.",
107115,16/4TR STOS W/drenaje FREP/CPE,Cables especiales,Cables apantallados,,16,4,600 V,Sí,CPE - Chlorinated Polyethylene,,,,,,"16/4TR STOS W/drenaje FREP/CPE. Referencia 107115 para cotización en Surtilec, línea Cables especiales / Cables apantallados. Especificaciones registradas: calibre 16 AWG, 4 conductores, voltaje 600 V, apantallado, chaqueta CPE - Chlorinated Polyethylene. Solicita disponibilidad, cantidades y soporte técnico para despacho en Colombia.",
107116,16/6TR STOS W/drenaje FREP/CPE,Cables especiales,Cables apantallados,,16,6,600 V,Sí,CPE - Chlorinated Polyethylene,,,,,,"16/6TR STOS W/drenaje FREP/CPE. Referencia 107116 para cotización en Surtilec, línea Cables especiales / Cables apantallados. Especificaciones registradas: calibre 16 AWG, 6 conductores, voltaje 600 V, apantallado, chaqueta CPE - Chlorinated Polyethylene. Solicita disponibilidad, cantidades y soporte técnico para despacho en Colombia.",
107117,16/8TR STOS W/drenaje FREP/CPE,Cables especiales,Cables apantallados,,16,8,600 V,Sí,CPE - Chlorinated Polyethylene,,,,,,"16/8TR STOS W/drenaje FREP/CPE. Referencia 107117 para cotización en Surtilec, línea Cables especiales / Cables apantallados. Especificaciones registradas: calibre 16 AWG, 8 conductores, voltaje 600 V, apantallado, chaqueta CPE - Chlorinated Polyethylene. Solicita disponibilidad, cantidades y soporte técnico para despacho en Colombia.",
107118,12/3C 600V SDN M1/E2 90C DRY,Cables especiales,Cables apantallados,,12,3,600 V,No,NEOPRENE,,,,,,"12/3C 600V SDN M1/E2 90C DRY. Referencia 107118 para cotización en Surtilec, línea Cables especiales / Cables apantallados. Especificaciones registradas: calibre 12 AWG, 3 conductores, voltaje 600 V, chaqueta NEOPRENE. Solicita disponibilidad, cantidades y soporte técnico para despacho en Colombia.",
107119,12 AWG 4 conductores SDN diámetro pequeño neopreno,Cables especiales,Cables apantallados,,12,4,600 V,No,NEOPRENE,,,,,,"12 AWG 4 conductores SDN diámetro pequeño neopreno. Referencia 107119 para cotización en Surtilec, línea Cables especiales / Cables apantallados. Especificaciones registradas: calibre 12 AWG, 4 conductores, voltaje 600 V, chaqueta NEOPRENE. Solicita disponibilidad, cantidades y soporte técnico para despacho en Colombia.",
107120,12 AWG 6 conductores SDN diámetro pequeño neopreno,Cables especiales,Cables apantallados,,12,6,600 V,No,NEOPRENE,,,,,,"12 AWG 6 conductores SDN diámetro pequeño neopreno. Referencia 107120 para cotización en Surtilec, línea Cables especiales / Cables apantallados. Especificaciones registradas: calibre 12 AWG, 6 conductores, voltaje 600 V, chaqueta NEOPRENE. Solicita disponibilidad, cantidades y soporte técnico para despacho en Colombia.",
107121,14 AWG 3 conductores SDN diámetro pequeño neopreno,Cables especiales,Cables apantallados,,14,3,600 V,No,NEOPRENE,,,,,,"14 AWG 3 conductores SDN diámetro pequeño neopreno. Referencia 107121 para cotización en Surtilec, línea Cables especiales / Cables apantallados. Especificaciones registradas: calibre 14 AWG, 3 conductores, voltaje 600 V, chaqueta NEOPRENE. Solicita disponibilidad, cantidades y soporte técnico para despacho en Colombia.",
107122,14/4C 600V SDN M1/E2 90C DRY,Cables especiales,Cables apantallados,,14,4,600 V,No,NEOPRENE,,,,,,"14/4C 600V SDN M1/E2 90C DRY. Referencia 107122 para cotización en Surtilec, línea Cables especiales / Cables apantallados. Especificaciones registradas: calibre 14 AWG, 4 conductores, voltaje 600 V, chaqueta NEOPRENE. Solicita disponibilidad, cantidades y soporte técnico para despacho en Colombia.",
107123,14 AWG 6 conductores SDN diámetro pequeño neopreno,Cables especiales,Cables apantallados,,14,6,600 V,No,NEOPRENE,,,,,,"14 AWG 6 conductores SDN diámetro pequeño neopreno. Referencia 107123 para cotización en Surtilec, línea Cables especiales / Cables apantallados. Especificaciones registradas: calibre 14 AWG, 6 conductores, voltaje 600 V, chaqueta NEOPRENE. Solicita disponibilidad, cantidades y soporte técnico para despacho en Colombia.",
107124,14 AWG 8 conductores SDN diámetro pequeño neopreno,Cables especiales,Cables apantallados,,14,8,600 V,No,NEOPRENE,,,,,,"14 AWG 8 conductores SDN diámetro pequeño neopreno. Referencia 107124 para cotización en Surtilec, línea Cables especiales / Cables apantallados. Especificaciones registradas: calibre 14 AWG, 8 conductores, voltaje 600 V, chaqueta NEOPRENE. Solicita disponibilidad, cantidades y soporte técnico para despacho en Colombia.",
107125,14 AWG 10 conductores SDN diámetro pequeño neopreno,Cables especiales,Cables apantallados,,14,10,600 V,No,NEOPRENE,,,,,,"14 AWG 10 conductores SDN diámetro pequeño neopreno. Referencia 107125 para cotización en Surtilec, línea Cables especiales / Cables apantallados. Especificaciones registradas: calibre 14 AWG, 10 conductores, voltaje 600 V, chaqueta NEOPRENE. Solicita disponibilidad, cantidades y soporte técnico para despacho en Colombia.",
107126,14/12C 600V SDN M1/E2 90C DRY,Cables especiales,Cables apantallados,,14,12,600 V,No,NEOPRENE,,,,,,"14/12C 600V SDN M1/E2 90C DRY. Referencia 107126 para cotización en Surtilec, línea Cables especiales / Cables apantallados. Especificaciones registradas: calibre 14 AWG, 12 conductores, voltaje 600 V, chaqueta NEOPRENE. Solicita disponibilidad, cantidades y soporte técnico para despacho en Colombia.",
107127,14 AWG 16 conductores SDN diámetro pequeño neopreno,Cables especiales,Cables apantallados,,14,16,600 V,No,NEOPRENE,,,,,,"14 AWG 16 conductores SDN diámetro pequeño neopreno. Referencia 107127 para cotización en Surtilec, línea Cables especiales / Cables apantallados. Especificaciones registradas: calibre 14 AWG, 16 conductores, voltaje 600 V, chaqueta NEOPRENE. Solicita disponibilidad, cantidades y soporte técnico para despacho en Colombia.",
107128,14 AWG 24 conductores SDN diámetro pequeño neopreno,Cables especiales,Cables apantallados,,14,24,600 V,No,NEOPRENE,,,,,,"14 AWG 24 conductores SDN diámetro pequeño neopreno. Referencia 107128 para cotización en Surtilec, línea Cables especiales / Cables apantallados. Especificaciones registradas: calibre 14 AWG, 24 conductores, voltaje 600 V, chaqueta NEOPRENE. Solicita disponibilidad, cantidades y soporte técnico para despacho en Colombia.",
107129,14/37C 600V SDN M1/E2 90C DRY,Cables especiales,Cables apantallados,,14,37,600 V,No,NEOPRENE,,,,,,"14/37C 600V SDN M1/E2 90C DRY. Referencia 107129 para cotización en Surtilec, línea Cables especiales / Cables apantallados. Especificaciones registradas: calibre 14 AWG, 37 conductores, voltaje 600 V, chaqueta NEOPRENE. Solicita disponibilidad, cantidades y soporte técnico para despacho en Colombia.",
107130,16 AWG 4 conductores SDN diámetro pequeño neopreno,Cables especiales,Cables apantallados,,16,4,600 V,No,NEOPRENE,,,,,,"16 AWG 4 conductores SDN diámetro pequeño neopreno. Referencia 107130 para cotización en Surtilec, línea Cables especiales / Cables apantallados. Especificaciones registradas: calibre 16 AWG, 4 conductores, voltaje 600 V, chaqueta NEOPRENE. Solicita disponibilidad, cantidades y soporte técnico para despacho en Colombia.",
107131,16/5C 600V SDN M1/E2 90C DRY,Cables especiales,Cables apantallados,,16,5,600 V,No,NEOPRENE,,,,,,"16/5C 600V SDN M1/E2 90C DRY. Referencia 107131 para cotización en Surtilec, línea Cables especiales / Cables apantallados. Especificaciones registradas: calibre 16 AWG, 5 conductores, voltaje 600 V, chaqueta NEOPRENE. Solicita disponibilidad, cantidades y soporte técnico para despacho en Colombia.",
107132,16 AWG 6 conductores SDN diámetro pequeño neopreno,Cables especiales,Cables apantallados,,16,6,600 V,No,NEOPRENE,,,,,,"16 AWG 6 conductores SDN diámetro pequeño neopreno. Referencia 107132 para cotización en Surtilec, línea Cables especiales / Cables apantallados. Especificaciones registradas: calibre 16 AWG, 6 conductores, voltaje 600 V, chaqueta NEOPRENE. Solicita disponibilidad, cantidades y soporte técnico para despacho en Colombia.",
107133,16 AWG 8 conductores SDN diámetro pequeño neopreno,Cables especiales,Cables apantallados,,16,8,600 V,No,NEOPRENE,,,,,,"16 AWG 8 conductores SDN diámetro pequeño neopreno. Referencia 107133 para cotización en Surtilec, línea Cables especiales / Cables apantallados. Especificaciones registradas: calibre 16 AWG, 8 conductores, voltaje 600 V, chaqueta NEOPRENE. Solicita disponibilidad, cantidades y soporte técnico para despacho en Colombia.",
107134,16 AWG 10 conductores SDN diámetro pequeño neopreno,Cables especiales,Cables apantallados,,16,10,600 V,No,NEOPRENE,,,,,,"16 AWG 10 conductores SDN diámetro pequeño neopreno. Referencia 107134 para cotización en Surtilec, línea Cables especiales / Cables apantallados. Especificaciones registradas: calibre 16 AWG, 10 conductores, voltaje 600 V, chaqueta NEOPRENE. Solicita disponibilidad, cantidades y soporte técnico para despacho en Colombia.",
107135,16 AWG 14 conductores SDN diámetro pequeño neopreno,Cables especiales,Cables apantallados,,16,14,600 V,No,NEOPRENE,,,,,,"16 AWG 14 conductores SDN diámetro pequeño neopreno. Referencia 107135 para cotización en Surtilec, línea Cables especiales / Cables apantallados. Especificaciones registradas: calibre 16 AWG, 14 conductores, voltaje 600 V, chaqueta NEOPRENE. Solicita disponibilidad, cantidades y soporte técnico para despacho en Colombia.",
107136,16 AWG 16 conductores SDN diámetro pequeño neopreno,Cables especiales,Cables apantallados,,16,16,600 V,No,NEOPRENE,,,,,,"16 AWG 16 conductores SDN diámetro pequeño neopreno. Referencia 107136 para cotización en Surtilec, línea Cables especiales / Cables apantallados. Especificaciones registradas: calibre 16 AWG, 16 conductores, voltaje 600 V, chaqueta NEOPRENE. Solicita disponibilidad, cantidades y soporte técnico para despacho en Colombia.",
107137,16 AWG 24 conductores SDN diámetro pequeño neopreno,Cables especiales,Cables apantallados,,16,24,600 V,No,NEOPRENE,,,,,,"16 AWG 24 conductores SDN diámetro pequeño neopreno. Referencia 107137 para cotización en Surtilec, línea Cables especiales / Cables apantallados. Especificaciones registradas: calibre 16 AWG, 24 conductores, voltaje 600 V, chaqueta NEOPRENE. Solicita disponibilidad, cantidades y soporte técnico para despacho en Colombia.",
107138,16 AWG 30 conductores SDN diámetro pequeño neopreno,Cables especiales,Cables apantallados,,16,30,600 V,No,NEOPRENE,,,,,,"16 AWG 30 conductores SDN diámetro pequeño neopreno. Referencia 107138 para cotización en Surtilec, línea Cables especiales / Cables apantallados. Especificaciones registradas: calibre 16 AWG, 30 conductores, voltaje 600 V, chaqueta NEOPRENE. Solicita disponibilidad, cantidades y soporte técnico para despacho en Colombia.",
107139,16 AWG 37 conductores SDN diámetro pequeño neopreno,Cables especiales,Cables apantallados,,16,37,600 V,No,NEOPRENE,,,,,,"16 AWG 37 conductores SDN diámetro pequeño neopreno. Referencia 107139 para cotización en Surtilec, línea Cables especiales / Cables apantallados. Especificaciones registradas: calibre 16 AWG, 37 conductores, voltaje 600 V, chaqueta NEOPRENE. Solicita disponibilidad, cantidades y soporte técnico para despacho en Colombia.",
107140,18 AWG 5 conductores SDN diámetro pequeño neopreno,Cables especiales,Cables apantallados,,18,5,600 V,No,NEOPRENE,,,,,,"18 AWG 5 conductores SDN diámetro pequeño neopreno. Referencia 107140 para cotización en Surtilec, línea Cables especiales / Cables apantallados. Especificaciones registradas: calibre 18 AWG, 5 conductores, voltaje 600 V, chaqueta NEOPRENE. Solicita disponibilidad, cantidades y soporte técnico para despacho en Colombia.",
107141,18 AWG 6 conductores SDN diámetro pequeño neopreno,Cables especiales,Cables apantallados,,18,6,600 V,No,NEOPRENE,,,,,,"18 AWG 6 conductores SDN diámetro pequeño neopreno. Referencia 107141 para cotización en Surtilec, línea Cables especiales / Cables apantallados. Especificaciones registradas: calibre 18 AWG, 6 conductores, voltaje 600 V, chaqueta NEOPRENE. Solicita disponibilidad, cantidades y soporte técnico para despacho en Colombia.",
107142,18 AWG 8 conductores SDN diámetro pequeño neopreno,Cables especiales,Cables apantallados,,18,8,600 V,No,NEOPRENE,,,,,,"18 AWG 8 conductores SDN diámetro pequeño neopreno. Referencia 107142 para cotización en Surtilec, línea Cables especiales / Cables apantallados. Especificaciones registradas: calibre 18 AWG, 8 conductores, voltaje 600 V, chaqueta NEOPRENE. Solicita disponibilidad, cantidades y soporte técnico para despacho en Colombia.",
107143,18 AWG 12 conductores SDN diámetro pequeño neopreno,Cables especiales,Cables apantallados,,18,12,600 V,No,NEOPRENE,,,,,,"18 AWG 12 conductores SDN diámetro pequeño neopreno. Referencia 107143 para cotización en Surtilec, línea Cables especiales / Cables apantallados. Especificaciones registradas: calibre 18 AWG, 12 conductores, voltaje 600 V, chaqueta NEOPRENE. Solicita disponibilidad, cantidades y soporte técnico para despacho en Colombia.",
107144,18 AWG 14 conductores SDN diámetro pequeño neopreno,Cables especiales,Cables apantallados,,18,14,600 V,No,NEOPRENE,,,,,,"18 AWG 14 conductores SDN diámetro pequeño neopreno. Referencia 107144 para cotización en Surtilec, línea Cables especiales / Cables apantallados. Especificaciones registradas: calibre 18 AWG, 14 conductores, voltaje 600 V, chaqueta NEOPRENE. Solicita disponibilidad, cantidades y soporte técnico para despacho en Colombia.",
107145,18 AWG 16 conductores SDN diámetro pequeño neopreno,Cables especiales,Cables apantallados,,18,16,600 V,No,NEOPRENE,,,,,,"18 AWG 16 conductores SDN diámetro pequeño neopreno. Referencia 107145 para cotización en Surtilec, línea Cables especiales / Cables apantallados. Especificaciones registradas: calibre 18 AWG, 16 conductores, voltaje 600 V, chaqueta NEOPRENE. Solicita disponibilidad, cantidades y soporte técnico para despacho en Colombia.",
107146,18/19C 600V SDN M1/E2 90C DRY,Cables especiales,Cables apantallados,,18,19,600 V,No,NEOPRENE,,,,,,"18/19C 600V SDN M1/E2 90C DRY. Referencia 107146 para cotización en Surtilec, línea Cables especiales / Cables apantallados. Especificaciones registradas: calibre 18 AWG, 19 conductores, voltaje 600 V, chaqueta NEOPRENE. Solicita disponibilidad, cantidades y soporte técnico para despacho en Colombia.",
107147,12/3C bajo Smoke Zero Halogen TC-ER 90C 600V,Cables especiales,Cable para bandeja / tray cable,,12,3,600 V,Sí,LSZH-Polyolefin,,,,,,"12/3C bajo Smoke Zero Halogen TC-ER 90C 600V. Referencia 107147 para cotización en Surtilec, línea Cables especiales / Cable para bandeja / tray cable. Especificaciones registradas: calibre 12 AWG, 3 conductores, voltaje 600 V, apantallado, chaqueta LSZH-Polyolefin. Solicita disponibilidad, cantidades y soporte técnico para despacho en Colombia.",
107148,20/1P JX termopar sin apantallar 200C 300V FEP,Cables especiales,Cables apantallados,,20,1,300 V,Sí,FEP - Fluorinated Ethylene Propylene,,,,,,"20/1P JX termopar sin apantallar 200C 300V FEP. Referencia 107148 para cotización en Surtilec, línea Cables especiales / Cables apantallados. Especificaciones registradas: calibre 20 AWG, 1 conductores, voltaje 300 V, apantallado, chaqueta FEP - Fluorinated Ethylene Propylene. Solicita disponibilidad, cantidades y soporte técnico para despacho en Colombia.",
107149,16/1P EX termopar apantallado 105C 300V PVC Purple,Cables especiales,Cables apantallados,,16,1,300 V,Sí,PVC - Polyvinyl Chloride,PLTC,,,,,"16/1P EX termopar apantallado 105C 300V PVC Purple. Referencia 107149 para cotización en Surtilec, línea Cables especiales / Cables apantallados. Especificaciones registradas: calibre 16 AWG, 1 conductores, voltaje 300 V, apantallado, chaqueta PVC - Polyvinyl Chloride. Solicita disponibilidad, cantidades y soporte técnico para despacho en Colombia.",
107150,16/1P JX termopar apantallado 105C 300V PVC,Cables especiales,Cables apantallados,,16,1,300 V,Sí,PVC - Polyvinyl Chloride,PLTC,,,,,"16/1P JX termopar apantallado 105C 300V PVC. Referencia 107150 para cotización en Surtilec, línea Cables especiales / Cables apantallados. Especificaciones registradas: calibre 16 AWG, 1 conductores, voltaje 300 V, apantallado, chaqueta PVC - Polyvinyl Chloride. Solicita disponibilidad, cantidades y soporte técnico para despacho en Colombia.",
107152,16/1P TX termopar apantallado 105C 300V PVC,Cables especiales,Cables apantallados,,16,1,300 V,Sí,PVC - Polyvinyl Chloride,PLTC,,,,,"16/1P TX termopar apantallado 105C 300V PVC. Referencia 107152 para cotización en Surtilec, línea Cables especiales / Cables apantallados. Especificaciones registradas: calibre 16 AWG, 1 conductores, voltaje 300 V, apantallado, chaqueta PVC - Polyvinyl Chloride. Solicita disponibilidad, cantidades y soporte técnico para despacho en Colombia.",
107153,20/1P JX termopar apantallado 105C 300V PVC,Cables especiales,Cables apantallados,,20,1,300 V,Sí,PVC - Polyvinyl Chloride,PLTC,,,,,"20/1P JX termopar apantallado 105C 300V PVC. Referencia 107153 para cotización en Surtilec, línea Cables especiales / Cables apantallados. Especificaciones registradas: calibre 20 AWG, 1 conductores, voltaje 300 V, apantallado, chaqueta PVC - Polyvinyl Chloride. Solicita disponibilidad, cantidades y soporte técnico para despacho en Colombia.",
107156,20/1P JX termopar sin apantallar 105C 300V PVC,Cables especiales,Cables apantallados,,20,1,300 V,Sí,PVC - Polyvinyl Chloride,,,,,,"20/1P JX termopar sin apantallar 105C 300V PVC. Referencia 107156 para cotización en Surtilec, línea Cables especiales / Cables apantallados. Especificaciones registradas: calibre 20 AWG, 1 conductores, voltaje 300 V, apantallado, chaqueta PVC - Polyvinyl Chloride. Solicita disponibilidad, cantidades y soporte técnico para despacho en Colombia.",
107158,20/1P TX termopar sin apantallar 105C 300V PVC,Cables especiales,Cables apantallados,,20,1,300 V,Sí,PVC - Polyvinyl Chloride,,,,,,"20/1P TX termopar sin apantallar 105C 300V PVC. Referencia 107158 para cotización en Surtilec, línea Cables especiales / Cables apantallados. Especificaciones registradas: calibre 20 AWG, 1 conductores, voltaje 300 V, apantallado, chaqueta PVC - Polyvinyl Chloride. Solicita disponibilidad, cantidades y soporte técnico para despacho en Colombia.",
107159,20/2C J termopar sin apantallar 510C 600V Fiberglass,Cables de fibra óptica,,,20,2,,Sí,Braided Fiberglass,,,,,,"20/2C J termopar sin apantallar 510C 600V Fiberglass. Referencia 107159 para cotización en Surtilec, línea Cables de fibra óptica. Especificaciones registradas: calibre 20 AWG, 2 conductores, apantallado, chaqueta Braided Fiberglass. Solicita disponibilidad, cantidades y soporte técnico para despacho en Colombia.",
107160,8/3C plano sumergible bomba Cable w/G PVC,Cables especiales,Cables apantallados,,8,3,600 V,Sí,,83 Type THW,,,,,"8/3C plano sumergible bomba Cable w/G PVC. Referencia 107160 para cotización en Surtilec, línea Cables especiales / Cables apantallados. Especificaciones registradas: calibre 8 AWG, 3 conductores, voltaje 600 V, apantallado. Solicita disponibilidad, cantidades y soporte técnico para despacho en Colombia.",
107161,10/3C plano sumergible bomba Cable w/G PVC,Cables especiales,Cables apantallados,,10,3,600 V,Sí,,83 Type THW,,,,,"10/3C plano sumergible bomba Cable w/G PVC. Referencia 107161 para cotización en Surtilec, línea Cables especiales / Cables apantallados. Especificaciones registradas: calibre 10 AWG, 3 conductores, voltaje 600 V, apantallado. Solicita disponibilidad, cantidades y soporte técnico para despacho en Colombia.",
107162,12/3C plano sumergible bomba Cable w/G PVC,Cables especiales,Cables apantallados,,12,3,600 V,Sí,,83 Type THW,,,,,"12/3C plano sumergible bomba Cable w/G PVC. Referencia 107162 para cotización en Surtilec, línea Cables especiales / Cables apantallados. Especificaciones registradas: calibre 12 AWG, 3 conductores, voltaje 600 V, apantallado. Solicita disponibilidad, cantidades y soporte técnico para despacho en Colombia.",
107163,14/3C plano sumergible bomba Cable w/G PVC,Cables especiales,Cables apantallados,,14,3,600 V,Sí,,83 Type THW,,,,,"14/3C plano sumergible bomba Cable w/G PVC. Referencia 107163 para cotización en Surtilec, línea Cables especiales / Cables apantallados. Especificaciones registradas: calibre 14 AWG, 3 conductores, voltaje 600 V, apantallado. Solicita disponibilidad, cantidades y soporte técnico para despacho en Colombia.",
107164,6/3C VNTC N/S Cable para bandeja M4 600V ER,Cables especiales,Cable para bandeja / tray cable,,6,3,600 V,Sí,PVC - Polyvinyl Chloride,,,,,,"6/3C VNTC N/S Cable para bandeja M4 600V ER. Referencia 107164 para cotización en Surtilec, línea Cables especiales / Cable para bandeja / tray cable. Especificaciones registradas: calibre 6 AWG, 3 conductores, voltaje 600 V, apantallado, chaqueta PVC - Polyvinyl Chloride. Solicita disponibilidad, cantidades y soporte técnico para despacho en Colombia.",
107165,14/2C VNTC N/S Cable para bandeja E2 600V TC plano,Cables especiales,Cable para bandeja / tray cable,,14,2,600 V,Sí,PVC - Polyvinyl Chloride,,,,,,"14/2C VNTC N/S Cable para bandeja E2 600V TC plano. Referencia 107165 para cotización en Surtilec, línea Cables especiales / Cable para bandeja / tray cable. Especificaciones registradas: calibre 14 AWG, 2 conductores, voltaje 600 V, apantallado, chaqueta PVC - Polyvinyl Chloride. Solicita disponibilidad, cantidades y soporte técnico para despacho en Colombia.",
107166,14/2C VNTC N/S Cable para bandeja E2 600V TC redondo,Cables especiales,Cable para bandeja / tray cable,,14,2,600 V,Sí,PVC - Polyvinyl Chloride,,,,,,"14/2C VNTC N/S Cable para bandeja E2 600V TC redondo. Referencia 107166 para cotización en Surtilec, línea Cables especiales / Cable para bandeja / tray cable. Especificaciones registradas: calibre 14 AWG, 2 conductores, voltaje 600 V, apantallado, chaqueta PVC - Polyvinyl Chloride. Solicita disponibilidad, cantidades y soporte técnico para despacho en Colombia.",
107167,14/3C VNTC N/S Cable para bandeja E2 600V ER,Cables especiales,Cable para bandeja / tray cable,,14,3,600 V,Sí,PVC - Polyvinyl Chloride,,,,,,"14/3C VNTC N/S Cable para bandeja E2 600V ER. Referencia 107167 para cotización en Surtilec, línea Cables especiales / Cable para bandeja / tray cable. Especificaciones registradas: calibre 14 AWG, 3 conductores, voltaje 600 V, apantallado, chaqueta PVC - Polyvinyl Chloride. Solicita disponibilidad, cantidades y soporte técnico para despacho en Colombia.",
107168,14/4C VNTC N/S Cable para bandeja E2 600V ER,Cables especiales,Cable para bandeja / tray cable,,14,4,600 V,Sí,PVC - Polyvinyl Chloride,,,,,,"14/4C VNTC N/S Cable para bandeja E2 600V ER. Referencia 107168 para cotización en Surtilec, línea Cables especiales / Cable para bandeja / tray cable. Especificaciones registradas: calibre 14 AWG, 4 conductores, voltaje 600 V, apantallado, chaqueta PVC - Polyvinyl Chloride. Solicita disponibilidad, cantidades y soporte técnico para despacho en Colombia.",
107169,14/5C VNTC N/S Cable para bandeja E2 600V ER,Cables especiales,Cable para bandeja / tray cable,,14,5,600 V,Sí,PVC - Polyvinyl Chloride,,,,,,"14/5C VNTC N/S Cable para bandeja E2 600V ER. Referencia 107169 para cotización en Surtilec, línea Cables especiales / Cable para bandeja / tray cable. Especificaciones registradas: calibre 14 AWG, 5 conductores, voltaje 600 V, apantallado, chaqueta PVC - Polyvinyl Chloride. Solicita disponibilidad, cantidades y soporte técnico para despacho en Colombia.",
107170,14/6C VNTC N/S Cable para bandeja E2 600V ER,Cables especiales,Cable para bandeja / tray cable,,14,6,600 V,Sí,PVC - Polyvinyl Chloride,,,,,,"14/6C VNTC N/S Cable para bandeja E2 600V ER. Referencia 107170 para cotización en Surtilec, línea Cables especiales / Cable para bandeja / tray cable. Especificaciones registradas: calibre 14 AWG, 6 conductores, voltaje 600 V, apantallado, chaqueta PVC - Polyvinyl Chloride. Solicita disponibilidad, cantidades y soporte técnico para despacho en Colombia.",
107171,14/7C VNTC N/S Cable para bandeja E2 600V ER,Cables especiales,Cable para bandeja / tray cable,,14,7,600 V,Sí,PVC - Polyvinyl Chloride,,,,,,"14/7C VNTC N/S Cable para bandeja E2 600V ER. Referencia 107171 para cotización en Surtilec, línea Cables especiales / Cable para bandeja / tray cable. Especificaciones registradas: calibre 14 AWG, 7 conductores, voltaje 600 V, apantallado, chaqueta PVC - Polyvinyl Chloride. Solicita disponibilidad, cantidades y soporte técnico para despacho en Colombia.",
107172,14/9C VNTC N/S Cable para bandeja E2 600V ER,Cables especiales,Cable para bandeja / tray cable,,14,9,600 V,Sí,PVC - Polyvinyl Chloride,,,,,,"14/9C VNTC N/S Cable para bandeja E2 600V ER. Referencia 107172 para cotización en Surtilec, línea Cables especiales / Cable para bandeja / tray cable. Especificaciones registradas: calibre 14 AWG, 9 conductores, voltaje 600 V, apantallado, chaqueta PVC - Polyvinyl Chloride. Solicita disponibilidad, cantidades y soporte técnico para despacho en Colombia.",
107173,14/10C VNTC N/S Cable para bandeja E2 600V ER,Cables especiales,Cable para bandeja / tray cable,,14,10,600 V,Sí,PVC - Polyvinyl Chloride,,,,,,"14/10C VNTC N/S Cable para bandeja E2 600V ER. Referencia 107173 para cotización en Surtilec, línea Cables especiales / Cable para bandeja / tray cable. Especificaciones registradas: calibre 14 AWG, 10 conductores, voltaje 600 V, apantallado, chaqueta PVC - Polyvinyl Chloride. Solicita disponibilidad, cantidades y soporte técnico para despacho en Colombia.",
107174,14/12C VNTC N/S Cable para bandeja E2 600V ER,Cables especiales,Cable para bandeja / tray cable,,14,12,600 V,Sí,PVC - Polyvinyl Chloride,,,,,,"14/12C VNTC N/S Cable para bandeja E2 600V ER. Referencia 107174 para cotización en Surtilec, línea Cables especiales / Cable para bandeja / tray cable. Especificaciones registradas: calibre 14 AWG, 12 conductores, voltaje 600 V, apantallado, chaqueta PVC - Polyvinyl Chloride. Solicita disponibilidad, cantidades y soporte técnico para despacho en Colombia.",
107175,14/15C VNTC N/S Cable para bandeja E2 600V ER,Cables especiales,Cable para bandeja / tray cable,,14,15,600 V,Sí,PVC - Polyvinyl Chloride,,,,,,"14/15C VNTC N/S Cable para bandeja E2 600V ER. Referencia 107175 para cotización en Surtilec, línea Cables especiales / Cable para bandeja / tray cable. Especificaciones registradas: calibre 14 AWG, 15 conductores, voltaje 600 V, apantallado, chaqueta PVC - Polyvinyl Chloride. Solicita disponibilidad, cantidades y soporte técnico para despacho en Colombia.",
107176,14/16C VNTC N/S Cable para bandeja E2 600V ER,Cables especiales,Cable para bandeja / tray cable,,14,16,600 V,Sí,PVC - Polyvinyl Chloride,,,,,,"14/16C VNTC N/S Cable para bandeja E2 600V ER. Referencia 107176 para cotización en Surtilec, línea Cables especiales / Cable para bandeja / tray cable. Especificaciones registradas: calibre 14 AWG, 16 conductores, voltaje 600 V, apantallado, chaqueta PVC - Polyvinyl Chloride. Solicita disponibilidad, cantidades y soporte técnico para despacho en Colombia.",
107177,14/19C VNTC N/S Cable para bandeja E2 600V ER,Cables especiales,Cable para bandeja / tray cable,,14,19,600 V,Sí,PVC - Polyvinyl Chloride,,,,,,"14/19C VNTC N/S Cable para bandeja E2 600V ER. Referencia 107177 para cotización en Surtilec, línea Cables especiales / Cable para bandeja / tray cable. Especificaciones registradas: calibre 14 AWG, 19 conductores, voltaje 600 V, apantallado, chaqueta PVC - Polyvinyl Chloride. Solicita disponibilidad, cantidades y soporte técnico para despacho en Colombia.",
107178,14/20C VNTC N/S Cable para bandeja E2 600V ER,Cables especiales,Cable para bandeja / tray cable,,14,20,600 V,Sí,PVC - Polyvinyl Chloride,,,,,,"14/20C VNTC N/S Cable para bandeja E2 600V ER. Referencia 107178 para cotización en Surtilec, línea Cables especiales / Cable para bandeja / tray cable. Especificaciones registradas: calibre 14 AWG, 20 conductores, voltaje 600 V, apantallado, chaqueta PVC - Polyvinyl Chloride. Solicita disponibilidad, cantidades y soporte técnico para despacho en Colombia.",
107179,14/25C VNTC N/S Cable para bandeja E2 600V ER,Cables especiales,Cable para bandeja / tray cable,,14,25,600 V,Sí,PVC - Polyvinyl Chloride,,,,,,"14/25C VNTC N/S Cable para bandeja E2 600V ER. Referencia 107179 para cotización en Surtilec, línea Cables especiales / Cable para bandeja / tray cable. Especificaciones registradas: calibre 14 AWG, 25 conductores, voltaje 600 V, apantallado, chaqueta PVC - Polyvinyl Chloride. Solicita disponibilidad, cantidades y soporte técnico para despacho en Colombia.",
107180,14/30C VNTC N/S Cable para bandeja E2 600V ER,Cables especiales,Cable para bandeja / tray cable,,14,30,600 V,Sí,PVC - Polyvinyl Chloride,,,,,,"14/30C VNTC N/S Cable para bandeja E2 600V ER. Referencia 107180 para cotización en Surtilec, línea Cables especiales / Cable para bandeja / tray cable. Especificaciones registradas: calibre 14 AWG, 30 conductores, voltaje 600 V, apantallado, chaqueta PVC - Polyvinyl Chloride. Solicita disponibilidad, cantidades y soporte técnico para despacho en Colombia.",
107181,14/37C VNTC N/S Cable para bandeja E2 600V ER,Cables especiales,Cable para bandeja / tray cable,,14,37,600 V,Sí,PVC - Polyvinyl Chloride,,,,,,"14/37C VNTC N/S Cable para bandeja E2 600V ER. Referencia 107181 para cotización en Surtilec, línea Cables especiales / Cable para bandeja / tray cable. Especificaciones registradas: calibre 14 AWG, 37 conductores, voltaje 600 V, apantallado, chaqueta PVC - Polyvinyl Chloride. Solicita disponibilidad, cantidades y soporte técnico para despacho en Colombia.",
107182,14/50C VNTC N/S Cable para bandeja E2 600V ER,Cables especiales,Cable para bandeja / tray cable,,14,50,600 V,Sí,PVC - Polyvinyl Chloride,,,,,,"14/50C VNTC N/S Cable para bandeja E2 600V ER. Referencia 107182 para cotización en Surtilec, línea Cables especiales / Cable para bandeja / tray cable. Especificaciones registradas: calibre 14 AWG, 50 conductores, voltaje 600 V, apantallado, chaqueta PVC - Polyvinyl Chloride. Solicita disponibilidad, cantidades y soporte técnico para despacho en Colombia.",
107183,14/60C VNTC N/S Cable para bandeja E2 600V ER,Cables especiales,Cable para bandeja / tray cable,,14,60,600 V,Sí,PVC - Polyvinyl Chloride,,,,,,"14/60C VNTC N/S Cable para bandeja E2 600V ER. Referencia 107183 para cotización en Surtilec, línea Cables especiales / Cable para bandeja / tray cable. Especificaciones registradas: calibre 14 AWG, 60 conductores, voltaje 600 V, apantallado, chaqueta PVC - Polyvinyl Chloride. Solicita disponibilidad, cantidades y soporte técnico para despacho en Colombia.",
107184,10/3C VNTC N/S Cable para bandeja M4 600V ER,Cables especiales,Cable para bandeja / tray cable,,10,3,600 V,Sí,PVC - Polyvinyl Chloride,,,,,,"10/3C VNTC N/S Cable para bandeja M4 600V ER. Referencia 107184 para cotización en Surtilec, línea Cables especiales / Cable para bandeja / tray cable. Especificaciones registradas: calibre 10 AWG, 3 conductores, voltaje 600 V, apantallado, chaqueta PVC - Polyvinyl Chloride. Solicita disponibilidad, cantidades y soporte técnico para despacho en Colombia.",
107185,10/4C VNTC N/S Cable para bandeja M4 600V ER,Cables especiales,Cable para bandeja / tray cable,,10,4,600 V,Sí,PVC - Polyvinyl Chloride,,,,,,"10/4C VNTC N/S Cable para bandeja M4 600V ER. Referencia 107185 para cotización en Surtilec, línea Cables especiales / Cable para bandeja / tray cable. Especificaciones registradas: calibre 10 AWG, 4 conductores, voltaje 600 V, apantallado, chaqueta PVC - Polyvinyl Chloride. Solicita disponibilidad, cantidades y soporte técnico para despacho en Colombia.",
107186,14/2C VNTC N/S Cable para bandeja M4 600V TC plano,Cables especiales,Cable para bandeja / tray cable,,14,2,600 V,Sí,PVC - Polyvinyl Chloride,,,,,,"14/2C VNTC N/S Cable para bandeja M4 600V TC plano. Referencia 107186 para cotización en Surtilec, línea Cables especiales / Cable para bandeja / tray cable. Especificaciones registradas: calibre 14 AWG, 2 conductores, voltaje 600 V, apantallado, chaqueta PVC - Polyvinyl Chloride. Solicita disponibilidad, cantidades y soporte técnico para despacho en Colombia.",
107187,14/3C VNTC N/S Cable para bandeja M4 600V ER,Cables especiales,Cable para bandeja / tray cable,,14,3,600 V,Sí,PVC - Polyvinyl Chloride,,,,,,"14/3C VNTC N/S Cable para bandeja M4 600V ER. Referencia 107187 para cotización en Surtilec, línea Cables especiales / Cable para bandeja / tray cable. Especificaciones registradas: calibre 14 AWG, 3 conductores, voltaje 600 V, apantallado, chaqueta PVC - Polyvinyl Chloride. Solicita disponibilidad, cantidades y soporte técnico para despacho en Colombia.",
107188,14/4C VNTC N/S Cable para bandeja M4 600V ER,Cables especiales,Cable para bandeja / tray cable,,14,4,600 V,Sí,PVC - Polyvinyl Chloride,,,,,,"14/4C VNTC N/S Cable para bandeja M4 600V ER. Referencia 107188 para cotización en Surtilec, línea Cables especiales / Cable para bandeja / tray cable. Especificaciones registradas: calibre 14 AWG, 4 conductores, voltaje 600 V, apantallado, chaqueta PVC - Polyvinyl Chloride. Solicita disponibilidad, cantidades y soporte técnico para despacho en Colombia.",
107189,14/5C VNTC N/S Cable para bandeja M4 600V ER,Cables especiales,Cable para bandeja / tray cable,,14,5,600 V,Sí,PVC - Polyvinyl Chloride,,,,,,"14/5C VNTC N/S Cable para bandeja M4 600V ER. Referencia 107189 para cotización en Surtilec, línea Cables especiales / Cable para bandeja / tray cable. Especificaciones registradas: calibre 14 AWG, 5 conductores, voltaje 600 V, apantallado, chaqueta PVC - Polyvinyl Chloride. Solicita disponibilidad, cantidades y soporte técnico para despacho en Colombia.",
107190,14/7C VNTC N/S Cable para bandeja M4 600V ER,Cables especiales,Cable para bandeja / tray cable,,14,7,600 V,Sí,PVC - Polyvinyl Chloride,,,,,,"14/7C VNTC N/S Cable para bandeja M4 600V ER. Referencia 107190 para cotización en Surtilec, línea Cables especiales / Cable para bandeja / tray cable. Especificaciones registradas: calibre 14 AWG, 7 conductores, voltaje 600 V, apantallado, chaqueta PVC - Polyvinyl Chloride. Solicita disponibilidad, cantidades y soporte técnico para despacho en Colombia.",
107191,14/9C VNTC N/S Cable para bandeja M4 600V ER,Cables especiales,Cable para bandeja / tray cable,,14,9,600 V,Sí,PVC - Polyvinyl Chloride,,,,,,"14/9C VNTC N/S Cable para bandeja M4 600V ER. Referencia 107191 para cotización en Surtilec, línea Cables especiales / Cable para bandeja / tray cable. Especificaciones registradas: calibre 14 AWG, 9 conductores, voltaje 600 V, apantallado, chaqueta PVC - Polyvinyl Chloride. Solicita disponibilidad, cantidades y soporte técnico para despacho en Colombia.",
107192,14/12C VNTC N/S Cable para bandeja M4 600V ER,Cables especiales,Cable para bandeja / tray cable,,14,12,600 V,Sí,PVC - Polyvinyl Chloride,,,,,,"14/12C VNTC N/S Cable para bandeja M4 600V ER. Referencia 107192 para cotización en Surtilec, línea Cables especiales / Cable para bandeja / tray cable. Especificaciones registradas: calibre 14 AWG, 12 conductores, voltaje 600 V, apantallado, chaqueta PVC - Polyvinyl Chloride. Solicita disponibilidad, cantidades y soporte técnico para despacho en Colombia.",
107193,14/15C VNTC N/S Cable para bandeja M4 600V ER,Cables especiales,Cable para bandeja / tray cable,,14,15,600 V,Sí,PVC - Polyvinyl Chloride,,,,,,"14/15C VNTC N/S Cable para bandeja M4 600V ER. Referencia 107193 para cotización en Surtilec, línea Cables especiales / Cable para bandeja / tray cable. Especificaciones registradas: calibre 14 AWG, 15 conductores, voltaje 600 V, apantallado, chaqueta PVC - Polyvinyl Chloride. Solicita disponibilidad, cantidades y soporte técnico para despacho en Colombia.",
107194,14/19C VNTC N/S Cable para bandeja M4 600V ER,Cables especiales,Cable para bandeja / tray cable,,14,19,600 V,Sí,PVC - Polyvinyl Chloride,,,,,,"14/19C VNTC N/S Cable para bandeja M4 600V ER. Referencia 107194 para cotización en Surtilec, línea Cables especiales / Cable para bandeja / tray cable. Especificaciones registradas: calibre 14 AWG, 19 conductores, voltaje 600 V, apantallado, chaqueta PVC - Polyvinyl Chloride. Solicita disponibilidad, cantidades y soporte técnico para despacho en Colombia.",
107195,14/37C VNTC N/S Cable para bandeja M4 600V ER,Cables especiales,Cable para bandeja / tray cable,,14,37,600 V,Sí,PVC - Polyvinyl Chloride,,,,,,"14/37C VNTC N/S Cable para bandeja M4 600V ER. Referencia 107195 para cotización en Surtilec, línea Cables especiales / Cable para bandeja / tray cable. Especificaciones registradas: calibre 14 AWG, 37 conductores, voltaje 600 V, apantallado, chaqueta PVC - Polyvinyl Chloride. Solicita disponibilidad, cantidades y soporte técnico para despacho en Colombia.",
107196,1/3C VNTC N/S Cable para bandeja w/tierra M4 600V ER,Cables especiales,Cable para bandeja / tray cable,,1,3,600 V,Sí,PVC - Polyvinyl Chloride,,,,,,"1/3C VNTC N/S Cable para bandeja w/tierra M4 600V ER. Referencia 107196 para cotización en Surtilec, línea Cables especiales / Cable para bandeja / tray cable. Especificaciones registradas: calibre 1 AWG, 3 conductores, voltaje 600 V, apantallado, chaqueta PVC - Polyvinyl Chloride. Solicita disponibilidad, cantidades y soporte técnico para despacho en Colombia.",
107197,2/4C VNTC N/S Cable para bandeja w/tierra M4 600V ER,Cables especiales,Cable para bandeja / tray cable,,2,4,600 V,Sí,PVC - Polyvinyl Chloride,,,,,,"2/4C VNTC N/S Cable para bandeja w/tierra M4 600V ER. Referencia 107197 para cotización en Surtilec, línea Cables especiales / Cable para bandeja / tray cable. Especificaciones registradas: calibre 2 AWG, 4 conductores, voltaje 600 V, apantallado, chaqueta PVC - Polyvinyl Chloride. Solicita disponibilidad, cantidades y soporte técnico para despacho en Colombia.",
107198,4/3C VNTC N/S Cable para bandeja w/tierra M4 600V ER,Cables especiales,Cable para bandeja / tray cable,,4,3,600 V,Sí,PVC - Polyvinyl Chloride,,,,,,"4/3C VNTC N/S Cable para bandeja w/tierra M4 600V ER. Referencia 107198 para cotización en Surtilec, línea Cables especiales / Cable para bandeja / tray cable. Especificaciones registradas: calibre 4 AWG, 3 conductores, voltaje 600 V, apantallado, chaqueta PVC - Polyvinyl Chloride. Solicita disponibilidad, cantidades y soporte técnico para despacho en Colombia.",
107199,6/4C VNTC N/S Cable para bandeja w/tierra M4 600V ER,Cables especiales,Cable para bandeja / tray cable,,6,4,600 V,Sí,PVC - Polyvinyl Chloride,,,,,,"6/4C VNTC N/S Cable para bandeja w/tierra M4 600V ER. Referencia 107199 para cotización en Surtilec, línea Cables especiales / Cable para bandeja / tray cable. Especificaciones registradas: calibre 6 AWG, 4 conductores, voltaje 600 V, apantallado, chaqueta PVC - Polyvinyl Chloride. Solicita disponibilidad, cantidades y soporte técnico para despacho en Colombia.",
107200,8/3C VNTC N/S Cable para bandeja w/tierra M4 600V ER,Cables especiales,Cable para bandeja / tray cable,,8,3,600 V,Sí,PVC - Polyvinyl Chloride,,,,,,"8/3C VNTC N/S Cable para bandeja w/tierra M4 600V ER. Referencia 107200 para cotización en Surtilec, línea Cables especiales / Cable para bandeja / tray cable. Especificaciones registradas: calibre 8 AWG, 3 conductores, voltaje 600 V, apantallado, chaqueta PVC - Polyvinyl Chloride. Solicita disponibilidad, cantidades y soporte técnico para despacho en Colombia.",
107201,1/0-4C VNTC N/S Cable para bandeja w/tierra M4 600V ER,Cables especiales,Cable para bandeja / tray cable,,1/0,4,600 V,Sí,PVC - Polyvinyl Chloride,,,,,,"1/0-4C VNTC N/S Cable para bandeja w/tierra M4 600V ER. Referencia 107201 para cotización en Surtilec, línea Cables especiales / Cable para bandeja / tray cable. Especificaciones registradas: calibre 1/0 AWG, 4 conductores, voltaje 600 V, apantallado, chaqueta PVC - Polyvinyl Chloride. Solicita disponibilidad, cantidades y soporte técnico para despacho en Colombia.",
107202,10/3C VNTC N/S Cable para bandeja w/tierra E2 600V ER,Cables especiales,Cable para bandeja / tray cable,,10,3,600 V,Sí,PVC - Polyvinyl Chloride,,,,,,"10/3C VNTC N/S Cable para bandeja w/tierra E2 600V ER. Referencia 107202 para cotización en Surtilec, línea Cables especiales / Cable para bandeja / tray cable. Especificaciones registradas: calibre 10 AWG, 3 conductores, voltaje 600 V, apantallado, chaqueta PVC - Polyvinyl Chloride. Solicita disponibilidad, cantidades y soporte técnico para despacho en Colombia.",
107203,12/3C VNTC N/S Cable para bandeja w/tierra E2 600V ER,Cables especiales,Cable para bandeja / tray cable,,12,3,600 V,Sí,PVC - Polyvinyl Chloride,,,,,,"12/3C VNTC N/S Cable para bandeja w/tierra E2 600V ER. Referencia 107203 para cotización en Surtilec, línea Cables especiales / Cable para bandeja / tray cable. Especificaciones registradas: calibre 12 AWG, 3 conductores, voltaje 600 V, apantallado, chaqueta PVC - Polyvinyl Chloride. Solicita disponibilidad, cantidades y soporte técnico para despacho en Colombia.",
107204,250MCM/3C VNTC N/S Cable para bandeja w/tierra M4 600V ER,Cables especiales,Cable para bandeja / tray cable,,250 MCM,3,600 V,Sí,PVC - Polyvinyl Chloride,,,,,,"250MCM/3C VNTC N/S Cable para bandeja w/tierra M4 600V ER. Referencia 107204 para cotización en Surtilec, línea Cables especiales / Cable para bandeja / tray cable. Especificaciones registradas: calibre 250 MCM, 3 conductores, voltaje 600 V, apantallado, chaqueta PVC - Polyvinyl Chloride. Solicita disponibilidad, cantidades y soporte técnico para despacho en Colombia.",
107205,250MCM/4C VNTC N/S Cable para bandeja w/tierra M4 600V ER,Cables especiales,Cable para bandeja / tray cable,,250 MCM,4,600 V,Sí,PVC - Polyvinyl Chloride,,,,,,"250MCM/4C VNTC N/S Cable para bandeja w/tierra M4 600V ER. Referencia 107205 para cotización en Surtilec, línea Cables especiales / Cable para bandeja / tray cable. Especificaciones registradas: calibre 250 MCM, 4 conductores, voltaje 600 V, apantallado, chaqueta PVC - Polyvinyl Chloride. Solicita disponibilidad, cantidades y soporte técnico para despacho en Colombia.",
107206,350MCM/4C VNTC N/S Cable para bandeja w/tierra M4 600V ER,Cables especiales,Cable para bandeja / tray cable,,350 MCM,4,600 V,Sí,PVC - Polyvinyl Chloride,,,,,,"350MCM/4C VNTC N/S Cable para bandeja w/tierra M4 600V ER. Referencia 107206 para cotización en Surtilec, línea Cables especiales / Cable para bandeja / tray cable. Especificaciones registradas: calibre 350 MCM, 4 conductores, voltaje 600 V, apantallado, chaqueta PVC - Polyvinyl Chloride. Solicita disponibilidad, cantidades y soporte técnico para despacho en Colombia.",
107207,4/0-4C VNTC N/S Cable para bandeja w/tierra M4 600V ER,Cables especiales,Cable para bandeja / tray cable,,4/0,4,600 V,Sí,PVC - Polyvinyl Chloride,,,,,,"4/0-4C VNTC N/S Cable para bandeja w/tierra M4 600V ER. Referencia 107207 para cotización en Surtilec, línea Cables especiales / Cable para bandeja / tray cable. Especificaciones registradas: calibre 4/0 AWG, 4 conductores, voltaje 600 V, apantallado, chaqueta PVC - Polyvinyl Chloride. Solicita disponibilidad, cantidades y soporte técnico para despacho en Colombia.",
107208,500MCM/4C VNTC N/S Cable para bandeja w/tierra M4 600V ER,Cables especiales,Cable para bandeja / tray cable,,500 MCM,4,600 V,Sí,PVC - Polyvinyl Chloride,,,,,,"500MCM/4C VNTC N/S Cable para bandeja w/tierra M4 600V ER. Referencia 107208 para cotización en Surtilec, línea Cables especiales / Cable para bandeja / tray cable. Especificaciones registradas: calibre 500 MCM, 4 conductores, voltaje 600 V, apantallado, chaqueta PVC - Polyvinyl Chloride. Solicita disponibilidad, cantidades y soporte técnico para despacho en Colombia.",
107209,750MCM/3C VNTC N/S Cable para bandeja w/tierra M4 600V ER,Cables especiales,Cable para bandeja / tray cable,,750 MCM,3,600 V,Sí,PVC - Polyvinyl Chloride,,,,,,"750MCM/3C VNTC N/S Cable para bandeja w/tierra M4 600V ER. Referencia 107209 para cotización en Surtilec, línea Cables especiales / Cable para bandeja / tray cable. Especificaciones registradas: calibre 750 MCM, 3 conductores, voltaje 600 V, apantallado, chaqueta PVC - Polyvinyl Chloride. Solicita disponibilidad, cantidades y soporte técnico para despacho en Colombia.",
107210,16/2C FREP/CPE apantallado Cable para bandeja E2 600V TC,Cables especiales,Cable para bandeja / tray cable,,16,2,600 V,Sí,CPE - Chlorinated Polyethylene,,,,,,"16/2C FREP/CPE apantallado Cable para bandeja E2 600V TC. Referencia 107210 para cotización en Surtilec, línea Cables especiales / Cable para bandeja / tray cable. Especificaciones registradas: calibre 16 AWG, 2 conductores, voltaje 600 V, apantallado, chaqueta CPE - Chlorinated Polyethylene. Solicita disponibilidad, cantidades y soporte técnico para despacho en Colombia.",
107211,4/0-3C FREP/CPE N/S Cable para bandeja w/G M4 600V ER,Cables especiales,Cable para bandeja / tray cable,,4/0,3,600 V,Sí,CPE - Chlorinated Polyethylene,,,,,,"4/0-3C FREP/CPE N/S Cable para bandeja w/G M4 600V ER. Referencia 107211 para cotización en Surtilec, línea Cables especiales / Cable para bandeja / tray cable. Especificaciones registradas: calibre 4/0 AWG, 3 conductores, voltaje 600 V, apantallado, chaqueta CPE - Chlorinated Polyethylene. Solicita disponibilidad, cantidades y soporte técnico para despacho en Colombia.",
107212,16/2TR STOS W/drenaje FREP/CPE,Cables especiales,Cables apantallados,,16,2,600 V,Sí,CPE - Chlorinated Polyethylene,,,,,,"16/2TR STOS W/drenaje FREP/CPE. Referencia 107212 para cotización en Surtilec, línea Cables especiales / Cables apantallados. Especificaciones registradas: calibre 16 AWG, 2 conductores, voltaje 600 V, apantallado, chaqueta CPE - Chlorinated Polyethylene. Solicita disponibilidad, cantidades y soporte técnico para despacho en Colombia.",
107213,2/3C SOOW Cordón portátil 90C 600V CPE negro Non-UL,Cable flexible,Cable encauchetado,,2,3,600 V,Sí,Thermoset CPE,,,,,,"2/3C SOOW Cordón portátil 90C 600V CPE negro Non-UL. Referencia 107213 para cotización en Surtilec, línea Cable flexible / Cable encauchetado. Especificaciones registradas: calibre 2 AWG, 3 conductores, voltaje 600 V, apantallado, chaqueta Thermoset CPE. Solicita disponibilidad, cantidades y soporte técnico para despacho en Colombia.",
107214,2/4C SOOW Cordón portátil 90C 600V CPE negro Non-UL,Cable flexible,Cable encauchetado,,2,4,600 V,Sí,Thermoset CPE,,,,,,"2/4C SOOW Cordón portátil 90C 600V CPE negro Non-UL. Referencia 107214 para cotización en Surtilec, línea Cable flexible / Cable encauchetado. Especificaciones registradas: calibre 2 AWG, 4 conductores, voltaje 600 V, apantallado, chaqueta Thermoset CPE. Solicita disponibilidad, cantidades y soporte técnico para despacho en Colombia.",
107215,2/5C SOOW Cordón portátil 90C 600V CPE negro Non-UL,Cable flexible,Cable encauchetado,,2,5,600 V,Sí,Thermoset CPE,,,,,,"2/5C SOOW Cordón portátil 90C 600V CPE negro Non-UL. Referencia 107215 para cotización en Surtilec, línea Cable flexible / Cable encauchetado. Especificaciones registradas: calibre 2 AWG, 5 conductores, voltaje 600 V, apantallado, chaqueta Thermoset CPE. Solicita disponibilidad, cantidades y soporte técnico para despacho en Colombia.",
107216,4/3C SOOW Cordón portátil 90C 600V CPE negro Non-UL,Cable flexible,Cable encauchetado,,4,3,600 V,Sí,Thermoset CPE,,,,,,"4/3C SOOW Cordón portátil 90C 600V CPE negro Non-UL. Referencia 107216 para cotización en Surtilec, línea Cable flexible / Cable encauchetado. Especificaciones registradas: calibre 4 AWG, 3 conductores, voltaje 600 V, apantallado, chaqueta Thermoset CPE. Solicita disponibilidad, cantidades y soporte técnico para despacho en Colombia.",
107217,4/5C SOOW Cordón portátil 90C 600V CPE negro Non-UL,Cable flexible,Cable encauchetado,,4,5,600 V,Sí,Thermoset CPE,,,,,,"4/5C SOOW Cordón portátil 90C 600V CPE negro Non-UL. Referencia 107217 para cotización en Surtilec, línea Cable flexible / Cable encauchetado. Especificaciones registradas: calibre 4 AWG, 5 conductores, voltaje 600 V, apantallado, chaqueta Thermoset CPE. Solicita disponibilidad, cantidades y soporte técnico para despacho en Colombia.",
107218,6/3C SOOW Cordón portátil 90C 600V CPE negro Non-UL,Cable flexible,Cable encauchetado,,6,3,600 V,Sí,Thermoset CPE,,,,,,"6/3C SOOW Cordón portátil 90C 600V CPE negro Non-UL. Referencia 107218 para cotización en Surtilec, línea Cable flexible / Cable encauchetado. Especificaciones registradas: calibre 6 AWG, 3 conductores, voltaje 600 V, apantallado, chaqueta Thermoset CPE. Solicita disponibilidad, cantidades y soporte técnico para despacho en Colombia.",
107219,6/4C SOOW Cordón portátil 90C 600V CPE negro Non-UL,Cable flexible,Cable encauchetado,,6,4,600 V,Sí,Thermoset CPE,,,,,,"6/4C SOOW Cordón portátil 90C 600V CPE negro Non-UL. Referencia 107219 para cotización en Surtilec, línea Cable flexible / Cable encauchetado. Especificaciones registradas: calibre 6 AWG, 4 conductores, voltaje 600 V, apantallado, chaqueta Thermoset CPE. Solicita disponibilidad, cantidades y soporte técnico para despacho en Colombia.",
107220,6/5C SOOW Cordón portátil 90C 600V CPE negro Non-UL,Cable flexible,Cable encauchetado,,6,5,600 V,Sí,Thermoset CPE,,,,,,"6/5C SOOW Cordón portátil 90C 600V CPE negro Non-UL. Referencia 107220 para cotización en Surtilec, línea Cable flexible / Cable encauchetado. Especificaciones registradas: calibre 6 AWG, 5 conductores, voltaje 600 V, apantallado, chaqueta Thermoset CPE. Solicita disponibilidad, cantidades y soporte técnico para despacho en Colombia.",
107221,8/5C SOOW Cordón portátil 90C 600V CPE negro Non-UL,Cable flexible,Cable encauchetado,,8,5,600 V,Sí,Thermoset CPE,,,,,,"8/5C SOOW Cordón portátil 90C 600V CPE negro Non-UL. Referencia 107221 para cotización en Surtilec, línea Cable flexible / Cable encauchetado. Especificaciones registradas: calibre 8 AWG, 5 conductores, voltaje 600 V, apantallado, chaqueta Thermoset CPE. Solicita disponibilidad, cantidades y soporte técnico para despacho en Colombia.",
107222,10/3C SOOW Cordón portátil 90C 600V CPE,Cable flexible,Cable encauchetado,,10,3,600 V,Sí,Thermoset CPE,,,,,,"10/3C SOOW Cordón portátil 90C 600V CPE. Referencia 107222 para cotización en Surtilec, línea Cable flexible / Cable encauchetado. Especificaciones registradas: calibre 10 AWG, 3 conductores, voltaje 600 V, apantallado, chaqueta Thermoset CPE. Solicita disponibilidad, cantidades y soporte técnico para despacho en Colombia.",
107223,10/4C SOOW Cordón portátil 90C 600V CPE,Cable flexible,Cable encauchetado,,10,4,600 V,Sí,Thermoset CPE,,,,,,"10/4C SOOW Cordón portátil 90C 600V CPE. Referencia 107223 para cotización en Surtilec, línea Cable flexible / Cable encauchetado. Especificaciones registradas: calibre 10 AWG, 4 conductores, voltaje 600 V, apantallado, chaqueta Thermoset CPE. Solicita disponibilidad, cantidades y soporte técnico para despacho en Colombia.",
107224,10/5C SOOW Cordón portátil 90C 600V CPE,Cable flexible,Cable encauchetado,,10,5,600 V,,Thermoset CPE,,,,,,"10/5C SOOW Cordón portátil 90C 600V CPE. Referencia 107224 para cotización en Surtilec, línea Cable flexible / Cable encauchetado. Especificaciones registradas: calibre 10 AWG, 5 conductores, voltaje 600 V, chaqueta Thermoset CPE. Solicita disponibilidad, cantidades y soporte técnico para despacho en Colombia.",
107225,10/6C SOOW Cordón portátil 90C 600V CPE,Cable flexible,Cable encauchetado,,10,6,600 V,,Thermoset CPE,400,,,,,"10/6C SOOW Cordón portátil 90C 600V CPE. Referencia 107225 para cotización en Surtilec, línea Cable flexible / Cable encauchetado. Especificaciones registradas: calibre 10 AWG, 6 conductores, voltaje 600 V, chaqueta Thermoset CPE. Solicita disponibilidad, cantidades y soporte técnico para despacho en Colombia.",
107226,10/7C SOOW Cordón portátil 90C 600V CPE,Cable flexible,Cable encauchetado,,10,7,600 V,,Thermoset CPE,,,,,,"10/7C SOOW Cordón portátil 90C 600V CPE. Referencia 107226 para cotización en Surtilec, línea Cable flexible / Cable encauchetado. Especificaciones registradas: calibre 10 AWG, 7 conductores, voltaje 600 V, chaqueta Thermoset CPE. Solicita disponibilidad, cantidades y soporte técnico para despacho en Colombia.",
107227,12/2C SOOW Cordón portátil 90C 600V CPE,Cable flexible,Cable encauchetado,,12,2,600 V,Sí,Thermoset CPE,,,,,,"12/2C SOOW Cordón portátil 90C 600V CPE. Referencia 107227 para cotización en Surtilec, línea Cable flexible / Cable encauchetado. Especificaciones registradas: calibre 12 AWG, 2 conductores, voltaje 600 V, apantallado, chaqueta Thermoset CPE. Solicita disponibilidad, cantidades y soporte técnico para despacho en Colombia.",
107228,12/3C SOOW Cordón portátil 90C 600V CPE,Cable flexible,Cable encauchetado,,12,3,600 V,Sí,Thermoset CPE,,,,,,"12/3C SOOW Cordón portátil 90C 600V CPE. Referencia 107228 para cotización en Surtilec, línea Cable flexible / Cable encauchetado. Especificaciones registradas: calibre 12 AWG, 3 conductores, voltaje 600 V, apantallado, chaqueta Thermoset CPE. Solicita disponibilidad, cantidades y soporte técnico para despacho en Colombia.",
107229,12/4C SOOW Cordón portátil 90C 600V CPE,Cable flexible,Cable encauchetado,,12,4,600 V,Sí,Thermoset CPE,,,,,,"12/4C SOOW Cordón portátil 90C 600V CPE. Referencia 107229 para cotización en Surtilec, línea Cable flexible / Cable encauchetado. Especificaciones registradas: calibre 12 AWG, 4 conductores, voltaje 600 V, apantallado, chaqueta Thermoset CPE. Solicita disponibilidad, cantidades y soporte técnico para despacho en Colombia.",
107230,12/5C SOOW Cordón portátil 90C 600V CPE,Cable flexible,Cable encauchetado,,12,5,600 V,Sí,Thermoset CPE,,,,,,"12/5C SOOW Cordón portátil 90C 600V CPE. Referencia 107230 para cotización en Surtilec, línea Cable flexible / Cable encauchetado. Especificaciones registradas: calibre 12 AWG, 5 conductores, voltaje 600 V, apantallado, chaqueta Thermoset CPE. Solicita disponibilidad, cantidades y soporte técnico para despacho en Colombia.",
107231,12/6C SOOW Cordón portátil 90C 600V CPE,Cable flexible,Cable encauchetado,,12,6,600 V,Sí,Thermoset CPE,,,,,,"12/6C SOOW Cordón portátil 90C 600V CPE. Referencia 107231 para cotización en Surtilec, línea Cable flexible / Cable encauchetado. Especificaciones registradas: calibre 12 AWG, 6 conductores, voltaje 600 V, apantallado, chaqueta Thermoset CPE. Solicita disponibilidad, cantidades y soporte técnico para despacho en Colombia.",
107232,12/7C SOOW Cordón portátil 90C 600V CPE,Cable flexible,Cable encauchetado,,12,7,600 V,Sí,Thermoset CPE,,,,,,"12/7C SOOW Cordón portátil 90C 600V CPE. Referencia 107232 para cotización en Surtilec, línea Cable flexible / Cable encauchetado. Especificaciones registradas: calibre 12 AWG, 7 conductores, voltaje 600 V, apantallado, chaqueta Thermoset CPE. Solicita disponibilidad, cantidades y soporte técnico para despacho en Colombia.",
107233,12/8C SOOW Cordón portátil 90C 600V CPE,Cable flexible,Cable encauchetado,,12,8,600 V,Sí,Thermoset CPE,,,,,,"12/8C SOOW Cordón portátil 90C 600V CPE. Referencia 107233 para cotización en Surtilec, línea Cable flexible / Cable encauchetado. Especificaciones registradas: calibre 12 AWG, 8 conductores, voltaje 600 V, apantallado, chaqueta Thermoset CPE. Solicita disponibilidad, cantidades y soporte técnico para despacho en Colombia.",
107234,12/9C SOOW Cordón portátil 90C 600V CPE,Cable flexible,Cable encauchetado,,12,9,600 V,Sí,Thermoset CPE,,,,,,"12/9C SOOW Cordón portátil 90C 600V CPE. Referencia 107234 para cotización en Surtilec, línea Cable flexible / Cable encauchetado. Especificaciones registradas: calibre 12 AWG, 9 conductores, voltaje 600 V, apantallado, chaqueta Thermoset CPE. Solicita disponibilidad, cantidades y soporte técnico para despacho en Colombia.",
107235,12/10C SOOW Cordón portátil 90C 600V CPE,Cable flexible,Cable encauchetado,,12,10,600 V,Sí,Thermoset CPE,400,,,,,"12/10C SOOW Cordón portátil 90C 600V CPE. Referencia 107235 para cotización en Surtilec, línea Cable flexible / Cable encauchetado. Especificaciones registradas: calibre 12 AWG, 10 conductores, voltaje 600 V, apantallado, chaqueta Thermoset CPE. Solicita disponibilidad, cantidades y soporte técnico para despacho en Colombia.",
107236,12/12C SOOW Cordón portátil 90C 600V CPE,Cable flexible,Cable encauchetado,,12,12,600 V,Sí,Thermoset CPE,,,,,,"12/12C SOOW Cordón portátil 90C 600V CPE. Referencia 107236 para cotización en Surtilec, línea Cable flexible / Cable encauchetado. Especificaciones registradas: calibre 12 AWG, 12 conductores, voltaje 600 V, apantallado, chaqueta Thermoset CPE. Solicita disponibilidad, cantidades y soporte técnico para despacho en Colombia.",
107237,12/14C SOOW Cordón portátil 90C 600V CPE,Cable flexible,Cable encauchetado,,12,14,600 V,Sí,Thermoset CPE,,,,,,"12/14C SOOW Cordón portátil 90C 600V CPE. Referencia 107237 para cotización en Surtilec, línea Cable flexible / Cable encauchetado. Especificaciones registradas: calibre 12 AWG, 14 conductores, voltaje 600 V, apantallado, chaqueta Thermoset CPE. Solicita disponibilidad, cantidades y soporte técnico para despacho en Colombia.",
107238,12/16C SOOW Cordón portátil 90C 600V CPE,Cable flexible,Cable encauchetado,,12,16,600 V,Sí,Thermoset CPE,,,,,,"12/16C SOOW Cordón portátil 90C 600V CPE. Referencia 107238 para cotización en Surtilec, línea Cable flexible / Cable encauchetado. Especificaciones registradas: calibre 12 AWG, 16 conductores, voltaje 600 V, apantallado, chaqueta Thermoset CPE. Solicita disponibilidad, cantidades y soporte técnico para despacho en Colombia.",
107239,12/20C SOOW Cordón portátil 90C 600V CPE,Cable flexible,Cable encauchetado,,12,20,600 V,Sí,Thermoset CPE,,,,,,"12/20C SOOW Cordón portátil 90C 600V CPE. Referencia 107239 para cotización en Surtilec, línea Cable flexible / Cable encauchetado. Especificaciones registradas: calibre 12 AWG, 20 conductores, voltaje 600 V, apantallado, chaqueta Thermoset CPE. Solicita disponibilidad, cantidades y soporte técnico para despacho en Colombia.",
107240,12/24C SOOW Cordón portátil 90C 600V CPE,Cable flexible,Cable encauchetado,,12,24,600 V,Sí,Thermoset CPE,,,,,,"12/24C SOOW Cordón portátil 90C 600V CPE. Referencia 107240 para cotización en Surtilec, línea Cable flexible / Cable encauchetado. Especificaciones registradas: calibre 12 AWG, 24 conductores, voltaje 600 V, apantallado, chaqueta Thermoset CPE. Solicita disponibilidad, cantidades y soporte técnico para despacho en Colombia.",
107241,12/30C SOOW Cordón portátil 90C 600V CPE,Cable flexible,Cable encauchetado,,12,30,600 V,Sí,Thermoset CPE,,,,,,"12/30C SOOW Cordón portátil 90C 600V CPE. Referencia 107241 para cotización en Surtilec, línea Cable flexible / Cable encauchetado. Especificaciones registradas: calibre 12 AWG, 30 conductores, voltaje 600 V, apantallado, chaqueta Thermoset CPE. Solicita disponibilidad, cantidades y soporte técnico para despacho en Colombia.",
107242,14/2C SOOW Cordón portátil 90C 600V CPE,Cable flexible,Cable encauchetado,,14,2,600 V,Sí,Thermoset CPE,,,,,,"14/2C SOOW Cordón portátil 90C 600V CPE. Referencia 107242 para cotización en Surtilec, línea Cable flexible / Cable encauchetado. Especificaciones registradas: calibre 14 AWG, 2 conductores, voltaje 600 V, apantallado, chaqueta Thermoset CPE. Solicita disponibilidad, cantidades y soporte técnico para despacho en Colombia.",
107243,14/3C SOOW Cordón portátil 90C 600V CPE,Cable flexible,Cable encauchetado,,14,3,600 V,Sí,Thermoset CPE,,,,,,"14/3C SOOW Cordón portátil 90C 600V CPE. Referencia 107243 para cotización en Surtilec, línea Cable flexible / Cable encauchetado. Especificaciones registradas: calibre 14 AWG, 3 conductores, voltaje 600 V, apantallado, chaqueta Thermoset CPE. Solicita disponibilidad, cantidades y soporte técnico para despacho en Colombia.",
107244,14/4C SOOW Cordón portátil 90C 600V CPE,Cable flexible,Cable encauchetado,,14,4,600 V,Sí,Thermoset CPE,,,,,,"14/4C SOOW Cordón portátil 90C 600V CPE. Referencia 107244 para cotización en Surtilec, línea Cable flexible / Cable encauchetado. Especificaciones registradas: calibre 14 AWG, 4 conductores, voltaje 600 V, apantallado, chaqueta Thermoset CPE. Solicita disponibilidad, cantidades y soporte técnico para despacho en Colombia.",
107245,14/5C SOOW Cordón portátil 90C 600V CPE,Cable flexible,Cable encauchetado,,14,5,600 V,Sí,Thermoset CPE,,,,,,"14/5C SOOW Cordón portátil 90C 600V CPE. Referencia 107245 para cotización en Surtilec, línea Cable flexible / Cable encauchetado. Especificaciones registradas: calibre 14 AWG, 5 conductores, voltaje 600 V, apantallado, chaqueta Thermoset CPE. Solicita disponibilidad, cantidades y soporte técnico para despacho en Colombia.",
107246,14/6C SOOW Cordón portátil 90C 600V CPE,Cable flexible,Cable encauchetado,,14,6,600 V,Sí,Thermoset CPE,400,,,,,"14/6C SOOW Cordón portátil 90C 600V CPE. Referencia 107246 para cotización en Surtilec, línea Cable flexible / Cable encauchetado. Especificaciones registradas: calibre 14 AWG, 6 conductores, voltaje 600 V, apantallado, chaqueta Thermoset CPE. Solicita disponibilidad, cantidades y soporte técnico para despacho en Colombia.",
107247,14/7C SOOW Cordón portátil 90C 600V CPE,Cable flexible,Cable encauchetado,,14,7,600 V,Sí,Thermoset CPE,400,,,,,"14/7C SOOW Cordón portátil 90C 600V CPE. Referencia 107247 para cotización en Surtilec, línea Cable flexible / Cable encauchetado. Especificaciones registradas: calibre 14 AWG, 7 conductores, voltaje 600 V, apantallado, chaqueta Thermoset CPE. Solicita disponibilidad, cantidades y soporte técnico para despacho en Colombia.",
107248,14/8C SOOW Cordón portátil 90C 600V CPE,Cable flexible,Cable encauchetado,,14,8,600 V,Sí,Thermoset CPE,,,,,,"14/8C SOOW Cordón portátil 90C 600V CPE. Referencia 107248 para cotización en Surtilec, línea Cable flexible / Cable encauchetado. Especificaciones registradas: calibre 14 AWG, 8 conductores, voltaje 600 V, apantallado, chaqueta Thermoset CPE. Solicita disponibilidad, cantidades y soporte técnico para despacho en Colombia.",
107249,14/10C SOOW Cordón portátil 90C 600V CPE,Cable flexible,Cable encauchetado,,14,10,600 V,Sí,Thermoset CPE,,,,,,"14/10C SOOW Cordón portátil 90C 600V CPE. Referencia 107249 para cotización en Surtilec, línea Cable flexible / Cable encauchetado. Especificaciones registradas: calibre 14 AWG, 10 conductores, voltaje 600 V, apantallado, chaqueta Thermoset CPE. Solicita disponibilidad, cantidades y soporte técnico para despacho en Colombia.",
107250,14/12C SOOW Cordón portátil 90C 600V CPE,Cable flexible,Cable encauchetado,,14,12,600 V,Sí,Thermoset CPE,,,,,,"14/12C SOOW Cordón portátil 90C 600V CPE. Referencia 107250 para cotización en Surtilec, línea Cable flexible / Cable encauchetado. Especificaciones registradas: calibre 14 AWG, 12 conductores, voltaje 600 V, apantallado, chaqueta Thermoset CPE. Solicita disponibilidad, cantidades y soporte técnico para despacho en Colombia.",
107251,14/14C SOOW Cordón portátil 90C 600V CPE,Cable flexible,Cable encauchetado,,14,14,600 V,Sí,Thermoset CPE,,,,,,"14/14C SOOW Cordón portátil 90C 600V CPE. Referencia 107251 para cotización en Surtilec, línea Cable flexible / Cable encauchetado. Especificaciones registradas: calibre 14 AWG, 14 conductores, voltaje 600 V, apantallado, chaqueta Thermoset CPE. Solicita disponibilidad, cantidades y soporte técnico para despacho en Colombia.",
107252,14/16C SOOW Cordón portátil 90C 600V CPE,Cable flexible,Cable encauchetado,,14,16,600 V,Sí,Thermoset CPE,,,,,,"14/16C SOOW Cordón portátil 90C 600V CPE. Referencia 107252 para cotización en Surtilec, línea Cable flexible / Cable encauchetado. Especificaciones registradas: calibre 14 AWG, 16 conductores, voltaje 600 V, apantallado, chaqueta Thermoset CPE. Solicita disponibilidad, cantidades y soporte técnico para despacho en Colombia.",
107253,14/20C SOOW Cordón portátil 90C 600V CPE,Cable flexible,Cable encauchetado,,14,20,600 V,Sí,Thermoset CPE,,,,,,"14/20C SOOW Cordón portátil 90C 600V CPE. Referencia 107253 para cotización en Surtilec, línea Cable flexible / Cable encauchetado. Especificaciones registradas: calibre 14 AWG, 20 conductores, voltaje 600 V, apantallado, chaqueta Thermoset CPE. Solicita disponibilidad, cantidades y soporte técnico para despacho en Colombia.",
107254,14/24C SOOW Cordón portátil 90C 600V CPE,Cable flexible,Cable encauchetado,,14,24,600 V,Sí,Thermoset CPE,,,,,,"14/24C SOOW Cordón portátil 90C 600V CPE. Referencia 107254 para cotización en Surtilec, línea Cable flexible / Cable encauchetado. Especificaciones registradas: calibre 14 AWG, 24 conductores, voltaje 600 V, apantallado, chaqueta Thermoset CPE. Solicita disponibilidad, cantidades y soporte técnico para despacho en Colombia.",
107255,16/5C SOOW Cordón portátil 90C 600V CPE,Cable flexible,Cable encauchetado,,16,5,600 V,Sí,Thermoset CPE,400,,,,,"16/5C SOOW Cordón portátil 90C 600V CPE. Referencia 107255 para cotización en Surtilec, línea Cable flexible / Cable encauchetado. Especificaciones registradas: calibre 16 AWG, 5 conductores, voltaje 600 V, apantallado, chaqueta Thermoset CPE. Solicita disponibilidad, cantidades y soporte técnico para despacho en Colombia.",
107256,16/6C SOOW Cordón portátil 90C 600V CPE,Cable flexible,Cable encauchetado,,16,6,600 V,Sí,Thermoset CPE,,,,,,"16/6C SOOW Cordón portátil 90C 600V CPE. Referencia 107256 para cotización en Surtilec, línea Cable flexible / Cable encauchetado. Especificaciones registradas: calibre 16 AWG, 6 conductores, voltaje 600 V, apantallado, chaqueta Thermoset CPE. Solicita disponibilidad, cantidades y soporte técnico para despacho en Colombia.",
107257,16/7C SOOW Cordón portátil 90C 600V CPE,Cable flexible,Cable encauchetado,,16,7,600 V,Sí,,,,,,,"16/7C SOOW Cordón portátil 90C 600V CPE. Referencia 107257 para cotización en Surtilec, línea Cable flexible / Cable encauchetado. Especificaciones registradas: calibre 16 AWG, 7 conductores, voltaje 600 V, apantallado. Solicita disponibilidad, cantidades y soporte técnico para despacho en Colombia.",
107258,16/8C SOOW Cordón portátil 90C 600V CPE,Cable flexible,Cable encauchetado,,16,8,600 V,Sí,Thermoset CPE,,,,,,"16/8C SOOW Cordón portátil 90C 600V CPE. Referencia 107258 para cotización en Surtilec, línea Cable flexible / Cable encauchetado. Especificaciones registradas: calibre 16 AWG, 8 conductores, voltaje 600 V, apantallado, chaqueta Thermoset CPE. Solicita disponibilidad, cantidades y soporte técnico para despacho en Colombia.",
107259,16/10C SOOW Cordón portátil 90C 600V CPE,Cable flexible,Cable encauchetado,,16,10,600 V,Sí,Thermoset CPE,,,,,,"16/10C SOOW Cordón portátil 90C 600V CPE. Referencia 107259 para cotización en Surtilec, línea Cable flexible / Cable encauchetado. Especificaciones registradas: calibre 16 AWG, 10 conductores, voltaje 600 V, apantallado, chaqueta Thermoset CPE. Solicita disponibilidad, cantidades y soporte técnico para despacho en Colombia.",
107260,16/12C SOOW Cordón portátil 90C 600V CPE,Cable flexible,Cable encauchetado,,16,12,600 V,Sí,Thermoset CPE,,,,,,"16/12C SOOW Cordón portátil 90C 600V CPE. Referencia 107260 para cotización en Surtilec, línea Cable flexible / Cable encauchetado. Especificaciones registradas: calibre 16 AWG, 12 conductores, voltaje 600 V, apantallado, chaqueta Thermoset CPE. Solicita disponibilidad, cantidades y soporte técnico para despacho en Colombia.",
107261,16/14C SOOW Cordón portátil 90C 600V CPE,Cable flexible,Cable encauchetado,,16,14,600 V,Sí,Thermoset CPE,,,,,,"16/14C SOOW Cordón portátil 90C 600V CPE. Referencia 107261 para cotización en Surtilec, línea Cable flexible / Cable encauchetado. Especificaciones registradas: calibre 16 AWG, 14 conductores, voltaje 600 V, apantallado, chaqueta Thermoset CPE. Solicita disponibilidad, cantidades y soporte técnico para despacho en Colombia.",
107262,16/16C SOOW Cordón portátil 90C 600V CPE,Cable flexible,Cable encauchetado,,16,16,600 V,Sí,Thermoset CPE,,,,,,"16/16C SOOW Cordón portátil 90C 600V CPE. Referencia 107262 para cotización en Surtilec, línea Cable flexible / Cable encauchetado. Especificaciones registradas: calibre 16 AWG, 16 conductores, voltaje 600 V, apantallado, chaqueta Thermoset CPE. Solicita disponibilidad, cantidades y soporte técnico para despacho en Colombia.",
107263,16/20C SOOW Cordón portátil 90C 600V CPE,Cable flexible,Cable encauchetado,,16,20,600 V,Sí,Thermoset CPE,,,,,,"16/20C SOOW Cordón portátil 90C 600V CPE. Referencia 107263 para cotización en Surtilec, línea Cable flexible / Cable encauchetado. Especificaciones registradas: calibre 16 AWG, 20 conductores, voltaje 600 V, apantallado, chaqueta Thermoset CPE. Solicita disponibilidad, cantidades y soporte técnico para despacho en Colombia.",
107264,16/24C SOOW Cordón portátil 90C 600V CPE,Cable flexible,Cable encauchetado,,16,24,600 V,Sí,Thermoset CPE,,,,,,"16/24C SOOW Cordón portátil 90C 600V CPE. Referencia 107264 para cotización en Surtilec, línea Cable flexible / Cable encauchetado. Especificaciones registradas: calibre 16 AWG, 24 conductores, voltaje 600 V, apantallado, chaqueta Thermoset CPE. Solicita disponibilidad, cantidades y soporte técnico para despacho en Colombia.",
107265,16/30C SOOW Cordón portátil 90C 600V CPE,Cable flexible,Cable encauchetado,,16,30,600 V,Sí,Thermoset CPE,,,,,,"16/30C SOOW Cordón portátil 90C 600V CPE. Referencia 107265 para cotización en Surtilec, línea Cable flexible / Cable encauchetado. Especificaciones registradas: calibre 16 AWG, 30 conductores, voltaje 600 V, apantallado, chaqueta Thermoset CPE. Solicita disponibilidad, cantidades y soporte técnico para despacho en Colombia.",
107266,16/40C SOOW Cordón portátil 90C 600V CPE,Cable flexible,Cable encauchetado,,16,40,600 V,Sí,Thermoset CPE,Tes,,,,,"16/40C SOOW Cordón portátil 90C 600V CPE. Referencia 107266 para cotización en Surtilec, línea Cable flexible / Cable encauchetado. Especificaciones registradas: calibre 16 AWG, 40 conductores, voltaje 600 V, apantallado, chaqueta Thermoset CPE. Solicita disponibilidad, cantidades y soporte técnico para despacho en Colombia.",
107267,18/2C SOOW Cordón portátil 90C 600V CPE,Cable flexible,Cable encauchetado,,18,2,600 V,Sí,Thermoset CPE,,,,,,"18/2C SOOW Cordón portátil 90C 600V CPE. Referencia 107267 para cotización en Surtilec, línea Cable flexible / Cable encauchetado. Especificaciones registradas: calibre 18 AWG, 2 conductores, voltaje 600 V, apantallado, chaqueta Thermoset CPE. Solicita disponibilidad, cantidades y soporte técnico para despacho en Colombia.",
107268,18/3C SOOW Cordón portátil 90C 600V CPE,Cable flexible,Cable encauchetado,,18,3,600 V,Sí,Thermoset CPE,,,,,,"18/3C SOOW Cordón portátil 90C 600V CPE. Referencia 107268 para cotización en Surtilec, línea Cable flexible / Cable encauchetado. Especificaciones registradas: calibre 18 AWG, 3 conductores, voltaje 600 V, apantallado, chaqueta Thermoset CPE. Solicita disponibilidad, cantidades y soporte técnico para despacho en Colombia.",
107269,18/4C SOOW Cordón portátil 90C 600V CPE,Cable flexible,Cable encauchetado,,18,4,600 V,Sí,Thermoset CPE,,,,,,"18/4C SOOW Cordón portátil 90C 600V CPE. Referencia 107269 para cotización en Surtilec, línea Cable flexible / Cable encauchetado. Especificaciones registradas: calibre 18 AWG, 4 conductores, voltaje 600 V, apantallado, chaqueta Thermoset CPE. Solicita disponibilidad, cantidades y soporte técnico para despacho en Colombia.",
107270,18/6C SOOW Cordón portátil 90C 600V CPE,Cable flexible,Cable encauchetado,,18,6,600 V,Sí,Thermoset CPE,,,,,,"18/6C SOOW Cordón portátil 90C 600V CPE. Referencia 107270 para cotización en Surtilec, línea Cable flexible / Cable encauchetado. Especificaciones registradas: calibre 18 AWG, 6 conductores, voltaje 600 V, apantallado, chaqueta Thermoset CPE. Solicita disponibilidad, cantidades y soporte técnico para despacho en Colombia.",
107271,18/7C SOOW Cordón portátil 90C 600V CPE,Cable flexible,Cable encauchetado,,18,7,600 V,Sí,Thermoset CPE,,,,,,"18/7C SOOW Cordón portátil 90C 600V CPE. Referencia 107271 para cotización en Surtilec, línea Cable flexible / Cable encauchetado. Especificaciones registradas: calibre 18 AWG, 7 conductores, voltaje 600 V, apantallado, chaqueta Thermoset CPE. Solicita disponibilidad, cantidades y soporte técnico para despacho en Colombia.",
107272,18/8C SOOW Cordón portátil 90C 600V CPE,Cable flexible,Cable encauchetado,,18,8,600 V,Sí,Thermoset CPE,,,,,,"18/8C SOOW Cordón portátil 90C 600V CPE. Referencia 107272 para cotización en Surtilec, línea Cable flexible / Cable encauchetado. Especificaciones registradas: calibre 18 AWG, 8 conductores, voltaje 600 V, apantallado, chaqueta Thermoset CPE. Solicita disponibilidad, cantidades y soporte técnico para despacho en Colombia.",
107273,18/10C SOOW Cordón portátil 90C 600V CPE,Cable flexible,Cable encauchetado,,18,10,600 V,Sí,Thermoset CPE,,,,,,"18/10C SOOW Cordón portátil 90C 600V CPE. Referencia 107273 para cotización en Surtilec, línea Cable flexible / Cable encauchetado. Especificaciones registradas: calibre 18 AWG, 10 conductores, voltaje 600 V, apantallado, chaqueta Thermoset CPE. Solicita disponibilidad, cantidades y soporte técnico para despacho en Colombia.",
107274,18/12C SOOW Cordón portátil 90C 600V CPE,Cable flexible,Cable encauchetado,,18,12,600 V,Sí,Thermoset CPE,,,,,,"18/12C SOOW Cordón portátil 90C 600V CPE. Referencia 107274 para cotización en Surtilec, línea Cable flexible / Cable encauchetado. Especificaciones registradas: calibre 18 AWG, 12 conductores, voltaje 600 V, apantallado, chaqueta Thermoset CPE. Solicita disponibilidad, cantidades y soporte técnico para despacho en Colombia.",
107275,18/14C SOOW Cordón portátil 90C 600V CPE,Cable flexible,Cable encauchetado,,18,14,600 V,Sí,Thermoset CPE,,,,,,"18/14C SOOW Cordón portátil 90C 600V CPE. Referencia 107275 para cotización en Surtilec, línea Cable flexible / Cable encauchetado. Especificaciones registradas: calibre 18 AWG, 14 conductores, voltaje 600 V, apantallado, chaqueta Thermoset CPE. Solicita disponibilidad, cantidades y soporte técnico para despacho en Colombia.",
107276,18/20C SOOW Cordón portátil 90C 600V CPE,Cable flexible,Cable encauchetado,,18,20,600 V,Sí,Thermoset CPE,,,,,,"18/20C SOOW Cordón portátil 90C 600V CPE. Referencia 107276 para cotización en Surtilec, línea Cable flexible / Cable encauchetado. Especificaciones registradas: calibre 18 AWG, 20 conductores, voltaje 600 V, apantallado, chaqueta Thermoset CPE. Solicita disponibilidad, cantidades y soporte técnico para despacho en Colombia.",
107277,18/24C SOOW Cordón portátil 90C 600V CPE,Cable flexible,Cable encauchetado,,18,24,600 V,Sí,Thermoset CPE,400,,,,,"18/24C SOOW Cordón portátil 90C 600V CPE. Referencia 107277 para cotización en Surtilec, línea Cable flexible / Cable encauchetado. Especificaciones registradas: calibre 18 AWG, 24 conductores, voltaje 600 V, apantallado, chaqueta Thermoset CPE. Solicita disponibilidad, cantidades y soporte técnico para despacho en Colombia.",
107278,1 AWG 3C tipo W Cable EPDM/CPE 2KV,Cables especiales,Cables apantallados,,1,3,2 kV,Sí,CPE - Chlorinated Polyethylene,,,,,,"1 AWG 3C tipo W Cable EPDM/CPE 2KV. Referencia 107278 para cotización en Surtilec, línea Cables especiales / Cables apantallados. Especificaciones registradas: calibre 1 AWG, 3 conductores, voltaje 2 kV, apantallado, chaqueta CPE - Chlorinated Polyethylene. Solicita disponibilidad, cantidades y soporte técnico para despacho en Colombia.",
107279,2 AWG 1C tipo W Cable EPDM/CPE 2KV,Cables especiales,Cables apantallados,,2,1,2 kV,Sí,CPE - Chlorinated Polyethylene,,,,,,"2 AWG 1C tipo W Cable EPDM/CPE 2KV. Referencia 107279 para cotización en Surtilec, línea Cables especiales / Cables apantallados. Especificaciones registradas: calibre 2 AWG, 1 conductores, voltaje 2 kV, apantallado, chaqueta CPE - Chlorinated Polyethylene. Solicita disponibilidad, cantidades y soporte técnico para despacho en Colombia.",
107280,2 AWG 3C tipo W Cable EPDM/CPE 2KV,Cables especiales,Cables apantallados,,2,3,2 kV,Sí,CPE - Chlorinated Polyethylene,,,,,,"2 AWG 3C tipo W Cable EPDM/CPE 2KV. Referencia 107280 para cotización en Surtilec, línea Cables especiales / Cables apantallados. Especificaciones registradas: calibre 2 AWG, 3 conductores, voltaje 2 kV, apantallado, chaqueta CPE - Chlorinated Polyethylene. Solicita disponibilidad, cantidades y soporte técnico para despacho en Colombia.",
107281,2 AWG 4C tipo W Cable EPDM/CPE 2KV,Cables especiales,Cables apantallados,,2,4,2 kV,Sí,CPE - Chlorinated Polyethylene,,,,,,"2 AWG 4C tipo W Cable EPDM/CPE 2KV. Referencia 107281 para cotización en Surtilec, línea Cables especiales / Cables apantallados. Especificaciones registradas: calibre 2 AWG, 4 conductores, voltaje 2 kV, apantallado, chaqueta CPE - Chlorinated Polyethylene. Solicita disponibilidad, cantidades y soporte técnico para despacho en Colombia.",
107282,4 AWG 4C tipo W Cable EPDM/CPE 2KV,Cables especiales,Cables apantallados,,4,4,2 kV,Sí,CPE - Chlorinated Polyethylene,,,,,,"4 AWG 4C tipo W Cable EPDM/CPE 2KV. Referencia 107282 para cotización en Surtilec, línea Cables especiales / Cables apantallados. Especificaciones registradas: calibre 4 AWG, 4 conductores, voltaje 2 kV, apantallado, chaqueta CPE - Chlorinated Polyethylene. Solicita disponibilidad, cantidades y soporte técnico para despacho en Colombia.",
107283,4 AWG 5C tipo W Cable EPDM/CPE 2KV,Cables especiales,Cables apantallados,,4,5,2 kV,Sí,CPE - Chlorinated Polyethylene,,,,,,"4 AWG 5C tipo W Cable EPDM/CPE 2KV. Referencia 107283 para cotización en Surtilec, línea Cables especiales / Cables apantallados. Especificaciones registradas: calibre 4 AWG, 5 conductores, voltaje 2 kV, apantallado, chaqueta CPE - Chlorinated Polyethylene. Solicita disponibilidad, cantidades y soporte técnico para despacho en Colombia.",
107284,8 AWG 5C tipo W Cable EPDM/CPE 2KV,Cables especiales,Cables apantallados,,8,5,2 kV,Sí,CPE - Chlorinated Polyethylene,,,,,,"8 AWG 5C tipo W Cable EPDM/CPE 2KV. Referencia 107284 para cotización en Surtilec, línea Cables especiales / Cables apantallados. Especificaciones registradas: calibre 8 AWG, 5 conductores, voltaje 2 kV, apantallado, chaqueta CPE - Chlorinated Polyethylene. Solicita disponibilidad, cantidades y soporte técnico para despacho en Colombia.",
107285,2/0 AWG 1C tipo W Cable EPDM/CPE 2KV,Cables especiales,Cables apantallados,,2/0,1,2 kV,Sí,CPE - Chlorinated Polyethylene,,,,,,"2/0 AWG 1C tipo W Cable EPDM/CPE 2KV. Referencia 107285 para cotización en Surtilec, línea Cables especiales / Cables apantallados. Especificaciones registradas: calibre 2/0 AWG, 1 conductores, voltaje 2 kV, apantallado, chaqueta CPE - Chlorinated Polyethylene. Solicita disponibilidad, cantidades y soporte técnico para despacho en Colombia.",
107286,4/0 AWG 1C tipo W Cable EPDM/CPE 2KV,Cables especiales,Cables apantallados,,4/0,1,2 kV,Sí,CPE - Chlorinated Polyethylene,,,,,,"4/0 AWG 1C tipo W Cable EPDM/CPE 2KV. Referencia 107286 para cotización en Surtilec, línea Cables especiales / Cables apantallados. Especificaciones registradas: calibre 4/0 AWG, 1 conductores, voltaje 2 kV, apantallado, chaqueta CPE - Chlorinated Polyethylene. Solicita disponibilidad, cantidades y soporte técnico para despacho en Colombia.",
107287,4/0 AWG 1C tipo W Cable X-flexible EPDM/CPE 2KV,Cables especiales,Cables apantallados,,4/0,1,2 kV,Sí,CPE - Chlorinated Polyethylene,,,,,,"4/0 AWG 1C tipo W Cable X-flexible EPDM/CPE 2KV. Referencia 107287 para cotización en Surtilec, línea Cables especiales / Cables apantallados. Especificaciones registradas: calibre 4/0 AWG, 1 conductores, voltaje 2 kV, apantallado, chaqueta CPE - Chlorinated Polyethylene. Solicita disponibilidad, cantidades y soporte técnico para despacho en Colombia.",
107288,10 AWG 3 conductores SJOOW Cordón portátil 300V,Cable flexible,Cable encauchetado,,10,3,300 V,Sí,Thermoset CPE,,,,,,"10 AWG 3 conductores SJOOW Cordón portátil 300V. Referencia 107288 para cotización en Surtilec, línea Cable flexible / Cable encauchetado. Especificaciones registradas: calibre 10 AWG, 3 conductores, voltaje 300 V, apantallado, chaqueta Thermoset CPE. Solicita disponibilidad, cantidades y soporte técnico para despacho en Colombia.",
107289,14 AWG 4 conductores SJOOW Cordón portátil 300V,Cable flexible,Cable encauchetado,,14,4,300 V,Sí,Thermoset CPE,,,,,,"14 AWG 4 conductores SJOOW Cordón portátil 300V. Referencia 107289 para cotización en Surtilec, línea Cable flexible / Cable encauchetado. Especificaciones registradas: calibre 14 AWG, 4 conductores, voltaje 300 V, apantallado, chaqueta Thermoset CPE. Solicita disponibilidad, cantidades y soporte técnico para despacho en Colombia.",
107290,16 AWG 3 conductores SJOOW Cordón portátil 300V,Cable flexible,Cable encauchetado,,16,3,300 V,Sí,Thermoset CPE,,,,,,"16 AWG 3 conductores SJOOW Cordón portátil 300V. Referencia 107290 para cotización en Surtilec, línea Cable flexible / Cable encauchetado. Especificaciones registradas: calibre 16 AWG, 3 conductores, voltaje 300 V, apantallado, chaqueta Thermoset CPE. Solicita disponibilidad, cantidades y soporte técnico para despacho en Colombia.",
107291,10/1C FEP tipo K (37 STR) 200C 600V,Cables especiales,Cable de alta temperatura,,10,1,600 V,Sí,,,,,,,"10/1C FEP tipo K (37 STR) 200C 600V. Referencia 107291 para cotización en Surtilec, línea Cables especiales / Cable de alta temperatura. Especificaciones registradas: calibre 10 AWG, 1 conductores, voltaje 600 V, apantallado. Solicita disponibilidad, cantidades y soporte técnico para despacho en Colombia.",
107295,12/1C FEP tipo K (19 STR) 200C 600V,Cables especiales,Cable de alta temperatura,,12,1,600 V,Sí,,,,,,,"12/1C FEP tipo K (19 STR) 200C 600V. Referencia 107295 para cotización en Surtilec, línea Cables especiales / Cable de alta temperatura. Especificaciones registradas: calibre 12 AWG, 1 conductores, voltaje 600 V, apantallado. Solicita disponibilidad, cantidades y soporte técnico para despacho en Colombia.",
107299,16/1C FEP tipo K (19 STR) 150C 600V,Cables especiales,Cable de alta temperatura,,16,1,600 V,Sí,,,,,,,"16/1C FEP tipo K (19 STR) 150C 600V. Referencia 107299 para cotización en Surtilec, línea Cables especiales / Cable de alta temperatura. Especificaciones registradas: calibre 16 AWG, 1 conductores, voltaje 600 V, apantallado. Solicita disponibilidad, cantidades y soporte técnico para despacho en Colombia.",
107301,12 AWG PTFE teflón,Cables especiales,Cable de alta temperatura,,12,1,600 V,Sí,,,,,,,"12 AWG PTFE teflón. Referencia 107301 para cotización en Surtilec, línea Cables especiales / Cable de alta temperatura. Especificaciones registradas: calibre 12 AWG, 1 conductores, voltaje 600 V, apantallado. Solicita disponibilidad, cantidades y soporte técnico para despacho en Colombia.",
107306,20 AWG PTFE teflón,Cables especiales,Cable de alta temperatura,,20,1,600 V,Sí,,,,,,,"20 AWG PTFE teflón. Referencia 107306 para cotización en Surtilec, línea Cables especiales / Cable de alta temperatura. Especificaciones registradas: calibre 20 AWG, 1 conductores, voltaje 600 V, apantallado. Solicita disponibilidad, cantidades y soporte técnico para despacho en Colombia.",
107307,"20 AWG PTFE teflón,",Cables especiales,Cable de alta temperatura,,20,1,600 V,Sí,,,,,,,"20 AWG PTFE teflón,. Referencia 107307 para cotización en Surtilec, línea Cables especiales / Cable de alta temperatura. Especificaciones registradas: calibre 20 AWG, 1 conductores, voltaje 600 V, apantallado. Solicita disponibilidad, cantidades y soporte técnico para despacho en Colombia.",
107308,20(19ST)TFE-E MIL-16878/4,Cables especiales,Cable de alta temperatura,,20,1,600 V,Sí,,,,,,,"20(19ST)TFE-E MIL-16878/4. Referencia 107308 para cotización en Surtilec, línea Cables especiales / Cable de alta temperatura. Especificaciones registradas: calibre 20 AWG, 1 conductores, voltaje 600 V, apantallado. Solicita disponibilidad, cantidades y soporte técnico para despacho en Colombia.",
107309,20(19ST)TFE-E MIL-16878/4 GRN,Cables especiales,Cable de alta temperatura,,20,1,600 V,Sí,,,,,,,"20(19ST)TFE-E MIL-16878/4 GRN. Referencia 107309 para cotización en Surtilec, línea Cables especiales / Cable de alta temperatura. Especificaciones registradas: calibre 20 AWG, 1 conductores, voltaje 600 V, apantallado. Solicita disponibilidad, cantidades y soporte técnico para despacho en Colombia.",
107310,20(19ST)TFE-E MIL-16878/4 BLU,Cables especiales,Cable de alta temperatura,,20,1,600 V,Sí,,,,,,,"20(19ST)TFE-E MIL-16878/4 BLU. Referencia 107310 para cotización en Surtilec, línea Cables especiales / Cable de alta temperatura. Especificaciones registradas: calibre 20 AWG, 1 conductores, voltaje 600 V, apantallado. Solicita disponibilidad, cantidades y soporte técnico para despacho en Colombia.",
107315,"24 AWG PTFE teflón,",Cables especiales,Cable de alta temperatura,,24,1,600 V,Sí,,,,,,,"24 AWG PTFE teflón,. Referencia 107315 para cotización en Surtilec, línea Cables especiales / Cable de alta temperatura. Especificaciones registradas: calibre 24 AWG, 1 conductores, voltaje 600 V, apantallado. Solicita disponibilidad, cantidades y soporte técnico para despacho en Colombia.",
107317,24 AWG PTFE teflón,Cables especiales,Cable de alta temperatura,,24,1,600 V,Sí,,,,,,,"24 AWG PTFE teflón. Referencia 107317 para cotización en Surtilec, línea Cables especiales / Cable de alta temperatura. Especificaciones registradas: calibre 24 AWG, 1 conductores, voltaje 600 V, apantallado. Solicita disponibilidad, cantidades y soporte técnico para despacho en Colombia.",
107319,16/2P JX termopar SPOS 105C 300V PVC,Cables especiales,Cables apantallados,,16,2,300 V,Sí,PVC - Polyvinyl Chloride,PLTC,,,,,"16/2P JX termopar SPOS 105C 300V PVC. Referencia 107319 para cotización en Surtilec, línea Cables especiales / Cables apantallados. Especificaciones registradas: calibre 16 AWG, 2 conductores, voltaje 300 V, apantallado, chaqueta PVC - Polyvinyl Chloride. Solicita disponibilidad, cantidades y soporte técnico para despacho en Colombia.",
107320,16/2P KX termopar SPOS 105C 300V PVC,Cables especiales,Cables apantallados,,16,2,300 V,Sí,PVC - Polyvinyl Chloride,PLTC,,,,,"16/2P KX termopar SPOS 105C 300V PVC. Referencia 107320 para cotización en Surtilec, línea Cables especiales / Cables apantallados. Especificaciones registradas: calibre 16 AWG, 2 conductores, voltaje 300 V, apantallado, chaqueta PVC - Polyvinyl Chloride. Solicita disponibilidad, cantidades y soporte técnico para despacho en Colombia.",
107321,16/4P JX termopar SPOS 105C 300V PVC,Cables especiales,Cables apantallados,,16,4,300 V,Sí,PVC - Polyvinyl Chloride,PLTC,,,,,"16/4P JX termopar SPOS 105C 300V PVC. Referencia 107321 para cotización en Surtilec, línea Cables especiales / Cables apantallados. Especificaciones registradas: calibre 16 AWG, 4 conductores, voltaje 300 V, apantallado, chaqueta PVC - Polyvinyl Chloride. Solicita disponibilidad, cantidades y soporte técnico para despacho en Colombia.",
107322,16/8P JX termopar SPOS 105C 300V PVC,Cables especiales,Cables apantallados,,16,8,300 V,Sí,PVC - Polyvinyl Chloride,PLTC,,,,,"16/8P JX termopar SPOS 105C 300V PVC. Referencia 107322 para cotización en Surtilec, línea Cables especiales / Cables apantallados. Especificaciones registradas: calibre 16 AWG, 8 conductores, voltaje 300 V, apantallado, chaqueta PVC - Polyvinyl Chloride. Solicita disponibilidad, cantidades y soporte técnico para despacho en Colombia.",
107323,16/8P KX termopar SPOS 105C 300V PVC,Cables especiales,Cables apantallados,,16,8,300 V,Sí,PVC - Polyvinyl Chloride,PLTC,,,,,"16/8P KX termopar SPOS 105C 300V PVC. Referencia 107323 para cotización en Surtilec, línea Cables especiales / Cables apantallados. Especificaciones registradas: calibre 16 AWG, 8 conductores, voltaje 300 V, apantallado, chaqueta PVC - Polyvinyl Chloride. Solicita disponibilidad, cantidades y soporte técnico para despacho en Colombia.",
107324,16/12P JX termopar SPOS 105C 300V PVC,Cables especiales,Cables apantallados,,16,12,300 V,Sí,PVC - Polyvinyl Chloride,PLTC,,,,,"16/12P JX termopar SPOS 105C 300V PVC. Referencia 107324 para cotización en Surtilec, línea Cables especiales / Cables apantallados. Especificaciones registradas: calibre 16 AWG, 12 conductores, voltaje 300 V, apantallado, chaqueta PVC - Polyvinyl Chloride. Solicita disponibilidad, cantidades y soporte técnico para despacho en Colombia.",
107325,16/24P JX termopar SPOS 105C 300V PVC,Cables especiales,Cables apantallados,,16,24,300 V,Sí,PVC - Polyvinyl Chloride,PLTC,,,,,"16/24P JX termopar SPOS 105C 300V PVC. Referencia 107325 para cotización en Surtilec, línea Cables especiales / Cables apantallados. Especificaciones registradas: calibre 16 AWG, 24 conductores, voltaje 300 V, apantallado, chaqueta PVC - Polyvinyl Chloride. Solicita disponibilidad, cantidades y soporte técnico para despacho en Colombia.",
107326,16/24P KX termopar SPOS 105C 300V PVC,Cables especiales,Cables apantallados,,16,24,300 V,Sí,PVC - Polyvinyl Chloride,PLTC,,,,,"16/24P KX termopar SPOS 105C 300V PVC. Referencia 107326 para cotización en Surtilec, línea Cables especiales / Cables apantallados. Especificaciones registradas: calibre 16 AWG, 24 conductores, voltaje 300 V, apantallado, chaqueta PVC - Polyvinyl Chloride. Solicita disponibilidad, cantidades y soporte técnico para despacho en Colombia.",
107327,20/4P JX termopar SPOS 105C 300V PVC,Cables especiales,Cables apantallados,,20,4,300 V,Sí,PVC - Polyvinyl Chloride,PLTC,,,,,"20/4P JX termopar SPOS 105C 300V PVC. Referencia 107327 para cotización en Surtilec, línea Cables especiales / Cables apantallados. Especificaciones registradas: calibre 20 AWG, 4 conductores, voltaje 300 V, apantallado, chaqueta PVC - Polyvinyl Chloride. Solicita disponibilidad, cantidades y soporte técnico para despacho en Colombia.",
107328,20/4P KX termopar SPOS 105C 300V PVC,Cables especiales,Cables apantallados,,20,4,300 V,Sí,PVC - Polyvinyl Chloride,PLTC,,,,,"20/4P KX termopar SPOS 105C 300V PVC. Referencia 107328 para cotización en Surtilec, línea Cables especiales / Cables apantallados. Especificaciones registradas: calibre 20 AWG, 4 conductores, voltaje 300 V, apantallado, chaqueta PVC - Polyvinyl Chloride. Solicita disponibilidad, cantidades y soporte técnico para despacho en Colombia.",
107329,20/8P JX termopar SPOS 105C 300V PVC,Cables especiales,Cables apantallados,,20,8,300 V,Sí,PVC - Polyvinyl Chloride,PLTC,,,,,"20/8P JX termopar SPOS 105C 300V PVC. Referencia 107329 para cotización en Surtilec, línea Cables especiales / Cables apantallados. Especificaciones registradas: calibre 20 AWG, 8 conductores, voltaje 300 V, apantallado, chaqueta PVC - Polyvinyl Chloride. Solicita disponibilidad, cantidades y soporte técnico para despacho en Colombia.",
107330,20/8P KX termopar SPOS 105C 300V PVC,Cables especiales,Cables apantallados,,20,8,300 V,Sí,PVC - Polyvinyl Chloride,PLTC,,,,,"20/8P KX termopar SPOS 105C 300V PVC. Referencia 107330 para cotización en Surtilec, línea Cables especiales / Cables apantallados. Especificaciones registradas: calibre 20 AWG, 8 conductores, voltaje 300 V, apantallado, chaqueta PVC - Polyvinyl Chloride. Solicita disponibilidad, cantidades y soporte técnico para despacho en Colombia.",
107331,20/12P JX termopar SPOS 105C 300V PVC,Cables especiales,Cables apantallados,,20,12,300 V,Sí,PVC - Polyvinyl Chloride,PLTC,,,,,"20/12P JX termopar SPOS 105C 300V PVC. Referencia 107331 para cotización en Surtilec, línea Cables especiales / Cables apantallados. Especificaciones registradas: calibre 20 AWG, 12 conductores, voltaje 300 V, apantallado, chaqueta PVC - Polyvinyl Chloride. Solicita disponibilidad, cantidades y soporte técnico para despacho en Colombia.",
107332,20/12P KX termopar SPOS 105C 300V PVC,Cables especiales,Cables apantallados,,20,12,300 V,Sí,PVC - Polyvinyl Chloride,PLTC,,,,,"20/12P KX termopar SPOS 105C 300V PVC. Referencia 107332 para cotización en Surtilec, línea Cables especiales / Cables apantallados. Especificaciones registradas: calibre 20 AWG, 12 conductores, voltaje 300 V, apantallado, chaqueta PVC - Polyvinyl Chloride. Solicita disponibilidad, cantidades y soporte técnico para despacho en Colombia.",
107333,20/24P JX termopar SPOS 105C 300V PVC,Cables especiales,Cables apantallados,,20,24,300 V,Sí,PVC - Polyvinyl Chloride,PLTC,,,,,"20/24P JX termopar SPOS 105C 300V PVC. Referencia 107333 para cotización en Surtilec, línea Cables especiales / Cables apantallados. Especificaciones registradas: calibre 20 AWG, 24 conductores, voltaje 300 V, apantallado, chaqueta PVC - Polyvinyl Chloride. Solicita disponibilidad, cantidades y soporte técnico para despacho en Colombia.",
107334,20/24P KX termopar SPOS 105C 300V PVC,Cables especiales,Cables apantallados,,20,24,300 V,Sí,PVC - Polyvinyl Chloride,PLTC,,,,,"20/24P KX termopar SPOS 105C 300V PVC. Referencia 107334 para cotización en Surtilec, línea Cables especiales / Cables apantallados. Especificaciones registradas: calibre 20 AWG, 24 conductores, voltaje 300 V, apantallado, chaqueta PVC - Polyvinyl Chloride. Solicita disponibilidad, cantidades y soporte técnico para despacho en Colombia.",
107335,16/1P JX termopar apantallado 200C 300V FEP,Cables especiales,Cables apantallados,,16,1,300 V,Sí,FEP - Fluorinated Ethylene Propylene,PLTC,,,,,"16/1P JX termopar apantallado 200C 300V FEP. Referencia 107335 para cotización en Surtilec, línea Cables especiales / Cables apantallados. Especificaciones registradas: calibre 16 AWG, 1 conductores, voltaje 300 V, apantallado, chaqueta FEP - Fluorinated Ethylene Propylene. Solicita disponibilidad, cantidades y soporte técnico para despacho en Colombia.",
107337,20/24TR PLTC STOS 105C 300V PVC,Cables especiales,Cable para bandeja / tray cable,,20,24,300 V,Sí,PVC - Polyvinyl Chloride,PLTC/ITC,,,,,"20/24TR PLTC STOS 105C 300V PVC. Referencia 107337 para cotización en Surtilec, línea Cables especiales / Cable para bandeja / tray cable. Especificaciones registradas: calibre 20 AWG, 24 conductores, voltaje 300 V, apantallado, chaqueta PVC - Polyvinyl Chloride. Solicita disponibilidad, cantidades y soporte técnico para despacho en Colombia.",
107338,4 AWG 133 hilos cobre desnudo PVC,Conductores desnudos,Cable desnudo,,4,1,600 V,Sí,,,,,,,"4 AWG 133 hilos cobre desnudo PVC. Referencia 107338 para cotización en Surtilec, línea Conductores desnudos / Cable desnudo. Especificaciones registradas: calibre 4 AWG, 1 conductores, voltaje 600 V, apantallado. Solicita disponibilidad, cantidades y soporte técnico para despacho en Colombia.",
107340,6 AWG 133 hilos cobre desnudo PVC,Conductores desnudos,Cable desnudo,,6,1,600 V,Sí,,,,,,,"6 AWG 133 hilos cobre desnudo PVC. Referencia 107340 para cotización en Surtilec, línea Conductores desnudos / Cable desnudo. Especificaciones registradas: calibre 6 AWG, 1 conductores, voltaje 600 V, apantallado. Solicita disponibilidad, cantidades y soporte técnico para despacho en Colombia.",
107344,16 AWG máquina herramienta cable UL 1007/1569,Cables especiales,Cables apantallados,,16,1,300 V,Sí,,,,,,,"16 AWG máquina herramienta cable UL 1007/1569. Referencia 107344 para cotización en Surtilec, línea Cables especiales / Cables apantallados. Especificaciones registradas: calibre 16 AWG, 1 conductores, voltaje 300 V, apantallado. Solicita disponibilidad, cantidades y soporte técnico para despacho en Colombia.",
107349,18 AWG máquina herramienta cable UL 1007/1569,Cables especiales,Cables apantallados,,18,1,300 V,Sí,,,,,,,"18 AWG máquina herramienta cable UL 1007/1569. Referencia 107349 para cotización en Surtilec, línea Cables especiales / Cables apantallados. Especificaciones registradas: calibre 18 AWG, 1 conductores, voltaje 300 V, apantallado. Solicita disponibilidad, cantidades y soporte técnico para despacho en Colombia.",
107355,10/5C VNTC N/S Cable para bandeja E1 600V ER,Cables especiales,Cable para bandeja / tray cable,,10,5,600 V,Sí,PVC - Polyvinyl Chloride,,,,,,"10/5C VNTC N/S Cable para bandeja E1 600V ER. Referencia 107355 para cotización en Surtilec, línea Cables especiales / Cable para bandeja / tray cable. Especificaciones registradas: calibre 10 AWG, 5 conductores, voltaje 600 V, apantallado, chaqueta PVC - Polyvinyl Chloride. Solicita disponibilidad, cantidades y soporte técnico para despacho en Colombia.",
107356,16/1PR OS W/drenaje FREP/CPE,Cables especiales,Cables apantallados,,16,1,600 V,Sí,CPE - Chlorinated Polyethylene,,,,,,"16/1PR OS W/drenaje FREP/CPE. Referencia 107356 para cotización en Surtilec, línea Cables especiales / Cables apantallados. Especificaciones registradas: calibre 16 AWG, 1 conductores, voltaje 600 V, apantallado, chaqueta CPE - Chlorinated Polyethylene. Solicita disponibilidad, cantidades y soporte técnico para despacho en Colombia.",
107357,16/2PR SPOS W/drenaje FREP/CPE,Cables especiales,Cables apantallados,,16,2,600 V,Sí,CPE - Chlorinated Polyethylene,,,,,,"16/2PR SPOS W/drenaje FREP/CPE. Referencia 107357 para cotización en Surtilec, línea Cables especiales / Cables apantallados. Especificaciones registradas: calibre 16 AWG, 2 conductores, voltaje 600 V, apantallado, chaqueta CPE - Chlorinated Polyethylene. Solicita disponibilidad, cantidades y soporte técnico para despacho en Colombia.",
107358,16/4PR SPOS W/drenaje FREP/CPE,Cables especiales,Cables apantallados,,16,4,600 V,Sí,CPE - Chlorinated Polyethylene,,,,,,"16/4PR SPOS W/drenaje FREP/CPE. Referencia 107358 para cotización en Surtilec, línea Cables especiales / Cables apantallados. Especificaciones registradas: calibre 16 AWG, 4 conductores, voltaje 600 V, apantallado, chaqueta CPE - Chlorinated Polyethylene. Solicita disponibilidad, cantidades y soporte técnico para despacho en Colombia.",
107359,16/6PR SPOS W/drenaje FREP/CPE,Cables especiales,Cables apantallados,,16,6,600 V,Sí,CPE - Chlorinated Polyethylene,,,,,,"16/6PR SPOS W/drenaje FREP/CPE. Referencia 107359 para cotización en Surtilec, línea Cables especiales / Cables apantallados. Especificaciones registradas: calibre 16 AWG, 6 conductores, voltaje 600 V, apantallado, chaqueta CPE - Chlorinated Polyethylene. Solicita disponibilidad, cantidades y soporte técnico para despacho en Colombia.",
107360,16/8PR SPOS W/drenaje FREP/CPE,Cables especiales,Cables apantallados,,16,8,600 V,Sí,CPE - Chlorinated Polyethylene,,,,,,"16/8PR SPOS W/drenaje FREP/CPE. Referencia 107360 para cotización en Surtilec, línea Cables especiales / Cables apantallados. Especificaciones registradas: calibre 16 AWG, 8 conductores, voltaje 600 V, apantallado, chaqueta CPE - Chlorinated Polyethylene. Solicita disponibilidad, cantidades y soporte técnico para despacho en Colombia.",
107361,16/9PR SPOS W/drenaje FREP/CPE,Cables especiales,Cables apantallados,,16,9,600 V,Sí,CPE - Chlorinated Polyethylene,,,,,,"16/9PR SPOS W/drenaje FREP/CPE. Referencia 107361 para cotización en Surtilec, línea Cables especiales / Cables apantallados. Especificaciones registradas: calibre 16 AWG, 9 conductores, voltaje 600 V, apantallado, chaqueta CPE - Chlorinated Polyethylene. Solicita disponibilidad, cantidades y soporte técnico para despacho en Colombia.",
107362,16/12PR SPOS W/drenaje FREP/CPE,Cables especiales,Cables apantallados,,16,12,600 V,Sí,CPE - Chlorinated Polyethylene,,,,,,"16/12PR SPOS W/drenaje FREP/CPE. Referencia 107362 para cotización en Surtilec, línea Cables especiales / Cables apantallados. Especificaciones registradas: calibre 16 AWG, 12 conductores, voltaje 600 V, apantallado, chaqueta CPE - Chlorinated Polyethylene. Solicita disponibilidad, cantidades y soporte técnico para despacho en Colombia.",
107363,16/16PR SPOS W/drenaje FREP/CPE,Cables especiales,Cables apantallados,,16,16,600 V,Sí,CPE - Chlorinated Polyethylene,,,,,,"16/16PR SPOS W/drenaje FREP/CPE. Referencia 107363 para cotización en Surtilec, línea Cables especiales / Cables apantallados. Especificaciones registradas: calibre 16 AWG, 16 conductores, voltaje 600 V, apantallado, chaqueta CPE - Chlorinated Polyethylene. Solicita disponibilidad, cantidades y soporte técnico para despacho en Colombia.",
107364,18/2PR SPOS W/drenaje FREP/CPE,Cables especiales,Cables apantallados,,18,2,600 V,Sí,CPE - Chlorinated Polyethylene,,,,,,"18/2PR SPOS W/drenaje FREP/CPE. Referencia 107364 para cotización en Surtilec, línea Cables especiales / Cables apantallados. Especificaciones registradas: calibre 18 AWG, 2 conductores, voltaje 600 V, apantallado, chaqueta CPE - Chlorinated Polyethylene. Solicita disponibilidad, cantidades y soporte técnico para despacho en Colombia.",
107365,18/4PR SPOS W/drenaje FREP/CPE,Cables especiales,Cables apantallados,,18,4,600 V,Sí,CPE - Chlorinated Polyethylene,,,,,,"18/4PR SPOS W/drenaje FREP/CPE. Referencia 107365 para cotización en Surtilec, línea Cables especiales / Cables apantallados. Especificaciones registradas: calibre 18 AWG, 4 conductores, voltaje 600 V, apantallado, chaqueta CPE - Chlorinated Polyethylene. Solicita disponibilidad, cantidades y soporte técnico para despacho en Colombia.",
107366,10/4C VNTC N/S Cable para bandeja E1 600V ER,Cables especiales,Cable para bandeja / tray cable,,10,4,600 V,Sí,PVC - Polyvinyl Chloride,,,,,,"10/4C VNTC N/S Cable para bandeja E1 600V ER. Referencia 107366 para cotización en Surtilec, línea Cables especiales / Cable para bandeja / tray cable. Especificaciones registradas: calibre 10 AWG, 4 conductores, voltaje 600 V, apantallado, chaqueta PVC - Polyvinyl Chloride. Solicita disponibilidad, cantidades y soporte técnico para despacho en Colombia.",
107367,4 AWG 1 Conductor 133 hilos MG Mica vidrio,Cables especiales,Cables apantallados,,4,1,600 V,Sí,Fiberglass Braid,5107; AWM,,,,,"4 AWG 1 Conductor 133 hilos MG Mica vidrio. Referencia 107367 para cotización en Surtilec, línea Cables especiales / Cables apantallados. Especificaciones registradas: calibre 4 AWG, 1 conductores, voltaje 600 V, apantallado, chaqueta Fiberglass Braid. Solicita disponibilidad, cantidades y soporte técnico para despacho en Colombia.",
107368,6 AWG 1 Conductor 133 hilos MG Mica vidrio,Cables especiales,Cables apantallados,,6,1,600 V,Sí,Fiberglass Braid,5107; AWM,,,,,"6 AWG 1 Conductor 133 hilos MG Mica vidrio. Referencia 107368 para cotización en Surtilec, línea Cables especiales / Cables apantallados. Especificaciones registradas: calibre 6 AWG, 1 conductores, voltaje 600 V, apantallado, chaqueta Fiberglass Braid. Solicita disponibilidad, cantidades y soporte técnico para despacho en Colombia.",
107369,8 AWG 1 Conductor 133 hilos MG Mica vidrio,Cables especiales,Cables apantallados,,8,1,600 V,Sí,Fiberglass Braid,5107; AWM,,,,,"8 AWG 1 Conductor 133 hilos MG Mica vidrio. Referencia 107369 para cotización en Surtilec, línea Cables especiales / Cables apantallados. Especificaciones registradas: calibre 8 AWG, 1 conductores, voltaje 600 V, apantallado, chaqueta Fiberglass Braid. Solicita disponibilidad, cantidades y soporte técnico para despacho en Colombia.",
107370,1/0 AWG 1 Conductor 259 hilos MG Mica vidrio,Cables especiales,Cables apantallados,,1/0,1,600 V,Sí,Fiberglass Braid,5107; AWM,,,,,"1/0 AWG 1 Conductor 259 hilos MG Mica vidrio. Referencia 107370 para cotización en Surtilec, línea Cables especiales / Cables apantallados. Especificaciones registradas: calibre 1/0 AWG, 1 conductores, voltaje 600 V, apantallado, chaqueta Fiberglass Braid. Solicita disponibilidad, cantidades y soporte técnico para despacho en Colombia.",
107371,2 AWG 1 Conductor 133 hilos TGGT teflón vidrio,Cables especiales,Cable de alta temperatura,,2,1,600 V,Sí,Fiberglass Braid,UL5256; AWM,,,,,"2 AWG 1 Conductor 133 hilos TGGT teflón vidrio. Referencia 107371 para cotización en Surtilec, línea Cables especiales / Cable de alta temperatura. Especificaciones registradas: calibre 2 AWG, 1 conductores, voltaje 600 V, apantallado, chaqueta Fiberglass Braid. Solicita disponibilidad, cantidades y soporte técnico para despacho en Colombia.",
107372,4 AWG 1 Conductor 133 hilos TGGT teflón vidrio,Cables especiales,Cable de alta temperatura,,4,1,600 V,Sí,Fiberglass Braid,UL5256; AWM,,,,,"4 AWG 1 Conductor 133 hilos TGGT teflón vidrio. Referencia 107372 para cotización en Surtilec, línea Cables especiales / Cable de alta temperatura. Especificaciones registradas: calibre 4 AWG, 1 conductores, voltaje 600 V, apantallado, chaqueta Fiberglass Braid. Solicita disponibilidad, cantidades y soporte técnico para despacho en Colombia.",
107373,6 AWG 1 Conductor 133 hilos TGGT teflón vidrio,Cables especiales,Cable de alta temperatura,,6,1,600 V,Sí,Fiberglass Braid,UL5256; AWM,,,,,"6 AWG 1 Conductor 133 hilos TGGT teflón vidrio. Referencia 107373 para cotización en Surtilec, línea Cables especiales / Cable de alta temperatura. Especificaciones registradas: calibre 6 AWG, 1 conductores, voltaje 600 V, apantallado, chaqueta Fiberglass Braid. Solicita disponibilidad, cantidades y soporte técnico para despacho en Colombia.",
107374,8 AWG 1 Conductor 133 hilos TGGT teflón vidrio,Cables especiales,Cable de alta temperatura,,8,1,600 V,Sí,Fiberglass Braid,UL5256; AWM,,,,,"8 AWG 1 Conductor 133 hilos TGGT teflón vidrio. Referencia 107374 para cotización en Surtilec, línea Cables especiales / Cable de alta temperatura. Especificaciones registradas: calibre 8 AWG, 1 conductores, voltaje 600 V, apantallado, chaqueta Fiberglass Braid. Solicita disponibilidad, cantidades y soporte técnico para despacho en Colombia.",
107375,10 AWG 1 Conductor 105 hilos MG Mica vidrio,Cables especiales,Cables apantallados,,10,1,600 V,Sí,Fiberglass Braid,5107; AWM,,,,,"10 AWG 1 Conductor 105 hilos MG Mica vidrio. Referencia 107375 para cotización en Surtilec, línea Cables especiales / Cables apantallados. Especificaciones registradas: calibre 10 AWG, 1 conductores, voltaje 600 V, apantallado, chaqueta Fiberglass Braid. Solicita disponibilidad, cantidades y soporte técnico para despacho en Colombia.",
107376,12 AWG 1 Conductor 65 hilos MG Mica vidrio,Cables especiales,Cables apantallados,,12,1,600 V,Sí,Fiberglass Braid,5107; AWM,,,,,"12 AWG 1 Conductor 65 hilos MG Mica vidrio. Referencia 107376 para cotización en Surtilec, línea Cables especiales / Cables apantallados. Especificaciones registradas: calibre 12 AWG, 1 conductores, voltaje 600 V, apantallado, chaqueta Fiberglass Braid. Solicita disponibilidad, cantidades y soporte técnico para despacho en Colombia.",
107377,14 AWG 1 Conductor 41 hilos MG Mica vidrio,Cables especiales,Cables apantallados,,14,1,600 V,Sí,Fiberglass Braid,5107; AWM,,,,,"14 AWG 1 Conductor 41 hilos MG Mica vidrio. Referencia 107377 para cotización en Surtilec, línea Cables especiales / Cables apantallados. Especificaciones registradas: calibre 14 AWG, 1 conductores, voltaje 600 V, apantallado, chaqueta Fiberglass Braid. Solicita disponibilidad, cantidades y soporte técnico para despacho en Colombia.",
107378,16 AWG 1 Conductor 26 hilos MG Mica vidrio,Cables especiales,Cables apantallados,,16,1,600 V,Sí,Fiberglass Braid,5107; AWM,,,,,"16 AWG 1 Conductor 26 hilos MG Mica vidrio. Referencia 107378 para cotización en Surtilec, línea Cables especiales / Cables apantallados. Especificaciones registradas: calibre 16 AWG, 1 conductores, voltaje 600 V, apantallado, chaqueta Fiberglass Braid. Solicita disponibilidad, cantidades y soporte técnico para despacho en Colombia.",
107379,18 AWG 1 Conductor 16 hilos MG Mica vidrio,Cables especiales,Cables apantallados,,18,1,600 V,Sí,Fiberglass Braid,5107; AWM,,,,,"18 AWG 1 Conductor 16 hilos MG Mica vidrio. Referencia 107379 para cotización en Surtilec, línea Cables especiales / Cables apantallados. Especificaciones registradas: calibre 18 AWG, 1 conductores, voltaje 600 V, apantallado, chaqueta Fiberglass Braid. Solicita disponibilidad, cantidades y soporte técnico para despacho en Colombia.",
107380,4/0 AWG 1 Conductor 259 hilos TGGT teflón vidrio,Cables especiales,Cable de alta temperatura,,4/0,1,600 V,Sí,Fiberglass Braid,UL5251; AWM,,,,,"4/0 AWG 1 Conductor 259 hilos TGGT teflón vidrio. Referencia 107380 para cotización en Surtilec, línea Cables especiales / Cable de alta temperatura. Especificaciones registradas: calibre 4/0 AWG, 1 conductores, voltaje 600 V, apantallado, chaqueta Fiberglass Braid. Solicita disponibilidad, cantidades y soporte técnico para despacho en Colombia.",
107381,1/1C SRML cable (259 hilos) 200C 600V,Cables especiales,Cables apantallados,,1,1,600 V,Sí,Fiberglass Braid,UL3231; SEW-2,,,,,"1/1C SRML cable (259 hilos) 200C 600V. Referencia 107381 para cotización en Surtilec, línea Cables especiales / Cables apantallados. Especificaciones registradas: calibre 1 AWG, 1 conductores, voltaje 600 V, apantallado, chaqueta Fiberglass Braid. Solicita disponibilidad, cantidades y soporte técnico para despacho en Colombia.",
107382,2/1C SRML cable (133 hilos) 200C 600V,Cables especiales,Cables apantallados,,2,1,600 V,Sí,Fiberglass Braid,UL3231; SEW-2,,,,,"2/1C SRML cable (133 hilos) 200C 600V. Referencia 107382 para cotización en Surtilec, línea Cables especiales / Cables apantallados. Especificaciones registradas: calibre 2 AWG, 1 conductores, voltaje 600 V, apantallado, chaqueta Fiberglass Braid. Solicita disponibilidad, cantidades y soporte técnico para despacho en Colombia.",
107383,4/1C SRML cable (133 hilos) 200C 600V,Cables especiales,Cables apantallados,,4,1,600 V,Sí,Fiberglass Braid,UL3231; SEW-2,,,,,"4/1C SRML cable (133 hilos) 200C 600V. Referencia 107383 para cotización en Surtilec, línea Cables especiales / Cables apantallados. Especificaciones registradas: calibre 4 AWG, 1 conductores, voltaje 600 V, apantallado, chaqueta Fiberglass Braid. Solicita disponibilidad, cantidades y soporte técnico para despacho en Colombia.",
107384,6/1C SRML cable (133 hilos) 150C 600V,Cables especiales,Cables apantallados,,6,1,600 V,Sí,Fiberglass Braid,UL3278; SEWF-2,,,,,"6/1C SRML cable (133 hilos) 150C 600V. Referencia 107384 para cotización en Surtilec, línea Cables especiales / Cables apantallados. Especificaciones registradas: calibre 6 AWG, 1 conductores, voltaje 600 V, apantallado, chaqueta Fiberglass Braid. Solicita disponibilidad, cantidades y soporte técnico para despacho en Colombia.",
107385,8/1C SRML cable (133 hilos) 150C 600V,Cables especiales,Cables apantallados,,8,1,600 V,Sí,Fiberglass Braid,UL3278; SEWF-2,,,,,"8/1C SRML cable (133 hilos) 150C 600V. Referencia 107385 para cotización en Surtilec, línea Cables especiales / Cables apantallados. Especificaciones registradas: calibre 8 AWG, 1 conductores, voltaje 600 V, apantallado, chaqueta Fiberglass Braid. Solicita disponibilidad, cantidades y soporte técnico para despacho en Colombia.",
107386,1/0-1C SRML cable (259 hilos) 200C 600V,Cables especiales,Cables apantallados,,1/0,1,600 V,Sí,Fiberglass Braid,UL3231; SEW-2,,,,,"1/0-1C SRML cable (259 hilos) 200C 600V. Referencia 107386 para cotización en Surtilec, línea Cables especiales / Cables apantallados. Especificaciones registradas: calibre 1/0 AWG, 1 conductores, voltaje 600 V, apantallado, chaqueta Fiberglass Braid. Solicita disponibilidad, cantidades y soporte técnico para despacho en Colombia.",
107387,12 AWG 3 conductores 19 hilos silicona caucho Motor conexión SRG-K,Cables especiales,Cable coaxial,,12,3,600 V,Sí,Aramid Fiber Braid,,,,,,"12 AWG 3 conductores 19 hilos silicona caucho Motor conexión SRG-K. Referencia 107387 para cotización en Surtilec, línea Cables especiales / Cable coaxial. Especificaciones registradas: calibre 12 AWG, 3 conductores, voltaje 600 V, apantallado, chaqueta Aramid Fiber Braid. Solicita disponibilidad, cantidades y soporte técnico para despacho en Colombia.",
107388,12 AWG 4 conductores 19 hilos silicona caucho Motor conexión SRG-K,Cables especiales,Cable coaxial,,12,4,600 V,Sí,Aramid Fiber Braid,,,,,,"12 AWG 4 conductores 19 hilos silicona caucho Motor conexión SRG-K. Referencia 107388 para cotización en Surtilec, línea Cables especiales / Cable coaxial. Especificaciones registradas: calibre 12 AWG, 4 conductores, voltaje 600 V, apantallado, chaqueta Aramid Fiber Braid. Solicita disponibilidad, cantidades y soporte técnico para despacho en Colombia.",
107389,12/5C(19STR) SRG-K CABLE 200C,Cables especiales,Cable coaxial,,12,5,600 V,Sí,Aramid Fiber Braid,,,,,,"12/5C(19STR) SRG-K CABLE 200C. Referencia 107389 para cotización en Surtilec, línea Cables especiales / Cable coaxial. Especificaciones registradas: calibre 12 AWG, 5 conductores, voltaje 600 V, apantallado, chaqueta Aramid Fiber Braid. Solicita disponibilidad, cantidades y soporte técnico para despacho en Colombia.",
107390,14 AWG 3 conductores 7 hilos silicona caucho Motor conexión SRG-K,Cables especiales,Cable coaxial,,14,3,600 V,Sí,Aramid Fiber Braid,,,,,,"14 AWG 3 conductores 7 hilos silicona caucho Motor conexión SRG-K. Referencia 107390 para cotización en Surtilec, línea Cables especiales / Cable coaxial. Especificaciones registradas: calibre 14 AWG, 3 conductores, voltaje 600 V, apantallado, chaqueta Aramid Fiber Braid. Solicita disponibilidad, cantidades y soporte técnico para despacho en Colombia.",
107391,14 AWG 4 conductores 7 hilos silicona caucho Motor conexión SRG-K,Cables especiales,Cable coaxial,,14,4,600 V,Sí,Aramid Fiber Braid,,,,,,"14 AWG 4 conductores 7 hilos silicona caucho Motor conexión SRG-K. Referencia 107391 para cotización en Surtilec, línea Cables especiales / Cable coaxial. Especificaciones registradas: calibre 14 AWG, 4 conductores, voltaje 600 V, apantallado, chaqueta Aramid Fiber Braid. Solicita disponibilidad, cantidades y soporte técnico para despacho en Colombia.",
107392,14 AWG 5 conductores 7 hilos silicona caucho Motor conexión SRG-K,Cables especiales,Cable coaxial,,14,5,600 V,Sí,Aramid Fiber Braid,,,,,,"14 AWG 5 conductores 7 hilos silicona caucho Motor conexión SRG-K. Referencia 107392 para cotización en Surtilec, línea Cables especiales / Cable coaxial. Especificaciones registradas: calibre 14 AWG, 5 conductores, voltaje 600 V, apantallado, chaqueta Aramid Fiber Braid. Solicita disponibilidad, cantidades y soporte técnico para despacho en Colombia.",
107393,14 AWG 7 conductores 7 hilos silicona caucho Motor conexión SRG-K,Cables especiales,Cable coaxial,,14,7,600 V,Sí,Aramid Fiber Braid,,,,,,"14 AWG 7 conductores 7 hilos silicona caucho Motor conexión SRG-K. Referencia 107393 para cotización en Surtilec, línea Cables especiales / Cable coaxial. Especificaciones registradas: calibre 14 AWG, 7 conductores, voltaje 600 V, apantallado, chaqueta Aramid Fiber Braid. Solicita disponibilidad, cantidades y soporte técnico para despacho en Colombia.",
107394,2/0-1C SRML cable (259 hilos) 200C 600V,Cables especiales,Cables apantallados,,2/0,1,600 V,Sí,Fiberglass Braid,UL3231; SEW-2,,,,,"2/0-1C SRML cable (259 hilos) 200C 600V. Referencia 107394 para cotización en Surtilec, línea Cables especiales / Cables apantallados. Especificaciones registradas: calibre 2/0 AWG, 1 conductores, voltaje 600 V, apantallado, chaqueta Fiberglass Braid. Solicita disponibilidad, cantidades y soporte técnico para despacho en Colombia.",
107395,250/1C SRML cable (427 hilos) 200C 600V,Cables especiales,Cables apantallados,,250 MCM,1,600 V,Sí,Fiberglass Braid,UL3410; AWM,,,,,"250/1C SRML cable (427 hilos) 200C 600V. Referencia 107395 para cotización en Surtilec, línea Cables especiales / Cables apantallados. Especificaciones registradas: calibre 250 MCM, 1 conductores, voltaje 600 V, apantallado, chaqueta Fiberglass Braid. Solicita disponibilidad, cantidades y soporte técnico para despacho en Colombia.",
107396,3/0-1C SRML cable (259 hilos) 200C 600V,Cables especiales,Cables apantallados,,3/0,1,600 V,Sí,Fiberglass Braid,UL3231; SEW-2,,,,,"3/0-1C SRML cable (259 hilos) 200C 600V. Referencia 107396 para cotización en Surtilec, línea Cables especiales / Cables apantallados. Especificaciones registradas: calibre 3/0 AWG, 1 conductores, voltaje 600 V, apantallado, chaqueta Fiberglass Braid. Solicita disponibilidad, cantidades y soporte técnico para despacho en Colombia.",
107397,350/1C SRML cable (427 hilos) 200C 600V,Cables especiales,Cables apantallados,,350 MCM,1,600 V,Sí,Fiberglass Braid,UL3410; AWM,,,,,"350/1C SRML cable (427 hilos) 200C 600V. Referencia 107397 para cotización en Surtilec, línea Cables especiales / Cables apantallados. Especificaciones registradas: calibre 350 MCM, 1 conductores, voltaje 600 V, apantallado, chaqueta Fiberglass Braid. Solicita disponibilidad, cantidades y soporte técnico para despacho en Colombia.",
107398,4/0-1C SRML cable (259 hilos) 200C 600V,Cables especiales,Cables apantallados,,4/0,1,600 V,Sí,Fiberglass Braid,UL3231; SEW-2,,,,,"4/0-1C SRML cable (259 hilos) 200C 600V. Referencia 107398 para cotización en Surtilec, línea Cables especiales / Cables apantallados. Especificaciones registradas: calibre 4/0 AWG, 1 conductores, voltaje 600 V, apantallado, chaqueta Fiberglass Braid. Solicita disponibilidad, cantidades y soporte técnico para despacho en Colombia.",
107399,500/1C SRML cable (427 hilos) 200C 600V,Cables especiales,Cables apantallados,,500 MCM,1,600 V,Sí,Fiberglass Braid,UL3410; AWM,,,,,"500/1C SRML cable (427 hilos) 200C 600V. Referencia 107399 para cotización en Surtilec, línea Cables especiales / Cables apantallados. Especificaciones registradas: calibre 500 MCM, 1 conductores, voltaje 600 V, apantallado, chaqueta Fiberglass Braid. Solicita disponibilidad, cantidades y soporte técnico para despacho en Colombia.",
107400,10 AWG 1 Conductor 105 hilos TGGT teflón vidrio,Cables especiales,Cable de alta temperatura,,10,1,600 V,Sí,Fiberglass Braid,UL5256; AWM,,,,,"10 AWG 1 Conductor 105 hilos TGGT teflón vidrio. Referencia 107400 para cotización en Surtilec, línea Cables especiales / Cable de alta temperatura. Especificaciones registradas: calibre 10 AWG, 1 conductores, voltaje 600 V, apantallado, chaqueta Fiberglass Braid. Solicita disponibilidad, cantidades y soporte técnico para despacho en Colombia.",
107401,12 AWG 1 Conductor 65 hilos TGGT teflón vidrio,Cables especiales,Cable de alta temperatura,,12,1,600 V,Sí,Fiberglass Braid,UL5256; AWM,,,,,"12 AWG 1 Conductor 65 hilos TGGT teflón vidrio. Referencia 107401 para cotización en Surtilec, línea Cables especiales / Cable de alta temperatura. Especificaciones registradas: calibre 12 AWG, 1 conductores, voltaje 600 V, apantallado, chaqueta Fiberglass Braid. Solicita disponibilidad, cantidades y soporte técnico para despacho en Colombia.",
107402,14 AWG 1 Conductor 41 hilos TGGT teflón vidrio,Cables especiales,Cable de alta temperatura,,14,1,600 V,Sí,Fiberglass Braid,UL5256; AWM,,,,,"14 AWG 1 Conductor 41 hilos TGGT teflón vidrio. Referencia 107402 para cotización en Surtilec, línea Cables especiales / Cable de alta temperatura. Especificaciones registradas: calibre 14 AWG, 1 conductores, voltaje 600 V, apantallado, chaqueta Fiberglass Braid. Solicita disponibilidad, cantidades y soporte técnico para despacho en Colombia.",
107403,16 AWG 1 Conductor 26 hilos TGGT teflón vidrio,Cables especiales,Cable de alta temperatura,,16,1,600 V,Sí,Fiberglass Braid,UL5256; AWM,,,,,"16 AWG 1 Conductor 26 hilos TGGT teflón vidrio. Referencia 107403 para cotización en Surtilec, línea Cables especiales / Cable de alta temperatura. Especificaciones registradas: calibre 16 AWG, 1 conductores, voltaje 600 V, apantallado, chaqueta Fiberglass Braid. Solicita disponibilidad, cantidades y soporte técnico para despacho en Colombia.",
107404,18 AWG 1 Conductor 16 hilos TGGT teflón vidrio,Cables especiales,Cable de alta temperatura,,18,1,600 V,Sí,Fiberglass Braid,UL5256; AWM,,,,,"18 AWG 1 Conductor 16 hilos TGGT teflón vidrio. Referencia 107404 para cotización en Surtilec, línea Cables especiales / Cable de alta temperatura. Especificaciones registradas: calibre 18 AWG, 1 conductores, voltaje 600 V, apantallado, chaqueta Fiberglass Braid. Solicita disponibilidad, cantidades y soporte técnico para despacho en Colombia.",
107405,10/1C SRML cable (SFF-2) 150C 600V,Cables especiales,Cables apantallados,,10,1,600 V,Sí,Fiberglass Braid,3101; SEWF-2,,,,,"10/1C SRML cable (SFF-2) 150C 600V. Referencia 107405 para cotización en Surtilec, línea Cables especiales / Cables apantallados. Especificaciones registradas: calibre 10 AWG, 1 conductores, voltaje 600 V, apantallado, chaqueta Fiberglass Braid. Solicita disponibilidad, cantidades y soporte técnico para despacho en Colombia.",
107409,12/1C SRML cable (SFF-2) 150C 600V,Cables especiales,Cables apantallados,,12,1,600 V,Sí,Fiberglass Braid,3070; SEWF-2,,,,,"12/1C SRML cable (SFF-2) 150C 600V. Referencia 107409 para cotización en Surtilec, línea Cables especiales / Cables apantallados. Especificaciones registradas: calibre 12 AWG, 1 conductores, voltaje 600 V, apantallado, chaqueta Fiberglass Braid. Solicita disponibilidad, cantidades y soporte técnico para despacho en Colombia.",
107414,14/1C SRML cable (SFF-2) 150C 600V,Cables especiales,Cables apantallados,,14,1,600 V,Sí,Fiberglass Braid,3070; SEWF-2,,,,,"14/1C SRML cable (SFF-2) 150C 600V. Referencia 107414 para cotización en Surtilec, línea Cables especiales / Cables apantallados. Especificaciones registradas: calibre 14 AWG, 1 conductores, voltaje 600 V, apantallado, chaqueta Fiberglass Braid. Solicita disponibilidad, cantidades y soporte técnico para despacho en Colombia.",
107419,16/1C SRML cable (SFF-2) 150C 600V,Cables especiales,Cables apantallados,,16,1,600 V,Sí,Fiberglass Braid,3070; SEWF-2,,,,,"16/1C SRML cable (SFF-2) 150C 600V. Referencia 107419 para cotización en Surtilec, línea Cables especiales / Cables apantallados. Especificaciones registradas: calibre 16 AWG, 1 conductores, voltaje 600 V, apantallado, chaqueta Fiberglass Braid. Solicita disponibilidad, cantidades y soporte técnico para despacho en Colombia.",
107424,18/1C SRML cable (SFF-2) 150C 600V,Cables especiales,Cables apantallados,,18,1,600 V,Sí,Fiberglass Braid,3070; SEWF-2,,,,,"18/1C SRML cable (SFF-2) 150C 600V. Referencia 107424 para cotización en Surtilec, línea Cables especiales / Cables apantallados. Especificaciones registradas: calibre 18 AWG, 1 conductores, voltaje 600 V, apantallado, chaqueta Fiberglass Braid. Solicita disponibilidad, cantidades y soporte técnico para despacho en Colombia.",
107427,10/1C SRML cable (SF-2) 200C 600V,Cables especiales,Cables apantallados,,10,1,600 V,Sí,Fiberglass Braid,3075; SEW-2,,,,,"10/1C SRML cable (SF-2) 200C 600V. Referencia 107427 para cotización en Surtilec, línea Cables especiales / Cables apantallados. Especificaciones registradas: calibre 10 AWG, 1 conductores, voltaje 600 V, apantallado, chaqueta Fiberglass Braid. Solicita disponibilidad, cantidades y soporte técnico para despacho en Colombia.",
107429,12/1C SRML cable (SF-2) 200C 600V,Cables especiales,Cables apantallados,,12,1,600 V,Sí,Fiberglass Braid,3074; SEW-2,,,,,"12/1C SRML cable (SF-2) 200C 600V. Referencia 107429 para cotización en Surtilec, línea Cables especiales / Cables apantallados. Especificaciones registradas: calibre 12 AWG, 1 conductores, voltaje 600 V, apantallado, chaqueta Fiberglass Braid. Solicita disponibilidad, cantidades y soporte técnico para despacho en Colombia.",
107431,14/1C SRML cable (SF-2) 200C 600V,Cables especiales,Cables apantallados,,14,1,600 V,Sí,Fiberglass Braid,3071; SEW-2,,,,,"14/1C SRML cable (SF-2) 200C 600V. Referencia 107431 para cotización en Surtilec, línea Cables especiales / Cables apantallados. Especificaciones registradas: calibre 14 AWG, 1 conductores, voltaje 600 V, apantallado, chaqueta Fiberglass Braid. Solicita disponibilidad, cantidades y soporte técnico para despacho en Colombia.",
107434,16/1C SRML cable (SF-2) 200C 600V,Cables especiales,Cables apantallados,,16,1,600 V,Sí,Fiberglass Braid,3071; SEW-2,,,,,"16/1C SRML cable (SF-2) 200C 600V. Referencia 107434 para cotización en Surtilec, línea Cables especiales / Cables apantallados. Especificaciones registradas: calibre 16 AWG, 1 conductores, voltaje 600 V, apantallado, chaqueta Fiberglass Braid. Solicita disponibilidad, cantidades y soporte técnico para despacho en Colombia.",
107438,18/1C SRML cable (SF-2) 200C 600V,Cables especiales,Cables apantallados,,18,1,600 V,Sí,Fiberglass Braid,3071; SEW-2,,,,,"18/1C SRML cable (SF-2) 200C 600V. Referencia 107438 para cotización en Surtilec, línea Cables especiales / Cables apantallados. Especificaciones registradas: calibre 18 AWG, 1 conductores, voltaje 600 V, apantallado, chaqueta Fiberglass Braid. Solicita disponibilidad, cantidades y soporte técnico para despacho en Colombia.",
107440,6 AWG 1 conductor cobre estañado SIS 90C,Cables especiales,Cables apantallados,,6,1,600 V,Sí,,,,,,,"6 AWG 1 conductor cobre estañado SIS 90C. Referencia 107440 para cotización en Surtilec, línea Cables especiales / Cables apantallados. Especificaciones registradas: calibre 6 AWG, 1 conductores, voltaje 600 V, apantallado. Solicita disponibilidad, cantidades y soporte técnico para despacho en Colombia.",
107442,8 AWG 1 conductor cobre estañado SIS 90C BLK,Cables especiales,Cables apantallados,,8,1,600 V,Sí,,,,,,,"8 AWG 1 conductor cobre estañado SIS 90C BLK. Referencia 107442 para cotización en Surtilec, línea Cables especiales / Cables apantallados. Especificaciones registradas: calibre 8 AWG, 1 conductores, voltaje 600 V, apantallado. Solicita disponibilidad, cantidades y soporte técnico para despacho en Colombia.",
107443,8 AWG 1 conductor cobre estañado SIS 90C WHT,Cables especiales,Cables apantallados,,8,1,600 V,Sí,,,,,,,"8 AWG 1 conductor cobre estañado SIS 90C WHT. Referencia 107443 para cotización en Surtilec, línea Cables especiales / Cables apantallados. Especificaciones registradas: calibre 8 AWG, 1 conductores, voltaje 600 V, apantallado. Solicita disponibilidad, cantidades y soporte técnico para despacho en Colombia.",
107444,8 AWG 1 conductor cobre estañado SIS 90C,Cables especiales,Cables apantallados,,8,1,600 V,Sí,,,,,,,"8 AWG 1 conductor cobre estañado SIS 90C. Referencia 107444 para cotización en Surtilec, línea Cables especiales / Cables apantallados. Especificaciones registradas: calibre 8 AWG, 1 conductores, voltaje 600 V, apantallado. Solicita disponibilidad, cantidades y soporte técnico para despacho en Colombia.",
107447,10 AWG 1 conductor cobre estañado SIS 90C,Cables especiales,Cables apantallados,,10,1,600 V,Sí,,,,,,,"10 AWG 1 conductor cobre estañado SIS 90C. Referencia 107447 para cotización en Surtilec, línea Cables especiales / Cables apantallados. Especificaciones registradas: calibre 10 AWG, 1 conductores, voltaje 600 V, apantallado. Solicita disponibilidad, cantidades y soporte técnico para despacho en Colombia.",
107454,12 AWG 1 conductor cobre estañado SIS 90C,Cables especiales,Cables apantallados,,12,1,600 V,Sí,,,,,,,"12 AWG 1 conductor cobre estañado SIS 90C. Referencia 107454 para cotización en Surtilec, línea Cables especiales / Cables apantallados. Especificaciones registradas: calibre 12 AWG, 1 conductores, voltaje 600 V, apantallado. Solicita disponibilidad, cantidades y soporte técnico para despacho en Colombia.",
107456,1 EPDM cobre estañado,Cables especiales,Cables apantallados,,1,1,600 V,Sí,,,,,,,"1 EPDM cobre estañado. Referencia 107456 para cotización en Surtilec, línea Cables especiales / Cables apantallados. Especificaciones registradas: calibre 1 AWG, 1 conductores, voltaje 600 V, apantallado. Solicita disponibilidad, cantidades y soporte técnico para despacho en Colombia.",
107457,2 EPDM cobre estañado,Cables especiales,Cables apantallados,,2,1,600 V,Sí,,,,,,,"2 EPDM cobre estañado. Referencia 107457 para cotización en Surtilec, línea Cables especiales / Cables apantallados. Especificaciones registradas: calibre 2 AWG, 1 conductores, voltaje 600 V, apantallado. Solicita disponibilidad, cantidades y soporte técnico para despacho en Colombia.",
107458,4 EPDM cobre estañado,Cables especiales,Cables apantallados,,4,1,600 V,Sí,,,,,,,"4 EPDM cobre estañado. Referencia 107458 para cotización en Surtilec, línea Cables especiales / Cables apantallados. Especificaciones registradas: calibre 4 AWG, 1 conductores, voltaje 600 V, apantallado. Solicita disponibilidad, cantidades y soporte técnico para despacho en Colombia.",
107459,6 EPDM cobre estañado,Cables especiales,Cables apantallados,,6,1,600 V,Sí,,,,,,,"6 EPDM cobre estañado. Referencia 107459 para cotización en Surtilec, línea Cables especiales / Cables apantallados. Especificaciones registradas: calibre 6 AWG, 1 conductores, voltaje 600 V, apantallado. Solicita disponibilidad, cantidades y soporte técnico para despacho en Colombia.",
107460,8 EPDM cobre estañado,Cables especiales,Cables apantallados,,8,1,600 V,Sí,,,,,,,"8 EPDM cobre estañado. Referencia 107460 para cotización en Surtilec, línea Cables especiales / Cables apantallados. Especificaciones registradas: calibre 8 AWG, 1 conductores, voltaje 600 V, apantallado. Solicita disponibilidad, cantidades y soporte técnico para despacho en Colombia.",
107461,1/0 EPDM cobre estañado,Cables especiales,Cables apantallados,,1/0,1,600 V,Sí,,,,,,,"1/0 EPDM cobre estañado. Referencia 107461 para cotización en Surtilec, línea Cables especiales / Cables apantallados. Especificaciones registradas: calibre 1/0 AWG, 1 conductores, voltaje 600 V, apantallado. Solicita disponibilidad, cantidades y soporte técnico para despacho en Colombia.",
107462,10 EPDM cobre estañado,Cables especiales,Cables apantallados,,10,1,600 V,Sí,,,,,,,"10 EPDM cobre estañado. Referencia 107462 para cotización en Surtilec, línea Cables especiales / Cables apantallados. Especificaciones registradas: calibre 10 AWG, 1 conductores, voltaje 600 V, apantallado. Solicita disponibilidad, cantidades y soporte técnico para despacho en Colombia.",
107463,2/0 EPDM cobre estañado,Cables especiales,Cables apantallados,,2/0,1,600 V,Sí,,,,,,,"2/0 EPDM cobre estañado. Referencia 107463 para cotización en Surtilec, línea Cables especiales / Cables apantallados. Especificaciones registradas: calibre 2/0 AWG, 1 conductores, voltaje 600 V, apantallado. Solicita disponibilidad, cantidades y soporte técnico para despacho en Colombia.",
107464,3/0 EPDM cobre estañado,Cables especiales,Cables apantallados,,3/0,1,600 V,Sí,,,,,,,"3/0 EPDM cobre estañado. Referencia 107464 para cotización en Surtilec, línea Cables especiales / Cables apantallados. Especificaciones registradas: calibre 3/0 AWG, 1 conductores, voltaje 600 V, apantallado. Solicita disponibilidad, cantidades y soporte técnico para despacho en Colombia.",
107465,4/0 EPDM cobre estañado,Cables especiales,Cables apantallados,,4/0,1,600 V,Sí,,,,,,,"4/0 EPDM cobre estañado. Referencia 107465 para cotización en Surtilec, línea Cables especiales / Cables apantallados. Especificaciones registradas: calibre 4/0 AWG, 1 conductores, voltaje 600 V, apantallado. Solicita disponibilidad, cantidades y soporte técnico para despacho en Colombia.",
107466,2 AWG 1 Conductor 133 hilos MG Mica vidrio,Cables especiales,Cables apantallados,,2,1,600 V,Sí,Fiberglass Braid,5107; AWM,,,,,"2 AWG 1 Conductor 133 hilos MG Mica vidrio. Referencia 107466 para cotización en Surtilec, línea Cables especiales / Cables apantallados. Especificaciones registradas: calibre 2 AWG, 1 conductores, voltaje 600 V, apantallado, chaqueta Fiberglass Braid. Solicita disponibilidad, cantidades y soporte técnico para despacho en Colombia.",
107467,1/0 AWG 1 Conductor 259 hilos TGGT teflón vidrio,Cables especiales,Cable de alta temperatura,,1/0,1,600 V,Sí,Fiberglass Braid,UL5251; AWM,,,,,"1/0 AWG 1 Conductor 259 hilos TGGT teflón vidrio. Referencia 107467 para cotización en Surtilec, línea Cables especiales / Cable de alta temperatura. Especificaciones registradas: calibre 1/0 AWG, 1 conductores, voltaje 600 V, apantallado, chaqueta Fiberglass Braid. Solicita disponibilidad, cantidades y soporte técnico para despacho en Colombia.",
107468,16/1P JX termopar sin apantallar 105C 300V PVC,Cables especiales,Cables apantallados,,16,1,300 V,Sí,PVC - Polyvinyl Chloride,,,,,,"16/1P JX termopar sin apantallar 105C 300V PVC. Referencia 107468 para cotización en Surtilec, línea Cables especiales / Cables apantallados. Especificaciones registradas: calibre 16 AWG, 1 conductores, voltaje 300 V, apantallado, chaqueta PVC - Polyvinyl Chloride. Solicita disponibilidad, cantidades y soporte técnico para despacho en Colombia.",
108435,2 AWG trenzado THHN THWN-2 cable de edificación,Cable THHN / THWN-2,,,2,1,600 V,Sí,PA - Polyamide (Nylon),"83, 758, 1063",,,,,"2 AWG trenzado THHN THWN-2 cable de edificación. Referencia 108435 para cotización en Surtilec, línea Cable THHN / THWN-2. Especificaciones registradas: calibre 2 AWG, 1 conductores, voltaje 600 V, apantallado, chaqueta PA - Polyamide (Nylon). Solicita disponibilidad, cantidades y soporte técnico para despacho en Colombia.",
108436,4 AWG trenzado THHN THWN-2 cable de edificación,Cable THHN / THWN-2,,,4,1,600 V,Sí,PA - Polyamide (Nylon),"83, 758, 1063",,,,,"4 AWG trenzado THHN THWN-2 cable de edificación. Referencia 108436 para cotización en Surtilec, línea Cable THHN / THWN-2. Especificaciones registradas: calibre 4 AWG, 1 conductores, voltaje 600 V, apantallado, chaqueta PA - Polyamide (Nylon). Solicita disponibilidad, cantidades y soporte técnico para despacho en Colombia.",
108437,6 AWG trenzado THHN THWN-2 cable de edificación,Cable THHN / THWN-2,,,6,1,600 V,Sí,PA - Polyamide (Nylon),"83, 758, 1063",,,,,"6 AWG trenzado THHN THWN-2 cable de edificación. Referencia 108437 para cotización en Surtilec, línea Cable THHN / THWN-2. Especificaciones registradas: calibre 6 AWG, 1 conductores, voltaje 600 V, apantallado, chaqueta PA - Polyamide (Nylon). Solicita disponibilidad, cantidades y soporte técnico para despacho en Colombia.",
108439,8 AWG trenzado THHN THWN-2 cable de edificación,Cable THHN / THWN-2,,,8,1,600 V,Sí,PA - Polyamide (Nylon),"83, 758, 1063",,,,,"8 AWG trenzado THHN THWN-2 cable de edificación. Referencia 108439 para cotización en Surtilec, línea Cable THHN / THWN-2. Especificaciones registradas: calibre 8 AWG, 1 conductores, voltaje 600 V, apantallado, chaqueta PA - Polyamide (Nylon). Solicita disponibilidad, cantidades y soporte técnico para despacho en Colombia.",
108441,1/0 AWG trenzado THHN THWN-2 cable de edificación,Cable THHN / THWN-2,,,1/0,1,600 V,Sí,PA - Polyamide (Nylon),"83, 758, 1063",,,,,"1/0 AWG trenzado THHN THWN-2 cable de edificación. Referencia 108441 para cotización en Surtilec, línea Cable THHN / THWN-2. Especificaciones registradas: calibre 1/0 AWG, 1 conductores, voltaje 600 V, apantallado, chaqueta PA - Polyamide (Nylon). Solicita disponibilidad, cantidades y soporte técnico para despacho en Colombia.",
108443,10 AWG sólido THHN THWN-2 cable de edificación,Cable THHN / THWN-2,,,10,1,600 V,Sí,PA - Polyamide (Nylon),"83, 758, 1063",,,,,"10 AWG sólido THHN THWN-2 cable de edificación. Referencia 108443 para cotización en Surtilec, línea Cable THHN / THWN-2. Especificaciones registradas: calibre 10 AWG, 1 conductores, voltaje 600 V, apantallado, chaqueta PA - Polyamide (Nylon). Solicita disponibilidad, cantidades y soporte técnico para despacho en Colombia.",
108448,10 AWG sólido THHN THWN-2 cable de edificación verde/amarillo,Cable THHN / THWN-2,,,,,,,,,,,,,"10 AWG sólido THHN THWN-2 cable de edificación verde/amarillo. Referencia 108448 para cotización en Surtilec, línea Cable THHN / THWN-2. Solicita disponibilidad, cantidades y soporte técnico para despacho en Colombia.",
108449,10 AWG trenzado THHN THWN-2 cable de edificación,Cable THHN / THWN-2,,,10,1,600 V,Sí,PA - Polyamide (Nylon),"83, 758, 1063",,,,,"10 AWG trenzado THHN THWN-2 cable de edificación. Referencia 108449 para cotización en Surtilec, línea Cable THHN / THWN-2. Especificaciones registradas: calibre 10 AWG, 1 conductores, voltaje 600 V, apantallado, chaqueta PA - Polyamide (Nylon). Solicita disponibilidad, cantidades y soporte técnico para despacho en Colombia.",
108459,10 AWG trenzado THHN THWN-2 cable de edificación verde/amarillo,Cable THHN / THWN-2,,,,,,,,,,,,,"10 AWG trenzado THHN THWN-2 cable de edificación verde/amarillo. Referencia 108459 para cotización en Surtilec, línea Cable THHN / THWN-2. Solicita disponibilidad, cantidades y soporte técnico para despacho en Colombia.",
108460,12 AWG sólido THHN THWN-2 cable de edificación,Cable THHN / THWN-2,,,12,1,600 V,Sí,PA - Polyamide (Nylon),"83, 758, 1063",,,,,"12 AWG sólido THHN THWN-2 cable de edificación. Referencia 108460 para cotización en Surtilec, línea Cable THHN / THWN-2. Especificaciones registradas: calibre 12 AWG, 1 conductores, voltaje 600 V, apantallado, chaqueta PA - Polyamide (Nylon). Solicita disponibilidad, cantidades y soporte técnico para despacho en Colombia.",
108481,12 AWG trenzado THHN THWN-2 cable de edificación,Cable THHN / THWN-2,,,12,1,600 V,Sí,PA - Polyamide (Nylon),"83, 758, 1063",,,,,"12 AWG trenzado THHN THWN-2 cable de edificación. Referencia 108481 para cotización en Surtilec, línea Cable THHN / THWN-2. Especificaciones registradas: calibre 12 AWG, 1 conductores, voltaje 600 V, apantallado, chaqueta PA - Polyamide (Nylon). Solicita disponibilidad, cantidades y soporte técnico para despacho en Colombia.",
108493,14 AWG sólido THHN THWN-2 cable de edificación,Cable THHN / THWN-2,,,14,1,600 V,Sí,PA - Polyamide (Nylon),"83, 758, 1063",,,,,"14 AWG sólido THHN THWN-2 cable de edificación. Referencia 108493 para cotización en Surtilec, línea Cable THHN / THWN-2. Especificaciones registradas: calibre 14 AWG, 1 conductores, voltaje 600 V, apantallado, chaqueta PA - Polyamide (Nylon). Solicita disponibilidad, cantidades y soporte técnico para despacho en Colombia.",
108503,14 AWG trenzado THHN THWN-2 cable de edificación,Cable THHN / THWN-2,,,14,1,600 V,Sí,PA - Polyamide (Nylon),"83, 758, 1063",,,,,"14 AWG trenzado THHN THWN-2 cable de edificación. Referencia 108503 para cotización en Surtilec, línea Cable THHN / THWN-2. Especificaciones registradas: calibre 14 AWG, 1 conductores, voltaje 600 V, apantallado, chaqueta PA - Polyamide (Nylon). Solicita disponibilidad, cantidades y soporte técnico para despacho en Colombia.",
108506,16 AWG sólido TFN,Cables especiales,Cables apantallados,,16,1,600 V,Sí,PA - Tough Polyamide (Nylon),"83, 758, 1063",,,,,"16 AWG sólido TFN. Referencia 108506 para cotización en Surtilec, línea Cables especiales / Cables apantallados. Especificaciones registradas: calibre 16 AWG, 1 conductores, voltaje 600 V, apantallado, chaqueta PA - Tough Polyamide (Nylon). Solicita disponibilidad, cantidades y soporte técnico para despacho en Colombia.",
108516,16 AWG trenzado TFFN,Cable THHN / THWN-2,,,16,1,600 V,Sí,PA - Tough Polyamide (Nylon),"83, 758, 1063",,,,,"16 AWG trenzado TFFN. Referencia 108516 para cotización en Surtilec, línea Cable THHN / THWN-2. Especificaciones registradas: calibre 16 AWG, 1 conductores, voltaje 600 V, apantallado, chaqueta PA - Tough Polyamide (Nylon). Solicita disponibilidad, cantidades y soporte técnico para despacho en Colombia.",
108527,18 AWG sólido TFN,Cables especiales,Cables apantallados,,18,1,600 V,Sí,PA - Tough Polyamide (Nylon),"83, 758, 1063",,,,,"18 AWG sólido TFN. Referencia 108527 para cotización en Surtilec, línea Cables especiales / Cables apantallados. Especificaciones registradas: calibre 18 AWG, 1 conductores, voltaje 600 V, apantallado, chaqueta PA - Tough Polyamide (Nylon). Solicita disponibilidad, cantidades y soporte técnico para despacho en Colombia.",
108535,18 AWG trenzado TFFN,Cable THHN / THWN-2,,,18,1,600 V,Sí,PA - Tough Polyamide (Nylon),"83, 758, 1063",,,,,"18 AWG trenzado TFFN. Referencia 108535 para cotización en Surtilec, línea Cable THHN / THWN-2. Especificaciones registradas: calibre 18 AWG, 1 conductores, voltaje 600 V, apantallado, chaqueta PA - Tough Polyamide (Nylon). Solicita disponibilidad, cantidades y soporte técnico para despacho en Colombia.",
108546,2/0 AWG trenzado THHN THWN-2 cable de edificación,Cable THHN / THWN-2,,,2/0,1,600 V,Sí,PA - Polyamide (Nylon),"83, 758, 1063",,,,,"2/0 AWG trenzado THHN THWN-2 cable de edificación. Referencia 108546 para cotización en Surtilec, línea Cable THHN / THWN-2. Especificaciones registradas: calibre 2/0 AWG, 1 conductores, voltaje 600 V, apantallado, chaqueta PA - Polyamide (Nylon). Solicita disponibilidad, cantidades y soporte técnico para despacho en Colombia.",
108547,3/0 AWG trenzado THHN THWN-2,Cable THHN / THWN-2,,,3/0,1,600 V,Sí,PA - Polyamide (Nylon),"83, 758, 1063",,,,,"3/0 AWG trenzado THHN THWN-2. Referencia 108547 para cotización en Surtilec, línea Cable THHN / THWN-2. Especificaciones registradas: calibre 3/0 AWG, 1 conductores, voltaje 600 V, apantallado, chaqueta PA - Polyamide (Nylon). Solicita disponibilidad, cantidades y soporte técnico para despacho en Colombia.",
108548,4/0 AWG trenzado THHN THWN-2,Cable THHN / THWN-2,,,4/0,1,600 V,Sí,PA - Polyamide (Nylon),"83, 758, 1063",,,,,"4/0 AWG trenzado THHN THWN-2. Referencia 108548 para cotización en Surtilec, línea Cable THHN / THWN-2. Especificaciones registradas: calibre 4/0 AWG, 1 conductores, voltaje 600 V, apantallado, chaqueta PA - Polyamide (Nylon). Solicita disponibilidad, cantidades y soporte técnico para despacho en Colombia.",
108549,2 AWG XLP USE-2,Cables especiales,Cables apantallados,,2,1,600 V,Sí,,"44, 854; ART 310",,,,,"2 AWG XLP USE-2. Referencia 108549 para cotización en Surtilec, línea Cables especiales / Cables apantallados. Especificaciones registradas: calibre 2 AWG, 1 conductores, voltaje 600 V, apantallado. Solicita disponibilidad, cantidades y soporte técnico para despacho en Colombia.",
108552,4 AWG XLP USE-2,Cables especiales,Cables apantallados,,4,1,600 V,Sí,,"44, 854; ART 310",,,,,"4 AWG XLP USE-2. Referencia 108552 para cotización en Surtilec, línea Cables especiales / Cables apantallados. Especificaciones registradas: calibre 4 AWG, 1 conductores, voltaje 600 V, apantallado. Solicita disponibilidad, cantidades y soporte técnico para despacho en Colombia.",
108556,6 AWG XLP USE-2,Cables especiales,Cables apantallados,,6,1,600 V,Sí,,"44, 854; ART 310",,,,,"6 AWG XLP USE-2. Referencia 108556 para cotización en Surtilec, línea Cables especiales / Cables apantallados. Especificaciones registradas: calibre 6 AWG, 1 conductores, voltaje 600 V, apantallado. Solicita disponibilidad, cantidades y soporte técnico para despacho en Colombia.",
108560,8 AWG XLP USE-2,Cables especiales,Cables apantallados,,8,1,600 V,Sí,,"44, 854; ART 310",,,,,"8 AWG XLP USE-2. Referencia 108560 para cotización en Surtilec, línea Cables especiales / Cables apantallados. Especificaciones registradas: calibre 8 AWG, 1 conductores, voltaje 600 V, apantallado. Solicita disponibilidad, cantidades y soporte técnico para despacho en Colombia.",
108562,1/0 AWG 19 hilos XLP USE-2,Cables especiales,Cables apantallados,,1/0,1,600 V,Sí,,"44, 854; ART 310",,,,,"1/0 AWG 19 hilos XLP USE-2. Referencia 108562 para cotización en Surtilec, línea Cables especiales / Cables apantallados. Especificaciones registradas: calibre 1/0 AWG, 1 conductores, voltaje 600 V, apantallado. Solicita disponibilidad, cantidades y soporte técnico para despacho en Colombia.",
108563,10 AWG XLP USE-2,Cables especiales,Cables apantallados,,10,1,600 V,Sí,,"854, 44; ART 310",,,,,"10 AWG XLP USE-2. Referencia 108563 para cotización en Surtilec, línea Cables especiales / Cables apantallados. Especificaciones registradas: calibre 10 AWG, 1 conductores, voltaje 600 V, apantallado. Solicita disponibilidad, cantidades y soporte técnico para despacho en Colombia.",
108568,12 AWG XLP USE-2,Cables especiales,Cables apantallados,,12,1,600 V,,,"854, 44; ART 310",,,,,"12 AWG XLP USE-2. Referencia 108568 para cotización en Surtilec, línea Cables especiales / Cables apantallados. Especificaciones registradas: calibre 12 AWG, 1 conductores, voltaje 600 V. Solicita disponibilidad, cantidades y soporte técnico para despacho en Colombia.",
108572,14 AWG XLP USE-2,Cables especiales,Cables apantallados,,14,1,600 V,,,"854, 44; ART 310",,,,,"14 AWG XLP USE-2. Referencia 108572 para cotización en Surtilec, línea Cables especiales / Cables apantallados. Especificaciones registradas: calibre 14 AWG, 1 conductores, voltaje 600 V. Solicita disponibilidad, cantidades y soporte técnico para despacho en Colombia.",
108573,2/0 AWG 19 hilos XLP USE-2,Cables especiales,Cables apantallados,,2/0,1,600 V,,,"44, 854; ART 310",,,,,"2/0 AWG 19 hilos XLP USE-2. Referencia 108573 para cotización en Surtilec, línea Cables especiales / Cables apantallados. Especificaciones registradas: calibre 2/0 AWG, 1 conductores, voltaje 600 V. Solicita disponibilidad, cantidades y soporte técnico para despacho en Colombia.",
108575,3/0 AWG 19 hilos XLP USE-2,Cables especiales,Cables apantallados,,3/0,1,600 V,,,,,,,,"3/0 AWG 19 hilos XLP USE-2. Referencia 108575 para cotización en Surtilec, línea Cables especiales / Cables apantallados. Especificaciones registradas: calibre 3/0 AWG, 1 conductores, voltaje 600 V. Solicita disponibilidad, cantidades y soporte técnico para despacho en Colombia.",
108576,350 37 hilos XLP USE-2,Cables especiales,Cables apantallados,,350,1,600 V,,,"44, 854; ART 310",,,,,"350 37 hilos XLP USE-2. Referencia 108576 para cotización en Surtilec, línea Cables especiales / Cables apantallados. Especificaciones registradas: calibre 350 AWG, 1 conductores, voltaje 600 V. Solicita disponibilidad, cantidades y soporte técnico para despacho en Colombia.",
108577,4/0 AWG 19 hilos XLP USE-2,Cables especiales,Cables apantallados,,4/0,1,600 V,,,"44, 854; ART 310",,,,,"4/0 AWG 19 hilos XLP USE-2. Referencia 108577 para cotización en Surtilec, línea Cables especiales / Cables apantallados. Especificaciones registradas: calibre 4/0 AWG, 1 conductores, voltaje 600 V. Solicita disponibilidad, cantidades y soporte técnico para despacho en Colombia.",
108578,1 AWG XHHW-2,Cables especiales,Cables apantallados,,1,1,600 V,Sí,,44; 310,,,,,"1 AWG XHHW-2. Referencia 108578 para cotización en Surtilec, línea Cables especiales / Cables apantallados. Especificaciones registradas: calibre 1 AWG, 1 conductores, voltaje 600 V, apantallado. Solicita disponibilidad, cantidades y soporte técnico para despacho en Colombia.",
108579,2 AWG XHHW-2,Cables especiales,Cables apantallados,,2,1,600 V,Sí,,44; 310,,,,,"2 AWG XHHW-2. Referencia 108579 para cotización en Surtilec, línea Cables especiales / Cables apantallados. Especificaciones registradas: calibre 2 AWG, 1 conductores, voltaje 600 V, apantallado. Solicita disponibilidad, cantidades y soporte técnico para despacho en Colombia.",
108581,3 AWG XHHW-2,Cables especiales,Cables apantallados,,3,1,600 V,Sí,,44; 310,,,,,"3 AWG XHHW-2. Referencia 108581 para cotización en Surtilec, línea Cables especiales / Cables apantallados. Especificaciones registradas: calibre 3 AWG, 1 conductores, voltaje 600 V, apantallado. Solicita disponibilidad, cantidades y soporte técnico para despacho en Colombia.",
108582,4 AWG XHHW-2,Cables especiales,Cables apantallados,,4,1,600 V,Sí,,44; 310,,,,,"4 AWG XHHW-2. Referencia 108582 para cotización en Surtilec, línea Cables especiales / Cables apantallados. Especificaciones registradas: calibre 4 AWG, 1 conductores, voltaje 600 V, apantallado. Solicita disponibilidad, cantidades y soporte técnico para despacho en Colombia.",
108585,6 AWG XHHW-2,Cables especiales,Cables apantallados,,6,1,600 V,Sí,,44; 310,,,,,"6 AWG XHHW-2. Referencia 108585 para cotización en Surtilec, línea Cables especiales / Cables apantallados. Especificaciones registradas: calibre 6 AWG, 1 conductores, voltaje 600 V, apantallado. Solicita disponibilidad, cantidades y soporte técnico para despacho en Colombia.",
108589,8 AWG XHHW-2,Cables especiales,Cables apantallados,,8,1,600 V,Sí,,44; 310,,,,,"8 AWG XHHW-2. Referencia 108589 para cotización en Surtilec, línea Cables especiales / Cables apantallados. Especificaciones registradas: calibre 8 AWG, 1 conductores, voltaje 600 V, apantallado. Solicita disponibilidad, cantidades y soporte técnico para despacho en Colombia.",
108592,8/1C(7STR) XHHW-2 600V,Cables especiales,Cables apantallados,,8,1,600 V,Sí,,44; 310,,,,,"8/1C(7STR) XHHW-2 600V. Referencia 108592 para cotización en Surtilec, línea Cables especiales / Cables apantallados. Especificaciones registradas: calibre 8 AWG, 1 conductores, voltaje 600 V, apantallado. Solicita disponibilidad, cantidades y soporte técnico para despacho en Colombia.",
108593,1/0 AWG 19 hilos XHHW-2,Cables especiales,Cables apantallados,,1/0,1,600 V,Sí,,44; 310,,,,,"1/0 AWG 19 hilos XHHW-2. Referencia 108593 para cotización en Surtilec, línea Cables especiales / Cables apantallados. Especificaciones registradas: calibre 1/0 AWG, 1 conductores, voltaje 600 V, apantallado. Solicita disponibilidad, cantidades y soporte técnico para despacho en Colombia.",
108595,10 AWG XHHW-2,Cables especiales,Cables apantallados,,10,1,600 V,Sí,,44; 310,,,,,"10 AWG XHHW-2. Referencia 108595 para cotización en Surtilec, línea Cables especiales / Cables apantallados. Especificaciones registradas: calibre 10 AWG, 1 conductores, voltaje 600 V, apantallado. Solicita disponibilidad, cantidades y soporte técnico para despacho en Colombia.",
108605,12 AWG XHHW-2,Cables especiales,Cables apantallados,,12,1,600 V,Sí,,44; 310,,,,,"12 AWG XHHW-2. Referencia 108605 para cotización en Surtilec, línea Cables especiales / Cables apantallados. Especificaciones registradas: calibre 12 AWG, 1 conductores, voltaje 600 V, apantallado. Solicita disponibilidad, cantidades y soporte técnico para despacho en Colombia.",
108616,14 AWG XHHW-2,Cables especiales,Cables apantallados,,14,1,600 V,Sí,,44; 310,,,,,"14 AWG XHHW-2. Referencia 108616 para cotización en Surtilec, línea Cables especiales / Cables apantallados. Especificaciones registradas: calibre 14 AWG, 1 conductores, voltaje 600 V, apantallado. Solicita disponibilidad, cantidades y soporte técnico para despacho en Colombia.",
108626,2/0 AWG 19 hilos XHHW-2,Cables especiales,Cables apantallados,,2/0,1,600 V,Sí,,44; 310,,,,,"2/0 AWG 19 hilos XHHW-2. Referencia 108626 para cotización en Surtilec, línea Cables especiales / Cables apantallados. Especificaciones registradas: calibre 2/0 AWG, 1 conductores, voltaje 600 V, apantallado. Solicita disponibilidad, cantidades y soporte técnico para despacho en Colombia.",
108628,250 MCM 37 hilos XHHW-2,Cables especiales,Cables apantallados,,250 MCM,1,600 V,Sí,,44; 310,,,,,"250 MCM 37 hilos XHHW-2. Referencia 108628 para cotización en Surtilec, línea Cables especiales / Cables apantallados. Especificaciones registradas: calibre 250 MCM, 1 conductores, voltaje 600 V, apantallado. Solicita disponibilidad, cantidades y soporte técnico para despacho en Colombia.",
108629,3/0 AWG 19 hilos XHHW-2,Cables especiales,Cables apantallados,,3/0,1,600 V,Sí,,44; 310,,,,,"3/0 AWG 19 hilos XHHW-2. Referencia 108629 para cotización en Surtilec, línea Cables especiales / Cables apantallados. Especificaciones registradas: calibre 3/0 AWG, 1 conductores, voltaje 600 V, apantallado. Solicita disponibilidad, cantidades y soporte técnico para despacho en Colombia.",
108630,350 MCM 37 hilos XHHW-2,Cables especiales,Cables apantallados,,350 MCM,1,600 V,Sí,,44; 310,,,,,"350 MCM 37 hilos XHHW-2. Referencia 108630 para cotización en Surtilec, línea Cables especiales / Cables apantallados. Especificaciones registradas: calibre 350 MCM, 1 conductores, voltaje 600 V, apantallado. Solicita disponibilidad, cantidades y soporte técnico para despacho en Colombia.",
108631,4/0 AWG 19 hilos XHHW-2,Cables especiales,Cables apantallados,,4/0,1,600 V,Sí,,44; 310,,,,,"4/0 AWG 19 hilos XHHW-2. Referencia 108631 para cotización en Surtilec, línea Cables especiales / Cables apantallados. Especificaciones registradas: calibre 4/0 AWG, 1 conductores, voltaje 600 V, apantallado. Solicita disponibilidad, cantidades y soporte técnico para despacho en Colombia.",
108633,500 MCM 37 hilos XHHW-2,Cables especiales,Cables apantallados,,500 MCM,1,600 V,Sí,,44; 310,,,,,"500 MCM 37 hilos XHHW-2. Referencia 108633 para cotización en Surtilec, línea Cables especiales / Cables apantallados. Especificaciones registradas: calibre 500 MCM, 1 conductores, voltaje 600 V, apantallado. Solicita disponibilidad, cantidades y soporte técnico para despacho en Colombia.",
108634,600 MCM 61 hilos XHHW-2,Cables especiales,Cables apantallados,,600 MCM,1,600 V,Sí,,44; 310,,,,,"600 MCM 61 hilos XHHW-2. Referencia 108634 para cotización en Surtilec, línea Cables especiales / Cables apantallados. Especificaciones registradas: calibre 600 MCM, 1 conductores, voltaje 600 V, apantallado. Solicita disponibilidad, cantidades y soporte técnico para despacho en Colombia.",
109001,24 AWG 7 x 32 trenzado cobre estañado LO-CAP POLYPROPYLENE - INDIVIDUAL blindaje,Cables especiales,Cables apantallados,,,,,,,,,,,,"24 AWG 7 x 32 trenzado cobre estañado LO-CAP POLYPROPYLENE - INDIVIDUAL blindaje. Referencia 109001 para cotización en Surtilec, línea Cables especiales / Cables apantallados. Solicita disponibilidad, cantidades y soporte técnico para despacho en Colombia.",
109011,22 AWG 7 x 30 trenzado TC - BRAIDED blindaje,Cables especiales,Cables apantallados,,,,,,,,,,,,"22 AWG 7 x 30 trenzado TC - BRAIDED blindaje. Referencia 109011 para cotización en Surtilec, línea Cables especiales / Cables apantallados. Solicita disponibilidad, cantidades y soporte técnico para despacho en Colombia.",
109013,18 AWG 2 conductores SJOOW Cordón portátil 300V,Cable flexible,Cable encauchetado,,18,2,300 V,Sí,CPE - Chlorinated Polyethylene,,,,,,"18 AWG 2 conductores SJOOW Cordón portátil 300V. Referencia 109013 para cotización en Surtilec, línea Cable flexible / Cable encauchetado. Especificaciones registradas: calibre 18 AWG, 2 conductores, voltaje 300 V, apantallado, chaqueta CPE - Chlorinated Polyethylene. Solicita disponibilidad, cantidades y soporte técnico para despacho en Colombia.",
9-10-5W-A19,10.5W/A19/OMNI-LED/3500K/120V -10.5W 120V A19 3500,Cables especiales,Cables apantallados,,,,,,,,,,,,"10.5W/A19/OMNI-LED/3500K/120V -10.5W 120V A19 3500. Referencia 9-10-5W-A19 para cotización en Surtilec, línea Cables especiales / Cables apantallados. Solicita disponibilidad, cantidades y soporte técnico para despacho en Colombia.",
9-10BR30-LED-270,10BR30 LED 2700K 750L E26 -10W 120V 2700K BR30 LED,Cables especiales,Cables apantallados,,,,,,,,,,,,"10BR30 LED 2700K 750L E26 -10W 120V 2700K BR30 LED. Referencia 9-10BR30-LED-270 para cotización en Surtilec, línea Cables especiales / Cables apantallados. Solicita disponibilidad, cantidades y soporte técnico para despacho en Colombia.",
1000A,Belden 1000A — 16/1P JX termopar extensión Cable apantallado CMG/ITC/PLTC PVC/PVC 300V,Cables especiales,Cable para bandeja / tray cable,Belden,16,1,300 V,Sí,PVC - Polyvinyl Chloride,CMG/PLTC; CMG/FT4,,,,,"Belden 1000A — 16/1P JX termopar extensión Cable apantallado CMG/ITC/PLTC PVC/PVC 300V. Referencia 1000A para cotización en Surtilec, línea Cables especiales / Cable para bandeja / tray cable. Especificaciones registradas: marca Belden, calibre 16 AWG, 1 conductores, voltaje 300 V, apantallado. Solicita disponibilidad, cantidades y soporte técnico para despacho en Colombia.",
1018A,Belden 1018A — 16/1P KX termopar extensión Cable apantallado CMG/ITC/PLTC PVC/PVC 300V,Cables especiales,Cable para bandeja / tray cable,Belden,16,1,300 V,Sí,PVC - Polyvinyl Chloride,CMG/PLTC; CMG/FT4,,,,,"Belden 1018A — 16/1P KX termopar extensión Cable apantallado CMG/ITC/PLTC PVC/PVC 300V. Referencia 1018A para cotización en Surtilec, línea Cables especiales / Cable para bandeja / tray cable. Especificaciones registradas: marca Belden, calibre 16 AWG, 1 conductores, voltaje 300 V, apantallado. Solicita disponibilidad, cantidades y soporte técnico para despacho en Colombia.",
1030A,Belden 1030A — 16/1P 300V Cable PLTC BC apantallado PLTC/ITC/CMG PVC/PVC,Cables especiales,Cable para bandeja / tray cable,,16,1,300 V,Sí,PVC - Polyvinyl Chloride,PLTC/ITC; PLTC; CMG/FT4,,,,,"Belden 1030A — 16/1P 300V Cable PLTC BC apantallado PLTC/ITC/CMG PVC/PVC. Referencia 1030A para cotización en Surtilec, línea Cables especiales / Cable para bandeja / tray cable. Especificaciones registradas: calibre 16 AWG, 1 conductores, voltaje 300 V, apantallado, chaqueta PVC - Polyvinyl Chloride. Solicita disponibilidad, cantidades y soporte técnico para despacho en Colombia.",
1031A,Belden 1031A — 16/1T 300V Cable PLTC BC apantallado PLTC/ITC/CMG PVC/PVC,Cables especiales,Cable para bandeja / tray cable,Belden,16,1,300 V,Sí,PVC - Polyvinyl Chloride,CMG/PLTC; CMG/FT4,,,,,"Belden 1031A — 16/1T 300V Cable PLTC BC apantallado PLTC/ITC/CMG PVC/PVC. Referencia 1031A para cotización en Surtilec, línea Cables especiales / Cable para bandeja / tray cable. Especificaciones registradas: marca Belden, calibre 16 AWG, 1 conductores, voltaje 300 V, apantallado. Solicita disponibilidad, cantidades y soporte técnico para despacho en Colombia.",
1032A,Belden 1032A — 18/1P 300V Cable PLTC BC apantallado PLTC/ITC/CMG PVC/PVC,Cables especiales,Cable para bandeja / tray cable,Belden,18,1,300 V,Sí,PVC - Polyvinyl Chloride,PLTC/ITC/CL3; ITC; FT4,,,,,"Belden 1032A — 18/1P 300V Cable PLTC BC apantallado PLTC/ITC/CMG PVC/PVC. Referencia 1032A para cotización en Surtilec, línea Cables especiales / Cable para bandeja / tray cable. Especificaciones registradas: marca Belden, calibre 18 AWG, 1 conductores, voltaje 300 V, apantallado. Solicita disponibilidad, cantidades y soporte técnico para despacho en Colombia.",
1033A,Belden 1033A — 20/1P 300V Cable PLTC BC apantallado PLTC/ITC/CMG PVC/PVC,Cables especiales,Cable para bandeja / tray cable,Belden,20,1,300 V,Sí,PVC - Polyvinyl Chloride,PLTC/ITC/CL3; ITC; FT4,,,,,"Belden 1033A — 20/1P 300V Cable PLTC BC apantallado PLTC/ITC/CMG PVC/PVC. Referencia 1033A para cotización en Surtilec, línea Cables especiales / Cable para bandeja / tray cable. Especificaciones registradas: marca Belden, calibre 20 AWG, 1 conductores, voltaje 300 V, apantallado. Solicita disponibilidad, cantidades y soporte técnico para despacho en Colombia.",
1035A,Belden 1035A — 16/1P 300V Cable PLTC BC NS PLTC/ITC/CMG PVC/PVC,Cables especiales,Cable para bandeja / tray cable,Belden,16,1,300 V,Sí,PVC - Polyvinyl Chloride,PLTC/ITC/CL3; ITC; FT4,,,,,"Belden 1035A — 16/1P 300V Cable PLTC BC NS PLTC/ITC/CMG PVC/PVC. Referencia 1035A para cotización en Surtilec, línea Cables especiales / Cable para bandeja / tray cable. Especificaciones registradas: marca Belden, calibre 16 AWG, 1 conductores, voltaje 300 V, apantallado. Solicita disponibilidad, cantidades y soporte técnico para despacho en Colombia.",
1036A,Belden 1036A — 18/1TR 300V Cable PLTC BC apantallado PLTC/ITC/CMG PVC/PVC,Cables especiales,Cable para bandeja / tray cable,Belden,18,1,300 V,Sí,PVC - Polyvinyl Chloride,PLTC/CMG; CMG/FT4,,,,,"Belden 1036A — 18/1TR 300V Cable PLTC BC apantallado PLTC/ITC/CMG PVC/PVC. Referencia 1036A para cotización en Surtilec, línea Cables especiales / Cable para bandeja / tray cable. Especificaciones registradas: marca Belden, calibre 18 AWG, 1 conductores, voltaje 300 V, apantallado. Solicita disponibilidad, cantidades y soporte técnico para despacho en Colombia.",
1037A,Belden 1037A — 16/3P 600V Cable para bandeja BC I/O blindaje TC-ER/NPLF PVCNYL/PVC,Cables especiales,Cable para bandeja / tray cable,Belden,16,3,600 V,Sí,PVC - Polyvinyl Chloride,TC/NLPF; FT4,,,,,"Belden 1037A — 16/3P 600V Cable para bandeja BC I/O blindaje TC-ER/NPLF PVCNYL/PVC. Referencia 1037A para cotización en Surtilec, línea Cables especiales / Cable para bandeja / tray cable. Especificaciones registradas: marca Belden, calibre 16 AWG, 3 conductores, voltaje 600 V, apantallado. Solicita disponibilidad, cantidades y soporte técnico para despacho en Colombia.",
1039A,Belden 1039A — 16/4P 600V Cable para bandeja BC I/O blindaje TC-ER/NPLF PVCNYL/PVC,Cables especiales,Cable para bandeja / tray cable,Belden,16,4,600 V,Sí,PVC - Polyvinyl Chloride,TC/NLPF; FT4,,,,,"Belden 1039A — 16/4P 600V Cable para bandeja BC I/O blindaje TC-ER/NPLF PVCNYL/PVC. Referencia 1039A para cotización en Surtilec, línea Cables especiales / Cable para bandeja / tray cable. Especificaciones registradas: marca Belden, calibre 16 AWG, 4 conductores, voltaje 600 V, apantallado. Solicita disponibilidad, cantidades y soporte técnico para despacho en Colombia.",
1040A,Belden 1040A — 16/6P 600V Cable para bandeja BC I/O blindaje TC-ER/NPLF PVCNYL/PVC,Cables especiales,Cable para bandeja / tray cable,Belden,16,6,600 V,Sí,PVC - Polyvinyl Chloride,TC/NLPF; FT4,,,,,"Belden 1040A — 16/6P 600V Cable para bandeja BC I/O blindaje TC-ER/NPLF PVCNYL/PVC. Referencia 1040A para cotización en Surtilec, línea Cables especiales / Cable para bandeja / tray cable. Especificaciones registradas: marca Belden, calibre 16 AWG, 6 conductores, voltaje 600 V, apantallado. Solicita disponibilidad, cantidades y soporte técnico para despacho en Colombia.",
1041A,Belden 1041A — 16/8P 600V Cable para bandeja BC I/O blindaje TC-ER/NPLF PVCNYL/PVC,Cables especiales,Cable para bandeja / tray cable,Belden,16,8,600 V,Sí,PVC - Polyvinyl Chloride,TC/NLPF; FT4,,,,,"Belden 1041A — 16/8P 600V Cable para bandeja BC I/O blindaje TC-ER/NPLF PVCNYL/PVC. Referencia 1041A para cotización en Surtilec, línea Cables especiales / Cable para bandeja / tray cable. Especificaciones registradas: marca Belden, calibre 16 AWG, 8 conductores, voltaje 600 V, apantallado. Solicita disponibilidad, cantidades y soporte técnico para despacho en Colombia.",
1042A,Belden 1042A — 16/12P 600V Cable para bandeja BC I/O blindaje TC-ER/NPLF PVCNYL/PVC,Cables especiales,Cable para bandeja / tray cable,Belden,16,12,600 V,Sí,PVC - Polyvinyl Chloride,TC/NLPF; FT4,,,,,"Belden 1042A — 16/12P 600V Cable para bandeja BC I/O blindaje TC-ER/NPLF PVCNYL/PVC. Referencia 1042A para cotización en Surtilec, línea Cables especiales / Cable para bandeja / tray cable. Especificaciones registradas: marca Belden, calibre 16 AWG, 12 conductores, voltaje 600 V, apantallado. Solicita disponibilidad, cantidades y soporte técnico para despacho en Colombia.",
1043A,Belden 1043A — 16/16P 600V Cable para bandeja BC I/O blindaje TC-ER/NPLF PVCNYL/PVC,Cables especiales,Cable para bandeja / tray cable,Belden,16,16,600 V,Sí,PVC - Polyvinyl Chloride,TC/NLPF; FT4,,,,,"Belden 1043A — 16/16P 600V Cable para bandeja BC I/O blindaje TC-ER/NPLF PVCNYL/PVC. Referencia 1043A para cotización en Surtilec, línea Cables especiales / Cable para bandeja / tray cable. Especificaciones registradas: marca Belden, calibre 16 AWG, 16 conductores, voltaje 600 V, apantallado. Solicita disponibilidad, cantidades y soporte técnico para despacho en Colombia.",
1045A,Belden 1045A — 16/24P 600V Cable para bandeja BC I/O blindaje TC-ER/NPLF PVCNYL/PVC,Cables especiales,Cable para bandeja / tray cable,Belden,16,24,600 V,Sí,PVC - Polyvinyl Chloride,TC/NLPF; FT4,,,,,"Belden 1045A — 16/24P 600V Cable para bandeja BC I/O blindaje TC-ER/NPLF PVCNYL/PVC. Referencia 1045A para cotización en Surtilec, línea Cables especiales / Cable para bandeja / tray cable. Especificaciones registradas: marca Belden, calibre 16 AWG, 24 conductores, voltaje 600 V, apantallado. Solicita disponibilidad, cantidades y soporte técnico para despacho en Colombia.",
1046A,Belden 1046A — 16/36P 600V Cable para bandeja BC I/O blindaje TC-ER/PNLF PVCNYL/PVC,Cables especiales,Cable para bandeja / tray cable,Belden,16,36,600 V,Sí,PVC - Polyvinyl Chloride,TC/NLPF; FT4,,,,,"Belden 1046A — 16/36P 600V Cable para bandeja BC I/O blindaje TC-ER/PNLF PVCNYL/PVC. Referencia 1046A para cotización en Surtilec, línea Cables especiales / Cable para bandeja / tray cable. Especificaciones registradas: marca Belden, calibre 16 AWG, 36 conductores, voltaje 600 V, apantallado. Solicita disponibilidad, cantidades y soporte técnico para despacho en Colombia.",
1048A,Belden 1048A — 18/2P 600V Cable para bandeja BC I/O blindaje TC-ER/NPLF PVCNYL/PVC,Cables especiales,Cable para bandeja / tray cable,Belden,18,2,600 V,Sí,PVC - Polyvinyl Chloride,TC/NLPF; FT4,,,,,"Belden 1048A — 18/2P 600V Cable para bandeja BC I/O blindaje TC-ER/NPLF PVCNYL/PVC. Referencia 1048A para cotización en Surtilec, línea Cables especiales / Cable para bandeja / tray cable. Especificaciones registradas: marca Belden, calibre 18 AWG, 2 conductores, voltaje 600 V, apantallado. Solicita disponibilidad, cantidades y soporte técnico para despacho en Colombia.",
1049A,Belden 1049A — 18/4P 600V Cable para bandeja BC I/O blindaje TC-ER/NPLF PVCNYL/PVC,Cables especiales,Cable para bandeja / tray cable,Belden,18,4,600 V,Sí,PVC - Polyvinyl Chloride,TC/NLPF; FT4,,,,,"Belden 1049A — 18/4P 600V Cable para bandeja BC I/O blindaje TC-ER/NPLF PVCNYL/PVC. Referencia 1049A para cotización en Surtilec, línea Cables especiales / Cable para bandeja / tray cable. Especificaciones registradas: marca Belden, calibre 18 AWG, 4 conductores, voltaje 600 V, apantallado. Solicita disponibilidad, cantidades y soporte técnico para despacho en Colombia.",
1050A,Belden 1050A — 18/8P 600V Cable para bandeja BC I/O blindaje TC-ER/NPLF PVCNYL/PVC,Cables especiales,Cable para bandeja / tray cable,Belden,18,8,600 V,Sí,PVC - Polyvinyl Chloride,TC/NLPF; FT4,,,,,"Belden 1050A — 18/8P 600V Cable para bandeja BC I/O blindaje TC-ER/NPLF PVCNYL/PVC. Referencia 1050A para cotización en Surtilec, línea Cables especiales / Cable para bandeja / tray cable. Especificaciones registradas: marca Belden, calibre 18 AWG, 8 conductores, voltaje 600 V, apantallado. Solicita disponibilidad, cantidades y soporte técnico para despacho en Colombia.",
1051A,Belden 1051A — 18/12P 600V Cable para bandeja BC I/O blindaje TC-ER/NPLF PVCNYL/PVC,Cables especiales,Cable para bandeja / tray cable,Belden,18,12,600 V,Sí,PVC - Polyvinyl Chloride,TC/NLPF; FT4,,,,,"Belden 1051A — 18/12P 600V Cable para bandeja BC I/O blindaje TC-ER/NPLF PVCNYL/PVC. Referencia 1051A para cotización en Surtilec, línea Cables especiales / Cable para bandeja / tray cable. Especificaciones registradas: marca Belden, calibre 18 AWG, 12 conductores, voltaje 600 V, apantallado. Solicita disponibilidad, cantidades y soporte técnico para despacho en Colombia.",
1052A,Belden 1052A — 18/16P 600V Cable para bandeja BC I/O blindaje TC-ER/NPLF PVCNYL/PVC,Cables especiales,Cable para bandeja / tray cable,Belden,18,16,600 V,Sí,PVC - Polyvinyl Chloride,TC/NLPF; FT4,,,,,"Belden 1052A — 18/16P 600V Cable para bandeja BC I/O blindaje TC-ER/NPLF PVCNYL/PVC. Referencia 1052A para cotización en Surtilec, línea Cables especiales / Cable para bandeja / tray cable. Especificaciones registradas: marca Belden, calibre 18 AWG, 16 conductores, voltaje 600 V, apantallado. Solicita disponibilidad, cantidades y soporte técnico para despacho en Colombia.",
1053A,Belden 1053A — 18/24P 600V Cable para bandeja BC I/O blindaje TC-ER/NPLF PVCNYL/PVC,Cables especiales,Cable para bandeja / tray cable,Belden,18,24,600 V,Sí,PVC - Polyvinyl Chloride,TC/NLPF; FT4,,,,,"Belden 1053A — 18/24P 600V Cable para bandeja BC I/O blindaje TC-ER/NPLF PVCNYL/PVC. Referencia 1053A para cotización en Surtilec, línea Cables especiales / Cable para bandeja / tray cable. Especificaciones registradas: marca Belden, calibre 18 AWG, 24 conductores, voltaje 600 V, apantallado. Solicita disponibilidad, cantidades y soporte técnico para despacho en Colombia.",
1055A,Belden 1055A — 16/2P 600V Cable para bandeja BC I/O blindaje TC-ER/NPLF PVCNYL/PVC,Cables especiales,Cable para bandeja / tray cable,Belden,16,2,600 V,Sí,PVC - Polyvinyl Chloride,TC/NLPF; FT4,,,,,"Belden 1055A — 16/2P 600V Cable para bandeja BC I/O blindaje TC-ER/NPLF PVCNYL/PVC. Referencia 1055A para cotización en Surtilec, línea Cables especiales / Cable para bandeja / tray cable. Especificaciones registradas: marca Belden, calibre 16 AWG, 2 conductores, voltaje 600 V, apantallado. Solicita disponibilidad, cantidades y soporte técnico para despacho en Colombia.",
1056A,Belden 1056A — 20/4P-22/1C 300V Cable PLTC BC apantallado PLTC/ITC/CMG PVC/PVC,Cables especiales,Cable para bandeja / tray cable,,20,4,300 V,Sí,PVC - Polyvinyl Chloride,CMG/PLTC; CMG/FT4,,,,,"Belden 1056A — 20/4P-22/1C 300V Cable PLTC BC apantallado PLTC/ITC/CMG PVC/PVC. Referencia 1056A para cotización en Surtilec, línea Cables especiales / Cable para bandeja / tray cable. Especificaciones registradas: calibre 20 AWG, 4 conductores, voltaje 300 V, apantallado, chaqueta PVC - Polyvinyl Chloride. Solicita disponibilidad, cantidades y soporte técnico para despacho en Colombia.",
1058A,Belden 1058A — 20/12P-22/1C 300V Cable PLTC BC apantallado PLTC/ITC/CMG PVC/PVC,Cables especiales,Cable para bandeja / tray cable,,20,12,300 V,Sí,PVC - Polyvinyl Chloride,CMG/PLTC; CMG/FT4,,,,,"Belden 1058A — 20/12P-22/1C 300V Cable PLTC BC apantallado PLTC/ITC/CMG PVC/PVC. Referencia 1058A para cotización en Surtilec, línea Cables especiales / Cable para bandeja / tray cable. Especificaciones registradas: calibre 20 AWG, 12 conductores, voltaje 300 V, apantallado, chaqueta PVC - Polyvinyl Chloride. Solicita disponibilidad, cantidades y soporte técnico para despacho en Colombia.",
1063A,Belden 1063A — 18/2P 600V Cable para bandeja BC apantallado TC-ER/NPLF PVCNYL/PVC,Cables especiales,Cable para bandeja / tray cable,Belden,18,2,600 V,Sí,PVC - Polyvinyl Chloride,NPLF TC,,,,,"Belden 1063A — 18/2P 600V Cable para bandeja BC apantallado TC-ER/NPLF PVCNYL/PVC. Referencia 1063A para cotización en Surtilec, línea Cables especiales / Cable para bandeja / tray cable. Especificaciones registradas: marca Belden, calibre 18 AWG, 2 conductores, voltaje 600 V, apantallado. Solicita disponibilidad, cantidades y soporte técnico para despacho en Colombia.",
1069A,Belden 1069A — 16/2P 600V Cable para bandeja BC apantallado TC-ER/NPLF PVCNYL/PVC,Cables especiales,Cable para bandeja / tray cable,Belden,16,2,600 V,Sí,PVC - Polyvinyl Chloride,TC/NLPF; FT4,,,,,"Belden 1069A — 16/2P 600V Cable para bandeja BC apantallado TC-ER/NPLF PVCNYL/PVC. Referencia 1069A para cotización en Surtilec, línea Cables especiales / Cable para bandeja / tray cable. Especificaciones registradas: marca Belden, calibre 16 AWG, 2 conductores, voltaje 600 V, apantallado. Solicita disponibilidad, cantidades y soporte técnico para despacho en Colombia.",
1076A,Belden 1076A — 20/4P-22/1C 300V Cable PLTC BC I/O blindaje PLTC/ITC/CMG PVC/PVC,Cables especiales,Cable para bandeja / tray cable,,20,4,300 V,Sí,PVC - Polyvinyl Chloride,PLTC/ITC; CMG/PLTC; CMG/FT4,,,,,"Belden 1076A — 20/4P-22/1C 300V Cable PLTC BC I/O blindaje PLTC/ITC/CMG PVC/PVC. Referencia 1076A para cotización en Surtilec, línea Cables especiales / Cable para bandeja / tray cable. Especificaciones registradas: calibre 20 AWG, 4 conductores, voltaje 300 V, apantallado, chaqueta PVC - Polyvinyl Chloride. Solicita disponibilidad, cantidades y soporte técnico para despacho en Colombia.",
1077A,Belden 1077A — 20/8P-22/1C 300V Cable PLTC BC I/O blindaje PLTC/ITC/CMG PVC/PVC,Cables especiales,Cable para bandeja / tray cable,,20,8,300 V,Sí,PVC - Polyvinyl Chloride,PLTC/ITC; CMG/PLTC; CMG/FT4,,,,,"Belden 1077A — 20/8P-22/1C 300V Cable PLTC BC I/O blindaje PLTC/ITC/CMG PVC/PVC. Referencia 1077A para cotización en Surtilec, línea Cables especiales / Cable para bandeja / tray cable. Especificaciones registradas: calibre 20 AWG, 8 conductores, voltaje 300 V, apantallado, chaqueta PVC - Polyvinyl Chloride. Solicita disponibilidad, cantidades y soporte técnico para despacho en Colombia.",
1078A,Belden 1078A — 20/12P-22/1C 300V Cable PLTC BC I/O blindaje PLTC/ITC/CMG PVC/PVC,Cables especiales,Cable para bandeja / tray cable,,20,12,300 V,Sí,PVC - Polyvinyl Chloride,PLTC/ITC; CMG/PLTC; CMG/FT4,,,,,"Belden 1078A — 20/12P-22/1C 300V Cable PLTC BC I/O blindaje PLTC/ITC/CMG PVC/PVC. Referencia 1078A para cotización en Surtilec, línea Cables especiales / Cable para bandeja / tray cable. Especificaciones registradas: calibre 20 AWG, 12 conductores, voltaje 300 V, apantallado, chaqueta PVC - Polyvinyl Chloride. Solicita disponibilidad, cantidades y soporte técnico para despacho en Colombia.",
1080A,Belden 1080A — 20/24P-22/1C 300V Cable PLTC BC I/O blindaje PLTC/ITC/CMG PVC/PVC,Cables especiales,Cable para bandeja / tray cable,,20,24,300 V,Sí,PVC - Polyvinyl Chloride,PLTC/ITC; CMG/PLTC; CMG/FT4,,,,,"Belden 1080A — 20/24P-22/1C 300V Cable PLTC BC I/O blindaje PLTC/ITC/CMG PVC/PVC. Referencia 1080A para cotización en Surtilec, línea Cables especiales / Cable para bandeja / tray cable. Especificaciones registradas: calibre 20 AWG, 24 conductores, voltaje 300 V, apantallado, chaqueta PVC - Polyvinyl Chloride. Solicita disponibilidad, cantidades y soporte técnico para despacho en Colombia.",
1094A,Belden 1094A — 18/8TR 600V Cable para bandeja BC I/O blindaje TC-ER/NPLF PVCNYL/PVC,Cables especiales,Cable para bandeja / tray cable,Belden,18,8,600 V,Sí,PVC - Polyvinyl Chloride,TC/NLPF; FT4,,,,,"Belden 1094A — 18/8TR 600V Cable para bandeja BC I/O blindaje TC-ER/NPLF PVCNYL/PVC. Referencia 1094A para cotización en Surtilec, línea Cables especiales / Cable para bandeja / tray cable. Especificaciones registradas: marca Belden, calibre 18 AWG, 8 conductores, voltaje 600 V, apantallado. Solicita disponibilidad, cantidades y soporte técnico para despacho en Colombia.",
1097A,Belden 1097A — 16/4TR 600V Cable para bandeja BC I/O blindaje TC-ER/NPLF PVCNYL/PVC,Cables especiales,Cable para bandeja / tray cable,Belden,16,4,600 V,Sí,PVC - Polyvinyl Chloride,TC/NLPF; FT4,,,,,"Belden 1097A — 16/4TR 600V Cable para bandeja BC I/O blindaje TC-ER/NPLF PVCNYL/PVC. Referencia 1097A para cotización en Surtilec, línea Cables especiales / Cable para bandeja / tray cable. Especificaciones registradas: marca Belden, calibre 16 AWG, 4 conductores, voltaje 600 V, apantallado. Solicita disponibilidad, cantidades y soporte técnico para despacho en Colombia.",
1098A,Belden 1098A — 16/8TR 600V Cable para bandeja BC I/O blindaje TC-ER/NPLF PVCNYL/PVC,Cables especiales,Cable para bandeja / tray cable,Belden,16,8,600 V,Sí,PVC - Polyvinyl Chloride,TC/NLPF; FT4,,,,,"Belden 1098A — 16/8TR 600V Cable para bandeja BC I/O blindaje TC-ER/NPLF PVCNYL/PVC. Referencia 1098A para cotización en Surtilec, línea Cables especiales / Cable para bandeja / tray cable. Especificaciones registradas: marca Belden, calibre 16 AWG, 8 conductores, voltaje 600 V, apantallado. Solicita disponibilidad, cantidades y soporte técnico para despacho en Colombia.",
1099A,Belden 1099A — 16/12TR 600V Cable para bandeja BC I/O blindaje TC-ER/NPLF PVCNYL/PVC,Cables especiales,Cable para bandeja / tray cable,Belden,16,12,600 V,Sí,PVC - Polyvinyl Chloride,TC/NLPF; FT4,,,,,"Belden 1099A — 16/12TR 600V Cable para bandeja BC I/O blindaje TC-ER/NPLF PVCNYL/PVC. Referencia 1099A para cotización en Surtilec, línea Cables especiales / Cable para bandeja / tray cable. Especificaciones registradas: marca Belden, calibre 16 AWG, 12 conductores, voltaje 600 V, apantallado. Solicita disponibilidad, cantidades y soporte técnico para despacho en Colombia.",
1118A,Belden 1118A — 16/1P 600V Cable para bandeja BC apantallado TC/NPLF PVCNYL/PVC,Cables especiales,Cable para bandeja / tray cable,Belden,16,1,600 V,Sí,PVC - Polyvinyl Chloride,TC/NLPF; FT4,,,,,"Belden 1118A — 16/1P 600V Cable para bandeja BC apantallado TC/NPLF PVCNYL/PVC. Referencia 1118A para cotización en Surtilec, línea Cables especiales / Cable para bandeja / tray cable. Especificaciones registradas: marca Belden, calibre 16 AWG, 1 conductores, voltaje 600 V, apantallado. Solicita disponibilidad, cantidades y soporte técnico para despacho en Colombia.",
1119A,Belden 1119A — 16/1TR 600V Cable para bandeja BC apantallado TC-ER/NPLF PVCNYL/PVC,Cables especiales,Cable para bandeja / tray cable,Belden,16,1,600 V,Sí,PVC - Polyvinyl Chloride,TC/NLPF; FT4,,,,,"Belden 1119A — 16/1TR 600V Cable para bandeja BC apantallado TC-ER/NPLF PVCNYL/PVC. Referencia 1119A para cotización en Surtilec, línea Cables especiales / Cable para bandeja / tray cable. Especificaciones registradas: marca Belden, calibre 16 AWG, 1 conductores, voltaje 600 V, apantallado. Solicita disponibilidad, cantidades y soporte técnico para despacho en Colombia.",
1120A,Belden 1120A — 18/1P 600V Cable para bandeja BC apantallado TC/NPLF PVCNYL/PVC,Cables especiales,Cable para bandeja / tray cable,Belden,18,1,600 V,Sí,PVC - Polyvinyl Chloride,TC/NLPF; FT4,,,,,"Belden 1120A — 18/1P 600V Cable para bandeja BC apantallado TC/NPLF PVCNYL/PVC. Referencia 1120A para cotización en Surtilec, línea Cables especiales / Cable para bandeja / tray cable. Especificaciones registradas: marca Belden, calibre 18 AWG, 1 conductores, voltaje 600 V, apantallado. Solicita disponibilidad, cantidades y soporte técnico para despacho en Colombia.",
1121A,Belden 1121A — 18/1TR 600V Cable para bandeja BC apantallado TC-ER/NPLF PVCNYL/PVC,Cables especiales,Cable para bandeja / tray cable,Belden,18,1,600 V,Sí,PVC - Polyvinyl Chloride,TC/NLPF; FT4,,,,,"Belden 1121A — 18/1TR 600V Cable para bandeja BC apantallado TC-ER/NPLF PVCNYL/PVC. Referencia 1121A para cotización en Surtilec, línea Cables especiales / Cable para bandeja / tray cable. Especificaciones registradas: marca Belden, calibre 18 AWG, 1 conductores, voltaje 600 V, apantallado. Solicita disponibilidad, cantidades y soporte técnico para despacho en Colombia.",
1153A,Belden 1153A — coaxial - CATV Cable 14AWG SERIES 11 CATV PLENUM,Cables especiales,Cable coaxial,Belden,14,1,,Sí,FEP - Fluorinated Ethylene Propylene,CMP CL2P; CMP FT6,,,,,"Belden 1153A — coaxial - CATV Cable 14AWG SERIES 11 CATV PLENUM. Referencia 1153A para cotización en Surtilec, línea Cables especiales / Cable coaxial. Especificaciones registradas: marca Belden, calibre 14 AWG, 1 conductores, apantallado, chaqueta FEP - Fluorinated Ethylene Propylene. Solicita disponibilidad, cantidades y soporte técnico para despacho en Colombia.",
11700A,Belden 11700A — 24/4P Cat5e DataTuff Cable BC NS CMR PO/PVC/PVC 300V,Cables de red,,Belden,24,4,,Sí,PVC - Polyvinyl Chloride,CMR/CMX; CMR/FT4,,,,,"Belden 11700A — 24/4P Cat5e DataTuff Cable BC NS CMR PO/PVC/PVC 300V. Referencia 11700A para cotización en Surtilec, línea Cables de red. Especificaciones registradas: marca Belden, calibre 24 AWG, 4 conductores, apantallado, chaqueta PVC - Polyvinyl Chloride. Solicita disponibilidad, cantidades y soporte técnico para despacho en Colombia.",
1189A,Belden 1189A — coaxial - Broadband CATV coaxial Cable RG6 cuádruple SHLD CATV,Cables especiales,Cable coaxial,Belden,18,1,,Sí,PVC - Polyvinyl Chloride,CATV/CM; CM,,,,,"Belden 1189A — coaxial - Broadband CATV coaxial Cable RG6 cuádruple SHLD CATV. Referencia 1189A para cotización en Surtilec, línea Cables especiales / Cable coaxial. Especificaciones registradas: marca Belden, calibre 18 AWG, 1 conductores, apantallado, chaqueta PVC - Polyvinyl Chloride. Solicita disponibilidad, cantidades y soporte técnico para despacho en Colombia.",
121700A,Belden 121700A — Cable multiconductor 24/4PR trenzado par Cat 5e DataTuff Armored,Cables de red,,Belden,24,4,,Sí,PVC - Polyvinyl Chloride,CM; CMG/FT4,,,,,"Belden 121700A — Cable multiconductor 24/4PR trenzado par Cat 5e DataTuff Armored. Referencia 121700A para cotización en Surtilec, línea Cables de red. Especificaciones registradas: marca Belden, calibre 24 AWG, 4 conductores, apantallado, chaqueta PVC - Polyvinyl Chloride. Solicita disponibilidad, cantidades y soporte técnico para despacho en Colombia.",
121872A,Belden 121872A — Cable multiconductor - categoría 6 DataTuff trenzado par Cable 23/4PR CAT6E DATATUFF,Cables de red,,Belden,23,4,,Sí,PVC - Polyvinyl Chloride,CM; CMG/FT4,,,,,"Belden 121872A — Cable multiconductor - categoría 6 DataTuff trenzado par Cable 23/4PR CAT6E DATATUFF. Referencia 121872A para cotización en Surtilec, línea Cables de red. Especificaciones registradas: marca Belden, calibre 23 AWG, 4 conductores, apantallado, chaqueta PVC - Polyvinyl Chloride. Solicita disponibilidad, cantidades y soporte técnico para despacho en Colombia.",
123072F,Belden 18/2C — TC TWINAX MSHA AIA,Cables especiales,Cables apantallados,Belden,18,2,600 V,Sí,AIA-PVC,TC; CMG/PLTC; CMG/FT4,,,,,"Belden 18/2C — TC TWINAX MSHA AIA. Referencia 123072F para cotización en Surtilec, línea Cables especiales / Cables apantallados. Especificaciones registradas: marca Belden, calibre 18 AWG, 2 conductores, voltaje 600 V, apantallado. Solicita disponibilidad, cantidades y soporte técnico para despacho en Colombia.",
123092A,Belden RG6/U — cuádruple SHLD coaxial AIA,Cables especiales,Cable coaxial,Belden,18,1,,Sí,PVC - Polyvinyl Chloride,CM; CMG/FT4,,,,,"Belden RG6/U — cuádruple SHLD coaxial AIA. Referencia 123092A para cotización en Surtilec, línea Cables especiales / Cable coaxial. Especificaciones registradas: marca Belden, calibre 18 AWG, 1 conductores, apantallado, chaqueta PVC - Polyvinyl Chloride. Solicita disponibilidad, cantidades y soporte técnico para despacho en Colombia.",
123105A,Belden 123105A — 22/1P TC DATALENE/PVC SHLD AIA,Cables especiales,Cables apantallados,Belden,22,,300 V,Sí,PVC,CM/PLTC; CM/FT1,,,,,"Belden 123105A — 22/1P TC DATALENE/PVC SHLD AIA. Referencia 123105A para cotización en Surtilec, línea Cables especiales / Cables apantallados. Especificaciones registradas: marca Belden, calibre 22 AWG, voltaje 300 V, apantallado, chaqueta PVC. Solicita disponibilidad, cantidades y soporte técnico para despacho en Colombia.",
129463,Belden 129463 — Twinax - azul manguera Cable 20/2C TC PE/PVC azul manguera AIA,Cables especiales,Cables de instrumentación,Belden,20,2,300 V,Sí,PVC - Polyvinyl Chloride,AWM; CM/CL2; CM,,,,,"Belden 129463 — Twinax - azul manguera Cable 20/2C TC PE/PVC azul manguera AIA. Referencia 129463 para cotización en Surtilec, línea Cables especiales / Cables de instrumentación. Especificaciones registradas: marca Belden, calibre 20 AWG, 2 conductores, voltaje 300 V, apantallado. Solicita disponibilidad, cantidades y soporte técnico para despacho en Colombia.",
129730,Belden 129730 — 24/3P DATALENE/PVC ISHLD AIA,Cables especiales,Cables apantallados,Belden,24,,300 V,Sí,PVC  UL2493,,,,,,"Belden 129730 — 24/3P DATALENE/PVC ISHLD AIA. Referencia 129730 para cotización en Surtilec, línea Cables especiales / Cables apantallados. Especificaciones registradas: marca Belden, calibre 24 AWG, voltaje 300 V, apantallado, chaqueta PVC UL2493. Solicita disponibilidad, cantidades y soporte técnico para despacho en Colombia.",
1300A,Belden 1300A — Cable multiconductor - Wireless LAN 24/4PR PO/PVC apantallado,Cables de red,,Belden,24,4,300,Sí,PVC  - Polyvinyl Chloride,CMG; CMR/CMX; FT4,,,,,"Belden 1300A — Cable multiconductor - Wireless LAN 24/4PR PO/PVC apantallado. Referencia 1300A para cotización en Surtilec, línea Cables de red. Especificaciones registradas: marca Belden, calibre 24 AWG, 4 conductores, voltaje 300, apantallado. Solicita disponibilidad, cantidades y soporte técnico para despacho en Colombia.",
1310A,Belden 1310A — 14/4C Cable de altavoz HCBC NS CM PE/PVC 300V,Cables de control,,Belden,14,4,,Sí,PVC  - Polyvinyl Chloride,CMR/CL3R; CMG/FT4,,,,,"Belden 1310A — 14/4C Cable de altavoz HCBC NS CM PE/PVC 300V. Referencia 1310A para cotización en Surtilec, línea Cables de control. Especificaciones registradas: marca Belden, calibre 14 AWG, 4 conductores, apantallado, chaqueta PVC - Polyvinyl Chloride. Solicita disponibilidad, cantidades y soporte técnico para despacho en Colombia.",
1319SB,Belden 1319SB — Cable multiconductor - categoría 6 UTP - ABS tipo Approved 23/4PR sólido BC CAT 6 UTP,Cables de red,,Belden,23,4,,Sí,LSZH - Low Smoke Zero Halogen,,,,,,"Belden 1319SB — Cable multiconductor - categoría 6 UTP - ABS tipo Approved 23/4PR sólido BC CAT 6 UTP. Referencia 1319SB para cotización en Surtilec, línea Cables de red. Especificaciones registradas: marca Belden, calibre 23 AWG, 4 conductores, apantallado, chaqueta LSZH - Low Smoke Zero Halogen. Solicita disponibilidad, cantidades y soporte técnico para despacho en Colombia.",
1325A,Belden 1325A — 22/2P Cable de altavoz TC interno blindaje CMP Flamarrest PVC/PVC 300V,Cables de control,,Belden,22,2,300 V,Sí,PVC - Polyvinyl Chloride,CMP; CMP,,,,,"Belden 1325A — 22/2P Cable de altavoz TC interno blindaje CMP Flamarrest PVC/PVC 300V. Referencia 1325A para cotización en Surtilec, línea Cables de control. Especificaciones registradas: marca Belden, calibre 22 AWG, 2 conductores, voltaje 300 V, apantallado. Solicita disponibilidad, cantidades y soporte técnico para despacho en Colombia.",
1335A,Belden 1335A — 16/2C Cable Fieldbus Cable TC apantallado CM PP/PVC 300V,Cables especiales,Cables de instrumentación,Belden,16,2,300 V,Sí,PVC - Polyvinyl Chloride,"CM; CM, PLTC, ITC",,,,,"Belden 1335A — 16/2C Cable Fieldbus Cable TC apantallado CM PP/PVC 300V. Referencia 1335A para cotización en Surtilec, línea Cables especiales / Cables de instrumentación. Especificaciones registradas: marca Belden, calibre 16 AWG, 2 conductores, voltaje 300 V, apantallado. Solicita disponibilidad, cantidades y soporte técnico para despacho en Colombia.",
1348A,Belden 1348A — Cable multiconductor - CC Link Certified Cable 20/3C PE/PVC CC-LINK CERTIFIED,Cables de control,,Belden,20,3,300 V,Sí,PVC - Polyvinyl Chloride,CM; CM,,,,,"Belden 1348A — Cable multiconductor - CC Link Certified Cable 20/3C PE/PVC CC-LINK CERTIFIED. Referencia 1348A para cotización en Surtilec, línea Cables de control. Especificaciones registradas: marca Belden, calibre 20 AWG, 3 conductores, voltaje 300 V, apantallado. Solicita disponibilidad, cantidades y soporte técnico para despacho en Colombia.",
1419A,Belden 1419A — 24/2P RS-232/422 bajo Cap Cable TC apantallado CM Datalene PE/PVC 300V,Cables especiales,Cables de instrumentación,Belden,24,2,30 V,Sí,PVC - Polyvinyl Chloride,AWM; CM; CM/FT1,,,,,"Belden 1419A — 24/2P RS-232/422 bajo Cap Cable TC apantallado CM Datalene PE/PVC 300V. Referencia 1419A para cotización en Surtilec, línea Cables especiales / Cables de instrumentación. Especificaciones registradas: marca Belden, calibre 24 AWG, 2 conductores, voltaje 30 V, apantallado. Solicita disponibilidad, cantidades y soporte técnico para despacho en Colombia.",
1420A,Belden 1420A — 24/3P RS-232/422 bajo Cap Cable TC apantallado CM Datalene PE/PVC 300V,Cables especiales,Cables de instrumentación,Belden,24,3,30 V,Sí,PVC - Polyvinyl Chloride,AWM; CM; CM/FT1,,,,,"Belden 1420A — 24/3P RS-232/422 bajo Cap Cable TC apantallado CM Datalene PE/PVC 300V. Referencia 1420A para cotización en Surtilec, línea Cables especiales / Cables de instrumentación. Especificaciones registradas: marca Belden, calibre 24 AWG, 3 conductores, voltaje 30 V, apantallado. Solicita disponibilidad, cantidades y soporte técnico para despacho en Colombia.",
1421A,Belden 1421A — 24/4P RS-232/422 bajo Cap Cable TC apantallado CM Datalene PE/PVC 300V,Cables especiales,Cables de instrumentación,Belden,24,4,30 V,Sí,PVC - Polyvinyl Chloride,AWM; CM; CM/FT1,,,,,"Belden 1421A — 24/4P RS-232/422 bajo Cap Cable TC apantallado CM Datalene PE/PVC 300V. Referencia 1421A para cotización en Surtilec, línea Cables especiales / Cables de instrumentación. Especificaciones registradas: marca Belden, calibre 24 AWG, 4 conductores, voltaje 30 V, apantallado. Solicita disponibilidad, cantidades y soporte técnico para despacho en Colombia.",
1467A,Belden 1467A — 18/8P-22/1C 300V Cable PLTC BC apantallado PLTC/ITC/CMG PVC/PVC,Cables especiales,Cable para bandeja / tray cable,,18,8,300 V,Sí,PVC - Polyvinyl Chloride,CMG/PLTC; CMG/FT4,,,,,"Belden 1467A — 18/8P-22/1C 300V Cable PLTC BC apantallado PLTC/ITC/CMG PVC/PVC. Referencia 1467A para cotización en Surtilec, línea Cables especiales / Cable para bandeja / tray cable. Especificaciones registradas: calibre 18 AWG, 8 conductores, voltaje 300 V, apantallado, chaqueta PVC - Polyvinyl Chloride. Solicita disponibilidad, cantidades y soporte técnico para despacho en Colombia.",
1474A,Belden 1474A — 18/2P-22/1C 300V Cable PLTC BC I/O blindaje PLTC/ITC/CMG PVC/PVC,Cables especiales,Cable para bandeja / tray cable,,18,2,300 V,Sí,PVC - Polyvinyl Chloride,PLTC/ITC; CMG/PLTC; CMG/FT4,,,,,"Belden 1474A — 18/2P-22/1C 300V Cable PLTC BC I/O blindaje PLTC/ITC/CMG PVC/PVC. Referencia 1474A para cotización en Surtilec, línea Cables especiales / Cable para bandeja / tray cable. Especificaciones registradas: calibre 18 AWG, 2 conductores, voltaje 300 V, apantallado, chaqueta PVC - Polyvinyl Chloride. Solicita disponibilidad, cantidades y soporte técnico para despacho en Colombia.",
1475A,Belden 1475A — 18/4P-22/1C 300V Cable PLTC BC I/O blindaje PLTC/ITC/CMG PVC/PVC,Cables especiales,Cable para bandeja / tray cable,,18,4,300 V,Sí,PVC - Polyvinyl Chloride,PLTC/ITC; CMG/PLTC; CMG/FT4,,,,,"Belden 1475A — 18/4P-22/1C 300V Cable PLTC BC I/O blindaje PLTC/ITC/CMG PVC/PVC. Referencia 1475A para cotización en Surtilec, línea Cables especiales / Cable para bandeja / tray cable. Especificaciones registradas: calibre 18 AWG, 4 conductores, voltaje 300 V, apantallado, chaqueta PVC - Polyvinyl Chloride. Solicita disponibilidad, cantidades y soporte técnico para despacho en Colombia.",
1476A,Belden 1476A — 18/8P-22/1C 300V Cable PLTC BC I/O blindaje PLTC/ITC/CMG PVC/PVC,Cables especiales,Cable para bandeja / tray cable,,18,8,300 V,Sí,PVC - Polyvinyl Chloride,PLTC/ITC; CMG/PLTC; CMG/FT4,,,,,"Belden 1476A — 18/8P-22/1C 300V Cable PLTC BC I/O blindaje PLTC/ITC/CMG PVC/PVC. Referencia 1476A para cotización en Surtilec, línea Cables especiales / Cable para bandeja / tray cable. Especificaciones registradas: calibre 18 AWG, 8 conductores, voltaje 300 V, apantallado, chaqueta PVC - Polyvinyl Chloride. Solicita disponibilidad, cantidades y soporte técnico para despacho en Colombia.",
1477A,Belden 1477A — Multi-Conductor - 300V Cable PLTC 18/12P BC PVC/PVC IOSHLD,Cables especiales,Cable para bandeja / tray cable,Belden,18,,300 V,Sí,PVC - Polyvinyl Chloride,CMG/PLTC; CMG/FT4,,,,,"Belden 1477A — Multi-Conductor - 300V Cable PLTC 18/12P BC PVC/PVC IOSHLD. Referencia 1477A para cotización en Surtilec, línea Cables especiales / Cable para bandeja / tray cable. Especificaciones registradas: marca Belden, calibre 18 AWG, voltaje 300 V, apantallado, chaqueta PVC - Polyvinyl Chloride. Solicita disponibilidad, cantidades y soporte técnico para despacho en Colombia.",
1492A,Belden 1492A — 16/2P-22/1C 300V Cable PLTC BC I/O blindaje PLTC/ITC/CMG PVC/PVC,Cables especiales,Cable para bandeja / tray cable,,16,2,300 V,Sí,PVC - Polyvinyl Chloride,PLTC/ITC; PLTC; CMG/FT4,,,,,"Belden 1492A — 16/2P-22/1C 300V Cable PLTC BC I/O blindaje PLTC/ITC/CMG PVC/PVC. Referencia 1492A para cotización en Surtilec, línea Cables especiales / Cable para bandeja / tray cable. Especificaciones registradas: calibre 16 AWG, 2 conductores, voltaje 300 V, apantallado, chaqueta PVC - Polyvinyl Chloride. Solicita disponibilidad, cantidades y soporte técnico para despacho en Colombia.",
1493A,Belden 1493A — 16/4P-22/1C 300V Cable PLTC BC I/O blindaje PLTC/ITC/CMG PVC/PVC,Cables especiales,Cable para bandeja / tray cable,,16,4,300 V,Sí,PVC - Polyvinyl Chloride,PLTC/ITC; PLTC ITC; FT4,,,,,"Belden 1493A — 16/4P-22/1C 300V Cable PLTC BC I/O blindaje PLTC/ITC/CMG PVC/PVC. Referencia 1493A para cotización en Surtilec, línea Cables especiales / Cable para bandeja / tray cable. Especificaciones registradas: calibre 16 AWG, 4 conductores, voltaje 300 V, apantallado, chaqueta PVC - Polyvinyl Chloride. Solicita disponibilidad, cantidades y soporte técnico para despacho en Colombia.",
1502P,Belden 1502P — 22/1P-18/2C Media Cable de control TC interno blindaje CMP FEP/PVC 300V,Cables especiales,Cables apantallados,Belden,22 + 18,2,300 V,Sí,PVC  - Polyvinyl Chloride,,,,,,"Belden 1502P — 22/1P-18/2C Media Cable de control TC interno blindaje CMP FEP/PVC 300V. Referencia 1502P para cotización en Surtilec, línea Cables especiales / Cables apantallados. Especificaciones registradas: marca Belden, calibre 22 + 18 AWG, 2 conductores, voltaje 300 V, apantallado. Solicita disponibilidad, cantidades y soporte técnico para despacho en Colombia.",
1502R,Belden 1502R — 22/1P-18/2C Media Cable de control TC interno blindaje CMR FPE/PVC 300V,Cables especiales,Cables apantallados,Belden,18 + 22,2,300 V,Sí,PVC  - Polyvinyl Chloride,,,,,,"Belden 1502R — 22/1P-18/2C Media Cable de control TC interno blindaje CMR FPE/PVC 300V. Referencia 1502R para cotización en Surtilec, línea Cables especiales / Cables apantallados. Especificaciones registradas: marca Belden, calibre 18 + 22 AWG, 2 conductores, voltaje 300 V, apantallado. Solicita disponibilidad, cantidades y soporte técnico para despacho en Colombia.",
1505A,Belden 1505A — coaxial - RG-59/U tipo RG59/U sólido BC DUOFOIL,Cables especiales,Cable coaxial,Belden,20,1,,Sí,PVC,CMR; CM,,,,,"Belden 1505A — coaxial - RG-59/U tipo RG59/U sólido BC DUOFOIL. Referencia 1505A para cotización en Surtilec, línea Cables especiales / Cable coaxial. Especificaciones registradas: marca Belden, calibre 20 AWG, 1 conductores, apantallado, chaqueta PVC. Solicita disponibilidad, cantidades y soporte técnico para despacho en Colombia.",
1526A,Belden 1526A — coaxial - RG-59/U tipo 20/1TR BC PVC/PVC SHLD,Cables especiales,Cable coaxial,Belden,20,,300 V,Sí,PVC,CMG/PLTC; CMG/FT4,,,,,"Belden 1526A — coaxial - RG-59/U tipo 20/1TR BC PVC/PVC SHLD. Referencia 1526A para cotización en Surtilec, línea Cables especiales / Cable coaxial. Especificaciones registradas: marca Belden, calibre 20 AWG, voltaje 300 V, apantallado, chaqueta PVC. Solicita disponibilidad, cantidades y soporte técnico para despacho en Colombia.",
1529A,Belden 1529A — 18/3P-22/1C 300V Cable PLTC BC apantallado PLTC/ITC/CMG PVC/PVC,Cables especiales,Cable para bandeja / tray cable,,18,3,300 V,Sí,PVC - Polyvinyl Chloride,CMG/PLTC; CMG/FT4,,,,,"Belden 1529A — 18/3P-22/1C 300V Cable PLTC BC apantallado PLTC/ITC/CMG PVC/PVC. Referencia 1529A para cotización en Surtilec, línea Cables especiales / Cable para bandeja / tray cable. Especificaciones registradas: calibre 18 AWG, 3 conductores, voltaje 300 V, apantallado, chaqueta PVC - Polyvinyl Chloride. Solicita disponibilidad, cantidades y soporte técnico para despacho en Colombia.",
1533R,Belden 1533R — 24/4P Cat5e Cable F/UTP CMR PVC negro 1000 ft (carrete),Cables de red,,Belden,24,,,,PVC - Polyvinyl Chloride,CMR; CMR,,,,,"Belden 1533R — 24/4P Cat5e Cable F/UTP CMR PVC negro 1000 ft (carrete). Referencia 1533R para cotización en Surtilec, línea Cables de red. Especificaciones registradas: marca Belden, calibre 24 AWG, chaqueta PVC - Polyvinyl Chloride. Solicita disponibilidad, cantidades y soporte técnico para despacho en Colombia.",
1583A,Belden 1583A — 24/4P Cat5e Cable U/UTP CMR PVC negro 1000 ft (carrete),Cables de red,,Belden,24,,,,PVC - Polyvinyl Chloride,CM/CMR; CMR/FT4,,,,,"Belden 1583A — 24/4P Cat5e Cable U/UTP CMR PVC negro 1000 ft (carrete). Referencia 1583A para cotización en Surtilec, línea Cables de red. Especificaciones registradas: marca Belden, calibre 24 AWG, chaqueta PVC - Polyvinyl Chloride. Solicita disponibilidad, cantidades y soporte técnico para despacho en Colombia.",
1583AU,Belden 1583AU — 24/4P Cat5e Cable U/UTP CMR PVC negro 1000 ft (carrete),Cables de red,,Belden,24,,,,PVC - Polyvinyl Chloride,CM/CMR; CMR/FT4,,,,,"Belden 1583AU — 24/4P Cat5e Cable U/UTP CMR PVC negro 1000 ft (carrete). Referencia 1583AU para cotización en Surtilec, línea Cables de red. Especificaciones registradas: marca Belden, calibre 24 AWG, chaqueta PVC - Polyvinyl Chloride. Solicita disponibilidad, cantidades y soporte técnico para despacho en Colombia.",
1583AU2,Belden 1583AU2 — 24/4P Cat5e Cable U/UTP CMR PVC blanco 1000 ft (carrete),Cables de red,,Belden,24,,,,PVC - Polyvinyl Chloride,CM/CMR; CMR/FT4,,,,,"Belden 1583AU2 — 24/4P Cat5e Cable U/UTP CMR PVC blanco 1000 ft (carrete). Referencia 1583AU2 para cotización en Surtilec, línea Cables de red. Especificaciones registradas: marca Belden, calibre 24 AWG, chaqueta PVC - Polyvinyl Chloride. Solicita disponibilidad, cantidades y soporte técnico para despacho en Colombia.",
1583AU3,Belden 1583AU3 — 24/4P Cat5e Cable U/UTP CMR PVC Red 1000 ft (carrete),Cables de red,,Belden,24,,,,PVC - Polyvinyl Chloride,CM/CMR; CMR/FT4,,,,,"Belden 1583AU3 — 24/4P Cat5e Cable U/UTP CMR PVC Red 1000 ft (carrete). Referencia 1583AU3 para cotización en Surtilec, línea Cables de red. Especificaciones registradas: marca Belden, calibre 24 AWG, chaqueta PVC - Polyvinyl Chloride. Solicita disponibilidad, cantidades y soporte técnico para despacho en Colombia.",
1583AU4,Belden 1583AU4 — 24/4P Cat5e Cable U/UTP CMR PVC verde 1000 ft (carrete),Cables de red,,Belden,24,,,,PVC - Polyvinyl Chloride,CM/CMR; CMR/FT4,,,,,"Belden 1583AU4 — 24/4P Cat5e Cable U/UTP CMR PVC verde 1000 ft (carrete). Referencia 1583AU4 para cotización en Surtilec, línea Cables de red. Especificaciones registradas: marca Belden, calibre 24 AWG, chaqueta PVC - Polyvinyl Chloride. Solicita disponibilidad, cantidades y soporte técnico para despacho en Colombia.",
1583AU5,Belden 1583AU5 — 24/4P Cat5e Cable U/UTP CMR PVC azul 1000 ft (carrete),Cables de red,,Belden,24,,,,PVC - Polyvinyl Chloride,CM/CMR; CMR/FT4,,,,,"Belden 1583AU5 — 24/4P Cat5e Cable U/UTP CMR PVC azul 1000 ft (carrete). Referencia 1583AU5 para cotización en Surtilec, línea Cables de red. Especificaciones registradas: marca Belden, calibre 24 AWG, chaqueta PVC - Polyvinyl Chloride. Solicita disponibilidad, cantidades y soporte técnico para despacho en Colombia.",
1583AU6,Belden 1583AU6 — 24/4P Cat5e Cable U/UTP CMR PVC gris 1000 ft (carrete),Cables de red,,Belden,24,,,,PVC - Polyvinyl Chloride,CM/CMR; CMR/FT4,,,,,"Belden 1583AU6 — 24/4P Cat5e Cable U/UTP CMR PVC gris 1000 ft (carrete). Referencia 1583AU6 para cotización en Surtilec, línea Cables de red. Especificaciones registradas: marca Belden, calibre 24 AWG, chaqueta PVC - Polyvinyl Chloride. Solicita disponibilidad, cantidades y soporte técnico para despacho en Colombia.",
1583AU7,Belden 1583AU7 — 24/4P Cat5e Cable U/UTP CMR PVC naranja 1000 ft (carrete),Cables de red,,Belden,24,,,,PVC - Polyvinyl Chloride,CM/CMR; CMR/FT4,,,,,"Belden 1583AU7 — 24/4P Cat5e Cable U/UTP CMR PVC naranja 1000 ft (carrete). Referencia 1583AU7 para cotización en Surtilec, línea Cables de red. Especificaciones registradas: marca Belden, calibre 24 AWG, chaqueta PVC - Polyvinyl Chloride. Solicita disponibilidad, cantidades y soporte técnico para despacho en Colombia.",
1583AU8,Belden 1583AU8 — 24/4P Cat5e Cable U/UTP CMR PVC amarillo 1000 ft (carrete),Cables de red,,Belden,24,,,,PVC - Polyvinyl Chloride,CM/CMR; CMR/FT4,,,,,"Belden 1583AU8 — 24/4P Cat5e Cable U/UTP CMR PVC amarillo 1000 ft (carrete). Referencia 1583AU8 para cotización en Surtilec, línea Cables de red. Especificaciones registradas: marca Belden, calibre 24 AWG, chaqueta PVC - Polyvinyl Chloride. Solicita disponibilidad, cantidades y soporte técnico para despacho en Colombia.",
1583B,Belden 1583B — 24/4P Cat5e Cable U/UTP CMR PVC rosa 1000 ft (carrete),Cables de red,,Belden,24,,,,PVC - Polyvinyl Chloride,CM/CMR; CMR/FT4,,,,,"Belden 1583B — 24/4P Cat5e Cable U/UTP CMR PVC rosa 1000 ft (carrete). Referencia 1583B para cotización en Surtilec, línea Cables de red. Especificaciones registradas: marca Belden, calibre 24 AWG, chaqueta PVC - Polyvinyl Chloride. Solicita disponibilidad, cantidades y soporte técnico para despacho en Colombia.",
1585A,Belden 1585A — 24/4P Cat5e Cable U/UTP CMP PVC negro 1000 ft (carrete),Cables de red,,Belden,24,,,,Flamarrest PVC - Polyvinyl Chloride,CMP; CMP/FT6,,,,,"Belden 1585A — 24/4P Cat5e Cable U/UTP CMP PVC negro 1000 ft (carrete). Referencia 1585A para cotización en Surtilec, línea Cables de red. Especificaciones registradas: marca Belden, calibre 24 AWG, chaqueta Flamarrest PVC - Polyvinyl Chloride. Solicita disponibilidad, cantidades y soporte técnico para despacho en Colombia.",
1585AU,Belden 1585AU — 24/4P Cat5e Cable U/UTP CMP PVC negro 1000 ft (carrete),Cables de red,,Belden,24,,,,Flamarrest PVC - Polyvinyl Chloride,CMP; CMP/FT6,,,,,"Belden 1585AU — 24/4P Cat5e Cable U/UTP CMP PVC negro 1000 ft (carrete). Referencia 1585AU para cotización en Surtilec, línea Cables de red. Especificaciones registradas: marca Belden, calibre 24 AWG, chaqueta Flamarrest PVC - Polyvinyl Chloride. Solicita disponibilidad, cantidades y soporte técnico para despacho en Colombia.",
1585AU2,Belden 1585AU2 — 24/4P Cat5e Cable U/UTP CMP PVC blanco 1000 ft (carrete),Cables de red,,Belden,24,,,,Flamarrest PVC - Polyvinyl Chloride,CMP; CMP/FT6,,,,,"Belden 1585AU2 — 24/4P Cat5e Cable U/UTP CMP PVC blanco 1000 ft (carrete). Referencia 1585AU2 para cotización en Surtilec, línea Cables de red. Especificaciones registradas: marca Belden, calibre 24 AWG, chaqueta Flamarrest PVC - Polyvinyl Chloride. Solicita disponibilidad, cantidades y soporte técnico para despacho en Colombia.",
1585AU3,Belden 1585AU3 — 24/4P Cat5e Cable U/UTP CMP PVC Red 1000 ft (carrete),Cables de red,,Belden,24,,,,Flamarrest PVC - Polyvinyl Chloride,CMP; CMP/FT6,,,,,"Belden 1585AU3 — 24/4P Cat5e Cable U/UTP CMP PVC Red 1000 ft (carrete). Referencia 1585AU3 para cotización en Surtilec, línea Cables de red. Especificaciones registradas: marca Belden, calibre 24 AWG, chaqueta Flamarrest PVC - Polyvinyl Chloride. Solicita disponibilidad, cantidades y soporte técnico para despacho en Colombia.",
1585AU4,Belden 1585AU4 — 24/4P Cat5e Cable U/UTP CMP PVC verde 1000 ft (carrete),Cables de red,,Belden,24,,,,Flamarrest PVC - Polyvinyl Chloride,CMP; CMP/FT6,,,,,"Belden 1585AU4 — 24/4P Cat5e Cable U/UTP CMP PVC verde 1000 ft (carrete). Referencia 1585AU4 para cotización en Surtilec, línea Cables de red. Especificaciones registradas: marca Belden, calibre 24 AWG, chaqueta Flamarrest PVC - Polyvinyl Chloride. Solicita disponibilidad, cantidades y soporte técnico para despacho en Colombia.",
1585AU5,Belden 1585AU5 — 24/4P Cat5e Cable U/UTP CMP PVC azul 1000 ft (carrete),Cables de red,,Belden,24,,,,Flamarrest PVC - Polyvinyl Chloride,CMP; CMP/FT6,,,,,"Belden 1585AU5 — 24/4P Cat5e Cable U/UTP CMP PVC azul 1000 ft (carrete). Referencia 1585AU5 para cotización en Surtilec, línea Cables de red. Especificaciones registradas: marca Belden, calibre 24 AWG, chaqueta Flamarrest PVC - Polyvinyl Chloride. Solicita disponibilidad, cantidades y soporte técnico para despacho en Colombia.",
1585AU6,Belden 1585AU6 — 24/4P Cat5e Cable U/UTP CMP PVC gris 1000 ft (carrete),Cables de red,,Belden,24,,,,Flamarrest PVC - Polyvinyl Chloride,CMP; CMP/FT6,,,,,"Belden 1585AU6 — 24/4P Cat5e Cable U/UTP CMP PVC gris 1000 ft (carrete). Referencia 1585AU6 para cotización en Surtilec, línea Cables de red. Especificaciones registradas: marca Belden, calibre 24 AWG, chaqueta Flamarrest PVC - Polyvinyl Chloride. Solicita disponibilidad, cantidades y soporte técnico para despacho en Colombia.",
1585AU7,Belden 1585AU7 — 24/4P Cat5e Cable U/UTP CMP PVC naranja 1000 ft (carrete),Cables de red,,Belden,24,,,,Flamarrest PVC - Polyvinyl Chloride,CMP; CMP/FT6,,,,,"Belden 1585AU7 — 24/4P Cat5e Cable U/UTP CMP PVC naranja 1000 ft (carrete). Referencia 1585AU7 para cotización en Surtilec, línea Cables de red. Especificaciones registradas: marca Belden, calibre 24 AWG, chaqueta Flamarrest PVC - Polyvinyl Chloride. Solicita disponibilidad, cantidades y soporte técnico para despacho en Colombia.",
1585B,Belden 1585B — 24/4P Cat5e Cable U/UTP CMP PVC rosa 1000 ft (carrete),Cables de red,,Belden,24,,,,Flamarrest PVC - Polyvinyl Chloride,CMP; CMP/FT6,,,,,"Belden 1585B — 24/4P Cat5e Cable U/UTP CMP PVC rosa 1000 ft (carrete). Referencia 1585B para cotización en Surtilec, línea Cables de red. Especificaciones registradas: marca Belden, calibre 24 AWG, chaqueta Flamarrest PVC - Polyvinyl Chloride. Solicita disponibilidad, cantidades y soporte técnico para despacho en Colombia.",
1624P-5,Belden 1624P-5 — 24/4P Cat5 Cable F/UTP CMP PVC azul 1000 ft (carrete),Cables de red,,Belden,24,,,,Flamarrest PVC - Polyvinyl Chloride,CMR; CMR,,,,,"Belden 1624P-5 — 24/4P Cat5 Cable F/UTP CMP PVC azul 1000 ft (carrete). Referencia 1624P-5 para cotización en Surtilec, línea Cables de red. Especificaciones registradas: marca Belden, calibre 24 AWG, chaqueta Flamarrest PVC - Polyvinyl Chloride. Solicita disponibilidad, cantidades y soporte técnico para despacho en Colombia.",
1624R-4,Belden 1624R-4 — 24/4P Cat5 Cable F/UTP CMR PVC verde 1000 ft (carrete),Cables de red,,Belden,24,,,,PVC - Polyvinyl Chloride,CMR; CMR,,,,,"Belden 1624R-4 — 24/4P Cat5 Cable F/UTP CMR PVC verde 1000 ft (carrete). Referencia 1624R-4 para cotización en Surtilec, línea Cables de red. Especificaciones registradas: marca Belden, calibre 24 AWG, chaqueta PVC - Polyvinyl Chloride. Solicita disponibilidad, cantidades y soporte técnico para despacho en Colombia.",
1624R-5,Belden 1624R-5 — 24/4P Cat5 Cable F/UTP CMR PVC azul 1000 ft (carrete),Cables de red,,Belden,24,,,,PVC - Polyvinyl Chloride,CMR; CMR,,,,,"Belden 1624R-5 — 24/4P Cat5 Cable F/UTP CMR PVC azul 1000 ft (carrete). Referencia 1624R-5 para cotización en Surtilec, línea Cables de red. Especificaciones registradas: marca Belden, calibre 24 AWG, chaqueta PVC - Polyvinyl Chloride. Solicita disponibilidad, cantidades y soporte técnico para despacho en Colombia.",
1624R-6,Belden 1624R-6 — 24/4P Cat5 Cable F/UTP CMR PVC gris 1000 ft (carrete),Cables de red,,Belden,24,,,,PVC - Polyvinyl Chloride,CMR; CMR,,,,,"Belden 1624R-6 — 24/4P Cat5 Cable F/UTP CMR PVC gris 1000 ft (carrete). Referencia 1624R-6 para cotización en Surtilec, línea Cables de red. Especificaciones registradas: marca Belden, calibre 24 AWG, chaqueta PVC - Polyvinyl Chloride. Solicita disponibilidad, cantidades y soporte técnico para despacho en Colombia.",
1694A,Belden 1694A — 18 AWG 75 Ohm SDI coaxial RG-6 Cable BC apantallado CMR FPE/PVC 300V,Cables especiales,Cable coaxial,Belden,18,1,,Sí,PVC - Polyvinyl Chloride,CMR; CMG/FT4,,,,,"Belden 1694A — 18 AWG 75 Ohm SDI coaxial RG-6 Cable BC apantallado CMR FPE/PVC 300V. Referencia 1694A para cotización en Surtilec, línea Cables especiales / Cable coaxial. Especificaciones registradas: marca Belden, calibre 18 AWG, 1 conductores, apantallado, chaqueta PVC - Polyvinyl Chloride. Solicita disponibilidad, cantidades y soporte técnico para despacho en Colombia.",
1695A,Belden 1695A — coaxial - bajo Loss Serial Digital coaxial RG6 sólido BC DUOFOIL/malla CMP,Cables especiales,Cable coaxial,Belden,18,1,,Sí,PVC - Polyvinyl Chloride,CMP; CMP/FT6,,,,,"Belden 1695A — coaxial - bajo Loss Serial Digital coaxial RG6 sólido BC DUOFOIL/malla CMP. Referencia 1695A para cotización en Surtilec, línea Cables especiales / Cable coaxial. Especificaciones registradas: marca Belden, calibre 18 AWG, 1 conductores, apantallado, chaqueta PVC - Polyvinyl Chloride. Solicita disponibilidad, cantidades y soporte técnico para despacho en Colombia.",
1700AU5,Belden 1700AU5 — 24/4P Cat5e+ Cable U/UTP CMR PVC azul 1000 ft (carrete),Cables de red,,Belden,24,,,,PVC - Polyvinyl Chloride,CM; CM,,,,,"Belden 1700AU5 — 24/4P Cat5e+ Cable U/UTP CMR PVC azul 1000 ft (carrete). Referencia 1700AU5 para cotización en Surtilec, línea Cables de red. Especificaciones registradas: marca Belden, calibre 24 AWG, chaqueta PVC - Polyvinyl Chloride. Solicita disponibilidad, cantidades y soporte técnico para despacho en Colombia.",
1700AU8,Belden 1700AU8 — 24/4P Cat5e+ Cable U/UTP CMR PVC amarillo 1000 ft (carrete),Cables de red,,Belden,24,,,,PVC - Polyvinyl Chloride,CM; CM,,,,,"Belden 1700AU8 — 24/4P Cat5e+ Cable U/UTP CMR PVC amarillo 1000 ft (carrete). Referencia 1700AU8 para cotización en Surtilec, línea Cables de red. Especificaciones registradas: marca Belden, calibre 24 AWG, chaqueta PVC - Polyvinyl Chloride. Solicita disponibilidad, cantidades y soporte técnico para despacho en Colombia.",
1752A,Belden 1752A — 24/4P Cat5e+ Patch Cable U/UTP CM PVC azul 1000 ft (carrete),Cables de red,,Belden,24,,300 V,,PVC - Polyvinyl Chloride,CM,,,,,"Belden 1752A — 24/4P Cat5e+ Patch Cable U/UTP CM PVC azul 1000 ft (carrete). Referencia 1752A para cotización en Surtilec, línea Cables de red. Especificaciones registradas: marca Belden, calibre 24 AWG, voltaje 300 V, chaqueta PVC - Polyvinyl Chloride. Solicita disponibilidad, cantidades y soporte técnico para despacho en Colombia.",
183076F,Belden 183076F — Cable multiconductor - Cont. Armor DataBus ISA/SP-50 FOUNDATION Fieldbus/Profibus 1,Cables de red,,Belden,18,1,300,Sí,PVC - Polyvinyl Chloride,ITC PLTC; CM,,,,,"Belden 183076F — Cable multiconductor - Cont. Armor DataBus ISA/SP-50 FOUNDATION Fieldbus/Profibus 1. Referencia 183076F para cotización en Surtilec, línea Cables de red. Especificaciones registradas: marca Belden, calibre 18 AWG, 1 conductores, voltaje 300, apantallado. Solicita disponibilidad, cantidades y soporte técnico para despacho en Colombia.",
183092A,Belden 183092A — coaxial - ControlNet cuádruple apantallado coaxial RG6/U cuádruple SHLD coaxial CCW,Cables especiales,Cable coaxial,Belden,18,1,300,Sí,PVC - Polyvinyl Chloride,CL2R CMR; CL2R CMR,,,,,"Belden 183092A — coaxial - ControlNet cuádruple apantallado coaxial RG6/U cuádruple SHLD coaxial CCW. Referencia 183092A para cotización en Surtilec, línea Cables especiales / Cable coaxial. Especificaciones registradas: marca Belden, calibre 18 AWG, 1 conductores, voltaje 300, apantallado. Solicita disponibilidad, cantidades y soporte técnico para despacho en Colombia.",
1872A-5,Belden 1872A-5 — 23/4P Cat6+ Cable U/UTP CMR PVC azul 1000 ft (carrete),Cables de red,,Belden,23,,,,PVC - Polyvinyl Chloride,CMR; CMR/FT4,,,,,"Belden 1872A-5 — 23/4P Cat6+ Cable U/UTP CMR PVC azul 1000 ft (carrete). Referencia 1872A-5 para cotización en Surtilec, línea Cables de red. Especificaciones registradas: marca Belden, calibre 23 AWG, chaqueta PVC - Polyvinyl Chloride. Solicita disponibilidad, cantidades y soporte técnico para despacho en Colombia.",
19122,Belden 19122 — 18/2C Cordón portátilage Cable tipo SPT-1 BC NS PVC/PVC 300V,Cable flexible,Cable encauchetado,Belden,18,2,300 V,Sí,PVC - Polyvinyl Chloride,SPT-1,,,,,"Belden 19122 — 18/2C Cordón portátilage Cable tipo SPT-1 BC NS PVC/PVC 300V. Referencia 19122 para cotización en Surtilec, línea Cable flexible / Cable encauchetado. Especificaciones registradas: marca Belden, calibre 18 AWG, 2 conductores, voltaje 300 V, apantallado. Solicita disponibilidad, cantidades y soporte técnico para despacho en Colombia.",
19364,Belden 19364 — 14/3C Cordón portátilage Cable tipo SJT BC apantallado PVC/PVC 300V,Cable flexible,Cable encauchetado,Belden,14,3,300 V,Sí,PVC - Polyvinyl Chloride,SJT; SJO,,,,,"Belden 19364 — 14/3C Cordón portátilage Cable tipo SJT BC apantallado PVC/PVC 300V. Referencia 19364 para cotización en Surtilec, línea Cable flexible / Cable encauchetado. Especificaciones registradas: marca Belden, calibre 14 AWG, 3 conductores, voltaje 300 V, apantallado. Solicita disponibilidad, cantidades y soporte técnico para despacho en Colombia.",
19402,Belden 19402 — 18/3C Cordón portátilage Cable tipo SVT BC NS PVC/PVC 300V,Cable flexible,Cable encauchetado,Belden,18,3,300 V,Sí,PVC - Polyvinyl Chloride,SVT,,,,,"Belden 19402 — 18/3C Cordón portátilage Cable tipo SVT BC NS PVC/PVC 300V. Referencia 19402 para cotización en Surtilec, línea Cable flexible / Cable encauchetado. Especificaciones registradas: marca Belden, calibre 18 AWG, 3 conductores, voltaje 300 V, apantallado. Solicita disponibilidad, cantidades y soporte técnico para despacho en Colombia.",
19510,Belden 19510 — 16/3C Cordón portátilage Cable tipo SJTOW-A BC NS PVC/PVC 300V,Cable flexible,Cable encauchetado,Belden,16,3,300 V,Sí,PVC - Polyvinyl Chloride,SJTOW; SJTOW; SJTOW,,,,,"Belden 19510 — 16/3C Cordón portátilage Cable tipo SJTOW-A BC NS PVC/PVC 300V. Referencia 19510 para cotización en Surtilec, línea Cable flexible / Cable encauchetado. Especificaciones registradas: marca Belden, calibre 16 AWG, 3 conductores, voltaje 300 V, apantallado. Solicita disponibilidad, cantidades y soporte técnico para despacho en Colombia.",
2412-2,Belden 2412-2 — 23/4P Cat6+ mejorado Cable U/UTP CMR PVC blanco 1000 ft (carrete),Cables de red,,Belden,23,,,,PVC - Polyvinyl Chloride,CMR; FT4,,,,,"Belden 2412-2 — 23/4P Cat6+ mejorado Cable U/UTP CMR PVC blanco 1000 ft (carrete). Referencia 2412-2 para cotización en Surtilec, línea Cables de red. Especificaciones registradas: marca Belden, calibre 23 AWG, chaqueta PVC - Polyvinyl Chloride. Solicita disponibilidad, cantidades y soporte técnico para despacho en Colombia.",
2412-4,Belden 2412-4 — 23/4P Cat6+ mejorado Cable U/UTP CMR PVC verde 1000 ft (carrete),Cables de red,,Belden,23,,,,PVC - Polyvinyl Chloride,CMR; FT4,,,,,"Belden 2412-4 — 23/4P Cat6+ mejorado Cable U/UTP CMR PVC verde 1000 ft (carrete). Referencia 2412-4 para cotización en Surtilec, línea Cables de red. Especificaciones registradas: marca Belden, calibre 23 AWG, chaqueta PVC - Polyvinyl Chloride. Solicita disponibilidad, cantidades y soporte técnico para despacho en Colombia.",
2412-5,Belden 2412-5 — 23/4P Cat6+ mejorado Cable U/UTP CMR PVC azul 1000 ft (carrete),Cables de red,,Belden,23,,,,PVC - Polyvinyl Chloride,CMR; FT4,,,,,"Belden 2412-5 — 23/4P Cat6+ mejorado Cable U/UTP CMR PVC azul 1000 ft (carrete). Referencia 2412-5 para cotización en Surtilec, línea Cables de red. Especificaciones registradas: marca Belden, calibre 23 AWG, chaqueta PVC - Polyvinyl Chloride. Solicita disponibilidad, cantidades y soporte técnico para despacho en Colombia.",
2413-2,Belden 2413-2 — 23/4P Cat6+ mejorado Cable U/UTP CMP PVC blanco 1000 ft (carrete),Cables de red,,Belden,23,,,,Flamarrest PVC - Polyvinyl Chloride,CMP; CMP; FT6,,,,,"Belden 2413-2 — 23/4P Cat6+ mejorado Cable U/UTP CMP PVC blanco 1000 ft (carrete). Referencia 2413-2 para cotización en Surtilec, línea Cables de red. Especificaciones registradas: marca Belden, calibre 23 AWG, chaqueta Flamarrest PVC - Polyvinyl Chloride. Solicita disponibilidad, cantidades y soporte técnico para despacho en Colombia.",
2413-5,Belden 2413-5 — 23/4P Cat6+ mejorado Cable U/UTP CMP PVC azul 1000 ft (carrete),Cables de red,,Belden,23,,,Sí,Flamarrest PVC - Polyvinyl Chloride,CMP; CMP; FT6,,,,,"Belden 2413-5 — 23/4P Cat6+ mejorado Cable U/UTP CMP PVC azul 1000 ft (carrete). Referencia 2413-5 para cotización en Surtilec, línea Cables de red. Especificaciones registradas: marca Belden, calibre 23 AWG, apantallado, chaqueta Flamarrest PVC - Polyvinyl Chloride. Solicita disponibilidad, cantidades y soporte técnico para despacho en Colombia.",
27254,Belden 27254 — Cable multiconductor - 600V tipo MC Metal Clad Cable 12/2C PLUS GRD XLP/PVC AIA,Cables de control,,Belden,12,3,,,PVC,,,,,,"Belden 27254 — Cable multiconductor - 600V tipo MC Metal Clad Cable 12/2C PLUS GRD XLP/PVC AIA. Referencia 27254 para cotización en Surtilec, línea Cables de control. Especificaciones registradas: marca Belden, calibre 12 AWG, 3 conductores, chaqueta PVC. Solicita disponibilidad, cantidades y soporte técnico para despacho en Colombia.",
29500,Belden 29500 — 16/3C Cable VFD w/tierra Flexible Motor alimentación XLPE/PVC 1000V,Cables para variadores VFD,,Belden,16,3,1000 V,Sí,PVC - Polyvinyl Chloride,TC-ER; FT4,,,,,"Belden 29500 — 16/3C Cable VFD w/tierra Flexible Motor alimentación XLPE/PVC 1000V. Referencia 29500 para cotización en Surtilec, línea Cables para variadores VFD. Especificaciones registradas: marca Belden, calibre 16 AWG, 3 conductores, voltaje 1000 V, apantallado. Solicita disponibilidad, cantidades y soporte técnico para despacho en Colombia.",
29501,Belden 29501 — 14/3C Cable VFD w/tierra Flexible Motor alimentación XLPE/PVC 1000V,Cables para variadores VFD,,Belden,14,3,1000 V,Sí,PVC - Polyvinyl Chloride,TC-ER; FT4,,,,,"Belden 29501 — 14/3C Cable VFD w/tierra Flexible Motor alimentación XLPE/PVC 1000V. Referencia 29501 para cotización en Surtilec, línea Cables para variadores VFD. Especificaciones registradas: marca Belden, calibre 14 AWG, 3 conductores, voltaje 1000 V, apantallado. Solicita disponibilidad, cantidades y soporte técnico para despacho en Colombia.",
29502,Belden 29502 — 12/3C Cable VFD w/tierra Flexible Motor alimentación XLPE/PVC 1000V,Cables para variadores VFD,,Belden,12,3,1000 V,Sí,PVC - Polyvinyl Chloride,TC-ER; FT4,,,,,"Belden 29502 — 12/3C Cable VFD w/tierra Flexible Motor alimentación XLPE/PVC 1000V. Referencia 29502 para cotización en Surtilec, línea Cables para variadores VFD. Especificaciones registradas: marca Belden, calibre 12 AWG, 3 conductores, voltaje 1000 V, apantallado. Solicita disponibilidad, cantidades y soporte técnico para despacho en Colombia.",
29503,Belden 29503 — 10/3C Cable VFD w/tierra Flexible Motor alimentación XLPE/PVC 1000V,Cables para variadores VFD,,Belden,10,3,1000 V,Sí,PVC - Polyvinyl Chloride,TC-ER; FT4,,,,,"Belden 29503 — 10/3C Cable VFD w/tierra Flexible Motor alimentación XLPE/PVC 1000V. Referencia 29503 para cotización en Surtilec, línea Cables para variadores VFD. Especificaciones registradas: marca Belden, calibre 10 AWG, 3 conductores, voltaje 1000 V, apantallado. Solicita disponibilidad, cantidades y soporte técnico para despacho en Colombia.",
29504,Belden 29504 — 8/3C Cable VFD w/tierra Flexible Motor alimentación XLPE/PVC 1000V,Cables para variadores VFD,,Belden,8,3,1000 V,Sí,PVC - Polyvinyl Chloride,TC-ER; FT4,,,,,"Belden 29504 — 8/3C Cable VFD w/tierra Flexible Motor alimentación XLPE/PVC 1000V. Referencia 29504 para cotización en Surtilec, línea Cables para variadores VFD. Especificaciones registradas: marca Belden, calibre 8 AWG, 3 conductores, voltaje 1000 V, apantallado. Solicita disponibilidad, cantidades y soporte técnico para despacho en Colombia.",
29505,Belden 29505 — 6/3C Cable VFD w/tierra Flexible Motor alimentación XLPE/PVC 1000V,Cables para variadores VFD,,Belden,6,3,1000 V,Sí,PVC - Polyvinyl Chloride,TC-ER; FT4,,,,,"Belden 29505 — 6/3C Cable VFD w/tierra Flexible Motor alimentación XLPE/PVC 1000V. Referencia 29505 para cotización en Surtilec, línea Cables para variadores VFD. Especificaciones registradas: marca Belden, calibre 6 AWG, 3 conductores, voltaje 1000 V, apantallado. Solicita disponibilidad, cantidades y soporte técnico para despacho en Colombia.",
29506,Belden 29506 — 4/3C Cable VFD w/tierra Flexible Motor alimentación XLPE/PVC 1000V,Cables para variadores VFD,,Belden,4,3,1000 V,Sí,PVC - Polyvinyl Chloride,TC-ER; FT4,,,,,"Belden 29506 — 4/3C Cable VFD w/tierra Flexible Motor alimentación XLPE/PVC 1000V. Referencia 29506 para cotización en Surtilec, línea Cables para variadores VFD. Especificaciones registradas: marca Belden, calibre 4 AWG, 3 conductores, voltaje 1000 V, apantallado. Solicita disponibilidad, cantidades y soporte técnico para despacho en Colombia.",
29507,Belden 29507 — 2/3C Cable VFD w/tierra Flexible Motor alimentación XLPE/PVC 1000V,Cables para variadores VFD,,Belden,2,3,1000 V,Sí,PVC - Polyvinyl Chloride,TC-ER; FT4,,,,,"Belden 29507 — 2/3C Cable VFD w/tierra Flexible Motor alimentación XLPE/PVC 1000V. Referencia 29507 para cotización en Surtilec, línea Cables para variadores VFD. Especificaciones registradas: marca Belden, calibre 2 AWG, 3 conductores, voltaje 1000 V, apantallado. Solicita disponibilidad, cantidades y soporte técnico para despacho en Colombia.",
29512,Belden 29512 — 12/3C + 16/1P compuesto Cable VFD w/tierra Flexible Motor alimentación XLPE/PVC 1000V,Cables para variadores VFD,,Belden,12,3,1000 V,Sí,PVC - Polyvinyl Chloride,TC,,,,,"Belden 29512 — 12/3C + 16/1P compuesto Cable VFD w/tierra Flexible Motor alimentación XLPE/PVC 1000V. Referencia 29512 para cotización en Surtilec, línea Cables para variadores VFD. Especificaciones registradas: marca Belden, calibre 12 AWG, 3 conductores, voltaje 1000 V, apantallado. Solicita disponibilidad, cantidades y soporte técnico para despacho en Colombia.",
29513,Belden 29513 — 10/3C + 16/1P compuesto Cable VFD w/tierra Flexible Motor alimentación XLPE/PVC 1000V,Cables para variadores VFD,,Belden,10,3,1000 V,Sí,PVC - Polyvinyl Chloride,TC,,,,,"Belden 29513 — 10/3C + 16/1P compuesto Cable VFD w/tierra Flexible Motor alimentación XLPE/PVC 1000V. Referencia 29513 para cotización en Surtilec, línea Cables para variadores VFD. Especificaciones registradas: marca Belden, calibre 10 AWG, 3 conductores, voltaje 1000 V, apantallado. Solicita disponibilidad, cantidades y soporte técnico para despacho en Colombia.",
29520C,Belden 29520C — 16/3C Cable VFD w/tierras XLPE/PVC 600V,Cables para variadores VFD,,Belden,16,3,600 V,Sí,PVC - Polyvinyl Chloride,TC-ER; FT4,,,,,"Belden 29520C — 16/3C Cable VFD w/tierras XLPE/PVC 600V. Referencia 29520C para cotización en Surtilec, línea Cables para variadores VFD. Especificaciones registradas: marca Belden, calibre 16 AWG, 3 conductores, voltaje 600 V, apantallado. Solicita disponibilidad, cantidades y soporte técnico para despacho en Colombia.",
29521C,Belden 29521C — 14/3C Cable VFD w/tierras XLPE/PVC 600/1000V,Cables para variadores VFD,,Belden,14,3,600 V,Sí,PVC - Polyvinyl Chloride,TC-ER; 336-ER; FT4,,,,,"Belden 29521C — 14/3C Cable VFD w/tierras XLPE/PVC 600/1000V. Referencia 29521C para cotización en Surtilec, línea Cables para variadores VFD. Especificaciones registradas: marca Belden, calibre 14 AWG, 3 conductores, voltaje 600 V, apantallado. Solicita disponibilidad, cantidades y soporte técnico para despacho en Colombia.",
29522C,Belden 29522C — 12/3C Cable VFD w/tierras XLPE/PVC 600/1000V,Cables para variadores VFD,,Belden,12,3,600 V,Sí,PVC - Polyvinyl Chloride,TC-ER; FT4,,,,,"Belden 29522C — 12/3C Cable VFD w/tierras XLPE/PVC 600/1000V. Referencia 29522C para cotización en Surtilec, línea Cables para variadores VFD. Especificaciones registradas: marca Belden, calibre 12 AWG, 3 conductores, voltaje 600 V, apantallado. Solicita disponibilidad, cantidades y soporte técnico para despacho en Colombia.",
29523C,Belden 29523C — 10/3C Cable VFD w/tierras XLPE/PVC 600/1000V,Cables para variadores VFD,,Belden,10,3,600 V,Sí,PVC - Polyvinyl Chloride,TC-ER; FT4,,,,,"Belden 29523C — 10/3C Cable VFD w/tierras XLPE/PVC 600/1000V. Referencia 29523C para cotización en Surtilec, línea Cables para variadores VFD. Especificaciones registradas: marca Belden, calibre 10 AWG, 3 conductores, voltaje 600 V, apantallado. Solicita disponibilidad, cantidades y soporte técnico para despacho en Colombia.",
29524C,Belden 29524C — 8/3C Cable VFD w/tierras XLPE/PVC 600/1000V,Cables para variadores VFD,,Belden,8,3,600 V,Sí,PVC - Polyvinyl Chloride,TC-ER; FT4,,,,,"Belden 29524C — 8/3C Cable VFD w/tierras XLPE/PVC 600/1000V. Referencia 29524C para cotización en Surtilec, línea Cables para variadores VFD. Especificaciones registradas: marca Belden, calibre 8 AWG, 3 conductores, voltaje 600 V, apantallado. Solicita disponibilidad, cantidades y soporte técnico para despacho en Colombia.",
29525C,Belden 29525C — 6/3C Cable VFD w/tierras XLPE/PVC 600/1000V,Cables para variadores VFD,,Belden,6,3,600 V,Sí,PVC - Polyvinyl Chloride,TC-ER; FT4,,,,,"Belden 29525C — 6/3C Cable VFD w/tierras XLPE/PVC 600/1000V. Referencia 29525C para cotización en Surtilec, línea Cables para variadores VFD. Especificaciones registradas: marca Belden, calibre 6 AWG, 3 conductores, voltaje 600 V, apantallado. Solicita disponibilidad, cantidades y soporte técnico para despacho en Colombia.",
29526C,Belden 29526C — 4/3C Cable VFD w/tierras XLPE/PVC 600/1000V,Cables para variadores VFD,,Belden,4,3,600 V,Sí,PVC - Polyvinyl Chloride,TC-ER; FT4,,,,,"Belden 29526C — 4/3C Cable VFD w/tierras XLPE/PVC 600/1000V. Referencia 29526C para cotización en Surtilec, línea Cables para variadores VFD. Especificaciones registradas: marca Belden, calibre 4 AWG, 3 conductores, voltaje 600 V, apantallado. Solicita disponibilidad, cantidades y soporte técnico para despacho en Colombia.",
29527C,Belden 29527C — 2/3C Cable VFD w/tierras XLPE/PVC 600/1000V,Cables para variadores VFD,,Belden,2,3,600 V,Sí,PVC - Polyvinyl Chloride,TC-ER; FT4,,,,,"Belden 29527C — 2/3C Cable VFD w/tierras XLPE/PVC 600/1000V. Referencia 29527C para cotización en Surtilec, línea Cables para variadores VFD. Especificaciones registradas: marca Belden, calibre 2 AWG, 3 conductores, voltaje 600 V, apantallado. Solicita disponibilidad, cantidades y soporte técnico para despacho en Colombia.",
29528,Belden 29528 — 1/3C Cable VFD w/tierras Flexible Motor alimentación XLPE/PVC 1000V,Cables para variadores VFD,,Belden,1,3,1000 V,Sí,PVC - Polyvinyl Chloride,TC-ER; FT4,,,,,"Belden 29528 — 1/3C Cable VFD w/tierras Flexible Motor alimentación XLPE/PVC 1000V. Referencia 29528 para cotización en Surtilec, línea Cables para variadores VFD. Especificaciones registradas: marca Belden, calibre 1 AWG, 3 conductores, voltaje 1000 V, apantallado. Solicita disponibilidad, cantidades y soporte técnico para despacho en Colombia.",
29528C,Belden 29528C — 1/3C Cable VFD w/tierras XLPE/PVC 600/1000V,Cables para variadores VFD,,Belden,1,3,600 V,Sí,PVC - Polyvinyl Chloride,TC-ER; FT4,,,,,"Belden 29528C — 1/3C Cable VFD w/tierras XLPE/PVC 600/1000V. Referencia 29528C para cotización en Surtilec, línea Cables para variadores VFD. Especificaciones registradas: marca Belden, calibre 1 AWG, 3 conductores, voltaje 600 V, apantallado. Solicita disponibilidad, cantidades y soporte técnico para despacho en Colombia.",
29529,Belden 29529 — 1/0-3C Cable VFD w/tierras Flexible Motor alimentación XLPE/PVC 1000V,Cables para variadores VFD,,Belden,1/0,3,1000 V,Sí,PVC - Polyvinyl Chloride,TC-ER; FT4,,,,,"Belden 29529 — 1/0-3C Cable VFD w/tierras Flexible Motor alimentación XLPE/PVC 1000V. Referencia 29529 para cotización en Surtilec, línea Cables para variadores VFD. Especificaciones registradas: marca Belden, calibre 1/0 AWG, 3 conductores, voltaje 1000 V, apantallado. Solicita disponibilidad, cantidades y soporte técnico para despacho en Colombia.",
29529C,Belden 29529C — 1/0-3C Cable VFD w/tierras XLPE/PVC 600/1000V,Cables para variadores VFD,,Belden,1/0,3,600 V,Sí,PVC - Polyvinyl Chloride,TC-ER; FT4,,,,,"Belden 29529C — 1/0-3C Cable VFD w/tierras XLPE/PVC 600/1000V. Referencia 29529C para cotización en Surtilec, línea Cables para variadores VFD. Especificaciones registradas: marca Belden, calibre 1/0 AWG, 3 conductores, voltaje 600 V, apantallado. Solicita disponibilidad, cantidades y soporte técnico para despacho en Colombia.",
29530,Belden 29530 — 2/0-3C Cable VFD w/tierras Flexible Motor alimentación XLPE/PVC 1000V,Cables para variadores VFD,,Belden,2/0,3,1000 V,Sí,PVC - Polyvinyl Chloride,TC-ER; FT4,,,,,"Belden 29530 — 2/0-3C Cable VFD w/tierras Flexible Motor alimentación XLPE/PVC 1000V. Referencia 29530 para cotización en Surtilec, línea Cables para variadores VFD. Especificaciones registradas: marca Belden, calibre 2/0 AWG, 3 conductores, voltaje 1000 V, apantallado. Solicita disponibilidad, cantidades y soporte técnico para despacho en Colombia.",
29530C,Belden 29530C — 2/0-3C Cable VFD w/tierras XLPE/PVC 600/1000V,Cables para variadores VFD,,Belden,2/0,3,600 V,Sí,PVC - Polyvinyl Chloride,TC-ER; FT4,,,,,"Belden 29530C — 2/0-3C Cable VFD w/tierras XLPE/PVC 600/1000V. Referencia 29530C para cotización en Surtilec, línea Cables para variadores VFD. Especificaciones registradas: marca Belden, calibre 2/0 AWG, 3 conductores, voltaje 600 V, apantallado. Solicita disponibilidad, cantidades y soporte técnico para despacho en Colombia.",
29531,Belden 29531 — 3/0-3C Cable VFD w/tierras Flexible Motor alimentación XLPE/PVC 1000V,Cables para variadores VFD,,Belden,3/0,3,1000 V,Sí,PVC - Polyvinyl Chloride,TC-ER; FT4,,,,,"Belden 29531 — 3/0-3C Cable VFD w/tierras Flexible Motor alimentación XLPE/PVC 1000V. Referencia 29531 para cotización en Surtilec, línea Cables para variadores VFD. Especificaciones registradas: marca Belden, calibre 3/0 AWG, 3 conductores, voltaje 1000 V, apantallado. Solicita disponibilidad, cantidades y soporte técnico para despacho en Colombia.",
29531C,Belden 29531C — 3/0-3C Cable VFD w/tierras XLPE/PVC 600/1000V,Cables para variadores VFD,,Belden,3/0,3,600 V,Sí,PVC - Polyvinyl Chloride,TC-ER; FT4,,,,,"Belden 29531C — 3/0-3C Cable VFD w/tierras XLPE/PVC 600/1000V. Referencia 29531C para cotización en Surtilec, línea Cables para variadores VFD. Especificaciones registradas: marca Belden, calibre 3/0 AWG, 3 conductores, voltaje 600 V, apantallado. Solicita disponibilidad, cantidades y soporte técnico para despacho en Colombia.",
29532,Belden 29532 — 4/0-3C Cable VFD w/tierras Flexible Motor alimentación XLPE/PVC 1000V,Cables para variadores VFD,,Belden,4/0,3,1000 V,Sí,PVC - Polyvinyl Chloride,TC-ER; FT4,,,,,"Belden 29532 — 4/0-3C Cable VFD w/tierras Flexible Motor alimentación XLPE/PVC 1000V. Referencia 29532 para cotización en Surtilec, línea Cables para variadores VFD. Especificaciones registradas: marca Belden, calibre 4/0 AWG, 3 conductores, voltaje 1000 V, apantallado. Solicita disponibilidad, cantidades y soporte técnico para despacho en Colombia.",
29532C,Belden 29532C — 4/0-3C Cable VFD w/tierras XLPE/PVC 600/1000V,Cables para variadores VFD,,Belden,4/0,3,600 V,Sí,PVC - Polyvinyl Chloride,TC-ER; FT4,,,,,"Belden 29532C — 4/0-3C Cable VFD w/tierras XLPE/PVC 600/1000V. Referencia 29532C para cotización en Surtilec, línea Cables para variadores VFD. Especificaciones registradas: marca Belden, calibre 4/0 AWG, 3 conductores, voltaje 600 V, apantallado. Solicita disponibilidad, cantidades y soporte técnico para despacho en Colombia.",
29534,Belden 29534 — 350/3C Cable VFD w/tierras XLPE/PVC 2000V,Cables para variadores VFD,,Belden,350 MCM,3,2000 V,Sí,PVC - Polyvinyl Chloride,TC-ER; FT4,,,,,"Belden 29534 — 350/3C Cable VFD w/tierras XLPE/PVC 2000V. Referencia 29534 para cotización en Surtilec, línea Cables para variadores VFD. Especificaciones registradas: marca Belden, calibre 350 MCM, 3 conductores, voltaje 2000 V, apantallado. Solicita disponibilidad, cantidades y soporte técnico para despacho en Colombia.",
3025A,Belden 3025A — 18/2P-22/1C 300V Cable PLTC BC apantallado PLTC/ITC/CMG PVC/PVC,Cables especiales,Cable para bandeja / tray cable,Belden,18,2,300 V,Sí,PVC - Polyvinyl Chloride,CMG/PLTC; CMG/FT4,,,,,"Belden 3025A — 18/2P-22/1C 300V Cable PLTC BC apantallado PLTC/ITC/CMG PVC/PVC. Referencia 3025A para cotización en Surtilec, línea Cables especiales / Cable para bandeja / tray cable. Especificaciones registradas: marca Belden, calibre 18 AWG, 2 conductores, voltaje 300 V, apantallado. Solicita disponibilidad, cantidades y soporte técnico para despacho en Colombia.",
3072F,Belden 3072F — 18/1P DataTray Twinaxial azul manguera Cable TC apantallado PLTC/TC PP/PVC 600V,Cables especiales,Cables de instrumentación,Belden,18,2,600 V,Sí,PVC - Polyvinyl Chloride,TC; CMG/PLTC; CMG/FT4,,,,,"Belden 3072F — 18/1P DataTray Twinaxial azul manguera Cable TC apantallado PLTC/TC PP/PVC 600V. Referencia 3072F para cotización en Surtilec, línea Cables especiales / Cables de instrumentación. Especificaciones registradas: marca Belden, calibre 18 AWG, 2 conductores, voltaje 600 V, apantallado. Solicita disponibilidad, cantidades y soporte técnico para despacho en Colombia.",
3073F,Belden 3073F — 18/1P DataTray 100Ω Twinax Cable TC apantallado PLTC/ITC/CMG/TC PP/PVC 600V,Cables especiales,Cable para bandeja / tray cable,Belden,18,2,600 V,Sí,PVC - Polyvinyl Chloride,TC; CMG; CMG/FT4,,,,,"Belden 3073F — 18/1P DataTray 100Ω Twinax Cable TC apantallado PLTC/ITC/CMG/TC PP/PVC 600V. Referencia 3073F para cotización en Surtilec, línea Cables especiales / Cable para bandeja / tray cable. Especificaciones registradas: marca Belden, calibre 18 AWG, 2 conductores, voltaje 600 V, apantallado. Solicita disponibilidad, cantidades y soporte técnico para despacho en Colombia.",
3074F,Belden 3074F — 18/1P DataTray 120Ω Twinax Cable TC apantallado PLTC/ITC/CMG/TC PP/PVC 600V,Cables especiales,Cable para bandeja / tray cable,Belden,18,2,600 V,Sí,PVC - Polyvinyl Chloride,TC; CMG; CMG/FT4,,,,,"Belden 3074F — 18/1P DataTray 120Ω Twinax Cable TC apantallado PLTC/ITC/CMG/TC PP/PVC 600V. Referencia 3074F para cotización en Surtilec, línea Cables especiales / Cable para bandeja / tray cable. Especificaciones registradas: marca Belden, calibre 18 AWG, 2 conductores, voltaje 600 V, apantallado. Solicita disponibilidad, cantidades y soporte técnico para despacho en Colombia.",
3076F,Belden 3076F — 18/1P Cable Fieldbus Cable TC apantallado PLTC-ER/ITC-ER/CMX/CM PP/PVC 300V,Cables especiales,Cables de instrumentación,Belden,18,1,300 V,Sí,PVC - Polyvinyl Chloride,CM/PLTC; CM,,,,,"Belden 3076F — 18/1P Cable Fieldbus Cable TC apantallado PLTC-ER/ITC-ER/CMX/CM PP/PVC 300V. Referencia 3076F para cotización en Surtilec, línea Cables especiales / Cables de instrumentación. Especificaciones registradas: marca Belden, calibre 18 AWG, 1 conductores, voltaje 300 V, apantallado. Solicita disponibilidad, cantidades y soporte técnico para despacho en Colombia.",
3076F-5,Belden 3076F-5 — 18/1P Cable Fieldbus Cable TC apantallado PLTC-ER/ITC-ER/CMX/CM PP/PVC 300V,Cables especiales,Cables de instrumentación,Belden,18,1,300 V,Sí,PVC - Polyvinyl Chloride,CM/PLTC; CM,,,,,"Belden 3076F-5 — 18/1P Cable Fieldbus Cable TC apantallado PLTC-ER/ITC-ER/CMX/CM PP/PVC 300V. Referencia 3076F-5 para cotización en Surtilec, línea Cables especiales / Cables de instrumentación. Especificaciones registradas: marca Belden, calibre 18 AWG, 1 conductores, voltaje 300 V, apantallado. Solicita disponibilidad, cantidades y soporte técnico para despacho en Colombia.",
3079A-6,Belden 3079A-6 — 22/1P Cable DataBus Profibus Cable BC apantallado PLTC/CMG PE/PVC 300V,Cables de red,,Belden,22,2,300 V,Sí,PVC - Polyvinyl Chloride,20201; PLTC/CMG; CMG/FT4,,,,,"Belden 3079A-6 — 22/1P Cable DataBus Profibus Cable BC apantallado PLTC/CMG PE/PVC 300V. Referencia 3079A-6 para cotización en Surtilec, línea Cables de red. Especificaciones registradas: marca Belden, calibre 22 AWG, 2 conductores, voltaje 300 V, apantallado. Solicita disponibilidad, cantidades y soporte técnico para despacho en Colombia.",
3079E,Belden 3079E — 22/1P Cable DataBus Profibus Cable BC apantallado PLTC/CMG PE/PVC 300V,Cables de red,,Belden,22,1,300 V,Sí,PVC - Polyvinyl Chloride,PLTC/CMG; CMG/FT4,,,,,"Belden 3079E — 22/1P Cable DataBus Profibus Cable BC apantallado PLTC/CMG PE/PVC 300V. Referencia 3079E para cotización en Surtilec, línea Cables de red. Especificaciones registradas: marca Belden, calibre 22 AWG, 1 conductores, voltaje 300 V, apantallado. Solicita disponibilidad, cantidades y soporte técnico para despacho en Colombia.",
3080A,Belden 3080A — 14/1P 600V Cable para bandeja BC apantallado TC/NPLF/THHN PVCNYL/PVC,Cable THHN / THWN-2,,Belden,14,1,600 V,Sí,PVC - Polyvinyl Chloride,TC; FT4,,,,,"Belden 3080A — 14/1P 600V Cable para bandeja BC apantallado TC/NPLF/THHN PVCNYL/PVC. Referencia 3080A para cotización en Surtilec, línea Cable THHN / THWN-2. Especificaciones registradas: marca Belden, calibre 14 AWG, 1 conductores, voltaje 600 V, apantallado. Solicita disponibilidad, cantidades y soporte técnico para despacho en Colombia.",
3082A,Belden 3082A — 15/1P-18/1P DeviceBus Cable TC I/O blindaje CMG/PLTC-ER PVC/FPE/PVC 300V,Cables especiales,Cable para bandeja / tray cable,Belden,15,2,600 V,Sí,PVC - Polyvinyl Chloride,AWM; PLTC-ER; CMG/FT4,,,,,"Belden 3082A — 15/1P-18/1P DeviceBus Cable TC I/O blindaje CMG/PLTC-ER PVC/FPE/PVC 300V. Referencia 3082A para cotización en Surtilec, línea Cables especiales / Cable para bandeja / tray cable. Especificaciones registradas: marca Belden, calibre 15 AWG, 2 conductores, voltaje 600 V, apantallado. Solicita disponibilidad, cantidades y soporte técnico para despacho en Colombia.",
3082F,Belden 3082F — 15/1P-18/1P DeviceBus alta flexión Cable TC I/O blindaje CMG/PLTC PVC/FPE/PVC 300V,Cables especiales,Cable para bandeja / tray cable,Belden,15,2,600 V,Sí,PVC - Polyvinyl Chloride,AWM; PLTC-ER; CMG/FT4,,,,,"Belden 3082F — 15/1P-18/1P DeviceBus alta flexión Cable TC I/O blindaje CMG/PLTC PVC/FPE/PVC 300V. Referencia 3082F para cotización en Surtilec, línea Cables especiales / Cable para bandeja / tray cable. Especificaciones registradas: marca Belden, calibre 15 AWG, 2 conductores, voltaje 600 V, apantallado. Solicita disponibilidad, cantidades y soporte técnico para despacho en Colombia.",
3083A,Belden 3083A — 15/1P-18/1P DeviceBus Cable TC I/O blindaje CMG/PLTC-ER PVC/FPE/CPE 300V,Cables especiales,Cable para bandeja / tray cable,Belden,15,2,600 V,Sí,CPE - Chlorinated Polyethylene,AWM; PLTC-ER; CMG/FT4,,,,,"Belden 3083A — 15/1P-18/1P DeviceBus Cable TC I/O blindaje CMG/PLTC-ER PVC/FPE/CPE 300V. Referencia 3083A para cotización en Surtilec, línea Cables especiales / Cable para bandeja / tray cable. Especificaciones registradas: marca Belden, calibre 15 AWG, 2 conductores, voltaje 600 V, apantallado. Solicita disponibilidad, cantidades y soporte técnico para despacho en Colombia.",
3084A,Belden 3084A — 22/1P-24/1P DeviceBus Cable TC I/O blindaje CMG/CL2 PVC/FPE/PVC 300V,Cables especiales,Cables apantallados,Belden,22,2,,Sí,PVC  - Polyvinyl Chloride,AWM; CL2/CMG; CMG/FT4,,,,,"Belden 3084A — 22/1P-24/1P DeviceBus Cable TC I/O blindaje CMG/CL2 PVC/FPE/PVC 300V. Referencia 3084A para cotización en Surtilec, línea Cables especiales / Cables apantallados. Especificaciones registradas: marca Belden, calibre 22 AWG, 2 conductores, apantallado, chaqueta PVC - Polyvinyl Chloride. Solicita disponibilidad, cantidades y soporte técnico para despacho en Colombia.",
3084F,Belden 3084F — 22/1P-24/1P DeviceBus alta flexión Cable TC I/O blindaje CMG/CL2 PVC/PP/PVC 300V,Cables especiales,Cables apantallados,Belden,22,2,,Sí,PVC  - Polyvinyl Chloride,AWM; CL2/CMG; CMG/FT4,,,,,"Belden 3084F — 22/1P-24/1P DeviceBus alta flexión Cable TC I/O blindaje CMG/CL2 PVC/PP/PVC 300V. Referencia 3084F para cotización en Surtilec, línea Cables especiales / Cables apantallados. Especificaciones registradas: marca Belden, calibre 22 AWG, 2 conductores, apantallado, chaqueta PVC - Polyvinyl Chloride. Solicita disponibilidad, cantidades y soporte técnico para despacho en Colombia.",
3085A,Belden 3085A — 22/1P-24/1P DeviceBus Cable TC I/O blindaje CMG/CL2 PVC/FPE/CPE 300V,Cables especiales,Cables apantallados,Belden,22,2,,Sí,CPE - Chlorinated Polyethylene,CL2/CMG; CMG/FT4,,,,,"Belden 3085A — 22/1P-24/1P DeviceBus Cable TC I/O blindaje CMG/CL2 PVC/FPE/CPE 300V. Referencia 3085A para cotización en Surtilec, línea Cables especiales / Cables apantallados. Especificaciones registradas: marca Belden, calibre 22 AWG, 2 conductores, apantallado, chaqueta CPE - Chlorinated Polyethylene. Solicita disponibilidad, cantidades y soporte técnico para despacho en Colombia.",
3087A,Belden 3087A — 22/2P DeviceBus for Honeywell SDS TC interno blindaje CL2 FPE/PVC 300V,Cables especiales,Cables apantallados,Belden,22,2,30 V,Sí,PVC  - Polyvinyl Chloride,AWM; CL2; FT1,,,,,"Belden 3087A — 22/2P DeviceBus for Honeywell SDS TC interno blindaje CL2 FPE/PVC 300V. Referencia 3087A para cotización en Surtilec, línea Cables especiales / Cables apantallados. Especificaciones registradas: marca Belden, calibre 22 AWG, 2 conductores, voltaje 30 V, apantallado. Solicita disponibilidad, cantidades y soporte técnico para despacho en Colombia.",
3088A,Belden 3088A — 18/1P 600V Cable para bandeja BC apantallado TC/NPLF PVCNYL/PVC,Cables especiales,Cable para bandeja / tray cable,Belden,18,1,600,Sí,PVC - Polyvinyl Chloride,FT4 1685; NPLF TC,,,,,"Belden 3088A — 18/1P 600V Cable para bandeja BC apantallado TC/NPLF PVCNYL/PVC. Referencia 3088A para cotización en Surtilec, línea Cables especiales / Cable para bandeja / tray cable. Especificaciones registradas: marca Belden, calibre 18 AWG, 1 conductores, voltaje 600, apantallado. Solicita disponibilidad, cantidades y soporte técnico para despacho en Colombia.",
3089A,Belden 3089A — 18/1TR 600V Cable para bandeja BC apantallado TC-ER/NPLF PVCNYL/PVC,Cables especiales,Cable para bandeja / tray cable,Belden,18,1,600 V,Sí,PVC  - Polyvinyl Chloride,TC/NLPF; FT4,,,,,"Belden 3089A — 18/1TR 600V Cable para bandeja BC apantallado TC-ER/NPLF PVCNYL/PVC. Referencia 3089A para cotización en Surtilec, línea Cables especiales / Cable para bandeja / tray cable. Especificaciones registradas: marca Belden, calibre 18 AWG, 1 conductores, voltaje 600 V, apantallado. Solicita disponibilidad, cantidades y soporte técnico para despacho en Colombia.",
3090A,Belden 3090A — 16/1P 600V Cable para bandeja BC apantallado TC/NPLF PVCNYL/PVC,Cables especiales,Cable para bandeja / tray cable,Belden,16,1,600 V,Sí,PVC  - Polyvinyl Chloride,TC/NLPF; FT4,,,,,"Belden 3090A — 16/1P 600V Cable para bandeja BC apantallado TC/NPLF PVCNYL/PVC. Referencia 3090A para cotización en Surtilec, línea Cables especiales / Cable para bandeja / tray cable. Especificaciones registradas: marca Belden, calibre 16 AWG, 1 conductores, voltaje 600 V, apantallado. Solicita disponibilidad, cantidades y soporte técnico para despacho en Colombia.",
3090AE,Belden 3090AE — 16/1P 600V Cable para bandeja w/tierra BC apantallado TC-ER/NPLF PVCNYL/PVC,Cables especiales,Cable para bandeja / tray cable,Belden,16,1,600 V,Sí,PVC  - Polyvinyl Chloride,TC-ER; FT4,,,,,"Belden 3090AE — 16/1P 600V Cable para bandeja w/tierra BC apantallado TC-ER/NPLF PVCNYL/PVC. Referencia 3090AE para cotización en Surtilec, línea Cables especiales / Cable para bandeja / tray cable. Especificaciones registradas: marca Belden, calibre 16 AWG, 1 conductores, voltaje 600 V, apantallado. Solicita disponibilidad, cantidades y soporte técnico para despacho en Colombia.",
3091A,Belden 3091A — 16/1TR 600V Cable para bandeja BC apantallado TC-ER/NPLF PVCNYL/PVC,Cables especiales,Cable para bandeja / tray cable,Belden,16,1,600 V,Sí,PVC  - Polyvinyl Chloride,TC/NLPF; FT4,,,,,"Belden 3091A — 16/1TR 600V Cable para bandeja BC apantallado TC-ER/NPLF PVCNYL/PVC. Referencia 3091A para cotización en Surtilec, línea Cables especiales / Cable para bandeja / tray cable. Especificaciones registradas: marca Belden, calibre 16 AWG, 1 conductores, voltaje 600 V, apantallado. Solicita disponibilidad, cantidades y soporte técnico para despacho en Colombia.",
3092A,Belden 3092A — 18 AWG coaxial RG-6/U ControlBus Cable BCCS cuádruple blindaje CMR FPE/PVC 300V,Cables especiales,Cable coaxial,Belden,18,1,,Sí,PVC - Polyvinyl Chloride,CL2R/CMR; CMG/FT4,,,,,"Belden 3092A — 18 AWG coaxial RG-6/U ControlBus Cable BCCS cuádruple blindaje CMR FPE/PVC 300V. Referencia 3092A para cotización en Surtilec, línea Cables especiales / Cable coaxial. Especificaciones registradas: marca Belden, calibre 18 AWG, 1 conductores, apantallado, chaqueta PVC - Polyvinyl Chloride. Solicita disponibilidad, cantidades y soporte técnico para despacho en Colombia.",
3092A-5,Belden 3092A-5 — 18 AWG coaxial RG-6/U ControlBus Cable BCCS cuádruple blindaje CMR FPE/PVC 300V,Cables especiales,Cable coaxial,Belden,18,1,,Sí,PVC - Polyvinyl Chloride,CL2R/CMR; CMG/FT4,,,,,"Belden 3092A-5 — 18 AWG coaxial RG-6/U ControlBus Cable BCCS cuádruple blindaje CMR FPE/PVC 300V. Referencia 3092A-5 para cotización en Surtilec, línea Cables especiales / Cable coaxial. Especificaciones registradas: marca Belden, calibre 18 AWG, 1 conductores, apantallado, chaqueta PVC - Polyvinyl Chloride. Solicita disponibilidad, cantidades y soporte técnico para despacho en Colombia.",
3092F,Belden 3092F — 20 AWG coaxial RG-6/U ControlBus Cable BC cuádruple blindaje CMR FPE/PVC 300V,Cables especiales,Cable coaxial,Belden,20,1,,Sí,PVC - Polyvinyl Chloride,CL2R/CMR; CMG/FT4,,,,,"Belden 3092F — 20 AWG coaxial RG-6/U ControlBus Cable BC cuádruple blindaje CMR FPE/PVC 300V. Referencia 3092F para cotización en Surtilec, línea Cables especiales / Cable coaxial. Especificaciones registradas: marca Belden, calibre 20 AWG, 1 conductores, apantallado, chaqueta PVC - Polyvinyl Chloride. Solicita disponibilidad, cantidades y soporte técnico para despacho en Colombia.",
3093A,Belden 3093A — 18 AWG coaxial RG-6/U ControlBus Cable BCCS cuádruple blindaje CMP FFEP/PVDF 300V,Cables especiales,Cable coaxial,Belden,18,1,,Sí,PVDF - Polyvinylidene Fluoride,CMP; CMP/FT6,,,,,"Belden 3093A — 18 AWG coaxial RG-6/U ControlBus Cable BCCS cuádruple blindaje CMP FFEP/PVDF 300V. Referencia 3093A para cotización en Surtilec, línea Cables especiales / Cable coaxial. Especificaciones registradas: marca Belden, calibre 18 AWG, 1 conductores, apantallado, chaqueta PVDF - Polyvinylidene Fluoride. Solicita disponibilidad, cantidades y soporte técnico para despacho en Colombia.",
3094A,Belden 3094A — 14 AWG coaxial RG-11/U ControlBus Cable BCCS cuádruple blindaje CMR FPE/PVC 300V,Cables especiales,Cable coaxial,Belden,14,1,,Sí,PVC - Polyvinyl Chloride,CLSR/CMR; CMG/FT4,,,,,"Belden 3094A — 14 AWG coaxial RG-11/U ControlBus Cable BCCS cuádruple blindaje CMR FPE/PVC 300V. Referencia 3094A para cotización en Surtilec, línea Cables especiales / Cable coaxial. Especificaciones registradas: marca Belden, calibre 14 AWG, 1 conductores, apantallado, chaqueta PVC - Polyvinyl Chloride. Solicita disponibilidad, cantidades y soporte técnico para despacho en Colombia.",
3105A,Belden 3105A — 22/1P EIA Industrial RS-485 Cable TC apantallado PLTC/CM PE/PVC 300V,Cables especiales,Cables de instrumentación,,22,1,300 V,Sí,PVC - Polyvinyl Chloride,PLTC/ITC; CM/PLTC; CM/FT1,,,,,"Belden 3105A — 22/1P EIA Industrial RS-485 Cable TC apantallado PLTC/CM PE/PVC 300V. Referencia 3105A para cotización en Surtilec, línea Cables especiales / Cables de instrumentación. Especificaciones registradas: calibre 22 AWG, 1 conductores, voltaje 300 V, apantallado, chaqueta PVC - Polyvinyl Chloride. Solicita disponibilidad, cantidades y soporte técnico para despacho en Colombia.",
3106A,Belden 3106A — 22/1P + 22/1C EIA Industrial RS-485 Cable TC apantallado PLTC/CM PE/PVC 300V,Cables especiales,Cables de instrumentación,,22,1,300 V,Sí,PVC - Polyvinyl Chloride,PLTC/ITC; CM/PLTC; CM/FT1,,,,,"Belden 3106A — 22/1P + 22/1C EIA Industrial RS-485 Cable TC apantallado PLTC/CM PE/PVC 300V. Referencia 3106A para cotización en Surtilec, línea Cables especiales / Cables de instrumentación. Especificaciones registradas: calibre 22 AWG, 1 conductores, voltaje 300 V, apantallado, chaqueta PVC - Polyvinyl Chloride. Solicita disponibilidad, cantidades y soporte técnico para despacho en Colombia.",
3107A,Belden 3107A — 22/2P EIA Industrial RS-485 Cable TC apantallado PLTC/CM PE/PVC 300V,Cables especiales,Cables de instrumentación,,22,2,300 V,Sí,PVC - Polyvinyl Chloride,PLTC/ITC; CM/PLTC; CM/FT1,,,,,"Belden 3107A — 22/2P EIA Industrial RS-485 Cable TC apantallado PLTC/CM PE/PVC 300V. Referencia 3107A para cotización en Surtilec, línea Cables especiales / Cables de instrumentación. Especificaciones registradas: calibre 22 AWG, 2 conductores, voltaje 300 V, apantallado, chaqueta PVC - Polyvinyl Chloride. Solicita disponibilidad, cantidades y soporte técnico para despacho en Colombia.",
3108A,Belden 3108A — 22/3P EIA Industrial RS-485 Cable TC apantallado PLTC/CM PE/PVC 300V,Cables especiales,Cables de instrumentación,,22,3,300 V,Sí,PVC - Polyvinyl Chloride,PLTC/ITC; CM/PLTC; CM/FT1,,,,,"Belden 3108A — 22/3P EIA Industrial RS-485 Cable TC apantallado PLTC/CM PE/PVC 300V. Referencia 3108A para cotización en Surtilec, línea Cables especiales / Cables de instrumentación. Especificaciones registradas: calibre 22 AWG, 3 conductores, voltaje 300 V, apantallado, chaqueta PVC - Polyvinyl Chloride. Solicita disponibilidad, cantidades y soporte técnico para despacho en Colombia.",
3109A,Belden 3109A — 22/4P EIA Industrial RS-485 Cable TC apantallado PLTC/CM PE/PVC 300V,Cables especiales,Cables de instrumentación,,22,4,300 V,Sí,PVC - Polyvinyl Chloride,PLTC/ITC; CM/PLTC; CM/FT1,,,,,"Belden 3109A — 22/4P EIA Industrial RS-485 Cable TC apantallado PLTC/CM PE/PVC 300V. Referencia 3109A para cotización en Surtilec, línea Cables especiales / Cables de instrumentación. Especificaciones registradas: calibre 22 AWG, 4 conductores, voltaje 300 V, apantallado, chaqueta PVC - Polyvinyl Chloride. Solicita disponibilidad, cantidades y soporte técnico para despacho en Colombia.",
3120A,Belden 3120A — 24/3P DeviceBus Cable TC apantallado AWM 20233 PE/PUR 300V,Cables especiales,Cables apantallados,Belden,22,3,300 V,Sí,PUR - Polyurethane,AWM,,,,,"Belden 3120A — 24/3P DeviceBus Cable TC apantallado AWM 20233 PE/PUR 300V. Referencia 3120A para cotización en Surtilec, línea Cables especiales / Cables apantallados. Especificaciones registradas: marca Belden, calibre 22 AWG, 3 conductores, voltaje 300 V, apantallado. Solicita disponibilidad, cantidades y soporte técnico para despacho en Colombia.",
3125A,Belden 3125A — 16/1P-22/1P DeviceBus Cable TC apantallado CM FPE/FPE/PVC 300V,Cables especiales,Cables apantallados,Belden,16,2,150 V,Sí,PVC - Polyvinyl Chloride,UL 1685; CL2/CM; CM,,,,,"Belden 3125A — 16/1P-22/1P DeviceBus Cable TC apantallado CM FPE/FPE/PVC 300V. Referencia 3125A para cotización en Surtilec, línea Cables especiales / Cables apantallados. Especificaciones registradas: marca Belden, calibre 16 AWG, 2 conductores, voltaje 150 V, apantallado. Solicita disponibilidad, cantidades y soporte técnico para despacho en Colombia.",
34410,Belden 34410 — de conexión/conexión - UL AWM estilo 3191 10/1C TC HYPALON,Cables especiales,Cables apantallados,Belden,10,1,600 V,Sí,,3191,,,,,"Belden 34410 — de conexión/conexión - UL AWM estilo 3191 10/1C TC HYPALON. Referencia 34410 para cotización en Surtilec, línea Cables especiales / Cables apantallados. Especificaciones registradas: marca Belden, calibre 10 AWG, 1 conductores, voltaje 600 V, apantallado. Solicita disponibilidad, cantidades y soporte técnico para despacho en Colombia.",
34414,Belden 34414 — de conexión/conexión - UL AWM estilo 3191 14/1C TC HYPALON,Cables especiales,Cables apantallados,Belden,14,1,600 V,Sí,,3191,,,,,"Belden 34414 — de conexión/conexión - UL AWM estilo 3191 14/1C TC HYPALON. Referencia 34414 para cotización en Surtilec, línea Cables especiales / Cables apantallados. Especificaciones registradas: marca Belden, calibre 14 AWG, 1 conductores, voltaje 600 V, apantallado. Solicita disponibilidad, cantidades y soporte técnico para despacho en Colombia.",
34418,Belden 34418 — de conexión/conexión - UL AWM estilo 3191 18/1C TC HYPALON,Cables especiales,Cables apantallados,Belden,10,1,600 V,Sí,,3191,,,,,"Belden 34418 — de conexión/conexión - UL AWM estilo 3191 18/1C TC HYPALON. Referencia 34418 para cotización en Surtilec, línea Cables especiales / Cables apantallados. Especificaciones registradas: marca Belden, calibre 10 AWG, 1 conductores, voltaje 600 V, apantallado. Solicita disponibilidad, cantidades y soporte técnico para despacho en Colombia.",
37104,Belden 37104 — de conexión/conexión - UL AWM estilo 3340 y 3374 4/1C TC EPDM,Cables especiales,Cables apantallados,Belden,4,1,600 V,Sí,,3340,,,,,"Belden 37104 — de conexión/conexión - UL AWM estilo 3340 y 3374 4/1C TC EPDM. Referencia 37104 para cotización en Surtilec, línea Cables especiales / Cables apantallados. Especificaciones registradas: marca Belden, calibre 4 AWG, 1 conductores, voltaje 600 V, apantallado. Solicita disponibilidad, cantidades y soporte técnico para despacho en Colombia.",
37110,Belden 37110 — de conexión/conexión - UL AWM estilo 3340 y 3374 10/1C TC EPDM,Cables especiales,Cables apantallados,Belden,10,1,600 V,Sí,,3340,,,,,"Belden 37110 — de conexión/conexión - UL AWM estilo 3340 y 3374 10/1C TC EPDM. Referencia 37110 para cotización en Surtilec, línea Cables especiales / Cables apantallados. Especificaciones registradas: marca Belden, calibre 10 AWG, 1 conductores, voltaje 600 V, apantallado. Solicita disponibilidad, cantidades y soporte técnico para despacho en Colombia.",
37112,Belden 37112 — de conexión/conexión - UL AWM estilo 3340 y 3374 12/1C TC EPDM,Cables especiales,Cables apantallados,Belden,12,1,600 V,Sí,,3340,,,,,"Belden 37112 — de conexión/conexión - UL AWM estilo 3340 y 3374 12/1C TC EPDM. Referencia 37112 para cotización en Surtilec, línea Cables especiales / Cables apantallados. Especificaciones registradas: marca Belden, calibre 12 AWG, 1 conductores, voltaje 600 V, apantallado. Solicita disponibilidad, cantidades y soporte técnico para despacho en Colombia.",
37114,Belden 37114 — de conexión/conexión - UL AWM estilo 3340 y 3374 14/1C TC EPDM,Cables especiales,Cables apantallados,Belden,14,1,600 V,Sí,,3340,,,,,"Belden 37114 — de conexión/conexión - UL AWM estilo 3340 y 3374 14/1C TC EPDM. Referencia 37114 para cotización en Surtilec, línea Cables especiales / Cables apantallados. Especificaciones registradas: marca Belden, calibre 14 AWG, 1 conductores, voltaje 600 V, apantallado. Solicita disponibilidad, cantidades y soporte técnico para despacho en Colombia.",
37118,Belden 37118 — de conexión/conexión - UL AWM estilo 3340 y 3374 18/1C TC EPDM,Cables especiales,Cables apantallados,Belden,18,1,600 V,Sí,,3340,,,,,"Belden 37118 — de conexión/conexión - UL AWM estilo 3340 y 3374 18/1C TC EPDM. Referencia 37118 para cotización en Surtilec, línea Cables especiales / Cables apantallados. Especificaciones registradas: marca Belden, calibre 18 AWG, 1 conductores, voltaje 600 V, apantallado. Solicita disponibilidad, cantidades y soporte técnico para despacho en Colombia.",
37540,Belden 37540 — de conexión/conexión - UL AWM estilo 3499 4/0-1C EPDM TC 805*26 TC,Cables especiales,Cables apantallados,Belden,4/0,1,7500 V,Sí,,AWM 3499,,,,,"Belden 37540 — de conexión/conexión - UL AWM estilo 3499 4/0-1C EPDM TC 805*26 TC. Referencia 37540 para cotización en Surtilec, línea Cables especiales / Cables apantallados. Especificaciones registradas: marca Belden, calibre 4/0 AWG, 1 conductores, voltaje 7500 V, apantallado. Solicita disponibilidad, cantidades y soporte técnico para despacho en Colombia.",
5000FE,Belden 5000FE — Cable multiconductor - sistemas de audio comercial - 2 conductores cableados 12/2C BC PVC/P,Cables de control,,Belden,12,2,300 V,Sí,PVC - Polyvinyl Chloride,CMR; CMG/FT4,,,,,"Belden 5000FE — Cable multiconductor - sistemas de audio comercial - 2 conductores cableados 12/2C BC PVC/P. Referencia 5000FE para cotización en Surtilec, línea Cables de control. Especificaciones registradas: marca Belden, calibre 12 AWG, 2 conductores, voltaje 300 V, apantallado. Solicita disponibilidad, cantidades y soporte técnico para despacho en Colombia.",
5000UE,Belden 5000UE — 12/2C Cable de altavoz BC NS CL3R-FPLR PP/PVC 300V gris 1000 ft (carrete),Cables de control,,Belden,12,2,300 V,Sí,PVC - Polyvinyl Chloride,CMR/CL3R,,,,,"Belden 5000UE — 12/2C Cable de altavoz BC NS CL3R-FPLR PP/PVC 300V gris 1000 ft (carrete). Referencia 5000UE para cotización en Surtilec, línea Cables de control. Especificaciones registradas: marca Belden, calibre 12 AWG, 2 conductores, voltaje 300 V, apantallado. Solicita disponibilidad, cantidades y soporte técnico para despacho en Colombia.",
5000UP,Belden 5000UP — 12/2C Cable de altavoz BC NS CL3 PVC/PVC 300V negro 1000 ft (carrete),Cables de control,,Belden,12,2,300 V,Sí,PVC - Polyvinyl Chloride,1685; CL3,,,,,"Belden 5000UP — 12/2C Cable de altavoz BC NS CL3 PVC/PVC 300V negro 1000 ft (carrete). Referencia 5000UP para cotización en Surtilec, línea Cables de control. Especificaciones registradas: marca Belden, calibre 12 AWG, 2 conductores, voltaje 300 V, apantallado. Solicita disponibilidad, cantidades y soporte técnico para despacho en Colombia.",
5020UL,Belden 5020UL — 12/2C incendio Cable de alarma BC NS FPLR PP/PVC 300V Red 1000 ft (carrete),Cables de control,,Belden,12,2,300 V,Sí,PVC - Polyvinyl Chloride,FPLR; CMG/FT4,,,,,"Belden 5020UL — 12/2C incendio Cable de alarma BC NS FPLR PP/PVC 300V Red 1000 ft (carrete). Referencia 5020UL para cotización en Surtilec, línea Cables de control. Especificaciones registradas: marca Belden, calibre 12 AWG, 2 conductores, voltaje 300 V, apantallado. Solicita disponibilidad, cantidades y soporte técnico para despacho en Colombia.",
5100FE,Belden 5100FE — Cable multiconductor - sistemas de audio comercial - 2 conductores cableados 14/2C BC PVC/P,Cables de control,,Belden,14,2,300 V,Sí,PVC - Polyvinyl Chloride,CMR; CMG/FT4,,,,,"Belden 5100FE — Cable multiconductor - sistemas de audio comercial - 2 conductores cableados 14/2C BC PVC/P. Referencia 5100FE para cotización en Surtilec, línea Cables de control. Especificaciones registradas: marca Belden, calibre 14 AWG, 2 conductores, voltaje 300 V, apantallado. Solicita disponibilidad, cantidades y soporte técnico para despacho en Colombia.",
5100UE,Belden 5100UE — 14/2C Cable de altavoz BC NS CL3R-FPLR PP/PVC 300V gris 500 ft (carrete),Cables de control,,Belden,14,2,300 V,Sí,PVC - Polyvinyl Chloride,CMR/CL3R,,,,,"Belden 5100UE — 14/2C Cable de altavoz BC NS CL3R-FPLR PP/PVC 300V gris 500 ft (carrete). Referencia 5100UE para cotización en Surtilec, línea Cables de control. Especificaciones registradas: marca Belden, calibre 14 AWG, 2 conductores, voltaje 300 V, apantallado. Solicita disponibilidad, cantidades y soporte técnico para despacho en Colombia.",
5101UE,Belden 5101UE — Cable multiconductor - sistemas de audio comercial 14/3C BC PVC/PVC,Cables de control,,Belden,14,3,300 V,Sí,PVC - Polyvinyl Chloride,CMR/CL3R,,,,,"Belden 5101UE — Cable multiconductor - sistemas de audio comercial 14/3C BC PVC/PVC. Referencia 5101UE para cotización en Surtilec, línea Cables de control. Especificaciones registradas: marca Belden, calibre 14 AWG, 3 conductores, voltaje 300 V, apantallado. Solicita disponibilidad, cantidades y soporte técnico para despacho en Colombia.",
5102UE,Belden 5102UE — Cable multiconductor - aplicaciones comerciales 14/4C BC PVC/PVC,Cables de control,,Belden,14,4,300 V,Sí,PVC - Polyvinyl Chloride,CMR/CL3R,,,,,"Belden 5102UE — Cable multiconductor - aplicaciones comerciales 14/4C BC PVC/PVC. Referencia 5102UE para cotización en Surtilec, línea Cables de control. Especificaciones registradas: marca Belden, calibre 14 AWG, 4 conductores, voltaje 300 V, apantallado. Solicita disponibilidad, cantidades y soporte técnico para despacho en Colombia.",
5120FJ,"Belden 5120FJ — Cable multiconductor - aplicaciones comerciales, direccionable sistemas - 2 Cond cableados",Cables de control,,Belden,14,2,300 V,Sí,PVC - Polyvinyl Chloride,FPL; FPL,,,,,"Belden 5120FJ — Cable multiconductor - aplicaciones comerciales, direccionable sistemas - 2 Cond cableados. Referencia 5120FJ para cotización en Surtilec, línea Cables de control. Especificaciones registradas: marca Belden, calibre 14 AWG, 2 conductores, voltaje 300 V, apantallado. Solicita disponibilidad, cantidades y soporte técnico para despacho en Colombia.",
5120UL,Belden 5120UL — 14/2C incendio Cable de alarma BC NS FPLR PP/PVC 300V Red 500 ft (carrete),Cables de control,,Belden,14,2,300 V,Sí,PP - Polypropylene,FPLR; CMG/FT4,,,,,"Belden 5120UL — 14/2C incendio Cable de alarma BC NS FPLR PP/PVC 300V Red 500 ft (carrete). Referencia 5120UL para cotización en Surtilec, línea Cables de control. Especificaciones registradas: marca Belden, calibre 14 AWG, 2 conductores, voltaje 300 V, apantallado. Solicita disponibilidad, cantidades y soporte técnico para despacho en Colombia.",
5200FE,Belden 5200FE — Cable multiconductor - sistemas de audio comercial - 2 conductores cableados 16/2C BC PVC/P,Cables de control,,Belden,16,2,300 V,Sí,PVC - Polyvinyl Chloride,CMR; CMG/FT4,,,,,"Belden 5200FE — Cable multiconductor - sistemas de audio comercial - 2 conductores cableados 16/2C BC PVC/P. Referencia 5200FE para cotización en Surtilec, línea Cables de control. Especificaciones registradas: marca Belden, calibre 16 AWG, 2 conductores, voltaje 300 V, apantallado. Solicita disponibilidad, cantidades y soporte técnico para despacho en Colombia.",
5200UE,Belden 5200UE — 16/2C Cable de altavoz BC NS CMR PO/PVC 300V gris 500 ft (carrete),Cables de control,,Belden,16,2,300 V,Sí,PVC - Polyvinyl Chloride,CMR/CMG; FT4,,,,,"Belden 5200UE — 16/2C Cable de altavoz BC NS CMR PO/PVC 300V gris 500 ft (carrete). Referencia 5200UE para cotización en Surtilec, línea Cables de control. Especificaciones registradas: marca Belden, calibre 16 AWG, 2 conductores, voltaje 300 V, apantallado. Solicita disponibilidad, cantidades y soporte técnico para despacho en Colombia.",
5201FE,Belden 5201FE — Cable multiconductor - sistemas de audio comercial 16/3C BC PVC/PVC SHLD,Cables de control,,Belden,16,3,300 V,Sí,PVC - Polyvinyl Chloride,CMR; CMG/FT4,,,,,"Belden 5201FE — Cable multiconductor - sistemas de audio comercial 16/3C BC PVC/PVC SHLD. Referencia 5201FE para cotización en Surtilec, línea Cables de control. Especificaciones registradas: marca Belden, calibre 16 AWG, 3 conductores, voltaje 300 V, apantallado. Solicita disponibilidad, cantidades y soporte técnico para despacho en Colombia.",
5201UE,Belden 5201UE — Cable multiconductor - sistemas de audio comercial 16/3C BC PVC/PVC,Cables de control,,Belden,16,3,300 V,Sí,PVC - Polyvinyl Chloride,CMR/CMG; FT4,,,,,"Belden 5201UE — Cable multiconductor - sistemas de audio comercial 16/3C BC PVC/PVC. Referencia 5201UE para cotización en Surtilec, línea Cables de control. Especificaciones registradas: marca Belden, calibre 16 AWG, 3 conductores, voltaje 300 V, apantallado. Solicita disponibilidad, cantidades y soporte técnico para despacho en Colombia.",
5202FE,Belden 5202FE — Cable multiconductor - aplicaciones comerciales 16/4C BC PVC/PVC SHLD,Cables de control,,Belden,16,4,300 V,Sí,PVC - Polyvinyl Chloride,CMR; CMG/FT4,,,,,"Belden 5202FE — Cable multiconductor - aplicaciones comerciales 16/4C BC PVC/PVC SHLD. Referencia 5202FE para cotización en Surtilec, línea Cables de control. Especificaciones registradas: marca Belden, calibre 16 AWG, 4 conductores, voltaje 300 V, apantallado. Solicita disponibilidad, cantidades y soporte técnico para despacho en Colombia.",
5202UE,Belden 5202UE — Cable multiconductor - aplicaciones comerciales 16/4C BC PVC/PVC,Cables de control,,Belden,16,4,300 V,Sí,PVC - Polyvinyl Chloride,CMR/CMG; FT4,,,,,"Belden 5202UE — Cable multiconductor - aplicaciones comerciales 16/4C BC PVC/PVC. Referencia 5202UE para cotización en Surtilec, línea Cables de control. Especificaciones registradas: marca Belden, calibre 16 AWG, 4 conductores, voltaje 300 V, apantallado. Solicita disponibilidad, cantidades y soporte técnico para despacho en Colombia.",
5220FJ,Belden 5220FJ — Cable multiconductor - aplicaciones comerciales - 2 Cond cableados 16/2C BC FHDPE/PVC SH,Cables de control,,Belden,16,2,300,Sí,PVC - Polyvinyl Chloride,FPL; FPL,,,,,"Belden 5220FJ — Cable multiconductor - aplicaciones comerciales - 2 Cond cableados 16/2C BC FHDPE/PVC SH. Referencia 5220FJ para cotización en Surtilec, línea Cables de control. Especificaciones registradas: marca Belden, calibre 16 AWG, 2 conductores, voltaje 300, apantallado. Solicita disponibilidad, cantidades y soporte técnico para despacho en Colombia.",
5220FL,Belden 5220FL — 16/2C incendio Cable de alarma BC apantallado FPLR PP/PVC 300V Red 1000 ft (carrete),Cables de control,,Belden,16,2,300 V,Sí,PVC - Polyvinyl Chloride,FPLR; CMG/FT4,,,,,"Belden 5220FL — 16/2C incendio Cable de alarma BC apantallado FPLR PP/PVC 300V Red 1000 ft (carrete). Referencia 5220FL para cotización en Surtilec, línea Cables de control. Especificaciones registradas: marca Belden, calibre 16 AWG, 2 conductores, voltaje 300 V, apantallado. Solicita disponibilidad, cantidades y soporte técnico para despacho en Colombia.",
5220UL,Belden 5220UL — 16/2C incendio Cable de alarma BC NS FPLR PP/PVC 300V Red 1000 ft (carrete),Cables de control,,Belden,16,2,300 V,Sí,PVC - Polyvinyl Chloride,FPLR; CMG/FT4,,,,,"Belden 5220UL — 16/2C incendio Cable de alarma BC NS FPLR PP/PVC 300V Red 1000 ft (carrete). Referencia 5220UL para cotización en Surtilec, línea Cables de control. Especificaciones registradas: marca Belden, calibre 16 AWG, 2 conductores, voltaje 300 V, apantallado. Solicita disponibilidad, cantidades y soporte técnico para despacho en Colombia.",
5222FL,Belden 5222FL — Cable multiconductor - aplicaciones comerciales 16/4C SBC PVC/PVC SHLD,Cables de control,,Belden,16,4,300 V,Sí,PVC - Polyvinyl Chloride,FPLR; CMG/FT4,,,,,"Belden 5222FL — Cable multiconductor - aplicaciones comerciales 16/4C SBC PVC/PVC SHLD. Referencia 5222FL para cotización en Surtilec, línea Cables de control. Especificaciones registradas: marca Belden, calibre 16 AWG, 4 conductores, voltaje 300 V, apantallado. Solicita disponibilidad, cantidades y soporte técnico para despacho en Colombia.",
5222UL,Belden 5222UL — Cable multiconductor - aplicaciones comerciales 16/4C SBC PVC/PVC,Cables de control,,Belden,16,4,300 V,Sí,PVC - Polyvinyl Chloride,FPLR; CMG/FT4,,,,,"Belden 5222UL — Cable multiconductor - aplicaciones comerciales 16/4C SBC PVC/PVC. Referencia 5222UL para cotización en Surtilec, línea Cables de control. Especificaciones registradas: marca Belden, calibre 16 AWG, 4 conductores, voltaje 300 V, apantallado. Solicita disponibilidad, cantidades y soporte técnico para despacho en Colombia.",
5240F1,Belden 5240F1 — 16/1P Cable de altavoz TC apantallado CMG-FPL-PLTC PVC/PVC 300V negro 1000 ft (carrete),Cables especiales,Cable para bandeja / tray cable,Belden,16,1,300 V,Sí,PVC - Polyvinyl Chloride,PLTC CMG FPL,,,,,"Belden 5240F1 — 16/1P Cable de altavoz TC apantallado CMG-FPL-PLTC PVC/PVC 300V negro 1000 ft (carrete). Referencia 5240F1 para cotización en Surtilec, línea Cables especiales / Cable para bandeja / tray cable. Especificaciones registradas: marca Belden, calibre 16 AWG, 1 conductores, voltaje 300 V, apantallado. Solicita disponibilidad, cantidades y soporte técnico para despacho en Colombia.",
5240U1,Belden 5240U1 — Cable multiconductor - Water Resistant 16/1P TC PVC/PVC sin apantallar,Cables de control,,Belden,16,1,300 V,Sí,PVC - Polyvinyl Chloride,CMR/PLTC; CMG/FT4,,,,,"Belden 5240U1 — Cable multiconductor - Water Resistant 16/1P TC PVC/PVC sin apantallar. Referencia 5240U1 para cotización en Surtilec, línea Cables de control. Especificaciones registradas: marca Belden, calibre 16 AWG, 1 conductores, voltaje 300 V, apantallado. Solicita disponibilidad, cantidades y soporte técnico para despacho en Colombia.",
5300FE,Belden 5300FE — 18/2C Cable de altavoz BC apantallado CMR PO/PVC 300V gris 1000 ft (carrete),Cables de control,,Belden,18,2,300 V,Sí,PVC - Polyvinyl Chloride,CL3R; CMG/FT4,,,,,"Belden 5300FE — 18/2C Cable de altavoz BC apantallado CMR PO/PVC 300V gris 1000 ft (carrete). Referencia 5300FE para cotización en Surtilec, línea Cables de control. Especificaciones registradas: marca Belden, calibre 18 AWG, 2 conductores, voltaje 300 V, apantallado. Solicita disponibilidad, cantidades y soporte técnico para despacho en Colombia.",
5300UE,Belden 5300UE — 18/2C Cable de altavoz BC NS CMR PO/PVC 300V gris 1000 ft (carrete),Cables de control,,Belden,18,2,300 V,Sí,PVC - Polyvinyl Chloride,CMR; CMG/FT4,,,,,"Belden 5300UE — 18/2C Cable de altavoz BC NS CMR PO/PVC 300V gris 1000 ft (carrete). Referencia 5300UE para cotización en Surtilec, línea Cables de control. Especificaciones registradas: marca Belden, calibre 18 AWG, 2 conductores, voltaje 300 V, apantallado. Solicita disponibilidad, cantidades y soporte técnico para despacho en Colombia.",
5301FE,Belden 5301FE — Cable multiconductor - sistemas de audio comercial 18/3C BC PVC/PVC SHLD,Cables de control,,Belden,18,3,300 V,Sí,PVC - Polyvinyl Chloride,CMR; CMG/FT4,,,,,"Belden 5301FE — Cable multiconductor - sistemas de audio comercial 18/3C BC PVC/PVC SHLD. Referencia 5301FE para cotización en Surtilec, línea Cables de control. Especificaciones registradas: marca Belden, calibre 18 AWG, 3 conductores, voltaje 300 V, apantallado. Solicita disponibilidad, cantidades y soporte técnico para despacho en Colombia.",
5301UE,Belden 5301UE — Cable multiconductor - sistemas de audio comercial 18/3C BC PVC/PVC,Cables de control,,Belden,18,3,300 V,Sí,PVC - Polyvinyl Chloride,CMR; CMG/FT4,,,,,"Belden 5301UE — Cable multiconductor - sistemas de audio comercial 18/3C BC PVC/PVC. Referencia 5301UE para cotización en Surtilec, línea Cables de control. Especificaciones registradas: marca Belden, calibre 18 AWG, 3 conductores, voltaje 300 V, apantallado. Solicita disponibilidad, cantidades y soporte técnico para despacho en Colombia.",
5302FE,Belden 5302FE — Cable multiconductor - aplicaciones comerciales 18/4C BC PVC/PVC SHLD,Cables de control,,Belden,18,4,300 V,Sí,PVC - Polyvinyl Chloride,CMR; CMG/FT4,,,,,"Belden 5302FE — Cable multiconductor - aplicaciones comerciales 18/4C BC PVC/PVC SHLD. Referencia 5302FE para cotización en Surtilec, línea Cables de control. Especificaciones registradas: marca Belden, calibre 18 AWG, 4 conductores, voltaje 300 V, apantallado. Solicita disponibilidad, cantidades y soporte técnico para despacho en Colombia.",
5302GE,Belden 5302GE — Cable multiconductor - aplicaciones comerciales 18/2C + 18/1PR SHLD PVC/PVC,Cables de control,,Belden,18,1,300 V,Sí,PVC - Polyvinyl Chloride,CMG; CMR,,,,,"Belden 5302GE — Cable multiconductor - aplicaciones comerciales 18/2C + 18/1PR SHLD PVC/PVC. Referencia 5302GE para cotización en Surtilec, línea Cables de control. Especificaciones registradas: marca Belden, calibre 18 AWG, 1 conductores, voltaje 300 V, apantallado. Solicita disponibilidad, cantidades y soporte técnico para despacho en Colombia.",
5302UE,Belden 5302UE — Cable multiconductor - aplicaciones comerciales 18/4C BC PVC/PVC,Cables de control,,Belden,18,4,300 V,Sí,PVC - Polyvinyl Chloride,CMR; CMG/FT4,,,,,"Belden 5302UE — Cable multiconductor - aplicaciones comerciales 18/4C BC PVC/PVC. Referencia 5302UE para cotización en Surtilec, línea Cables de control. Especificaciones registradas: marca Belden, calibre 18 AWG, 4 conductores, voltaje 300 V, apantallado. Solicita disponibilidad, cantidades y soporte técnico para despacho en Colombia.",
5303FE,Belden 5303FE — Cable multiconductor - aplicaciones comerciales 18/5C BC PVC/PVC SHLD,Cables de control,,Belden,18,5,300 V,Sí,PVC - Polyvinyl Chloride,CMR; CMG/FT4,,,,,"Belden 5303FE — Cable multiconductor - aplicaciones comerciales 18/5C BC PVC/PVC SHLD. Referencia 5303FE para cotización en Surtilec, línea Cables de control. Especificaciones registradas: marca Belden, calibre 18 AWG, 5 conductores, voltaje 300 V, apantallado. Solicita disponibilidad, cantidades y soporte técnico para despacho en Colombia.",
5304FE,Belden 5304FE — Cable multiconductor - aplicaciones comerciales 18/6C BC PVC/PVC SHLD,Cables de control,,Belden,18,6,300 V,Sí,PVC - Polyvinyl Chloride,CMR; CMG/FT4,,,,,"Belden 5304FE — Cable multiconductor - aplicaciones comerciales 18/6C BC PVC/PVC SHLD. Referencia 5304FE para cotización en Surtilec, línea Cables de control. Especificaciones registradas: marca Belden, calibre 18 AWG, 6 conductores, voltaje 300 V, apantallado. Solicita disponibilidad, cantidades y soporte técnico para despacho en Colombia.",
5304UE,Belden 5304UE — 18/6C Cable de altavoz BC NS CMR PO/PVC 300V gris 1000 ft (carrete),Cables de control,,Belden,18,6,300 V,Sí,PVC - Polyvinyl Chloride,CMR; CMG/FT4,,,,,"Belden 5304UE — 18/6C Cable de altavoz BC NS CMR PO/PVC 300V gris 1000 ft (carrete). Referencia 5304UE para cotización en Surtilec, línea Cables de control. Especificaciones registradas: marca Belden, calibre 18 AWG, 6 conductores, voltaje 300 V, apantallado. Solicita disponibilidad, cantidades y soporte técnico para despacho en Colombia.",
5306FE,Belden 5306FE — Cable multiconductor - aplicaciones comerciales 18/8C BC PVC/PVC SHLD,Cables de control,,Belden,18,8,300 V,Sí,PVC - Polyvinyl Chloride,CMR; CMG/FT4,,,,,"Belden 5306FE — Cable multiconductor - aplicaciones comerciales 18/8C BC PVC/PVC SHLD. Referencia 5306FE para cotización en Surtilec, línea Cables de control. Especificaciones registradas: marca Belden, calibre 18 AWG, 8 conductores, voltaje 300 V, apantallado. Solicita disponibilidad, cantidades y soporte técnico para despacho en Colombia.",
5306UE,Belden 5306UE — Cable multiconductor - aplicaciones comerciales 18/8C BC PVC/PVC,Cables de control,,Belden,18,8,300 V,Sí,PVC - Polyvinyl Chloride,CMR; CMG/FT4,,,,,"Belden 5306UE — Cable multiconductor - aplicaciones comerciales 18/8C BC PVC/PVC. Referencia 5306UE para cotización en Surtilec, línea Cables de control. Especificaciones registradas: marca Belden, calibre 18 AWG, 8 conductores, voltaje 300 V, apantallado. Solicita disponibilidad, cantidades y soporte técnico para despacho en Colombia.",
5307FE,Belden 5307FE — Cable multiconductor - aplicaciones comerciales 18/9C BC PVC/PVC SHLD,Cables de control,,Belden,18,9,300 V,Sí,PVC - Polyvinyl Chloride,CMR; CMG/FT4,,,,,"Belden 5307FE — Cable multiconductor - aplicaciones comerciales 18/9C BC PVC/PVC SHLD. Referencia 5307FE para cotización en Surtilec, línea Cables de control. Especificaciones registradas: marca Belden, calibre 18 AWG, 9 conductores, voltaje 300 V, apantallado. Solicita disponibilidad, cantidades y soporte técnico para despacho en Colombia.",
5308UE,Belden 5308UE — Cable multiconductor - aplicaciones comerciales 18/10C BC PVC/PVC,Cables de control,,Belden,18,10,300 V,Sí,PVC - Polyvinyl Chloride,CMR; CMG/FT4,,,,,"Belden 5308UE — Cable multiconductor - aplicaciones comerciales 18/10C BC PVC/PVC. Referencia 5308UE para cotización en Surtilec, línea Cables de control. Especificaciones registradas: marca Belden, calibre 18 AWG, 10 conductores, voltaje 300 V, apantallado. Solicita disponibilidad, cantidades y soporte técnico para despacho en Colombia.",
5320FJ,Belden 5320FJ — Cable multiconductor - aplicaciones comerciales direccionable sistemas - 2 Cond cableados 1,Cables de control,,Belden,18,2,300 V,Sí,PVC - Polyvinyl Chloride,FPL,,,,,"Belden 5320FJ — Cable multiconductor - aplicaciones comerciales direccionable sistemas - 2 Cond cableados 1. Referencia 5320FJ para cotización en Surtilec, línea Cables de control. Especificaciones registradas: marca Belden, calibre 18 AWG, 2 conductores, voltaje 300 V, apantallado. Solicita disponibilidad, cantidades y soporte técnico para despacho en Colombia.",
5320FL,Belden 5320FL — 18/2C incendio Cable de alarma BC apantallado FPLR PP/PVC 300V Red 1000 ft (carrete),Cables de control,,Belden,18,2,300 V,Sí,PVC - Polyvinyl Chloride,FPLR; CMG/FT4,,,,,"Belden 5320FL — 18/2C incendio Cable de alarma BC apantallado FPLR PP/PVC 300V Red 1000 ft (carrete). Referencia 5320FL para cotización en Surtilec, línea Cables de control. Especificaciones registradas: marca Belden, calibre 18 AWG, 2 conductores, voltaje 300 V, apantallado. Solicita disponibilidad, cantidades y soporte técnico para despacho en Colombia.",
5320UL,Belden 5320UL — 18/2C incendio Cable de alarma BC NS FPLR PP/PVC 300V Red 1000 ft (carrete),Cables de control,,Belden,16,2,300 V,Sí,PVC - Polyvinyl Chloride,FPLR; CMG/FT4,,,,,"Belden 5320UL — 18/2C incendio Cable de alarma BC NS FPLR PP/PVC 300V Red 1000 ft (carrete). Referencia 5320UL para cotización en Surtilec, línea Cables de control. Especificaciones registradas: marca Belden, calibre 16 AWG, 2 conductores, voltaje 300 V, apantallado. Solicita disponibilidad, cantidades y soporte técnico para despacho en Colombia.",
5321UE,Belden 5321UE — Cable multiconductor - sistemas de audio comercial 18/3C sólido BC PVC/PVC,Cables de control,,Belden,18,3,300 V,Sí,PVC - Polyvinyl Chloride,CMR; CMG/FT4,,,,,"Belden 5321UE — Cable multiconductor - sistemas de audio comercial 18/3C sólido BC PVC/PVC. Referencia 5321UE para cotización en Surtilec, línea Cables de control. Especificaciones registradas: marca Belden, calibre 18 AWG, 3 conductores, voltaje 300 V, apantallado. Solicita disponibilidad, cantidades y soporte técnico para despacho en Colombia.",
5322FL,Belden 5322FL — Cable multiconductor - aplicaciones comerciales 18/4C SBC PVC/PVC SHLD,Cables de control,,Belden,18,4,300 V,Sí,PVC - Polyvinyl Chloride,FPLR; CMG/FT4,,,,,"Belden 5322FL — Cable multiconductor - aplicaciones comerciales 18/4C SBC PVC/PVC SHLD. Referencia 5322FL para cotización en Surtilec, línea Cables de control. Especificaciones registradas: marca Belden, calibre 18 AWG, 4 conductores, voltaje 300 V, apantallado. Solicita disponibilidad, cantidades y soporte técnico para despacho en Colombia.",
5322UL,Belden 5322UL — Cable multiconductor - aplicaciones comerciales 18/4C SBC PVC/PVC,Cables de control,,Belden,18,4,300 V,Sí,PVC - Polyvinyl Chloride,FPLR; CMG/FT4,,,,,"Belden 5322UL — Cable multiconductor - aplicaciones comerciales 18/4C SBC PVC/PVC. Referencia 5322UL para cotización en Surtilec, línea Cables de control. Especificaciones registradas: marca Belden, calibre 18 AWG, 4 conductores, voltaje 300 V, apantallado. Solicita disponibilidad, cantidades y soporte técnico para despacho en Colombia.",
533945,Belden 533945 — coaxial - vigilancia y CCTV aplicaciones 18 SOL BC RG6 tipo 95%BC,Cables especiales,Cable coaxial,Belden,18,1,,Sí,PVC - Polyvinyl Chloride,CM; CM/FT1,,,,,"Belden 533945 — coaxial - vigilancia y CCTV aplicaciones 18 SOL BC RG6 tipo 95%BC. Referencia 533945 para cotización en Surtilec, línea Cables especiales / Cable coaxial. Especificaciones registradas: marca Belden, calibre 18 AWG, 1 conductores, apantallado, chaqueta PVC - Polyvinyl Chloride. Solicita disponibilidad, cantidades y soporte técnico para despacho en Colombia.",
5339W5,Belden 5339W5 — coaxial - vigilancia y CCTV aplicaciones 18 SOL BC RG6 tipo 60%,Cables especiales,Cable coaxial,Belden,18,1,,Sí,PVC - Polyvinyl Chloride,CM; CM/FT1,,,,,"Belden 5339W5 — coaxial - vigilancia y CCTV aplicaciones 18 SOL BC RG6 tipo 60%. Referencia 5339W5 para cotización en Surtilec, línea Cables especiales / Cable coaxial. Especificaciones registradas: marca Belden, calibre 18 AWG, 1 conductores, apantallado, chaqueta PVC - Polyvinyl Chloride. Solicita disponibilidad, cantidades y soporte técnico para despacho en Colombia.",
5341FE,Belden 5341FE — Cable multiconductor - aplicaciones comerciales 18/2P BC PVC/PVC SHLD,Cables de control,,Belden,18,2,300 V,Sí,PVC - Polyvinyl Chloride,CMR; CMG/FT4,,,,,"Belden 5341FE — Cable multiconductor - aplicaciones comerciales 18/2P BC PVC/PVC SHLD. Referencia 5341FE para cotización en Surtilec, línea Cables de control. Especificaciones registradas: marca Belden, calibre 18 AWG, 2 conductores, voltaje 300 V, apantallado. Solicita disponibilidad, cantidades y soporte técnico para despacho en Colombia.",
5341UE,Belden 5341UE — Cable multiconductor - aplicaciones comerciales 18/2P BC PVC/PVC,Cables de control,,Belden,18,2,300 V,Sí,PVC - Polyvinyl Chloride,CMR; CMG/FT4,,,,,"Belden 5341UE — Cable multiconductor - aplicaciones comerciales 18/2P BC PVC/PVC. Referencia 5341UE para cotización en Surtilec, línea Cables de control. Especificaciones registradas: marca Belden, calibre 18 AWG, 2 conductores, voltaje 300 V, apantallado. Solicita disponibilidad, cantidades y soporte técnico para despacho en Colombia.",
538AFS,Belden 538AFS — compuesto - cerradura potencia lector de tarjeta puerta contacto REX aplicaciones ACCESS CONTROL BANA,Cables especiales,Cables apantallados,Belden,18,3,300 V,Sí,PVC - Polyvinyl Chloride,CMR; CMG,,,,,"Belden 538AFS — compuesto - cerradura potencia lector de tarjeta puerta contacto REX aplicaciones ACCESS CONTROL BANA. Referencia 538AFS para cotización en Surtilec, línea Cables especiales / Cables apantallados. Especificaciones registradas: marca Belden, calibre 18 AWG, 3 conductores, voltaje 300 V, apantallado. Solicita disponibilidad, cantidades y soporte técnico para despacho en Colombia.",
5400FE,Belden 5400FE — Cable multiconductor - sistemas de audio comercial - 2 conductores cableados 20/2C BC PVC/P,Cables de control,,Belden,20,2,300 V,Sí,PVC - Polyvinyl Chloride,CMR; CMG/FT4,,,,,"Belden 5400FE — Cable multiconductor - sistemas de audio comercial - 2 conductores cableados 20/2C BC PVC/P. Referencia 5400FE para cotización en Surtilec, línea Cables de control. Especificaciones registradas: marca Belden, calibre 20 AWG, 2 conductores, voltaje 300 V, apantallado. Solicita disponibilidad, cantidades y soporte técnico para despacho en Colombia.",
5400FEU,Belden 20/2C — BC PVC/PVC SHLD,Cables especiales,Cables apantallados,Belden,20,2,300 V,Sí,PVC - Polyvinyl Chloride,CMR; CMG/FT4,,,,,"Belden 20/2C — BC PVC/PVC SHLD. Referencia 5400FEU para cotización en Surtilec, línea Cables especiales / Cables apantallados. Especificaciones registradas: marca Belden, calibre 20 AWG, 2 conductores, voltaje 300 V, apantallado. Solicita disponibilidad, cantidades y soporte técnico para despacho en Colombia.",
5401FE,Belden 5401FE — Cable multiconductor - sistemas de audio comercial 20/3C BC PVC/PVC SHLD,Cables de control,,Belden,20,3,300 V,Sí,PVC - Polyvinyl Chloride,CMR; CMG/FT4,,,,,"Belden 5401FE — Cable multiconductor - sistemas de audio comercial 20/3C BC PVC/PVC SHLD. Referencia 5401FE para cotización en Surtilec, línea Cables de control. Especificaciones registradas: marca Belden, calibre 20 AWG, 3 conductores, voltaje 300 V, apantallado. Solicita disponibilidad, cantidades y soporte técnico para despacho en Colombia.",
5402FE,Belden 5402FE — Cable multiconductor - aplicaciones comerciales 20/4C BC PP/PVC SHLD,Cables de control,,Belden,20,4,300 V,Sí,PVC - Polyvinyl Chloride,CMR; CMG/FT4,,,,,"Belden 5402FE — Cable multiconductor - aplicaciones comerciales 20/4C BC PP/PVC SHLD. Referencia 5402FE para cotización en Surtilec, línea Cables de control. Especificaciones registradas: marca Belden, calibre 20 AWG, 4 conductores, voltaje 300 V, apantallado. Solicita disponibilidad, cantidades y soporte técnico para despacho en Colombia.",
5402FEU,Belden 20/4C — BC PP/PVC SHLD,Cables especiales,Cables apantallados,Belden,20,4,300 V,Sí,PVC - Polyvinyl Chloride,CMR; CMG/FT4,,,,,"Belden 20/4C — BC PP/PVC SHLD. Referencia 5402FEU para cotización en Surtilec, línea Cables especiales / Cables apantallados. Especificaciones registradas: marca Belden, calibre 20 AWG, 4 conductores, voltaje 300 V, apantallado. Solicita disponibilidad, cantidades y soporte técnico para despacho en Colombia.",
5403FE,Belden 5403FE — 20/5C Cable de altavoz BC apantallado CMR PP/PVC 300V gris 1000 ft (carrete),Cables de control,,Belden,20,5,300 V,Sí,PVC - Polyvinyl Chloride,,,,,,"Belden 5403FE — 20/5C Cable de altavoz BC apantallado CMR PP/PVC 300V gris 1000 ft (carrete). Referencia 5403FE para cotización en Surtilec, línea Cables de control. Especificaciones registradas: marca Belden, calibre 20 AWG, 5 conductores, voltaje 300 V, apantallado. Solicita disponibilidad, cantidades y soporte técnico para despacho en Colombia.",
543945W,"Belden 543945 — Surveilance y CCTV Cable, RG59, Rated-CMG, 20 AWG cobre desnudo sólido, foamed polyol",Conductores desnudos,Cable desnudo,Belden,20,1,,Sí,PVC - Polyvinyl Chloride,CM; CM/FT1,,,,,"Belden 543945 — Surveilance y CCTV Cable, RG59, Rated-CMG, 20 AWG cobre desnudo sólido, foamed polyol. Referencia 543945W para cotización en Surtilec, línea Conductores desnudos / Cable desnudo. Especificaciones registradas: marca Belden, calibre 20 AWG, 1 conductores, apantallado, chaqueta PVC - Polyvinyl Chloride. Solicita disponibilidad, cantidades y soporte técnico para despacho en Colombia.",
5439W5,"Belden 5439W5 — coaxial - CCTV, CATV y MATV aplicaciones 20 SOL BC RG59TYPE 95%BC",Cables especiales,Cable coaxial,Belden,20,1,,Sí,PVC - Polyvinyl Chloride,CM; CM/FT1,,,,,"Belden 5439W5 — coaxial - CCTV, CATV y MATV aplicaciones 20 SOL BC RG59TYPE 95%BC. Referencia 5439W5 para cotización en Surtilec, línea Cables especiales / Cable coaxial. Especificaciones registradas: marca Belden, calibre 20 AWG, 1 conductores, apantallado, chaqueta PVC - Polyvinyl Chloride. Solicita disponibilidad, cantidades y soporte técnico para despacho en Colombia.",
549945,Belden 549945 — compuesto - CCTV Plus Audio or potencia or Pan y Tilt CCTV Control aplicaciones RG59,Cables de control,,Belden,20,1,,Sí,PVC - Polyvinyl Chloride,CM; CM/FT1,,,,,"Belden 549945 — compuesto - CCTV Plus Audio or potencia or Pan y Tilt CCTV Control aplicaciones RG59. Referencia 549945 para cotización en Surtilec, línea Cables de control. Especificaciones registradas: marca Belden, calibre 20 AWG, 1 conductores, apantallado, chaqueta PVC - Polyvinyl Chloride. Solicita disponibilidad, cantidades y soporte técnico para despacho en Colombia.",
5500FE,Belden 5500FE — Cable multiconductor - sistemas de audio comercial - 2 conductores cableados 22/2C BC PVC/P,Cables de control,,Belden,22,2,300 V,Sí,PVC - Polyvinyl Chloride,CMR; CMG/FT4,,,,,"Belden 5500FE — Cable multiconductor - sistemas de audio comercial - 2 conductores cableados 22/2C BC PVC/P. Referencia 5500FE para cotización en Surtilec, línea Cables de control. Especificaciones registradas: marca Belden, calibre 22 AWG, 2 conductores, voltaje 300 V, apantallado. Solicita disponibilidad, cantidades y soporte técnico para despacho en Colombia.",
5500UE,Belden 5500UE — 22/2C Cable de altavoz BC NS CMR PP/PVC 300V gris 1000 ft (carrete),Cables de control,,Belden,22,2,300 V,Sí,PVC - Polyvinyl Chloride,CMR; CMG/FT4,,,,,"Belden 5500UE — 22/2C Cable de altavoz BC NS CMR PP/PVC 300V gris 1000 ft (carrete). Referencia 5500UE para cotización en Surtilec, línea Cables de control. Especificaciones registradas: marca Belden, calibre 22 AWG, 2 conductores, voltaje 300 V, apantallado. Solicita disponibilidad, cantidades y soporte técnico para despacho en Colombia.",
5501FE,Belden 5501FE — Cable multiconductor - sistemas de audio comercial 22/3C BC PVC/PVC SHLD,Cables de control,,Belden,22,3,300 V,Sí,PVC - Polyvinyl Chloride,CMR; CMG/FT4,,,,,"Belden 5501FE — Cable multiconductor - sistemas de audio comercial 22/3C BC PVC/PVC SHLD. Referencia 5501FE para cotización en Surtilec, línea Cables de control. Especificaciones registradas: marca Belden, calibre 22 AWG, 3 conductores, voltaje 300 V, apantallado. Solicita disponibilidad, cantidades y soporte técnico para despacho en Colombia.",
5501UE,Belden 5501UE — Cable multiconductor - sistemas de audio comercial 22/3C BC PVC/PVC,Cables de control,,Belden,22,3,300 V,Sí,PVC - Polyvinyl Chloride,CMR; CMG/FT4,,,,,"Belden 5501UE — Cable multiconductor - sistemas de audio comercial 22/3C BC PVC/PVC. Referencia 5501UE para cotización en Surtilec, línea Cables de control. Especificaciones registradas: marca Belden, calibre 22 AWG, 3 conductores, voltaje 300 V, apantallado. Solicita disponibilidad, cantidades y soporte técnico para despacho en Colombia.",
5502FE,Belden 5502FE — Cable multiconductor - aplicaciones comerciales 22/4C BC PVC/PVC SHLD,Cables de control,,Belden,22,4,300 V,Sí,PVC - Polyvinyl Chloride,CMR; CMG/FT4,,,,,"Belden 5502FE — Cable multiconductor - aplicaciones comerciales 22/4C BC PVC/PVC SHLD. Referencia 5502FE para cotización en Surtilec, línea Cables de control. Especificaciones registradas: marca Belden, calibre 22 AWG, 4 conductores, voltaje 300 V, apantallado. Solicita disponibilidad, cantidades y soporte técnico para despacho en Colombia.",
5502UE,Belden 22/4C — BC PVC/PVC 1000' gris UNBOX,Cables especiales,Cables apantallados,Belden,22,4,300 V,Sí,PVC - Polyvinyl Chloride,CMR; CMG/FT4,,,,,"Belden 22/4C — BC PVC/PVC 1000' gris UNBOX. Referencia 5502UE para cotización en Surtilec, línea Cables especiales / Cables apantallados. Especificaciones registradas: marca Belden, calibre 22 AWG, 4 conductores, voltaje 300 V, apantallado. Solicita disponibilidad, cantidades y soporte técnico para despacho en Colombia.",
5504FE,Belden 5504FE — Cable multiconductor - aplicaciones comerciales 22/6C BC PVC/PVC SHLD,Cables de control,,Belden,22,6,300 V,Sí,PVC - Polyvinyl Chloride,CMR; CMG/FT4,,,,,"Belden 5504FE — Cable multiconductor - aplicaciones comerciales 22/6C BC PVC/PVC SHLD. Referencia 5504FE para cotización en Surtilec, línea Cables de control. Especificaciones registradas: marca Belden, calibre 22 AWG, 6 conductores, voltaje 300 V, apantallado. Solicita disponibilidad, cantidades y soporte técnico para despacho en Colombia.",
5504UE,Belden 5504UE — Cable multiconductor - aplicaciones comerciales 22/6C BC PVC/PVC,Cables de control,,Belden,22,6,300 V,No,PVC - Polyvinyl Chloride,CMR; CMG/FT4,,,,,"Belden 5504UE — Cable multiconductor - aplicaciones comerciales 22/6C BC PVC/PVC. Referencia 5504UE para cotización en Surtilec, línea Cables de control. Especificaciones registradas: marca Belden, calibre 22 AWG, 6 conductores, voltaje 300 V, chaqueta PVC - Polyvinyl Chloride. Solicita disponibilidad, cantidades y soporte técnico para despacho en Colombia.",
5506FE,Belden 5506FE — Cable multiconductor - aplicaciones comerciales 22/8C BC PVC/PVC SHLD,Cables de control,,Belden,22,8,300 V,Sí,PVC - Polyvinyl Chloride,CMR; CMG/FT4,,,,,"Belden 5506FE — Cable multiconductor - aplicaciones comerciales 22/8C BC PVC/PVC SHLD. Referencia 5506FE para cotización en Surtilec, línea Cables de control. Especificaciones registradas: marca Belden, calibre 22 AWG, 8 conductores, voltaje 300 V, apantallado. Solicita disponibilidad, cantidades y soporte técnico para despacho en Colombia.",
5506UE,Belden 5506UE — Cable multiconductor - aplicaciones comerciales 22/8C BC PVC/PVC,Cables de control,,Belden,22,8,300 V,Sí,PVC - Polyvinyl Chloride,CMR; CMG/FT4,,,,,"Belden 5506UE — Cable multiconductor - aplicaciones comerciales 22/8C BC PVC/PVC. Referencia 5506UE para cotización en Surtilec, línea Cables de control. Especificaciones registradas: marca Belden, calibre 22 AWG, 8 conductores, voltaje 300 V, apantallado. Solicita disponibilidad, cantidades y soporte técnico para despacho en Colombia.",
5508FE,Belden 5508FE — Cable multiconductor - aplicaciones comerciales 22/10C BC PVC/PVC SHLD,Cables de control,,Belden,22,104,300 V,Sí,PVC - Polyvinyl Chloride,CMR; CMG/FT4,,,,,"Belden 5508FE — Cable multiconductor - aplicaciones comerciales 22/10C BC PVC/PVC SHLD. Referencia 5508FE para cotización en Surtilec, línea Cables de control. Especificaciones registradas: marca Belden, calibre 22 AWG, 104 conductores, voltaje 300 V, apantallado. Solicita disponibilidad, cantidades y soporte técnico para despacho en Colombia.",
5508UE,Belden 5508UE — Cable multiconductor - aplicaciones comerciales 22/10C BC PVC/PVC,Cables de control,,Belden,22,10,300 V,Sí,PVC - Polyvinyl Chloride,CMR; CMG/FT4,,,,,"Belden 5508UE — Cable multiconductor - aplicaciones comerciales 22/10C BC PVC/PVC. Referencia 5508UE para cotización en Surtilec, línea Cables de control. Especificaciones registradas: marca Belden, calibre 22 AWG, 10 conductores, voltaje 300 V, apantallado. Solicita disponibilidad, cantidades y soporte técnico para despacho en Colombia.",
5509UE,Belden 5509UE — Cable multiconductor - aplicaciones comerciales 22/12C BC PVC/PVC,Cables de control,,Belden,22,12,300 V,Sí,PVC - Polyvinyl Chloride,CMR; CMG/FT4,,,,,"Belden 5509UE — Cable multiconductor - aplicaciones comerciales 22/12C BC PVC/PVC. Referencia 5509UE para cotización en Surtilec, línea Cables de control. Especificaciones registradas: marca Belden, calibre 22 AWG, 12 conductores, voltaje 300 V, apantallado. Solicita disponibilidad, cantidades y soporte técnico para despacho en Colombia.",
5541FE,Belden 5541FE — Cable multiconductor - aplicaciones comerciales 22/2P BC PVC/PVC SHLD,Cables de control,,Belden,22,2,300 V,Sí,PVC - Polyvinyl Chloride,CMR; CMG/FT4,,,,,"Belden 5541FE — Cable multiconductor - aplicaciones comerciales 22/2P BC PVC/PVC SHLD. Referencia 5541FE para cotización en Surtilec, línea Cables de control. Especificaciones registradas: marca Belden, calibre 22 AWG, 2 conductores, voltaje 300 V, apantallado. Solicita disponibilidad, cantidades y soporte técnico para despacho en Colombia.",
558AFS,Belden 558AFS — compuesto - cerradura potencia lector de tarjeta puerta contacto REX aplicaciones ACCESS CONTROL BAN,Cables especiales,Cables apantallados,Belden,22,3,300 V,Sí,,CMP; CMP/FT6,,,,,"Belden 558AFS — compuesto - cerradura potencia lector de tarjeta puerta contacto REX aplicaciones ACCESS CONTROL BAN. Referencia 558AFS para cotización en Surtilec, línea Cables especiales / Cables apantallados. Especificaciones registradas: marca Belden, calibre 22 AWG, 3 conductores, voltaje 300 V, apantallado. Solicita disponibilidad, cantidades y soporte técnico para despacho en Colombia.",
6000FE,Belden 6000FE — 12/2C Cable de altavoz BC apantallado CL2P Flamarrest PVC/PVC 300V Natural 1000 ft (carrete),Cables de control,,Belden,12,2,150 V,Sí,PVC - Polyvinyl Chloride,CL2P; FT6,,,,,"Belden 6000FE — 12/2C Cable de altavoz BC apantallado CL2P Flamarrest PVC/PVC 300V Natural 1000 ft (carrete). Referencia 6000FE para cotización en Surtilec, línea Cables de control. Especificaciones registradas: marca Belden, calibre 12 AWG, 2 conductores, voltaje 150 V, apantallado. Solicita disponibilidad, cantidades y soporte técnico para despacho en Colombia.",
6000UE,Belden 6000UE — 12/2C Cable de altavoz BC NS CL2P Flamarrest PVC/PVC 300V Natural 1000 ft (carrete),Cables de control,,Belden,12,2,150 V,Sí,PVC - Polyvinyl Chloride,CL2P,,,,,"Belden 6000UE — 12/2C Cable de altavoz BC NS CL2P Flamarrest PVC/PVC 300V Natural 1000 ft (carrete). Referencia 6000UE para cotización en Surtilec, línea Cables de control. Especificaciones registradas: marca Belden, calibre 12 AWG, 2 conductores, voltaje 150 V, apantallado. Solicita disponibilidad, cantidades y soporte técnico para despacho en Colombia.",
6002UE,Belden 6002UE — 12/4C Cable de altavoz BC NS CL2P Flamarrest PVC/PVC 150V Natural 1000 ft (carrete),Cables de control,,Belden,12,4,150 V,Sí,PVC - Polyvinyl Chloride,CL2P,,,,,"Belden 6002UE — 12/4C Cable de altavoz BC NS CL2P Flamarrest PVC/PVC 150V Natural 1000 ft (carrete). Referencia 6002UE para cotización en Surtilec, línea Cables de control. Especificaciones registradas: marca Belden, calibre 12 AWG, 4 conductores, voltaje 150 V, apantallado. Solicita disponibilidad, cantidades y soporte técnico para despacho en Colombia.",
6020FL,Belden 6020FL — 12/2C incendio Cable de alarma BC apantallado FPLP Flamarrest PVC/PVC 300V Red 1000 ft (carrete),Cables de control,,Belden,12,2,300 V,Sí,Flamarrest PVC - Polyvinyl Chloride,FPLP,,,,,"Belden 6020FL — 12/2C incendio Cable de alarma BC apantallado FPLP Flamarrest PVC/PVC 300V Red 1000 ft (carrete). Referencia 6020FL para cotización en Surtilec, línea Cables de control. Especificaciones registradas: marca Belden, calibre 12 AWG, 2 conductores, voltaje 300 V, apantallado. Solicita disponibilidad, cantidades y soporte técnico para despacho en Colombia.",
6020UL,Belden 6020UL — 12/2C incendio Cable de alarma BC NS FPLP Flamarrest PVC/PVC 300V Red 1000 ft (carrete),Cables de control,,Belden,12,2,300 V,Sí,Flamarrest PVC - Polyvinyl Chloride,FPLP,,,,,"Belden 6020UL — 12/2C incendio Cable de alarma BC NS FPLP Flamarrest PVC/PVC 300V Red 1000 ft (carrete). Referencia 6020UL para cotización en Surtilec, línea Cables de control. Especificaciones registradas: marca Belden, calibre 12 AWG, 2 conductores, voltaje 300 V, apantallado. Solicita disponibilidad, cantidades y soporte técnico para despacho en Colombia.",
6100FE,Belden 6100FE — 14/2C Cable de altavoz BC apantallado CL2P Flamarrest PVC/PVC 300V Natural 1000 ft (carrete),Cables de control,,Belden,14,2,150 V,Sí,PVC - Polyvinyl Chloride,CL2P; FT6,,,,,"Belden 6100FE — 14/2C Cable de altavoz BC apantallado CL2P Flamarrest PVC/PVC 300V Natural 1000 ft (carrete). Referencia 6100FE para cotización en Surtilec, línea Cables de control. Especificaciones registradas: marca Belden, calibre 14 AWG, 2 conductores, voltaje 150 V, apantallado. Solicita disponibilidad, cantidades y soporte técnico para despacho en Colombia.",
6100UE,Belden 6100UE — 14/2C Cable de altavoz BC NS CL2P Flamarrest PVC/PVC 300V Natural 500 ft (carrete),Cables de control,,Belden,14,2,300 V,Sí,PVC - Polyvinyl Chloride,CL2P,,,,,"Belden 6100UE — 14/2C Cable de altavoz BC NS CL2P Flamarrest PVC/PVC 300V Natural 500 ft (carrete). Referencia 6100UE para cotización en Surtilec, línea Cables de control. Especificaciones registradas: marca Belden, calibre 14 AWG, 2 conductores, voltaje 300 V, apantallado. Solicita disponibilidad, cantidades y soporte técnico para despacho en Colombia.",
6120FL,Belden 6120FL — 14/2C incendio Cable de alarma BC apantallado FPLP Flamarrest PVC/PVC 300V Red 1000 ft (carrete),Cables de control,,Belden,14,2,300 V,Sí,Flamarrest PVC - Polyvinyl Chloride,FPLP,,,,,"Belden 6120FL — 14/2C incendio Cable de alarma BC apantallado FPLP Flamarrest PVC/PVC 300V Red 1000 ft (carrete). Referencia 6120FL para cotización en Surtilec, línea Cables de control. Especificaciones registradas: marca Belden, calibre 14 AWG, 2 conductores, voltaje 300 V, apantallado. Solicita disponibilidad, cantidades y soporte técnico para despacho en Colombia.",
6120UL,Belden 6120UL — 14/2C incendio Cable de alarma BC NS FPLP Flamarrest PVC/PVC 300V Red 1000 ft (carrete),Cables de control,,Belden,14,2,300 V,Sí,Flamarrest PVC - Polyvinyl Chloride,FPLP,,,,,"Belden 6120UL — 14/2C incendio Cable de alarma BC NS FPLP Flamarrest PVC/PVC 300V Red 1000 ft (carrete). Referencia 6120UL para cotización en Surtilec, línea Cables de control. Especificaciones registradas: marca Belden, calibre 14 AWG, 2 conductores, voltaje 300 V, apantallado. Solicita disponibilidad, cantidades y soporte técnico para despacho en Colombia.",
6122FL,Belden 6122FL — Cable multiconductor - aplicaciones comerciales 14/4C SBC FLAMARREST SHLD,Cables de control,,Belden,14,4,300 V,Sí,PVC - Polyvinyl Chloride,FPLP,,,,,"Belden 6122FL — Cable multiconductor - aplicaciones comerciales 14/4C SBC FLAMARREST SHLD. Referencia 6122FL para cotización en Surtilec, línea Cables de control. Especificaciones registradas: marca Belden, calibre 14 AWG, 4 conductores, voltaje 300 V, apantallado. Solicita disponibilidad, cantidades y soporte técnico para despacho en Colombia.",
6122UL,Belden 6122UL — Cable multiconductor - aplicaciones comerciales 14/4C SOL BC FLAMARREST,Cables de control,,Belden,14,4,300 V,Sí,PVC - Polyvinyl Chloride,FPLP,,,,,"Belden 6122UL — Cable multiconductor - aplicaciones comerciales 14/4C SOL BC FLAMARREST. Referencia 6122UL para cotización en Surtilec, línea Cables de control. Especificaciones registradas: marca Belden, calibre 14 AWG, 4 conductores, voltaje 300 V, apantallado. Solicita disponibilidad, cantidades y soporte técnico para despacho en Colombia.",
6200FE,Belden 6200FE — 16/2C Cable de altavoz BC apantallado CMP Flamarrest PVC/PVC 300V Natural 500 ft (carrete),Cables de control,,Belden,16,2,300 V,Sí,PVC - Polyvinyl Chloride,CMP/CL2P; FT6,,,,,"Belden 6200FE — 16/2C Cable de altavoz BC apantallado CMP Flamarrest PVC/PVC 300V Natural 500 ft (carrete). Referencia 6200FE para cotización en Surtilec, línea Cables de control. Especificaciones registradas: marca Belden, calibre 16 AWG, 2 conductores, voltaje 300 V, apantallado. Solicita disponibilidad, cantidades y soporte técnico para despacho en Colombia.",
6200UE,Belden 6200UE — 16/2C Cable de altavoz BC NS CMP Flamarrest PVC/PVC 300V Natural 1000 ft (carrete),Cables de control,,Belden,16,2,300 V,Sí,PVC - Polyvinyl Chloride,CMP; FT6,,,,,"Belden 6200UE — 16/2C Cable de altavoz BC NS CMP Flamarrest PVC/PVC 300V Natural 1000 ft (carrete). Referencia 6200UE para cotización en Surtilec, línea Cables de control. Especificaciones registradas: marca Belden, calibre 16 AWG, 2 conductores, voltaje 300 V, apantallado. Solicita disponibilidad, cantidades y soporte técnico para despacho en Colombia.",
6201FE,Belden 6201FE — 16/3C Cable de altavoz BC apantallado CMP Flamarrest PVC/PVC 300V Natural 1000 ft (carrete),Cables de control,,Belden,16,3,300 V,Sí,PVC - Polyvinyl Chloride,CMP/CL2P; FT6,,,,,"Belden 6201FE — 16/3C Cable de altavoz BC apantallado CMP Flamarrest PVC/PVC 300V Natural 1000 ft (carrete). Referencia 6201FE para cotización en Surtilec, línea Cables de control. Especificaciones registradas: marca Belden, calibre 16 AWG, 3 conductores, voltaje 300 V, apantallado. Solicita disponibilidad, cantidades y soporte técnico para despacho en Colombia.",
6201UE,Belden 6201UE — 16/3C Cable de altavoz BC NS CMP Flamarrest PVC/PVC 300V Natural 1000 ft (carrete),Cables de control,,Belden,16,3,300 V,Sí,PVC - Polyvinyl Chloride,CMP; FT6,,,,,"Belden 6201UE — 16/3C Cable de altavoz BC NS CMP Flamarrest PVC/PVC 300V Natural 1000 ft (carrete). Referencia 6201UE para cotización en Surtilec, línea Cables de control. Especificaciones registradas: marca Belden, calibre 16 AWG, 3 conductores, voltaje 300 V, apantallado. Solicita disponibilidad, cantidades y soporte técnico para despacho en Colombia.",
6202UE,Belden 6202UE — 16/4C Cable de altavoz BC NS CMP Flamarrest PVC/PVC 300V Natural 1000 ft (carrete),Cables de control,,Belden,16,4,300 V,Sí,PVC - Polyvinyl Chloride,CMP; FT6,,,,,"Belden 6202UE — 16/4C Cable de altavoz BC NS CMP Flamarrest PVC/PVC 300V Natural 1000 ft (carrete). Referencia 6202UE para cotización en Surtilec, línea Cables de control. Especificaciones registradas: marca Belden, calibre 16 AWG, 4 conductores, voltaje 300 V, apantallado. Solicita disponibilidad, cantidades y soporte técnico para despacho en Colombia.",
6220FL,Belden 6220FL — 16/2C incendio Cable de alarma BC apantallado FPLP Flamarrest PVC/PVC 300V Red 1000 ft (carrete),Cables de control,,Belden,16,2,300 V,Sí,Flamarrest PVC - Polyvinyl Chloride,FPLP,,,,,"Belden 6220FL — 16/2C incendio Cable de alarma BC apantallado FPLP Flamarrest PVC/PVC 300V Red 1000 ft (carrete). Referencia 6220FL para cotización en Surtilec, línea Cables de control. Especificaciones registradas: marca Belden, calibre 16 AWG, 2 conductores, voltaje 300 V, apantallado. Solicita disponibilidad, cantidades y soporte técnico para despacho en Colombia.",
6220UL,Belden 6220UL — 16/2C incendio Cable de alarma BC NS FPLP Flamarrest PVC/PVC 300V Red 1000 ft (carrete),Cables de control,,Belden,16,2,300 V,Sí,Flamarrest PVC - Polyvinyl Chloride,FPLP,,,,,"Belden 6220UL — 16/2C incendio Cable de alarma BC NS FPLP Flamarrest PVC/PVC 300V Red 1000 ft (carrete). Referencia 6220UL para cotización en Surtilec, línea Cables de control. Especificaciones registradas: marca Belden, calibre 16 AWG, 2 conductores, voltaje 300 V, apantallado. Solicita disponibilidad, cantidades y soporte técnico para despacho en Colombia.",
6300FE,Belden 6300FE — 18/2C Cable de altavoz BC apantallado CMP Flamarrest PVC/PVC 300V Natural 1000 ft (carrete),Cables de control,,Belden,18,2,300 V,Sí,PVC - Polyvinyl Chloride,CMP/CL2P; FT6,,,,,"Belden 6300FE — 18/2C Cable de altavoz BC apantallado CMP Flamarrest PVC/PVC 300V Natural 1000 ft (carrete). Referencia 6300FE para cotización en Surtilec, línea Cables de control. Especificaciones registradas: marca Belden, calibre 18 AWG, 2 conductores, voltaje 300 V, apantallado. Solicita disponibilidad, cantidades y soporte técnico para despacho en Colombia.",
6300UE,Belden 6300UE — Cable multiconductor - sistemas de audio comercial - 2 conductores cableados 18/2C BC FLAMA,Cables de control,,Belden,18,2,300 V,Sí,PVC - Polyvinyl Chloride,CMP; FT6,,,,,"Belden 6300UE — Cable multiconductor - sistemas de audio comercial - 2 conductores cableados 18/2C BC FLAMA. Referencia 6300UE para cotización en Surtilec, línea Cables de control. Especificaciones registradas: marca Belden, calibre 18 AWG, 2 conductores, voltaje 300 V, apantallado. Solicita disponibilidad, cantidades y soporte técnico para despacho en Colombia.",
6301FE,Belden 6301FE — Cable multiconductor - sistemas de audio comercial 18/3C BC FLAMARREST SHLD,Cables de control,,Belden,18,3,300 V,Sí,PVC - Polyvinyl Chloride,CMP; FT6,,,,,"Belden 6301FE — Cable multiconductor - sistemas de audio comercial 18/3C BC FLAMARREST SHLD. Referencia 6301FE para cotización en Surtilec, línea Cables de control. Especificaciones registradas: marca Belden, calibre 18 AWG, 3 conductores, voltaje 300 V, apantallado. Solicita disponibilidad, cantidades y soporte técnico para despacho en Colombia.",
6301UE,Belden 6301UE — 18/3C Cable de altavoz BC NS CMP Flamarrest PVC/PVC 300V Natural 1000 ft (carrete),Cables de control,,Belden,18,3,300 V,Sí,PVC - Polyvinyl Chloride,CMP; FT6,,,,,"Belden 6301UE — 18/3C Cable de altavoz BC NS CMP Flamarrest PVC/PVC 300V Natural 1000 ft (carrete). Referencia 6301UE para cotización en Surtilec, línea Cables de control. Especificaciones registradas: marca Belden, calibre 18 AWG, 3 conductores, voltaje 300 V, apantallado. Solicita disponibilidad, cantidades y soporte técnico para despacho en Colombia.",
6302FE,Belden 6302FE — 18/4C Cable de altavoz BC apantallado CMP Flamarrest PVC/PVC 300V Natural 1000 ft (carrete),Cables de control,,Belden,18,4,300 V,Sí,PVC - Polyvinyl Chloride,CMP; FT6,,,,,"Belden 6302FE — 18/4C Cable de altavoz BC apantallado CMP Flamarrest PVC/PVC 300V Natural 1000 ft (carrete). Referencia 6302FE para cotización en Surtilec, línea Cables de control. Especificaciones registradas: marca Belden, calibre 18 AWG, 4 conductores, voltaje 300 V, apantallado. Solicita disponibilidad, cantidades y soporte técnico para despacho en Colombia.",
6302UE,Belden 6302UE — 18/4C Cable de altavoz BC NS CMP Flamarrest PVC/PVC 300V Natural 1000 ft (carrete),Cables de control,,Belden,18,4,300 V,Sí,PVC - Polyvinyl Chloride,CMP; FT6,,,,,"Belden 6302UE — 18/4C Cable de altavoz BC NS CMP Flamarrest PVC/PVC 300V Natural 1000 ft (carrete). Referencia 6302UE para cotización en Surtilec, línea Cables de control. Especificaciones registradas: marca Belden, calibre 18 AWG, 4 conductores, voltaje 300 V, apantallado. Solicita disponibilidad, cantidades y soporte técnico para despacho en Colombia.",
6304FE,Belden 6304FE — 18/6C Cable de altavoz BC apantallado CMP Flamarrest PVC/PVC 300V Natural 1000 ft (carrete),Cables de control,,Belden,18,6,300 V,Sí,PVC - Polyvinyl Chloride,CMP; FT6,,,,,"Belden 6304FE — 18/6C Cable de altavoz BC apantallado CMP Flamarrest PVC/PVC 300V Natural 1000 ft (carrete). Referencia 6304FE para cotización en Surtilec, línea Cables de control. Especificaciones registradas: marca Belden, calibre 18 AWG, 6 conductores, voltaje 300 V, apantallado. Solicita disponibilidad, cantidades y soporte técnico para despacho en Colombia.",
6304UE,Belden 6304UE — 18/6C Cable de altavoz BC NS CMP Flamarrest PVC/PVC 300V Natural 1000 ft (carrete),Cables de control,,Belden,18,6,300 V,Sí,PVC - Polyvinyl Chloride,CMP; FT6,,,,,"Belden 6304UE — 18/6C Cable de altavoz BC NS CMP Flamarrest PVC/PVC 300V Natural 1000 ft (carrete). Referencia 6304UE para cotización en Surtilec, línea Cables de control. Especificaciones registradas: marca Belden, calibre 18 AWG, 6 conductores, voltaje 300 V, apantallado. Solicita disponibilidad, cantidades y soporte técnico para despacho en Colombia.",
6306FE,Belden 6306FE — 18/8C Cable de altavoz BC apantallado CMP Flamarrest PVC/PVC 300V Natural 1000 ft (carrete),Cables de control,,Belden,18,8,300 V,Sí,PVC - Polyvinyl Chloride,CMP; FT6,,,,,"Belden 6306FE — 18/8C Cable de altavoz BC apantallado CMP Flamarrest PVC/PVC 300V Natural 1000 ft (carrete). Referencia 6306FE para cotización en Surtilec, línea Cables de control. Especificaciones registradas: marca Belden, calibre 18 AWG, 8 conductores, voltaje 300 V, apantallado. Solicita disponibilidad, cantidades y soporte técnico para despacho en Colombia.",
6306UE,Belden 6306UE — 18/8C Cable de altavoz BC NS CMP Flamarrest PVC/PVC 300V Natural 1000 ft (carrete),Cables de control,,Belden,18,8,300 V,Sí,PVC - Polyvinyl Chloride,CMP; FT6,,,,,"Belden 6306UE — 18/8C Cable de altavoz BC NS CMP Flamarrest PVC/PVC 300V Natural 1000 ft (carrete). Referencia 6306UE para cotización en Surtilec, línea Cables de control. Especificaciones registradas: marca Belden, calibre 18 AWG, 8 conductores, voltaje 300 V, apantallado. Solicita disponibilidad, cantidades y soporte técnico para despacho en Colombia.",
6308UE,Belden 6308UE — 18/10C Cable de altavoz BC NS CMP Flamarrest PVC/PVC 300V Natural 1000 ft (carrete),Cables de control,,Belden,18,10,300 V,Sí,PVC - Polyvinyl Chloride,CMP; FT6,,,,,"Belden 6308UE — 18/10C Cable de altavoz BC NS CMP Flamarrest PVC/PVC 300V Natural 1000 ft (carrete). Referencia 6308UE para cotización en Surtilec, línea Cables de control. Especificaciones registradas: marca Belden, calibre 18 AWG, 10 conductores, voltaje 300 V, apantallado. Solicita disponibilidad, cantidades y soporte técnico para despacho en Colombia.",
6309FE,Belden 6309FE — Cable multiconductor - aplicaciones comerciales 18/12C BC FLAMARREST SHLD CMP,Cables de control,,Belden,18,12,300 V,Sí,PVC - Polyvinyl Chloride,CMP; FT6,,,,,"Belden 6309FE — Cable multiconductor - aplicaciones comerciales 18/12C BC FLAMARREST SHLD CMP. Referencia 6309FE para cotización en Surtilec, línea Cables de control. Especificaciones registradas: marca Belden, calibre 18 AWG, 12 conductores, voltaje 300 V, apantallado. Solicita disponibilidad, cantidades y soporte técnico para despacho en Colombia.",
6320FE,Belden 6320FE — 18/2C Cable de altavoz BC apantallado CMP Flamarrest PVC/PVC 300V Natural 1000 ft (carrete),Cables de control,,Belden,18,2,300 V,Sí,PVC - Polyvinyl Chloride,CMP/CL2P; FT6,,,,,"Belden 6320FE — 18/2C Cable de altavoz BC apantallado CMP Flamarrest PVC/PVC 300V Natural 1000 ft (carrete). Referencia 6320FE para cotización en Surtilec, línea Cables de control. Especificaciones registradas: marca Belden, calibre 18 AWG, 2 conductores, voltaje 300 V, apantallado. Solicita disponibilidad, cantidades y soporte técnico para despacho en Colombia.",
6320FK,"Belden 6320FK — Cable multiconductor - aplicaciones comerciales, direccionable sistemas - 2 Cond cableados",Cables de control,,Belden,18,2,300 V,Sí,PVC - Polyvinyl Chloride,FPLP,,,,,"Belden 6320FK — Cable multiconductor - aplicaciones comerciales, direccionable sistemas - 2 Cond cableados. Referencia 6320FK para cotización en Surtilec, línea Cables de control. Especificaciones registradas: marca Belden, calibre 18 AWG, 2 conductores, voltaje 300 V, apantallado. Solicita disponibilidad, cantidades y soporte técnico para despacho en Colombia.",
6320FL,Belden 6320FL — 18/2C incendio Cable de alarma BC apantallado FPLP Flamarrest PVC/PVC 300V Red 1000 ft (carrete),Cables de control,,Belden,18,2,300 V,Sí,Flamarrest PVC - Polyvinyl Chloride,FPLP,,,,,"Belden 6320FL — 18/2C incendio Cable de alarma BC apantallado FPLP Flamarrest PVC/PVC 300V Red 1000 ft (carrete). Referencia 6320FL para cotización en Surtilec, línea Cables de control. Especificaciones registradas: marca Belden, calibre 18 AWG, 2 conductores, voltaje 300 V, apantallado. Solicita disponibilidad, cantidades y soporte técnico para despacho en Colombia.",
6320UL,Belden 6320UL — 18/2C incendio Cable de alarma BC NS FPLP Flamarrest PVC/PVC 300V Red 1000 ft (carrete),Cables de control,,Belden,18,2,300 V,Sí,Flamarrest PVC - Polyvinyl Chloride,FPLP,,,,,"Belden 6320UL — 18/2C incendio Cable de alarma BC NS FPLP Flamarrest PVC/PVC 300V Red 1000 ft (carrete). Referencia 6320UL para cotización en Surtilec, línea Cables de control. Especificaciones registradas: marca Belden, calibre 18 AWG, 2 conductores, voltaje 300 V, apantallado. Solicita disponibilidad, cantidades y soporte técnico para despacho en Colombia.",
633938,Belden 633938 — coaxial - comercial CATV or MATV aplicaciones 18 SOL BC RG6 tipo PLENUM,Cables especiales,Cable coaxial,Belden,18,1,,Sí,PVC - Polyvinyl Chloride,CMP; CMP/FT6,,,,,"Belden 633938 — coaxial - comercial CATV or MATV aplicaciones 18 SOL BC RG6 tipo PLENUM. Referencia 633938 para cotización en Surtilec, línea Cables especiales / Cable coaxial. Especificaciones registradas: marca Belden, calibre 18 AWG, 1 conductores, apantallado, chaqueta PVC - Polyvinyl Chloride. Solicita disponibilidad, cantidades y soporte técnico para despacho en Colombia.",
6341PC,Belden 6341PC — Cable multiconductor - Pro Audio y Intercom sistemas 18/2P BC FEP/LSPVC,Cables de control,,Belden,18,2,300 V,Sí,PVC - Polyvinyl Chloride,CMP; FT6,,,,,"Belden 6341PC — Cable multiconductor - Pro Audio y Intercom sistemas 18/2P BC FEP/LSPVC. Referencia 6341PC para cotización en Surtilec, línea Cables de control. Especificaciones registradas: marca Belden, calibre 18 AWG, 2 conductores, voltaje 300 V, apantallado. Solicita disponibilidad, cantidades y soporte técnico para despacho en Colombia.",
6342FE,Belden 6342FE — Cable multiconductor - aplicaciones comerciales 18/3P BC FLAMARREST SHLD NATUR,Cables de control,,Belden,18,3,300 V,Sí,PVC - Polyvinyl Chloride,CMP; CMP,,,,,"Belden 6342FE — Cable multiconductor - aplicaciones comerciales 18/3P BC FLAMARREST SHLD NATUR. Referencia 6342FE para cotización en Surtilec, línea Cables de control. Especificaciones registradas: marca Belden, calibre 18 AWG, 3 conductores, voltaje 300 V, apantallado. Solicita disponibilidad, cantidades y soporte técnico para despacho en Colombia.",
6343FE,Belden 6343FE — Cable multiconductor - aplicaciones comerciales 18/4P BC FLAMARREST SHLD NATUR,Cables de control,,Belden,18,4,300 V,Sí,PVC - Polyvinyl Chloride,CMP; CMP,,,,,"Belden 6343FE — Cable multiconductor - aplicaciones comerciales 18/4P BC FLAMARREST SHLD NATUR. Referencia 6343FE para cotización en Surtilec, línea Cables de control. Especificaciones registradas: marca Belden, calibre 18 AWG, 4 conductores, voltaje 300 V, apantallado. Solicita disponibilidad, cantidades y soporte técnico para despacho en Colombia.",
638AFS,Belden 638AFS — compuesto - cerradura potencia lector de tarjeta puerta contacto REX aplicaciones ACCESS CONTROL BANA,Cables especiales,Cables apantallados,Belden,18,3,300 V,Sí,PVC - Polyvinyl Chloride,CMP; CMP/FT6,,,,,"Belden 638AFS — compuesto - cerradura potencia lector de tarjeta puerta contacto REX aplicaciones ACCESS CONTROL BANA. Referencia 638AFS para cotización en Surtilec, línea Cables especiales / Cables apantallados. Especificaciones registradas: marca Belden, calibre 18 AWG, 3 conductores, voltaje 300 V, apantallado. Solicita disponibilidad, cantidades y soporte técnico para despacho en Colombia.",
639948,Belden 639948 — compuesto - CCTV Plus Audio or potencia or Pan y Tilt CCTV Control aplicaciones RG6 1,Cables de control,,Belden,18,1,,Sí,PVC - Polyvinyl Chloride,CMP; CMP/FT6,,,,,"Belden 639948 — compuesto - CCTV Plus Audio or potencia or Pan y Tilt CCTV Control aplicaciones RG6 1. Referencia 639948 para cotización en Surtilec, línea Cables de control. Especificaciones registradas: marca Belden, calibre 18 AWG, 1 conductores, apantallado, chaqueta PVC - Polyvinyl Chloride. Solicita disponibilidad, cantidades y soporte técnico para despacho en Colombia.",
6400FE,Belden 6400FE — Cable multiconductor - sistemas de audio comercial - 2 conductores cableados 20/2C BC FLAMA,Cables de control,,Belden,20,2,300 V,Sí,PVC - Polyvinyl Chloride,CMP; FT6,,,,,"Belden 6400FE — Cable multiconductor - sistemas de audio comercial - 2 conductores cableados 20/2C BC FLAMA. Referencia 6400FE para cotización en Surtilec, línea Cables de control. Especificaciones registradas: marca Belden, calibre 20 AWG, 2 conductores, voltaje 300 V, apantallado. Solicita disponibilidad, cantidades y soporte técnico para despacho en Colombia.",
6400UE,Belden 6400UE — Cable multiconductor - sistemas de audio comercial - 2 conductores cableados 20/2C BC FLAMA,Cables de control,,Belden,20,2,300 V,Sí,PVC - Polyvinyl Chloride,CMP; FT6,,,,,"Belden 6400UE — Cable multiconductor - sistemas de audio comercial - 2 conductores cableados 20/2C BC FLAMA. Referencia 6400UE para cotización en Surtilec, línea Cables de control. Especificaciones registradas: marca Belden, calibre 20 AWG, 2 conductores, voltaje 300 V, apantallado. Solicita disponibilidad, cantidades y soporte técnico para despacho en Colombia.",
6401FE,Belden 6401FE — Cable multiconductor - sistemas de audio comercial 20/3C BC FLAMARREST SHLD,Cables de control,,Belden,20,3,300 V,Sí,PVC - Polyvinyl Chloride,CMP; FT6,,,,,"Belden 6401FE — Cable multiconductor - sistemas de audio comercial 20/3C BC FLAMARREST SHLD. Referencia 6401FE para cotización en Surtilec, línea Cables de control. Especificaciones registradas: marca Belden, calibre 20 AWG, 3 conductores, voltaje 300 V, apantallado. Solicita disponibilidad, cantidades y soporte técnico para despacho en Colombia.",
6401UE,Belden 6401UE — Cable multiconductor - sistemas de audio comercial 20/3C BC FLAMARREST,Cables de control,,Belden,20,3,300 V,Sí,PVC - Polyvinyl Chloride,CMP; FT6,,,,,"Belden 6401UE — Cable multiconductor - sistemas de audio comercial 20/3C BC FLAMARREST. Referencia 6401UE para cotización en Surtilec, línea Cables de control. Especificaciones registradas: marca Belden, calibre 20 AWG, 3 conductores, voltaje 300 V, apantallado. Solicita disponibilidad, cantidades y soporte técnico para despacho en Colombia.",
6402FE,Belden 6402FE — Cable multiconductor - aplicaciones comerciales 20/4C BC FLAMARREST SHLD,Cables de control,,Belden,20,4,300 V,Sí,PVC - Polyvinyl Chloride,CMP; FT6,,,,,"Belden 6402FE — Cable multiconductor - aplicaciones comerciales 20/4C BC FLAMARREST SHLD. Referencia 6402FE para cotización en Surtilec, línea Cables de control. Especificaciones registradas: marca Belden, calibre 20 AWG, 4 conductores, voltaje 300 V, apantallado. Solicita disponibilidad, cantidades y soporte técnico para despacho en Colombia.",
643948,Belden 643948 — coaxial - CCTV aplicaciones 20 SOLBC RG59 tipo LOWSMOKE,Cables especiales,Cable coaxial,Belden,20,1,,Sí,PVC - Polyvinyl Chloride,CMP,,,,,"Belden 643948 — coaxial - CCTV aplicaciones 20 SOLBC RG59 tipo LOWSMOKE. Referencia 643948 para cotización en Surtilec, línea Cables especiales / Cable coaxial. Especificaciones registradas: marca Belden, calibre 20 AWG, 1 conductores, apantallado, chaqueta PVC - Polyvinyl Chloride. Solicita disponibilidad, cantidades y soporte técnico para despacho en Colombia.",
649948,Belden 649948 — compuesto - CCTV Plus Audio or potencia or PAn y Tilt CCTV Control aplicaciones RG59,Cables de control,,Belden,20,1,,Sí,PVC - Polyvinyl Chloride,CMP; CMP/FT6,,,,,"Belden 649948 — compuesto - CCTV Plus Audio or potencia or PAn y Tilt CCTV Control aplicaciones RG59. Referencia 649948 para cotización en Surtilec, línea Cables de control. Especificaciones registradas: marca Belden, calibre 20 AWG, 1 conductores, apantallado, chaqueta PVC - Polyvinyl Chloride. Solicita disponibilidad, cantidades y soporte técnico para despacho en Colombia.",
6500FE,Belden 6500FE — Cable multiconductor - sistemas de audio comercial - 2 conductores cableados 22/2C BC FLAMA,Cables de control,,Belden,22,2,300 V,Sí,PVC - Polyvinyl Chloride,CMP; FT6,,,,,"Belden 6500FE — Cable multiconductor - sistemas de audio comercial - 2 conductores cableados 22/2C BC FLAMA. Referencia 6500FE para cotización en Surtilec, línea Cables de control. Especificaciones registradas: marca Belden, calibre 22 AWG, 2 conductores, voltaje 300 V, apantallado. Solicita disponibilidad, cantidades y soporte técnico para despacho en Colombia.",
6500UE,Belden 6500UE — Cable multiconductor - sistemas de audio comercial - 2 conductores cableados 22/2C BC FLAMA,Cables de control,,Belden,22,2,300 V,Sí,PVC - Polyvinyl Chloride,CMP; FT6,,,,,"Belden 6500UE — Cable multiconductor - sistemas de audio comercial - 2 conductores cableados 22/2C BC FLAMA. Referencia 6500UE para cotización en Surtilec, línea Cables de control. Especificaciones registradas: marca Belden, calibre 22 AWG, 2 conductores, voltaje 300 V, apantallado. Solicita disponibilidad, cantidades y soporte técnico para despacho en Colombia.",
6501FE,Belden 6501FE — Cable multiconductor - sistemas de audio comercial 22/3C BC FLAMARREST SHLD,Cables de control,,Belden,22,3,300 V,Sí,PVC - Polyvinyl Chloride,CMP; FT6,,,,,"Belden 6501FE — Cable multiconductor - sistemas de audio comercial 22/3C BC FLAMARREST SHLD. Referencia 6501FE para cotización en Surtilec, línea Cables de control. Especificaciones registradas: marca Belden, calibre 22 AWG, 3 conductores, voltaje 300 V, apantallado. Solicita disponibilidad, cantidades y soporte técnico para despacho en Colombia.",
6501UE,Belden 6501UE — Cable multiconductor - sistemas de audio comercial 22/3C BC FLAMARREST,Cables de control,,Belden,22,3,300 V,Sí,PVC - Polyvinyl Chloride,CMP; FT6,,,,,"Belden 6501UE — Cable multiconductor - sistemas de audio comercial 22/3C BC FLAMARREST. Referencia 6501UE para cotización en Surtilec, línea Cables de control. Especificaciones registradas: marca Belden, calibre 22 AWG, 3 conductores, voltaje 300 V, apantallado. Solicita disponibilidad, cantidades y soporte técnico para despacho en Colombia.",
6502FE,Belden 6502FE — Cable multiconductor - aplicaciones comerciales 22/4C BC FLAMARREST SHLD,Cables de control,,Belden,22,4,300 V,Sí,PVC - Polyvinyl Chloride,CMP; FT6,,,,,"Belden 6502FE — Cable multiconductor - aplicaciones comerciales 22/4C BC FLAMARREST SHLD. Referencia 6502FE para cotización en Surtilec, línea Cables de control. Especificaciones registradas: marca Belden, calibre 22 AWG, 4 conductores, voltaje 300 V, apantallado. Solicita disponibilidad, cantidades y soporte técnico para despacho en Colombia.",
6502UE,Belden 6502UE — Cable multiconductor - aplicaciones comerciales 22/4C BC FLAMARREST,Cables de control,,Belden,22,4,300 V,Sí,PVC - Polyvinyl Chloride,CMP; FT6,,,,,"Belden 6502UE — Cable multiconductor - aplicaciones comerciales 22/4C BC FLAMARREST. Referencia 6502UE para cotización en Surtilec, línea Cables de control. Especificaciones registradas: marca Belden, calibre 22 AWG, 4 conductores, voltaje 300 V, apantallado. Solicita disponibilidad, cantidades y soporte técnico para despacho en Colombia.",
6504FE,Belden 6504FE — Cable multiconductor - aplicaciones comerciales 22/6C BC FLAMARREST SHLD,Cables de control,,Belden,22,6,300 V,Sí,PVC - Polyvinyl Chloride,CMP; FT6,,,,,"Belden 6504FE — Cable multiconductor - aplicaciones comerciales 22/6C BC FLAMARREST SHLD. Referencia 6504FE para cotización en Surtilec, línea Cables de control. Especificaciones registradas: marca Belden, calibre 22 AWG, 6 conductores, voltaje 300 V, apantallado. Solicita disponibilidad, cantidades y soporte técnico para despacho en Colombia.",
6504UE,Belden 6504UE — Cable multiconductor - aplicaciones comerciales 22/6C BC FLAMARREST,Cables de control,,Belden,22,4,300 V,Sí,PVC - Polyvinyl Chloride,CMP; FT6,,,,,"Belden 6504UE — Cable multiconductor - aplicaciones comerciales 22/6C BC FLAMARREST. Referencia 6504UE para cotización en Surtilec, línea Cables de control. Especificaciones registradas: marca Belden, calibre 22 AWG, 4 conductores, voltaje 300 V, apantallado. Solicita disponibilidad, cantidades y soporte técnico para despacho en Colombia.",
6506FE,Belden 6506FE — Cable multiconductor - aplicaciones comerciales 22/8C BC FLAMARREST SHLD,Cables de control,,Belden,22,8,300 V,Sí,PVC - Polyvinyl Chloride,CMP; CMP/FT6,,,,,"Belden 6506FE — Cable multiconductor - aplicaciones comerciales 22/8C BC FLAMARREST SHLD. Referencia 6506FE para cotización en Surtilec, línea Cables de control. Especificaciones registradas: marca Belden, calibre 22 AWG, 8 conductores, voltaje 300 V, apantallado. Solicita disponibilidad, cantidades y soporte técnico para despacho en Colombia.",
6541FE,Belden 6541FE — Cable multiconductor - aplicaciones comerciales 22/2P BC FLAMARREST SHLD,Cables de control,,Belden,22,2,300 V,Sí,PVC - Polyvinyl Chloride,CMP; FT6,,,,,"Belden 6541FE — Cable multiconductor - aplicaciones comerciales 22/2P BC FLAMARREST SHLD. Referencia 6541FE para cotización en Surtilec, línea Cables de control. Especificaciones registradas: marca Belden, calibre 22 AWG, 2 conductores, voltaje 300 V, apantallado. Solicita disponibilidad, cantidades y soporte técnico para despacho en Colombia.",
658AFS,Belden 658AFS — compuesto - cerradura potencia lector de tarjeta puerta contacto REX aplicaciones ACCESS CONTROL BAN,Cables especiales,Cables apantallados,Belden,22,3,300 V,Sí,,CMP; CMP/FT6,,,,,"Belden 658AFS — compuesto - cerradura potencia lector de tarjeta puerta contacto REX aplicaciones ACCESS CONTROL BAN. Referencia 658AFS para cotización en Surtilec, línea Cables especiales / Cables apantallados. Especificaciones registradas: marca Belden, calibre 22 AWG, 3 conductores, voltaje 300 V, apantallado. Solicita disponibilidad, cantidades y soporte técnico para despacho en Colombia.",
7202A,Belden 7202A — 24/3P MachFlex Cable apantallado CM PE/PVC 300V verde 1000 ft (carrete),Cables especiales,Cables apantallados,Belden,24,,300 V,Sí,PVC - Polyvinyl Chloride,CM; CM,,,,,"Belden 7202A — 24/3P MachFlex Cable apantallado CM PE/PVC 300V verde 1000 ft (carrete). Referencia 7202A para cotización en Surtilec, línea Cables especiales / Cables apantallados. Especificaciones registradas: marca Belden, calibre 24 AWG, voltaje 300 V, apantallado, chaqueta PVC - Polyvinyl Chloride. Solicita disponibilidad, cantidades y soporte técnico para despacho en Colombia.",
7838A,Belden 7838A — 22/2P T1/DS1 central telefónica Cable apantallado CM PE/PVC Chrome 1000 ft (carrete),Cables especiales,Cables apantallados,Belden,22,,300 V,Sí,PVC - Polyvinyl Chloride,CM; CM,,,,,"Belden 7838A — 22/2P T1/DS1 central telefónica Cable apantallado CM PE/PVC Chrome 1000 ft (carrete). Referencia 7838A para cotización en Surtilec, línea Cables especiales / Cables apantallados. Especificaciones registradas: marca Belden, calibre 22 AWG, voltaje 300 V, apantallado, chaqueta PVC - Polyvinyl Chloride. Solicita disponibilidad, cantidades y soporte técnico para despacho en Colombia.",
7895A,Belden 7895A — 18/1P-20/1P DeviceBus Cable I/O blindaje CMG/PLTC PVC gris 1000 ft (carrete),Cables especiales,Cable para bandeja / tray cable,Belden,,,300 V,Sí,PVC - Polyvinyl Chloride,PLTC/CMG; CMG/FT4,,,,,"Belden 7895A — 18/1P-20/1P DeviceBus Cable I/O blindaje CMG/PLTC PVC gris 1000 ft (carrete). Referencia 7895A para cotización en Surtilec, línea Cables especiales / Cable para bandeja / tray cable. Especificaciones registradas: marca Belden, voltaje 300 V, apantallado, chaqueta PVC - Polyvinyl Chloride. Solicita disponibilidad, cantidades y soporte técnico para despacho en Colombia.",
7896A,Belden 7896A — 16/1P-18/1P DeviceBus Cable I/O blindaje TC-ER PVC gris 1000 ft (carrete),Cables especiales,Cable para bandeja / tray cable,Belden,,,600 V,Sí,PVC - Polyvinyl Chloride,TC-ER,,,,,"Belden 7896A — 16/1P-18/1P DeviceBus Cable I/O blindaje TC-ER PVC gris 1000 ft (carrete). Referencia 7896A para cotización en Surtilec, línea Cables especiales / Cable para bandeja / tray cable. Especificaciones registradas: marca Belden, voltaje 600 V, apantallado, chaqueta PVC - Polyvinyl Chloride. Solicita disponibilidad, cantidades y soporte técnico para despacho en Colombia.",
7897A,Belden 7897A — 15/1P-18/1P DeviceBus Cable I/O blindaje TC-ER PVC gris 1000 ft (carrete),Cables especiales,Cable para bandeja / tray cable,Belden,,,600 V,Sí,PVC - Polyvinyl Chloride,TC-ER,,,,,"Belden 7897A — 15/1P-18/1P DeviceBus Cable I/O blindaje TC-ER PVC gris 1000 ft (carrete). Referencia 7897A para cotización en Surtilec, línea Cables especiales / Cable para bandeja / tray cable. Especificaciones registradas: marca Belden, voltaje 600 V, apantallado, chaqueta PVC - Polyvinyl Chloride. Solicita disponibilidad, cantidades y soporte técnico para despacho en Colombia.",
7900A,Belden 7900A — 16/1P-18/1P DeviceBus Cable NS TC-ER PVC gris 1000 ft (carrete),Cables especiales,Cable para bandeja / tray cable,Belden,,,600 V,,PVC - Polyvinyl Chloride,TC-ER; FT1,,,,,"Belden 7900A — 16/1P-18/1P DeviceBus Cable NS TC-ER PVC gris 1000 ft (carrete). Referencia 7900A para cotización en Surtilec, línea Cables especiales / Cable para bandeja / tray cable. Especificaciones registradas: marca Belden, voltaje 600 V, chaqueta PVC - Polyvinyl Chloride. Solicita disponibilidad, cantidades y soporte técnico para despacho en Colombia.",
7916A,Belden 7916A — coaxial - Series 6 RG6 sólido BC DUOBOND PLUS,Cables especiales,Cable coaxial,Belden,18,1,,Sí,PVC - Polyvinyl Chloride,CM CATV; CM,,,,,"Belden 7916A — coaxial - Series 6 RG6 sólido BC DUOBOND PLUS. Referencia 7916A para cotización en Surtilec, línea Cables especiales / Cable coaxial. Especificaciones registradas: marca Belden, calibre 18 AWG, 1 conductores, apantallado, chaqueta PVC - Polyvinyl Chloride. Solicita disponibilidad, cantidades y soporte técnico para despacho en Colombia.",
7918A,Belden 7918A — 24/4P Cat5e DataTuff Cable U/UTP CMR PVC negro 1000 ft (carrete),Cables de red,,Belden,24,,,,PVC - Polyvinyl Chloride,CMX; CMR; FT4,,,,,"Belden 7918A — 24/4P Cat5e DataTuff Cable U/UTP CMR PVC negro 1000 ft (carrete). Referencia 7918A para cotización en Surtilec, línea Cables de red. Especificaciones registradas: marca Belden, calibre 24 AWG, chaqueta PVC - Polyvinyl Chloride. Solicita disponibilidad, cantidades y soporte técnico para despacho en Colombia.",
7919A,Belden 7919A — 24/4P Cat5e DataTuff Cable F/UTP CMR PVC negro 1000 ft (carrete),Cables de red,,Belden,24,,,Sí,PVC - Polyvinyl Chloride,CMX; CMR; FT4,,,,,"Belden 7919A — 24/4P Cat5e DataTuff Cable F/UTP CMR PVC negro 1000 ft (carrete). Referencia 7919A para cotización en Surtilec, línea Cables de red. Especificaciones registradas: marca Belden, calibre 24 AWG, apantallado, chaqueta PVC - Polyvinyl Chloride. Solicita disponibilidad, cantidades y soporte técnico para despacho en Colombia.",
7921A,Belden 7921A — 24/4P Cat5e DataTuff Cable SF/UTP CMR PVC negro 1000 ft (carrete),Cables de red,,Belden,24,,,Sí,PVC - Polyvinyl Chloride,CMX; CMR; FT4,,,,,"Belden 7921A — 24/4P Cat5e DataTuff Cable SF/UTP CMR PVC negro 1000 ft (carrete). Referencia 7921A para cotización en Surtilec, línea Cables de red. Especificaciones registradas: marca Belden, calibre 24 AWG, apantallado, chaqueta PVC - Polyvinyl Chloride. Solicita disponibilidad, cantidades y soporte técnico para despacho en Colombia.",
