sku,estado_investigacion,familia_contrastada,fuente_interna,datos_publicables,datos_pendientes,estado_imagen
SRT-PENDING-70D84407714D,familia_verificada_no_referencia_exacta,Alambre/cable THHN/THWN-2 600 V,https://www.nexans.co/es/products/Construcci%C3%B3n/Cables-de-Cobre-de-Baja-Tensi%C3%B3n-Aislados/Cable-THHN-THWN-2/Cable-Type24144.html,Calibre: 10 AWG | Color indicado: amarillo | Material indicado: cobre | Aislamiento o chaqueta indicada: termoplástico,Marca y referencia de fabricante; ficha exacta; norma de la referencia; presentación disponible; coincidencia visual de variante.,revisar_variante_antes_de_publicar
SRT-PENDING-5CF53639D7B1,familia_verificada_no_referencia_exacta,Alambre/cable THHN/THWN-2 600 V,https://www.nexans.co/es/products/Construcci%C3%B3n/Cables-de-Cobre-de-Baja-Tensi%C3%B3n-Aislados/Cable-THHN-THWN-2/Cable-Type24144.html,Calibre: 10 AWG | Color indicado: azul | Material indicado: cobre | Aislamiento o chaqueta indicada: termoplástico,Marca y referencia de fabricante; ficha exacta; norma de la referencia; presentación disponible; coincidencia visual de variante.,revisar_variante_antes_de_publicar
SRT-PENDING-5C3DCAA96773,familia_verificada_no_referencia_exacta,Alambre/cable THHN/THWN-2 600 V,https://www.nexans.co/es/products/Construcci%C3%B3n/Cables-de-Cobre-de-Baja-Tensi%C3%B3n-Aislados/Cable-THHN-THWN-2/Cable-Type24144.html,Calibre: 10 AWG | Color indicado: blanco | Material indicado: cobre | Aislamiento o chaqueta indicada: termoplástico,Marca y referencia de fabricante; ficha exacta; norma de la referencia; presentación disponible; coincidencia visual de variante.,revisar_variante_antes_de_publicar
SRT-PENDING-936DED368A99,familia_verificada_no_referencia_exacta,Alambre/cable THHN/THWN-2 600 V,https://www.nexans.co/es/products/Construcci%C3%B3n/Cables-de-Cobre-de-Baja-Tensi%C3%B3n-Aislados/Cable-THHN-THWN-2/Cable-Type24144.html,Calibre: 10 AWG | Color indicado: negro | Material indicado: cobre | Aislamiento o chaqueta indicada: termoplástico,Marca y referencia de fabricante; ficha exacta; norma de la referencia; presentación disponible; coincidencia visual de variante.,revisar_variante_antes_de_publicar
SRT-PENDING-4DB22C8C2B3C,familia_verificada_no_referencia_exacta,Alambre/cable THHN/THWN-2 600 V,https://www.nexans.co/es/products/Construcci%C3%B3n/Cables-de-Cobre-de-Baja-Tensi%C3%B3n-Aislados/Cable-THHN-THWN-2/Cable-Type24144.html,Calibre: 10 AWG | Color indicado: rojo | Material indicado: cobre | Aislamiento o chaqueta indicada: termoplástico,Marca y referencia de fabricante; ficha exacta; norma de la referencia; presentación disponible; coincidencia visual de variante.,revisar_variante_antes_de_publicar
SRT-PENDING-884A01319AA2,familia_verificada_no_referencia_exacta,Alambre/cable THHN/THWN-2 600 V,https://www.nexans.co/es/products/Construcci%C3%B3n/Cables-de-Cobre-de-Baja-Tensi%C3%B3n-Aislados/Cable-THHN-THWN-2/Cable-Type24144.html,Calibre: 10 AWG | Color indicado: verde | Material indicado: cobre | Aislamiento o chaqueta indicada: termoplástico,Marca y referencia de fabricante; ficha exacta; norma de la referencia; presentación disponible; coincidencia visual de variante.,revisar_variante_antes_de_publicar
SRT-PENDING-E1E5B737ED58,familia_verificada_no_referencia_exacta,Alambre/cable THHN/THWN-2 600 V,https://www.nexans.co/es/products/Construcci%C3%B3n/Cables-de-Cobre-de-Baja-Tensi%C3%B3n-Aislados/Cable-THHN-THWN-2/Cable-Type24144.html,Calibre: 8 AWG | Color indicado: amarillo | Material indicado: cobre | Aislamiento o chaqueta indicada: termoplástico,Marca y referencia de fabricante; ficha exacta; norma de la referencia; presentación disponible; coincidencia visual de variante.,revisar_variante_antes_de_publicar
SRT-PENDING-66B9A018EE33,familia_verificada_no_referencia_exacta,Alambre/cable THHN/THWN-2 600 V,https://www.nexans.co/es/products/Construcci%C3%B3n/Cables-de-Cobre-de-Baja-Tensi%C3%B3n-Aislados/Cable-THHN-THWN-2/Cable-Type24144.html,Calibre: 8 AWG | Color indicado: azul | Material indicado: cobre | Aislamiento o chaqueta indicada: termoplástico,Marca y referencia de fabricante; ficha exacta; norma de la referencia; presentación disponible; coincidencia visual de variante.,revisar_variante_antes_de_publicar
SRT-PENDING-266DB75795E4,familia_verificada_no_referencia_exacta,Alambre/cable THHN/THWN-2 600 V,https://www.nexans.co/es/products/Construcci%C3%B3n/Cables-de-Cobre-de-Baja-Tensi%C3%B3n-Aislados/Cable-THHN-THWN-2/Cable-Type24144.html,Calibre: 8 AWG | Color indicado: blanco | Material indicado: cobre | Aislamiento o chaqueta indicada: termoplástico,Marca y referencia de fabricante; ficha exacta; norma de la referencia; presentación disponible; coincidencia visual de variante.,revisar_variante_antes_de_publicar
SRT-PENDING-824826305DC2,familia_verificada_no_referencia_exacta,Alambre/cable THHN/THWN-2 600 V,https://www.nexans.co/es/products/Construcci%C3%B3n/Cables-de-Cobre-de-Baja-Tensi%C3%B3n-Aislados/Cable-THHN-THWN-2/Cable-Type24144.html,Calibre: 8 AWG | Color indicado: negro | Material indicado: cobre | Aislamiento o chaqueta indicada: termoplástico,Marca y referencia de fabricante; ficha exacta; norma de la referencia; presentación disponible; coincidencia visual de variante.,revisar_variante_antes_de_publicar
SRT-PENDING-FBFCC917B264,familia_verificada_no_referencia_exacta,Alambre/cable THHN/THWN-2 600 V,https://www.nexans.co/es/products/Construcci%C3%B3n/Cables-de-Cobre-de-Baja-Tensi%C3%B3n-Aislados/Cable-THHN-THWN-2/Cable-Type24144.html,Calibre: 8 AWG | Color indicado: rojo | Material indicado: cobre | Aislamiento o chaqueta indicada: termoplástico,Marca y referencia de fabricante; ficha exacta; norma de la referencia; presentación disponible; coincidencia visual de variante.,revisar_variante_antes_de_publicar
SRT-PENDING-9EECB1397244,familia_verificada_no_referencia_exacta,Alambre/cable THHN/THWN-2 600 V,https://www.nexans.co/es/products/Construcci%C3%B3n/Cables-de-Cobre-de-Baja-Tensi%C3%B3n-Aislados/Cable-THHN-THWN-2/Cable-Type24144.html,Calibre: 8 AWG | Color indicado: verde | Material indicado: cobre | Aislamiento o chaqueta indicada: termoplástico,Marca y referencia de fabricante; ficha exacta; norma de la referencia; presentación disponible; coincidencia visual de variante.,revisar_variante_antes_de_publicar
SRT-PENDING-4C332162507B,familia_verificada_no_referencia_exacta,Alambre/cable THHN/THWN-2 600 V,https://www.nexans.co/es/products/Construcci%C3%B3n/Cables-de-Cobre-de-Baja-Tensi%C3%B3n-Aislados/Cable-THHN-THWN-2/Cable-Type24144.html,Calibre: 10 AWG | Color indicado: azul | Material indicado: cobre | Aislamiento o chaqueta indicada: termoplástico,Marca y referencia de fabricante; ficha exacta; norma de la referencia; presentación disponible; coincidencia visual de variante.,revisar_variante_antes_de_publicar
SRT-PENDING-C526999CC316,familia_verificada_no_referencia_exacta,Alambre/cable THHN/THWN-2 600 V,https://www.nexans.co/es/products/Construcci%C3%B3n/Cables-de-Cobre-de-Baja-Tensi%C3%B3n-Aislados/Cable-THHN-THWN-2/Cable-Type24144.html,Calibre: 14 AWG | Color indicado: rojo | Material indicado: cobre | Aislamiento o chaqueta indicada: termoplástico,Marca y referencia de fabricante; ficha exacta; norma de la referencia; presentación disponible; coincidencia visual de variante.,revisar_variante_antes_de_publicar
SRT-PENDING-0C9C276CC06B,familia_verificada_no_referencia_exacta,Alambre/cable THHN/THWN-2 600 V,https://www.nexans.co/es/products/Construcci%C3%B3n/Cables-de-Cobre-de-Baja-Tensi%C3%B3n-Aislados/Cable-THHN-THWN-2/Cable-Type24144.html,Calibre: 14 AWG | Color indicado: azul | Material indicado: cobre | Aislamiento o chaqueta indicada: termoplástico,Marca y referencia de fabricante; ficha exacta; norma de la referencia; presentación disponible; coincidencia visual de variante.,revisar_variante_antes_de_publicar
SRT-PENDING-6CE65FDFB4CD,familia_verificada_no_referencia_exacta,Alambre/cable THHN/THWN-2 600 V,https://www.nexans.co/es/products/Construcci%C3%B3n/Cables-de-Cobre-de-Baja-Tensi%C3%B3n-Aislados/Cable-THHN-THWN-2/Cable-Type24144.html,Calibre: 14 AWG | Color indicado: blanco | Material indicado: cobre | Aislamiento o chaqueta indicada: termoplástico,Marca y referencia de fabricante; ficha exacta; norma de la referencia; presentación disponible; coincidencia visual de variante.,revisar_variante_antes_de_publicar
SRT-PENDING-D60273BF0E1F,familia_verificada_no_referencia_exacta,Alambre/cable THHN/THWN-2 600 V,https://www.nexans.co/es/products/Construcci%C3%B3n/Cables-de-Cobre-de-Baja-Tensi%C3%B3n-Aislados/Cable-THHN-THWN-2/Cable-Type24144.html,Calibre: 14 AWG | Color indicado: negro | Material indicado: cobre | Aislamiento o chaqueta indicada: termoplástico,Marca y referencia de fabricante; ficha exacta; norma de la referencia; presentación disponible; coincidencia visual de variante.,revisar_variante_antes_de_publicar
SRT-PENDING-04E75D17520F,familia_verificada_no_referencia_exacta,Alambre/cable THHN/THWN-2 600 V,https://www.nexans.co/es/products/Construcci%C3%B3n/Cables-de-Cobre-de-Baja-Tensi%C3%B3n-Aislados/Cable-THHN-THWN-2/Cable-Type24144.html,Calibre: 14 AWG | Color indicado: verde | Material indicado: cobre | Aislamiento o chaqueta indicada: termoplástico,Marca y referencia de fabricante; ficha exacta; norma de la referencia; presentación disponible; coincidencia visual de variante.,revisar_variante_antes_de_publicar
SRT-PENDING-1166A4BE4FAB,familia_verificada_no_referencia_exacta,Alambre/cable THHN/THWN-2 600 V,https://www.nexans.co/es/products/Construcci%C3%B3n/Cables-de-Cobre-de-Baja-Tensi%C3%B3n-Aislados/Cable-THHN-THWN-2/Cable-Type24144.html,Calibre: 12 AWG | Color indicado: azul | Material indicado: cobre | Aislamiento o chaqueta indicada: termoplástico,Marca y referencia de fabricante; ficha exacta; norma de la referencia; presentación disponible; coincidencia visual de variante.,revisar_variante_antes_de_publicar
SRT-PENDING-75C2F07B5EC2,familia_verificada_no_referencia_exacta,Alambre/cable THHN/THWN-2 600 V,https://www.nexans.co/es/products/Construcci%C3%B3n/Cables-de-Cobre-de-Baja-Tensi%C3%B3n-Aislados/Cable-THHN-THWN-2/Cable-Type24144.html,Calibre: 12 AWG | Color indicado: rojo | Material indicado: cobre | Aislamiento o chaqueta indicada: termoplástico,Marca y referencia de fabricante; ficha exacta; norma de la referencia; presentación disponible; coincidencia visual de variante.,revisar_variante_antes_de_publicar
SRT-PENDING-DFD91AC5C680,familia_verificada_no_referencia_exacta,Alambre/cable THHN/THWN-2 600 V,https://www.nexans.co/es/products/Construcci%C3%B3n/Cables-de-Cobre-de-Baja-Tensi%C3%B3n-Aislados/Cable-THHN-THWN-2/Cable-Type24144.html,Calibre: 12 AWG | Color indicado: negro | Material indicado: cobre | Aislamiento o chaqueta indicada: termoplástico,Marca y referencia de fabricante; ficha exacta; norma de la referencia; presentación disponible; coincidencia visual de variante.,revisar_variante_antes_de_publicar
SRT-PENDING-6C3361585ADF,familia_verificada_no_referencia_exacta,Alambre/cable THHN/THWN-2 600 V,https://www.nexans.co/es/products/Construcci%C3%B3n/Cables-de-Cobre-de-Baja-Tensi%C3%B3n-Aislados/Cable-THHN-THWN-2/Cable-Type24144.html,Calibre: 12 AWG | Color indicado: blanco | Material indicado: cobre | Aislamiento o chaqueta indicada: termoplástico,Marca y referencia de fabricante; ficha exacta; norma de la referencia; presentación disponible; coincidencia visual de variante.,revisar_variante_antes_de_publicar
SRT-PENDING-756929C8D6E7,familia_verificada_no_referencia_exacta,Alambre/cable THHN/THWN-2 600 V,https://www.nexans.co/es/products/Construcci%C3%B3n/Cables-de-Cobre-de-Baja-Tensi%C3%B3n-Aislados/Cable-THHN-THWN-2/Cable-Type24144.html,Calibre: 12 AWG | Color indicado: amarillo | Material indicado: cobre | Aislamiento o chaqueta indicada: termoplástico,Marca y referencia de fabricante; ficha exacta; norma de la referencia; presentación disponible; coincidencia visual de variante.,revisar_variante_antes_de_publicar
SRT-PENDING-86987D275B9F,familia_verificada_no_referencia_exacta,Alambre/cable THHN/THWN-2 600 V,https://www.nexans.co/es/products/Construcci%C3%B3n/Cables-de-Cobre-de-Baja-Tensi%C3%B3n-Aislados/Cable-THHN-THWN-2/Cable-Type24144.html,Calibre: 12 AWG | Color indicado: verde | Material indicado: cobre | Aislamiento o chaqueta indicada: termoplástico,Marca y referencia de fabricante; ficha exacta; norma de la referencia; presentación disponible; coincidencia visual de variante.,revisar_variante_antes_de_publicar
SRT-PENDING-21FD6C300A41,familia_verificada_no_referencia_exacta,Alambre/cable THHN/THWN-2 600 V,https://www.nexans.co/es/products/Construcci%C3%B3n/Cables-de-Cobre-de-Baja-Tensi%C3%B3n-Aislados/Cable-THHN-THWN-2/Cable-Type24144.html,Calibre: 10 AWG | Color indicado: blanco | Material indicado: cobre | Aislamiento o chaqueta indicada: termoplástico,Marca y referencia de fabricante; ficha exacta; norma de la referencia; presentación disponible; coincidencia visual de variante.,revisar_variante_antes_de_publicar
SRT-PENDING-F5A166F079E1,familia_verificada_no_referencia_exacta,Alambre/cable THHN/THWN-2 600 V,https://www.nexans.co/es/products/Construcci%C3%B3n/Cables-de-Cobre-de-Baja-Tensi%C3%B3n-Aislados/Cable-THHN-THWN-2/Cable-Type24144.html,Calibre: 10 AWG | Color indicado: amarillo | Material indicado: cobre | Aislamiento o chaqueta indicada: termoplástico,Marca y referencia de fabricante; ficha exacta; norma de la referencia; presentación disponible; coincidencia visual de variante.,revisar_variante_antes_de_publicar
SRT-PENDING-60537BFEA285,familia_verificada_no_referencia_exacta,Alambre/cable THHN/THWN-2 600 V,https://www.nexans.co/es/products/Construcci%C3%B3n/Cables-de-Cobre-de-Baja-Tensi%C3%B3n-Aislados/Cable-THHN-THWN-2/Cable-Type24144.html,Calibre: 10 AWG | Color indicado: rojo | Material indicado: cobre | Aislamiento o chaqueta indicada: termoplástico,Marca y referencia de fabricante; ficha exacta; norma de la referencia; presentación disponible; coincidencia visual de variante.,revisar_variante_antes_de_publicar
SRT-PENDING-AD03162171F4,familia_verificada_no_referencia_exacta,Alambre/cable THHN/THWN-2 600 V,https://www.nexans.co/es/products/Construcci%C3%B3n/Cables-de-Cobre-de-Baja-Tensi%C3%B3n-Aislados/Cable-THHN-THWN-2/Cable-Type24144.html,Calibre: 10 AWG | Color indicado: azul | Material indicado: cobre | Aislamiento o chaqueta indicada: termoplástico,Marca y referencia de fabricante; ficha exacta; norma de la referencia; presentación disponible; coincidencia visual de variante.,revisar_variante_antes_de_publicar
SRT-PENDING-C19135D919A3,familia_verificada_no_referencia_exacta,Alambre/cable THHN/THWN-2 600 V,https://www.nexans.co/es/products/Construcci%C3%B3n/Cables-de-Cobre-de-Baja-Tensi%C3%B3n-Aislados/Cable-THHN-THWN-2/Cable-Type24144.html,Calibre: 10 AWG | Color indicado: verde | Material indicado: cobre | Aislamiento o chaqueta indicada: termoplástico,Marca y referencia de fabricante; ficha exacta; norma de la referencia; presentación disponible; coincidencia visual de variante.,revisar_variante_antes_de_publicar
SRT-PENDING-B4C4339BB418,familia_verificada_no_referencia_exacta,Alambre/cable THHN/THWN-2 600 V,https://www.nexans.co/es/products/Construcci%C3%B3n/Cables-de-Cobre-de-Baja-Tensi%C3%B3n-Aislados/Cable-THHN-THWN-2/Cable-Type24144.html,Calibre: 10 AWG | Color indicado: negro | Material indicado: cobre | Aislamiento o chaqueta indicada: termoplástico,Marca y referencia de fabricante; ficha exacta; norma de la referencia; presentación disponible; coincidencia visual de variante.,revisar_variante_antes_de_publicar
SRT-PENDING-BF4F71F6A068,familia_verificada_no_referencia_exacta,Alambre/cable THHN/THWN-2 600 V,https://www.nexans.co/es/products/Construcci%C3%B3n/Cables-de-Cobre-de-Baja-Tensi%C3%B3n-Aislados/Cable-THHN-THWN-2/Cable-Type24144.html,Calibre: 8 AWG | Color indicado: verde | Material indicado: cobre | Aislamiento o chaqueta indicada: termoplástico,Marca y referencia de fabricante; ficha exacta; norma de la referencia; presentación disponible; coincidencia visual de variante.,revisar_variante_antes_de_publicar
SRT-PENDING-CCECBBFDD5DE,familia_verificada_no_referencia_exacta,Alambre/cable THHN/THWN-2 600 V,https://www.nexans.co/es/products/Construcci%C3%B3n/Cables-de-Cobre-de-Baja-Tensi%C3%B3n-Aislados/Cable-THHN-THWN-2/Cable-Type24144.html,Calibre: 8 AWG | Color indicado: azul | Material indicado: cobre | Aislamiento o chaqueta indicada: termoplástico,Marca y referencia de fabricante; ficha exacta; norma de la referencia; presentación disponible; coincidencia visual de variante.,revisar_variante_antes_de_publicar
SRT-PENDING-816DD2F59DE2,familia_verificada_no_referencia_exacta,Alambre/cable THHN/THWN-2 600 V,https://www.nexans.co/es/products/Construcci%C3%B3n/Cables-de-Cobre-de-Baja-Tensi%C3%B3n-Aislados/Cable-THHN-THWN-2/Cable-Type24144.html,Calibre: 8 AWG | Color indicado: blanco | Material indicado: cobre | Aislamiento o chaqueta indicada: termoplástico,Marca y referencia de fabricante; ficha exacta; norma de la referencia; presentación disponible; coincidencia visual de variante.,revisar_variante_antes_de_publicar
SRT-PENDING-CB8A583550CE,familia_verificada_no_referencia_exacta,Alambre/cable THHN/THWN-2 600 V,https://www.nexans.co/es/products/Construcci%C3%B3n/Cables-de-Cobre-de-Baja-Tensi%C3%B3n-Aislados/Cable-THHN-THWN-2/Cable-Type24144.html,Calibre: 8 AWG | Color indicado: negro | Material indicado: cobre | Aislamiento o chaqueta indicada: termoplástico,Marca y referencia de fabricante; ficha exacta; norma de la referencia; presentación disponible; coincidencia visual de variante.,revisar_variante_antes_de_publicar
SRT-PENDING-8F3183B05B49,familia_verificada_no_referencia_exacta,Alambre/cable THHN/THWN-2 600 V,https://www.nexans.co/es/products/Construcci%C3%B3n/Cables-de-Cobre-de-Baja-Tensi%C3%B3n-Aislados/Cable-THHN-THWN-2/Cable-Type24144.html,Calibre: 8 AWG | Color indicado: rojo | Material indicado: cobre | Aislamiento o chaqueta indicada: termoplástico,Marca y referencia de fabricante; ficha exacta; norma de la referencia; presentación disponible; coincidencia visual de variante.,revisar_variante_antes_de_publicar
SRT-PENDING-073A5AB5611A,familia_verificada_no_referencia_exacta,Alambre/cable THHN/THWN-2 600 V,https://www.nexans.co/es/products/Construcci%C3%B3n/Cables-de-Cobre-de-Baja-Tensi%C3%B3n-Aislados/Cable-THHN-THWN-2/Cable-Type24144.html,Calibre: 8 AWG | Color indicado: amarillo | Material indicado: cobre | Aislamiento o chaqueta indicada: termoplástico,Marca y referencia de fabricante; ficha exacta; norma de la referencia; presentación disponible; coincidencia visual de variante.,revisar_variante_antes_de_publicar
SRT-PENDING-DDE1F397583D,familia_verificada_no_referencia_exacta,Alambre/cable THHN/THWN-2 600 V,https://www.nexans.co/es/products/Construcci%C3%B3n/Cables-de-Cobre-de-Baja-Tensi%C3%B3n-Aislados/Cable-THHN-THWN-2/Cable-Type24144.html,Calibre: 12 AWG | Configuración indicada: 3x12 | Color indicado: rojo | Material indicado: cobre | Aislamiento o chaqueta indicada: termoplástico,Marca y referencia de fabricante; ficha exacta; norma de la referencia; presentación disponible; coincidencia visual de variante.,revisar_variante_antes_de_publicar
SRT-PENDING-692D488C739A,familia_verificada_no_referencia_exacta,Alambre/cable THHN/THWN-2 600 V,https://www.nexans.co/es/products/Construcci%C3%B3n/Cables-de-Cobre-de-Baja-Tensi%C3%B3n-Aislados/Cable-THHN-THWN-2/Cable-Type24144.html,Calibre: 12 AWG | Configuración indicada: 3x12 | Color indicado: azul | Material indicado: cobre | Aislamiento o chaqueta indicada: termoplástico,Marca y referencia de fabricante; ficha exacta; norma de la referencia; presentación disponible; coincidencia visual de variante.,revisar_variante_antes_de_publicar
SRT-PENDING-0793CB189B99,familia_verificada_no_referencia_exacta,Alambre/cable THHN/THWN-2 600 V,https://www.nexans.co/es/products/Construcci%C3%B3n/Cables-de-Cobre-de-Baja-Tensi%C3%B3n-Aislados/Cable-THHN-THWN-2/Cable-Type24144.html,Calibre: 6 AWG | Color indicado: amarillo | Material indicado: cobre | Aislamiento o chaqueta indicada: termoplástico,Marca y referencia de fabricante; ficha exacta; norma de la referencia; presentación disponible; coincidencia visual de variante.,revisar_variante_antes_de_publicar
SRT-PENDING-E165E6F74DD3,familia_verificada_no_referencia_exacta,Alambre/cable THHN/THWN-2 600 V,https://www.nexans.co/es/products/Construcci%C3%B3n/Cables-de-Cobre-de-Baja-Tensi%C3%B3n-Aislados/Cable-THHN-THWN-2/Cable-Type24144.html,Calibre: 6 AWG | Color indicado: azul | Material indicado: cobre | Aislamiento o chaqueta indicada: termoplástico,Marca y referencia de fabricante; ficha exacta; norma de la referencia; presentación disponible; coincidencia visual de variante.,revisar_variante_antes_de_publicar
SRT-PENDING-92276926BA9C,familia_verificada_no_referencia_exacta,Alambre/cable THHN/THWN-2 600 V,https://www.nexans.co/es/products/Construcci%C3%B3n/Cables-de-Cobre-de-Baja-Tensi%C3%B3n-Aislados/Cable-THHN-THWN-2/Cable-Type24144.html,Calibre: 6 AWG | Color indicado: blanco | Material indicado: cobre | Aislamiento o chaqueta indicada: termoplástico,Marca y referencia de fabricante; ficha exacta; norma de la referencia; presentación disponible; coincidencia visual de variante.,revisar_variante_antes_de_publicar
SRT-PENDING-1EE8DD2575A6,familia_verificada_no_referencia_exacta,Alambre/cable THHN/THWN-2 600 V,https://www.nexans.co/es/products/Construcci%C3%B3n/Cables-de-Cobre-de-Baja-Tensi%C3%B3n-Aislados/Cable-THHN-THWN-2/Cable-Type24144.html,Calibre: 6 AWG | Color indicado: negro | Material indicado: cobre | Aislamiento o chaqueta indicada: termoplástico,Marca y referencia de fabricante; ficha exacta; norma de la referencia; presentación disponible; coincidencia visual de variante.,revisar_variante_antes_de_publicar
SRT-PENDING-6BA5A1DAA2AC,familia_verificada_no_referencia_exacta,Alambre/cable THHN/THWN-2 600 V,https://www.nexans.co/es/products/Construcci%C3%B3n/Cables-de-Cobre-de-Baja-Tensi%C3%B3n-Aislados/Cable-THHN-THWN-2/Cable-Type24144.html,Calibre: 6 AWG | Color indicado: rojo | Material indicado: cobre | Aislamiento o chaqueta indicada: termoplástico,Marca y referencia de fabricante; ficha exacta; norma de la referencia; presentación disponible; coincidencia visual de variante.,revisar_variante_antes_de_publicar
SRT-PENDING-8B3722E7CB2B,familia_verificada_no_referencia_exacta,Alambre/cable THHN/THWN-2 600 V,https://www.nexans.co/es/products/Construcci%C3%B3n/Cables-de-Cobre-de-Baja-Tensi%C3%B3n-Aislados/Cable-THHN-THWN-2/Cable-Type24144.html,Calibre: 6 AWG | Color indicado: verde | Material indicado: cobre | Aislamiento o chaqueta indicada: termoplástico,Marca y referencia de fabricante; ficha exacta; norma de la referencia; presentación disponible; coincidencia visual de variante.,revisar_variante_antes_de_publicar
SRT-PENDING-0CEB7A30C550,familia_verificada_no_referencia_exacta,Alambre/cable THHN/THWN-2 600 V,https://www.nexans.co/es/products/Construcci%C3%B3n/Cables-de-Cobre-de-Baja-Tensi%C3%B3n-Aislados/Cable-THHN-THWN-2/Cable-Type24144.html,Calibre: 4 AWG | Material indicado: cobre | Aislamiento o chaqueta indicada: termoplástico,Marca y referencia de fabricante; ficha exacta; norma de la referencia; presentación disponible; coincidencia visual de variante.,revisar_variante_antes_de_publicar
SRT-PENDING-1CEB98D50A52,familia_verificada_no_referencia_exacta,Alambre/cable THHN/THWN-2 600 V,https://www.nexans.co/es/products/Construcci%C3%B3n/Cables-de-Cobre-de-Baja-Tensi%C3%B3n-Aislados/Cable-THHN-THWN-2/Cable-Type24144.html,Calibre: 2 AWG | Material indicado: cobre | Aislamiento o chaqueta indicada: termoplástico,Marca y referencia de fabricante; ficha exacta; norma de la referencia; presentación disponible; coincidencia visual de variante.,revisar_variante_antes_de_publicar
SRT-PENDING-CCD73200B6F2,familia_verificada_no_referencia_exacta,Alambre/cable THHN/THWN-2 600 V,https://www.nexans.co/es/products/Construcci%C3%B3n/Cables-de-Cobre-de-Baja-Tensi%C3%B3n-Aislados/Cable-THHN-THWN-2/Cable-Type24144.html,Calibre: 1/0 AWG | Material indicado: cobre | Aislamiento o chaqueta indicada: termoplástico,Marca y referencia de fabricante; ficha exacta; norma de la referencia; presentación disponible; coincidencia visual de variante.,revisar_variante_antes_de_publicar
SRT-PENDING-F261807B9900,familia_verificada_no_referencia_exacta,Alambre/cable THHN/THWN-2 600 V,https://www.nexans.co/es/products/Construcci%C3%B3n/Cables-de-Cobre-de-Baja-Tensi%C3%B3n-Aislados/Cable-THHN-THWN-2/Cable-Type24144.html,Calibre: 2/0 AWG | Material indicado: cobre | Aislamiento o chaqueta indicada: termoplástico,Marca y referencia de fabricante; ficha exacta; norma de la referencia; presentación disponible; coincidencia visual de variante.,revisar_variante_antes_de_publicar
SRT-PENDING-4C460F3BCB10,familia_verificada_no_referencia_exacta,Alambre/cable THHN/THWN-2 600 V,https://www.nexans.co/es/products/Construcci%C3%B3n/Cables-de-Cobre-de-Baja-Tensi%C3%B3n-Aislados/Cable-THHN-THWN-2/Cable-Type24144.html,Calibre: 3/0 AWG | Material indicado: cobre | Aislamiento o chaqueta indicada: termoplástico,Marca y referencia de fabricante; ficha exacta; norma de la referencia; presentación disponible; coincidencia visual de variante.,revisar_variante_antes_de_publicar
SRT-PENDING-B03FCD60601B,familia_verificada_no_referencia_exacta,Alambre/cable THHN/THWN-2 600 V,https://www.nexans.co/es/products/Construcci%C3%B3n/Cables-de-Cobre-de-Baja-Tensi%C3%B3n-Aislados/Cable-THHN-THWN-2/Cable-Type24144.html,Calibre: 4/0 AWG | Material indicado: cobre | Aislamiento o chaqueta indicada: termoplástico,Marca y referencia de fabricante; ficha exacta; norma de la referencia; presentación disponible; coincidencia visual de variante.,revisar_variante_antes_de_publicar
SRT-PENDING-03893103C5CC,familia_verificada_no_referencia_exacta,Alambre/cable THHN/THWN-2 600 V,https://www.nexans.co/es/products/Construcci%C3%B3n/Cables-de-Cobre-de-Baja-Tensi%C3%B3n-Aislados/Cable-THHN-THWN-2/Cable-Type24144.html,Sección: 250 kcmil | Material indicado: cobre | Aislamiento o chaqueta indicada: termoplástico,Marca y referencia de fabricante; ficha exacta; norma de la referencia; presentación disponible; coincidencia visual de variante.,revisar_variante_antes_de_publicar
SRT-PENDING-BB2B59952D1B,familia_verificada_no_referencia_exacta,Alambre/cable THHN/THWN-2 600 V,https://www.nexans.co/es/products/Construcci%C3%B3n/Cables-de-Cobre-de-Baja-Tensi%C3%B3n-Aislados/Cable-THHN-THWN-2/Cable-Type24144.html,Sección: 350 kcmil | Material indicado: cobre | Aislamiento o chaqueta indicada: termoplástico,Marca y referencia de fabricante; ficha exacta; norma de la referencia; presentación disponible; coincidencia visual de variante.,revisar_variante_antes_de_publicar
SRT-PENDING-920AA95588FF,familia_verificada_no_referencia_exacta,Alambre/cable THHN/THWN-2 600 V,https://www.nexans.co/es/products/Construcci%C3%B3n/Cables-de-Cobre-de-Baja-Tensi%C3%B3n-Aislados/Cable-THHN-THWN-2/Cable-Type24144.html,Sección: 500 kcmil | Material indicado: cobre | Aislamiento o chaqueta indicada: termoplástico,Marca y referencia de fabricante; ficha exacta; norma de la referencia; presentación disponible; coincidencia visual de variante.,revisar_variante_antes_de_publicar
SRT-PENDING-5D89757874CE,familia_verificada_no_referencia_exacta,Alambre/cable THHN/THWN-2 600 V,https://www.nexans.co/es/products/Construcci%C3%B3n/Cables-de-Cobre-de-Baja-Tensi%C3%B3n-Aislados/Cable-THHN-THWN-2/Cable-Type24144.html,Sección: 400 kcmil | Material indicado: cobre | Aislamiento o chaqueta indicada: termoplástico,Marca y referencia de fabricante; ficha exacta; norma de la referencia; presentación disponible; coincidencia visual de variante.,revisar_variante_antes_de_publicar
SRT-PENDING-86DB4130DA9A,familia_verificada_no_referencia_exacta,Alambre/cable THHN/THWN-2 600 V,https://www.nexans.co/es/products/Construcci%C3%B3n/Cables-de-Cobre-de-Baja-Tensi%C3%B3n-Aislados/Cable-THHN-THWN-2/Cable-Type24144.html,Calibre: 14 AWG | Color indicado: amarillo | Material indicado: cobre | Aislamiento o chaqueta indicada: termoplástico,Marca y referencia de fabricante; ficha exacta; norma de la referencia; presentación disponible; coincidencia visual de variante.,revisar_variante_antes_de_publicar
SRT-PENDING-780ABB517110,familia_verificada_no_referencia_exacta,Conductor de cobre desnudo,https://co.prysmian.com/en/products,Calibre: 14 AWG | Material indicado: cobre,Marca y referencia de fabricante; ficha exacta; norma de la referencia; presentación disponible; coincidencia visual de variante.,revisar_variante_antes_de_publicar
SRT-PENDING-1804F14F0031,familia_verificada_no_referencia_exacta,Conductor de cobre desnudo,https://co.prysmian.com/en/products,Calibre: 12 AWG | Material indicado: cobre,Marca y referencia de fabricante; ficha exacta; norma de la referencia; presentación disponible; coincidencia visual de variante.,revisar_variante_antes_de_publicar
SRT-PENDING-CCE01012E007,familia_verificada_no_referencia_exacta,Conductor de cobre desnudo,https://co.prysmian.com/en/products,Calibre: 10 AWG | Material indicado: cobre,Marca y referencia de fabricante; ficha exacta; norma de la referencia; presentación disponible; coincidencia visual de variante.,revisar_variante_antes_de_publicar
SRT-PENDING-E8DD5A6639BC,familia_verificada_no_referencia_exacta,Conductor de cobre desnudo,https://co.prysmian.com/en/products,Calibre: 8 AWG | Material indicado: cobre,Marca y referencia de fabricante; ficha exacta; norma de la referencia; presentación disponible; coincidencia visual de variante.,revisar_variante_antes_de_publicar
SRT-PENDING-97A4BB65EF11,familia_verificada_no_referencia_exacta,Conductor de cobre desnudo,https://co.prysmian.com/en/products,Calibre: 14 AWG | Material indicado: cobre,Marca y referencia de fabricante; ficha exacta; norma de la referencia; presentación disponible; coincidencia visual de variante.,revisar_variante_antes_de_publicar
SRT-PENDING-62ECCB9CBC7F,familia_verificada_no_referencia_exacta,Conductor de cobre desnudo,https://co.prysmian.com/en/products,Calibre: 12 AWG | Material indicado: cobre,Marca y referencia de fabricante; ficha exacta; norma de la referencia; presentación disponible; coincidencia visual de variante.,revisar_variante_antes_de_publicar
SRT-PENDING-3E3E2E48D6A4,familia_verificada_no_referencia_exacta,Conductor de cobre desnudo,https://co.prysmian.com/en/products,Calibre: 10 AWG | Material indicado: cobre,Marca y referencia de fabricante; ficha exacta; norma de la referencia; presentación disponible; coincidencia visual de variante.,revisar_variante_antes_de_publicar
SRT-PENDING-54AFC653C391,familia_verificada_no_referencia_exacta,Conductor de cobre desnudo,https://co.prysmian.com/en/products,Calibre: 8 AWG | Material indicado: cobre,Marca y referencia de fabricante; ficha exacta; norma de la referencia; presentación disponible; coincidencia visual de variante.,revisar_variante_antes_de_publicar
SRT-PENDING-77E92A904BC9,familia_verificada_no_referencia_exacta,Conductor de cobre desnudo,https://co.prysmian.com/en/products,Calibre: 6 AWG | Material indicado: cobre,Marca y referencia de fabricante; ficha exacta; norma de la referencia; presentación disponible; coincidencia visual de variante.,revisar_variante_antes_de_publicar
SRT-PENDING-84502B5390F0,familia_verificada_no_referencia_exacta,Conductor de cobre desnudo,https://co.prysmian.com/en/products,Calibre: 4 AWG | Material indicado: cobre,Marca y referencia de fabricante; ficha exacta; norma de la referencia; presentación disponible; coincidencia visual de variante.,revisar_variante_antes_de_publicar
SRT-PENDING-8E7EFB9E9172,familia_verificada_no_referencia_exacta,Conductor de cobre desnudo,https://co.prysmian.com/en/products,Calibre: 2 AWG | Material indicado: cobre,Marca y referencia de fabricante; ficha exacta; norma de la referencia; presentación disponible; coincidencia visual de variante.,revisar_variante_antes_de_publicar
SRT-PENDING-53E9D5D96B7F,familia_verificada_no_referencia_exacta,Conductor de cobre desnudo,https://co.prysmian.com/en/products,Calibre: 1/0 AWG | Material indicado: cobre,Marca y referencia de fabricante; ficha exacta; norma de la referencia; presentación disponible; coincidencia visual de variante.,revisar_variante_antes_de_publicar
SRT-PENDING-8EAF5D9C2C85,familia_verificada_no_referencia_exacta,Conductor de cobre desnudo,https://co.prysmian.com/en/products,Calibre: 2/0 AWG | Material indicado: cobre,Marca y referencia de fabricante; ficha exacta; norma de la referencia; presentación disponible; coincidencia visual de variante.,revisar_variante_antes_de_publicar
SRT-PENDING-54D394A49AB8,familia_verificada_no_referencia_exacta,Conductor de cobre desnudo,https://co.prysmian.com/en/products,Calibre: 4/0 AWG | Material indicado: cobre,Marca y referencia de fabricante; ficha exacta; norma de la referencia; presentación disponible; coincidencia visual de variante.,revisar_variante_antes_de_publicar
SRT-PENDING-F0425DF85B52,familia_verificada_no_referencia_exacta,Conductor de cobre desnudo,https://co.prysmian.com/en/products,Calibre: 3/0 AWG | Material indicado: cobre,Marca y referencia de fabricante; ficha exacta; norma de la referencia; presentación disponible; coincidencia visual de variante.,revisar_variante_antes_de_publicar
SRT-PENDING-69E2CF6A9559,familia_verificada_no_referencia_exacta,Cable de baja emisión de humos y halógenos,https://co.prysmian.com/sites/co.prysmian.com/files/media/documents/30%20FT_EXZHELLENT_GREEN_COBRE.pdf,Calibre: 14 AWG | Color indicado: amarillo | Material indicado: cobre | Aislamiento o chaqueta indicada: LSZH / libre de halógenos,Marca y referencia de fabricante; ficha exacta; norma de la referencia; presentación disponible; coincidencia visual de variante.,revisar_variante_antes_de_publicar
SRT-PENDING-A0314224E766,familia_verificada_no_referencia_exacta,Cable de baja emisión de humos y halógenos,https://co.prysmian.com/sites/co.prysmian.com/files/media/documents/30%20FT_EXZHELLENT_GREEN_COBRE.pdf,Calibre: 14 AWG | Color indicado: azul | Material indicado: cobre | Aislamiento o chaqueta indicada: LSZH / libre de halógenos,Marca y referencia de fabricante; ficha exacta; norma de la referencia; presentación disponible; coincidencia visual de variante.,revisar_variante_antes_de_publicar
SRT-PENDING-C94E1E870A26,familia_verificada_no_referencia_exacta,Cable de baja emisión de humos y halógenos,https://co.prysmian.com/sites/co.prysmian.com/files/media/documents/30%20FT_EXZHELLENT_GREEN_COBRE.pdf,Calibre: 14 AWG | Color indicado: blanco | Material indicado: cobre | Aislamiento o chaqueta indicada: LSZH / libre de halógenos,Marca y referencia de fabricante; ficha exacta; norma de la referencia; presentación disponible; coincidencia visual de variante.,revisar_variante_antes_de_publicar
SRT-PENDING-04ACB9EA61A1,familia_verificada_no_referencia_exacta,Cable de baja emisión de humos y halógenos,https://co.prysmian.com/sites/co.prysmian.com/files/media/documents/30%20FT_EXZHELLENT_GREEN_COBRE.pdf,Calibre: 14 AWG | Color indicado: negro | Material indicado: cobre | Aislamiento o chaqueta indicada: LSZH / libre de halógenos,Marca y referencia de fabricante; ficha exacta; norma de la referencia; presentación disponible; coincidencia visual de variante.,revisar_variante_antes_de_publicar
SRT-PENDING-756CD6407BE0,familia_verificada_no_referencia_exacta,Cable de baja emisión de humos y halógenos,https://co.prysmian.com/sites/co.prysmian.com/files/media/documents/30%20FT_EXZHELLENT_GREEN_COBRE.pdf,Calibre: 14 AWG | Color indicado: rojo | Material indicado: cobre | Aislamiento o chaqueta indicada: LSZH / libre de halógenos,Marca y referencia de fabricante; ficha exacta; norma de la referencia; presentación disponible; coincidencia visual de variante.,revisar_variante_antes_de_publicar
SRT-PENDING-4BC064D08D6A,familia_verificada_no_referencia_exacta,Cable de baja emisión de humos y halógenos,https://co.prysmian.com/sites/co.prysmian.com/files/media/documents/30%20FT_EXZHELLENT_GREEN_COBRE.pdf,Calibre: 14 AWG | Color indicado: verde | Material indicado: cobre | Aislamiento o chaqueta indicada: LSZH / libre de halógenos,Marca y referencia de fabricante; ficha exacta; norma de la referencia; presentación disponible; coincidencia visual de variante.,revisar_variante_antes_de_publicar
SRT-PENDING-7369268D0BC2,familia_verificada_no_referencia_exacta,Cable de baja emisión de humos y halógenos,https://co.prysmian.com/sites/co.prysmian.com/files/media/documents/30%20FT_EXZHELLENT_GREEN_COBRE.pdf,Calibre: 12 AWG | Color indicado: negro | Material indicado: cobre | Aislamiento o chaqueta indicada: LSZH / libre de halógenos,Marca y referencia de fabricante; ficha exacta; norma de la referencia; presentación disponible; coincidencia visual de variante.,revisar_variante_antes_de_publicar
SRT-PENDING-A0245B1C009E,familia_verificada_no_referencia_exacta,Cable de baja emisión de humos y halógenos,https://co.prysmian.com/sites/co.prysmian.com/files/media/documents/30%20FT_EXZHELLENT_GREEN_COBRE.pdf,Calibre: 12 AWG | Color indicado: amarillo | Material indicado: cobre | Aislamiento o chaqueta indicada: LSZH / libre de halógenos,Marca y referencia de fabricante; ficha exacta; norma de la referencia; presentación disponible; coincidencia visual de variante.,revisar_variante_antes_de_publicar
SRT-PENDING-440FF4D96875,familia_verificada_no_referencia_exacta,Cable de baja emisión de humos y halógenos,https://co.prysmian.com/sites/co.prysmian.com/files/media/documents/30%20FT_EXZHELLENT_GREEN_COBRE.pdf,Calibre: 12 AWG | Color indicado: azul | Material indicado: cobre | Aislamiento o chaqueta indicada: LSZH / libre de halógenos,Marca y referencia de fabricante; ficha exacta; norma de la referencia; presentación disponible; coincidencia visual de variante.,revisar_variante_antes_de_publicar
SRT-PENDING-10BAA11455B0,familia_verificada_no_referencia_exacta,Cable de baja emisión de humos y halógenos,https://co.prysmian.com/sites/co.prysmian.com/files/media/documents/30%20FT_EXZHELLENT_GREEN_COBRE.pdf,Calibre: 12 AWG | Color indicado: blanco | Material indicado: cobre | Aislamiento o chaqueta indicada: LSZH / libre de halógenos,Marca y referencia de fabricante; ficha exacta; norma de la referencia; presentación disponible; coincidencia visual de variante.,revisar_variante_antes_de_publicar
SRT-PENDING-243D5EC2CB12,familia_verificada_no_referencia_exacta,Cable de baja emisión de humos y halógenos,https://co.prysmian.com/sites/co.prysmian.com/files/media/documents/30%20FT_EXZHELLENT_GREEN_COBRE.pdf,Calibre: 12 AWG | Color indicado: rojo | Material indicado: cobre | Aislamiento o chaqueta indicada: LSZH / libre de halógenos,Marca y referencia de fabricante; ficha exacta; norma de la referencia; presentación disponible; coincidencia visual de variante.,revisar_variante_antes_de_publicar
SRT-PENDING-754DB4144A5A,familia_verificada_no_referencia_exacta,Cable de baja emisión de humos y halógenos,https://co.prysmian.com/sites/co.prysmian.com/files/media/documents/30%20FT_EXZHELLENT_GREEN_COBRE.pdf,Calibre: 12 AWG | Color indicado: verde | Material indicado: cobre | Aislamiento o chaqueta indicada: LSZH / libre de halógenos,Marca y referencia de fabricante; ficha exacta; norma de la referencia; presentación disponible; coincidencia visual de variante.,revisar_variante_antes_de_publicar
SRT-PENDING-FE40981C6EE2,familia_verificada_no_referencia_exacta,Cable de baja emisión de humos y halógenos,https://co.prysmian.com/sites/co.prysmian.com/files/media/documents/30%20FT_EXZHELLENT_GREEN_COBRE.pdf,Calibre: 10 AWG | Color indicado: amarillo | Material indicado: cobre | Aislamiento o chaqueta indicada: LSZH / libre de halógenos,Marca y referencia de fabricante; ficha exacta; norma de la referencia; presentación disponible; coincidencia visual de variante.,revisar_variante_antes_de_publicar
SRT-PENDING-8A5260740314,familia_verificada_no_referencia_exacta,Cable de baja emisión de humos y halógenos,https://co.prysmian.com/sites/co.prysmian.com/files/media/documents/30%20FT_EXZHELLENT_GREEN_COBRE.pdf,Calibre: 10 AWG | Color indicado: azul | Material indicado: cobre | Aislamiento o chaqueta indicada: LSZH / libre de halógenos,Marca y referencia de fabricante; ficha exacta; norma de la referencia; presentación disponible; coincidencia visual de variante.,revisar_variante_antes_de_publicar
SRT-PENDING-EB924394D412,familia_verificada_no_referencia_exacta,Cable de baja emisión de humos y halógenos,https://co.prysmian.com/sites/co.prysmian.com/files/media/documents/30%20FT_EXZHELLENT_GREEN_COBRE.pdf,Calibre: 10 AWG | Color indicado: blanco | Material indicado: cobre | Aislamiento o chaqueta indicada: LSZH / libre de halógenos,Marca y referencia de fabricante; ficha exacta; norma de la referencia; presentación disponible; coincidencia visual de variante.,revisar_variante_antes_de_publicar
SRT-PENDING-04898B1D8929,familia_verificada_no_referencia_exacta,Cable de baja emisión de humos y halógenos,https://co.prysmian.com/sites/co.prysmian.com/files/media/documents/30%20FT_EXZHELLENT_GREEN_COBRE.pdf,Calibre: 10 AWG | Color indicado: negro | Material indicado: cobre | Aislamiento o chaqueta indicada: LSZH / libre de halógenos,Marca y referencia de fabricante; ficha exacta; norma de la referencia; presentación disponible; coincidencia visual de variante.,revisar_variante_antes_de_publicar
SRT-PENDING-CBCDD04A16CB,familia_verificada_no_referencia_exacta,Cable de baja emisión de humos y halógenos,https://co.prysmian.com/sites/co.prysmian.com/files/media/documents/30%20FT_EXZHELLENT_GREEN_COBRE.pdf,Calibre: 10 AWG | Color indicado: rojo | Material indicado: cobre | Aislamiento o chaqueta indicada: LSZH / libre de halógenos,Marca y referencia de fabricante; ficha exacta; norma de la referencia; presentación disponible; coincidencia visual de variante.,revisar_variante_antes_de_publicar
SRT-PENDING-9D1C28539091,familia_verificada_no_referencia_exacta,Cable de baja emisión de humos y halógenos,https://co.prysmian.com/sites/co.prysmian.com/files/media/documents/30%20FT_EXZHELLENT_GREEN_COBRE.pdf,Calibre: 10 AWG | Color indicado: verde | Material indicado: cobre | Aislamiento o chaqueta indicada: LSZH / libre de halógenos,Marca y referencia de fabricante; ficha exacta; norma de la referencia; presentación disponible; coincidencia visual de variante.,revisar_variante_antes_de_publicar
SRT-PENDING-B30A4A9CBDD7,familia_verificada_no_referencia_exacta,Cable de baja emisión de humos y halógenos,https://co.prysmian.com/sites/co.prysmian.com/files/media/documents/30%20FT_EXZHELLENT_GREEN_COBRE.pdf,Calibre: 8 AWG | Color indicado: amarillo | Material indicado: cobre | Aislamiento o chaqueta indicada: LSZH / libre de halógenos,Marca y referencia de fabricante; ficha exacta; norma de la referencia; presentación disponible; coincidencia visual de variante.,revisar_variante_antes_de_publicar
SRT-PENDING-1B13B1046562,familia_verificada_no_referencia_exacta,Cable de baja emisión de humos y halógenos,https://co.prysmian.com/sites/co.prysmian.com/files/media/documents/30%20FT_EXZHELLENT_GREEN_COBRE.pdf,Calibre: 8 AWG | Color indicado: azul | Material indicado: cobre | Aislamiento o chaqueta indicada: LSZH / libre de halógenos,Marca y referencia de fabricante; ficha exacta; norma de la referencia; presentación disponible; coincidencia visual de variante.,revisar_variante_antes_de_publicar
SRT-PENDING-35553BFE8787,familia_verificada_no_referencia_exacta,Cable de baja emisión de humos y halógenos,https://co.prysmian.com/sites/co.prysmian.com/files/media/documents/30%20FT_EXZHELLENT_GREEN_COBRE.pdf,Calibre: 8 AWG | Color indicado: blanco | Material indicado: cobre | Aislamiento o chaqueta indicada: LSZH / libre de halógenos,Marca y referencia de fabricante; ficha exacta; norma de la referencia; presentación disponible; coincidencia visual de variante.,revisar_variante_antes_de_publicar
SRT-PENDING-D7EDD3DFC08C,familia_verificada_no_referencia_exacta,Cable de baja emisión de humos y halógenos,https://co.prysmian.com/sites/co.prysmian.com/files/media/documents/30%20FT_EXZHELLENT_GREEN_COBRE.pdf,Calibre: 8 AWG | Color indicado: negro | Material indicado: cobre | Aislamiento o chaqueta indicada: LSZH / libre de halógenos,Marca y referencia de fabricante; ficha exacta; norma de la referencia; presentación disponible; coincidencia visual de variante.,revisar_variante_antes_de_publicar
SRT-PENDING-A97EFB583217,familia_verificada_no_referencia_exacta,Cable de baja emisión de humos y halógenos,https://co.prysmian.com/sites/co.prysmian.com/files/media/documents/30%20FT_EXZHELLENT_GREEN_COBRE.pdf,Calibre: 8 AWG | Color indicado: rojo | Material indicado: cobre | Aislamiento o chaqueta indicada: LSZH / libre de halógenos,Marca y referencia de fabricante; ficha exacta; norma de la referencia; presentación disponible; coincidencia visual de variante.,revisar_variante_antes_de_publicar
SRT-PENDING-CEC6A01178EF,familia_verificada_no_referencia_exacta,Cable de baja emisión de humos y halógenos,https://co.prysmian.com/sites/co.prysmian.com/files/media/documents/30%20FT_EXZHELLENT_GREEN_COBRE.pdf,Calibre: 8 AWG | Color indicado: verde | Material indicado: cobre | Aislamiento o chaqueta indicada: LSZH / libre de halógenos,Marca y referencia de fabricante; ficha exacta; norma de la referencia; presentación disponible; coincidencia visual de variante.,revisar_variante_antes_de_publicar
SRT-PENDING-A046D906ADB0,familia_verificada_no_referencia_exacta,Cable de baja emisión de humos y halógenos,https://co.prysmian.com/sites/co.prysmian.com/files/media/documents/30%20FT_EXZHELLENT_GREEN_COBRE.pdf,Calibre: 6 AWG | Color indicado: amarillo | Material indicado: cobre | Aislamiento o chaqueta indicada: LSZH / libre de halógenos,Marca y referencia de fabricante; ficha exacta; norma de la referencia; presentación disponible; coincidencia visual de variante.,revisar_variante_antes_de_publicar
SRT-PENDING-07FA0BD6AEB2,familia_verificada_no_referencia_exacta,Cable de baja emisión de humos y halógenos,https://co.prysmian.com/sites/co.prysmian.com/files/media/documents/30%20FT_EXZHELLENT_GREEN_COBRE.pdf,Calibre: 6 AWG | Color indicado: azul | Material indicado: cobre | Aislamiento o chaqueta indicada: LSZH / libre de halógenos,Marca y referencia de fabricante; ficha exacta; norma de la referencia; presentación disponible; coincidencia visual de variante.,revisar_variante_antes_de_publicar
SRT-PENDING-2089E87C0AAF,familia_verificada_no_referencia_exacta,Cable de baja emisión de humos y halógenos,https://co.prysmian.com/sites/co.prysmian.com/files/media/documents/30%20FT_EXZHELLENT_GREEN_COBRE.pdf,Calibre: 6 AWG | Color indicado: blanco | Material indicado: cobre | Aislamiento o chaqueta indicada: LSZH / libre de halógenos,Marca y referencia de fabricante; ficha exacta; norma de la referencia; presentación disponible; coincidencia visual de variante.,revisar_variante_antes_de_publicar
SRT-PENDING-077F4FF8E9DE,familia_verificada_no_referencia_exacta,Cable de baja emisión de humos y halógenos,https://co.prysmian.com/sites/co.prysmian.com/files/media/documents/30%20FT_EXZHELLENT_GREEN_COBRE.pdf,Calibre: 6 AWG | Color indicado: negro | Material indicado: cobre | Aislamiento o chaqueta indicada: LSZH / libre de halógenos,Marca y referencia de fabricante; ficha exacta; norma de la referencia; presentación disponible; coincidencia visual de variante.,revisar_variante_antes_de_publicar
SRT-PENDING-82C171848667,familia_verificada_no_referencia_exacta,Cable de baja emisión de humos y halógenos,https://co.prysmian.com/sites/co.prysmian.com/files/media/documents/30%20FT_EXZHELLENT_GREEN_COBRE.pdf,Calibre: 6 AWG | Color indicado: rojo | Material indicado: cobre | Aislamiento o chaqueta indicada: LSZH / libre de halógenos,Marca y referencia de fabricante; ficha exacta; norma de la referencia; presentación disponible; coincidencia visual de variante.,revisar_variante_antes_de_publicar
SRT-PENDING-C88FD9CE58CA,familia_verificada_no_referencia_exacta,Cable de baja emisión de humos y halógenos,https://co.prysmian.com/sites/co.prysmian.com/files/media/documents/30%20FT_EXZHELLENT_GREEN_COBRE.pdf,Calibre: 6 AWG | Color indicado: verde | Material indicado: cobre | Aislamiento o chaqueta indicada: LSZH / libre de halógenos,Marca y referencia de fabricante; ficha exacta; norma de la referencia; presentación disponible; coincidencia visual de variante.,revisar_variante_antes_de_publicar
SRT-PENDING-DB9D247A6425,familia_verificada_no_referencia_exacta,Cable de baja emisión de humos y halógenos,https://co.prysmian.com/sites/co.prysmian.com/files/media/documents/30%20FT_EXZHELLENT_GREEN_COBRE.pdf,Calibre: 4 AWG | Material indicado: cobre | Aislamiento o chaqueta indicada: LSZH / libre de halógenos,Marca y referencia de fabricante; ficha exacta; norma de la referencia; presentación disponible; coincidencia visual de variante.,revisar_variante_antes_de_publicar
SRT-PENDING-8D8F8E0DCE81,familia_verificada_no_referencia_exacta,Cable de baja emisión de humos y halógenos,https://co.prysmian.com/sites/co.prysmian.com/files/media/documents/30%20FT_EXZHELLENT_GREEN_COBRE.pdf,Calibre: 2 AWG | Material indicado: cobre | Aislamiento o chaqueta indicada: LSZH / libre de halógenos,Marca y referencia de fabricante; ficha exacta; norma de la referencia; presentación disponible; coincidencia visual de variante.,revisar_variante_antes_de_publicar
SRT-PENDING-029EB10AC9CB,familia_verificada_no_referencia_exacta,Cable de baja emisión de humos y halógenos,https://co.prysmian.com/sites/co.prysmian.com/files/media/documents/30%20FT_EXZHELLENT_GREEN_COBRE.pdf,Calibre: 1/0 AWG | Material indicado: cobre | Aislamiento o chaqueta indicada: LSZH / libre de halógenos,Marca y referencia de fabricante; ficha exacta; norma de la referencia; presentación disponible; coincidencia visual de variante.,revisar_variante_antes_de_publicar
SRT-PENDING-388A73331D8A,familia_verificada_no_referencia_exacta,Cable de baja emisión de humos y halógenos,https://co.prysmian.com/sites/co.prysmian.com/files/media/documents/30%20FT_EXZHELLENT_GREEN_COBRE.pdf,Calibre: 2/0 AWG | Material indicado: cobre | Aislamiento o chaqueta indicada: LSZH / libre de halógenos,Marca y referencia de fabricante; ficha exacta; norma de la referencia; presentación disponible; coincidencia visual de variante.,revisar_variante_antes_de_publicar
SRT-PENDING-017B0187FD40,familia_verificada_no_referencia_exacta,Cable de baja emisión de humos y halógenos,https://co.prysmian.com/sites/co.prysmian.com/files/media/documents/30%20FT_EXZHELLENT_GREEN_COBRE.pdf,Calibre: 4/0 AWG | Material indicado: cobre | Aislamiento o chaqueta indicada: LSZH / libre de halógenos,Marca y referencia de fabricante; ficha exacta; norma de la referencia; presentación disponible; coincidencia visual de variante.,revisar_variante_antes_de_publicar
SRT-PENDING-AE93C6CB0019,familia_verificada_no_referencia_exacta,Cable de baja emisión de humos y halógenos,https://co.prysmian.com/sites/co.prysmian.com/files/media/documents/30%20FT_EXZHELLENT_GREEN_COBRE.pdf,Calibre: 3/0 AWG | Material indicado: cobre | Aislamiento o chaqueta indicada: LSZH / libre de halógenos,Marca y referencia de fabricante; ficha exacta; norma de la referencia; presentación disponible; coincidencia visual de variante.,revisar_variante_antes_de_publicar
SRT-PENDING-38E9EBE15577,familia_verificada_no_referencia_exacta,Cable de baja emisión de humos y halógenos,https://co.prysmian.com/sites/co.prysmian.com/files/media/documents/30%20FT_EXZHELLENT_GREEN_COBRE.pdf,Calibre: 250 AWG | Material indicado: cobre | Aislamiento o chaqueta indicada: LSZH / libre de halógenos,Marca y referencia de fabricante; ficha exacta; norma de la referencia; presentación disponible; coincidencia visual de variante.,revisar_variante_antes_de_publicar
SRT-PENDING-02119178F055,familia_verificada_no_referencia_exacta,Cable de baja emisión de humos y halógenos,https://co.prysmian.com/sites/co.prysmian.com/files/media/documents/30%20FT_EXZHELLENT_GREEN_COBRE.pdf,Calibre: 300 AWG | Material indicado: cobre | Aislamiento o chaqueta indicada: LSZH / libre de halógenos,Marca y referencia de fabricante; ficha exacta; norma de la referencia; presentación disponible; coincidencia visual de variante.,revisar_variante_antes_de_publicar
SRT-PENDING-971D42F0840C,familia_verificada_no_referencia_exacta,Cable de baja emisión de humos y halógenos,https://co.prysmian.com/sites/co.prysmian.com/files/media/documents/30%20FT_EXZHELLENT_GREEN_COBRE.pdf,Calibre: 350 AWG | Material indicado: cobre | Aislamiento o chaqueta indicada: LSZH / libre de halógenos,Marca y referencia de fabricante; ficha exacta; norma de la referencia; presentación disponible; coincidencia visual de variante.,revisar_variante_antes_de_publicar
SRT-PENDING-F7158784A620,familia_verificada_no_referencia_exacta,Cable de baja emisión de humos y halógenos,https://co.prysmian.com/sites/co.prysmian.com/files/media/documents/30%20FT_EXZHELLENT_GREEN_COBRE.pdf,Calibre: 500 AWG | Material indicado: cobre | Aislamiento o chaqueta indicada: LSZH / libre de halógenos,Marca y referencia de fabricante; ficha exacta; norma de la referencia; presentación disponible; coincidencia visual de variante.,revisar_variante_antes_de_publicar
SRT-ENCAU-7x16AWG-CU,familia_verificada_no_referencia_exacta,Cable flexible de cobre,https://co.prysmian.com/es/termoflex-y-termoflex-multiprop%C3%B3sito,Calibre: 16 AWG | Configuración indicada: 7x16 | Material indicado: cobre,Marca y referencia de fabricante; ficha exacta; norma de la referencia; presentación disponible; coincidencia visual de variante.,revisar_variante_antes_de_publicar
SRT-ENCAU-7x14AWG-CU,familia_verificada_no_referencia_exacta,Cable flexible de cobre,https://co.prysmian.com/es/termoflex-y-termoflex-multiprop%C3%B3sito,Calibre: 14 AWG | Configuración indicada: 7x14 | Material indicado: cobre,Marca y referencia de fabricante; ficha exacta; norma de la referencia; presentación disponible; coincidencia visual de variante.,revisar_variante_antes_de_publicar
SRT-ENCAU-7x10AWG-CU,familia_verificada_no_referencia_exacta,Cable flexible de cobre,https://co.prysmian.com/es/termoflex-y-termoflex-multiprop%C3%B3sito,Calibre: 10 AWG | Configuración indicada: 7x10 | Material indicado: cobre,Marca y referencia de fabricante; ficha exacta; norma de la referencia; presentación disponible; coincidencia visual de variante.,revisar_variante_antes_de_publicar
SRT-ENCAU-6x18AWG-CU,familia_verificada_no_referencia_exacta,Cable flexible de cobre,https://co.prysmian.com/es/termoflex-y-termoflex-multiprop%C3%B3sito,Calibre: 18 AWG | Configuración indicada: 6x18 | Material indicado: cobre,Marca y referencia de fabricante; ficha exacta; norma de la referencia; presentación disponible; coincidencia visual de variante.,revisar_variante_antes_de_publicar
SRT-ENCAU-6x16AWG-CU,familia_verificada_no_referencia_exacta,Cable flexible de cobre,https://co.prysmian.com/es/termoflex-y-termoflex-multiprop%C3%B3sito,Calibre: 16 AWG | Configuración indicada: 6x16 | Material indicado: cobre,Marca y referencia de fabricante; ficha exacta; norma de la referencia; presentación disponible; coincidencia visual de variante.,revisar_variante_antes_de_publicar
SRT-ENCAU-6x14AWG-CU,familia_verificada_no_referencia_exacta,Cable flexible de cobre,https://co.prysmian.com/es/termoflex-y-termoflex-multiprop%C3%B3sito,Calibre: 14 AWG | Configuración indicada: 6x14 | Material indicado: cobre,Marca y referencia de fabricante; ficha exacta; norma de la referencia; presentación disponible; coincidencia visual de variante.,revisar_variante_antes_de_publicar
SRT-ENCAU-6x12AWG-CU,familia_verificada_no_referencia_exacta,Cable flexible de cobre,https://co.prysmian.com/es/termoflex-y-termoflex-multiprop%C3%B3sito,Calibre: 12 AWG | Configuración indicada: 6x12 | Material indicado: cobre,Marca y referencia de fabricante; ficha exacta; norma de la referencia; presentación disponible; coincidencia visual de variante.,revisar_variante_antes_de_publicar
SRT-ENCAU-5x18AWG-CU,familia_verificada_no_referencia_exacta,Cable flexible de cobre,https://co.prysmian.com/es/termoflex-y-termoflex-multiprop%C3%B3sito,Calibre: 18 AWG | Configuración indicada: 5x18 | Material indicado: cobre,Marca y referencia de fabricante; ficha exacta; norma de la referencia; presentación disponible; coincidencia visual de variante.,revisar_variante_antes_de_publicar
SRT-ENCAU-5x16AWG-CU,familia_verificada_no_referencia_exacta,Cable flexible de cobre,https://co.prysmian.com/es/termoflex-y-termoflex-multiprop%C3%B3sito,Calibre: 16 AWG | Configuración indicada: 5x16 | Material indicado: cobre,Marca y referencia de fabricante; ficha exacta; norma de la referencia; presentación disponible; coincidencia visual de variante.,revisar_variante_antes_de_publicar
SRT-PENDING-79A2BDF66D2B,familia_verificada_no_referencia_exacta,Cable flexible de cobre,https://co.prysmian.com/es/termoflex-y-termoflex-multiprop%C3%B3sito,Calibre: 10 AWG | Configuración indicada: 3x10 | Material indicado: cobre,Marca y referencia de fabricante; ficha exacta; norma de la referencia; presentación disponible; coincidencia visual de variante.,revisar_variante_antes_de_publicar
SRT-PENDING-93AC5F0F0161,familia_verificada_no_referencia_exacta,Cable flexible de cobre,https://co.prysmian.com/es/termoflex-y-termoflex-multiprop%C3%B3sito,Calibre: 12 AWG | Configuración indicada: 3x12 | Material indicado: cobre,Marca y referencia de fabricante; ficha exacta; norma de la referencia; presentación disponible; coincidencia visual de variante.,revisar_variante_antes_de_publicar
SRT-PENDING-E11C429FBC9C,familia_verificada_no_referencia_exacta,Cable flexible de cobre,https://co.prysmian.com/es/termoflex-y-termoflex-multiprop%C3%B3sito,Calibre: 14 AWG | Configuración indicada: 3x14 | Material indicado: cobre,Marca y referencia de fabricante; ficha exacta; norma de la referencia; presentación disponible; coincidencia visual de variante.,revisar_variante_antes_de_publicar
SRT-PENDING-9C954DF4F63F,familia_verificada_no_referencia_exacta,Cable flexible de cobre,https://co.prysmian.com/es/termoflex-y-termoflex-multiprop%C3%B3sito,Calibre: 16 AWG | Configuración indicada: 3x16 | Material indicado: cobre,Marca y referencia de fabricante; ficha exacta; norma de la referencia; presentación disponible; coincidencia visual de variante.,revisar_variante_antes_de_publicar
SRT-PENDING-F5F1E89CBB39,familia_verificada_no_referencia_exacta,Cable flexible de cobre,https://co.prysmian.com/es/termoflex-y-termoflex-multiprop%C3%B3sito,Calibre: 18 AWG | Configuración indicada: 3x18 | Material indicado: cobre,Marca y referencia de fabricante; ficha exacta; norma de la referencia; presentación disponible; coincidencia visual de variante.,revisar_variante_antes_de_publicar
SRT-PENDING-8851C823D3C1,familia_verificada_no_referencia_exacta,Cable flexible de cobre,https://co.prysmian.com/es/termoflex-y-termoflex-multiprop%C3%B3sito,Calibre: 8 AWG | Configuración indicada: 4x8 | Material indicado: cobre,Marca y referencia de fabricante; ficha exacta; norma de la referencia; presentación disponible; coincidencia visual de variante.,revisar_variante_antes_de_publicar
SRT-PENDING-9E30CCD48105,familia_verificada_no_referencia_exacta,Cable flexible de cobre,https://co.prysmian.com/es/termoflex-y-termoflex-multiprop%C3%B3sito,Calibre: 10 AWG | Configuración indicada: 4x10 | Material indicado: cobre,Marca y referencia de fabricante; ficha exacta; norma de la referencia; presentación disponible; coincidencia visual de variante.,revisar_variante_antes_de_publicar
SRT-PENDING-69DA3B02F573,familia_verificada_no_referencia_exacta,Cable flexible de cobre,https://co.prysmian.com/es/termoflex-y-termoflex-multiprop%C3%B3sito,Calibre: 12 AWG | Configuración indicada: 4x12 | Material indicado: cobre,Marca y referencia de fabricante; ficha exacta; norma de la referencia; presentación disponible; coincidencia visual de variante.,revisar_variante_antes_de_publicar
SRT-PENDING-5DC320A76AD7,familia_verificada_no_referencia_exacta,Cable flexible de cobre,https://co.prysmian.com/es/termoflex-y-termoflex-multiprop%C3%B3sito,Calibre: 14 AWG | Configuración indicada: 4x14 | Material indicado: cobre,Marca y referencia de fabricante; ficha exacta; norma de la referencia; presentación disponible; coincidencia visual de variante.,revisar_variante_antes_de_publicar
SRT-PENDING-19640B390520,familia_verificada_no_referencia_exacta,Cable flexible de cobre,https://co.prysmian.com/es/termoflex-y-termoflex-multiprop%C3%B3sito,Calibre: 16 AWG | Configuración indicada: 4x16 | Material indicado: cobre,Marca y referencia de fabricante; ficha exacta; norma de la referencia; presentación disponible; coincidencia visual de variante.,revisar_variante_antes_de_publicar
SRT-PENDING-D23957217C5F,familia_verificada_no_referencia_exacta,Cable flexible de cobre,https://co.prysmian.com/es/termoflex-y-termoflex-multiprop%C3%B3sito,Calibre: 18 AWG | Configuración indicada: 4x18 | Material indicado: cobre,Marca y referencia de fabricante; ficha exacta; norma de la referencia; presentación disponible; coincidencia visual de variante.,revisar_variante_antes_de_publicar
SRT-PENDING-AF3A85B543EB,familia_verificada_no_referencia_exacta,Cable flexible de cobre,https://co.prysmian.com/es/termoflex-y-termoflex-multiprop%C3%B3sito,Calibre: 18 AWG | Configuración indicada: 2x18 | Aislamiento o chaqueta indicada: LSZH / libre de halógenos,Marca y referencia de fabricante; ficha exacta; norma de la referencia; presentación disponible; coincidencia visual de variante.,revisar_variante_antes_de_publicar
SRT-PENDING-5FB84384A44F,familia_verificada_no_referencia_exacta,Cable flexible de cobre,https://co.prysmian.com/es/termoflex-y-termoflex-multiprop%C3%B3sito,Calibre: 18 AWG | Configuración indicada: 3x18 | Aislamiento o chaqueta indicada: LSZH / libre de halógenos,Marca y referencia de fabricante; ficha exacta; norma de la referencia; presentación disponible; coincidencia visual de variante.,revisar_variante_antes_de_publicar
SRT-PENDING-8BD8E77FFE26,familia_verificada_no_referencia_exacta,Cable flexible de cobre,https://co.prysmian.com/es/termoflex-y-termoflex-multiprop%C3%B3sito,Calibre: 18 AWG | Configuración indicada: 4x18 | Aislamiento o chaqueta indicada: LSZH / libre de halógenos,Marca y referencia de fabricante; ficha exacta; norma de la referencia; presentación disponible; coincidencia visual de variante.,revisar_variante_antes_de_publicar
SRT-PENDING-B33C9EA4395B,familia_verificada_no_referencia_exacta,Cable flexible de cobre,https://co.prysmian.com/es/termoflex-y-termoflex-multiprop%C3%B3sito,Calibre: 16 AWG | Configuración indicada: 2x16 | Aislamiento o chaqueta indicada: LSZH / libre de halógenos,Marca y referencia de fabricante; ficha exacta; norma de la referencia; presentación disponible; coincidencia visual de variante.,revisar_variante_antes_de_publicar
SRT-PENDING-60380DD3295A,familia_verificada_no_referencia_exacta,Cable flexible de cobre,https://co.prysmian.com/es/termoflex-y-termoflex-multiprop%C3%B3sito,Calibre: 16 AWG | Configuración indicada: 3x16 | Aislamiento o chaqueta indicada: LSZH / libre de halógenos,Marca y referencia de fabricante; ficha exacta; norma de la referencia; presentación disponible; coincidencia visual de variante.,revisar_variante_antes_de_publicar
SRT-PENDING-99CACFBA8491,familia_verificada_no_referencia_exacta,Cable flexible de cobre,https://co.prysmian.com/es/termoflex-y-termoflex-multiprop%C3%B3sito,Calibre: 16 AWG | Configuración indicada: 4x16 | Aislamiento o chaqueta indicada: LSZH / libre de halógenos,Marca y referencia de fabricante; ficha exacta; norma de la referencia; presentación disponible; coincidencia visual de variante.,revisar_variante_antes_de_publicar
SRT-PENDING-EF31466FE03C,familia_verificada_no_referencia_exacta,Cable flexible de cobre,https://co.prysmian.com/es/termoflex-y-termoflex-multiprop%C3%B3sito,Calibre: 14 AWG | Configuración indicada: 2x14 | Aislamiento o chaqueta indicada: LSZH / libre de halógenos,Marca y referencia de fabricante; ficha exacta; norma de la referencia; presentación disponible; coincidencia visual de variante.,revisar_variante_antes_de_publicar
SRT-PENDING-5A5C2682E16C,familia_verificada_no_referencia_exacta,Cable flexible de cobre,https://co.prysmian.com/es/termoflex-y-termoflex-multiprop%C3%B3sito,Calibre: 14 AWG | Configuración indicada: 3x14 | Aislamiento o chaqueta indicada: LSZH / libre de halógenos,Marca y referencia de fabricante; ficha exacta; norma de la referencia; presentación disponible; coincidencia visual de variante.,revisar_variante_antes_de_publicar
SRT-PENDING-F53EF417439D,familia_verificada_no_referencia_exacta,Cable flexible de cobre,https://co.prysmian.com/es/termoflex-y-termoflex-multiprop%C3%B3sito,Calibre: 14 AWG | Configuración indicada: 4x14 | Aislamiento o chaqueta indicada: LSZH / libre de halógenos,Marca y referencia de fabricante; ficha exacta; norma de la referencia; presentación disponible; coincidencia visual de variante.,revisar_variante_antes_de_publicar
SRT-PENDING-2FAD996C1713,familia_verificada_no_referencia_exacta,Cable flexible de cobre,https://co.prysmian.com/es/termoflex-y-termoflex-multiprop%C3%B3sito,Calibre: 12 AWG | Configuración indicada: 2x12 | Aislamiento o chaqueta indicada: LSZH / libre de halógenos,Marca y referencia de fabricante; ficha exacta; norma de la referencia; presentación disponible; coincidencia visual de variante.,revisar_variante_antes_de_publicar
SRT-PENDING-AB3433A8A279,familia_verificada_no_referencia_exacta,Cable flexible de cobre,https://co.prysmian.com/es/termoflex-y-termoflex-multiprop%C3%B3sito,Calibre: 12 AWG | Configuración indicada: 3x12 | Aislamiento o chaqueta indicada: LSZH / libre de halógenos,Marca y referencia de fabricante; ficha exacta; norma de la referencia; presentación disponible; coincidencia visual de variante.,revisar_variante_antes_de_publicar
SRT-PENDING-64F6D52D1104,familia_verificada_no_referencia_exacta,Cable flexible de cobre,https://co.prysmian.com/es/termoflex-y-termoflex-multiprop%C3%B3sito,Calibre: 12 AWG | Configuración indicada: 4x12 | Aislamiento o chaqueta indicada: LSZH / libre de halógenos,Marca y referencia de fabricante; ficha exacta; norma de la referencia; presentación disponible; coincidencia visual de variante.,revisar_variante_antes_de_publicar
SRT-PENDING-F599C358F081,familia_verificada_no_referencia_exacta,Cable flexible de cobre,https://co.prysmian.com/es/termoflex-y-termoflex-multiprop%C3%B3sito,Calibre: 10 AWG | Configuración indicada: 2x10 | Aislamiento o chaqueta indicada: LSZH / libre de halógenos,Marca y referencia de fabricante; ficha exacta; norma de la referencia; presentación disponible; coincidencia visual de variante.,revisar_variante_antes_de_publicar
SRT-PENDING-C11966418B2F,familia_verificada_no_referencia_exacta,Cable flexible de cobre,https://co.prysmian.com/es/termoflex-y-termoflex-multiprop%C3%B3sito,Calibre: 10 AWG | Configuración indicada: 3x10 | Aislamiento o chaqueta indicada: LSZH / libre de halógenos,Marca y referencia de fabricante; ficha exacta; norma de la referencia; presentación disponible; coincidencia visual de variante.,revisar_variante_antes_de_publicar
SRT-PENDING-54C0621797BA,familia_verificada_no_referencia_exacta,Cable flexible de cobre,https://co.prysmian.com/es/termoflex-y-termoflex-multiprop%C3%B3sito,Calibre: 10 AWG | Configuración indicada: 4x10 | Aislamiento o chaqueta indicada: LSZH / libre de halógenos,Marca y referencia de fabricante; ficha exacta; norma de la referencia; presentación disponible; coincidencia visual de variante.,revisar_variante_antes_de_publicar
SRT-PENDING-745B2E9EFC41,familia_verificada_no_referencia_exacta,Cable flexible de cobre,https://co.prysmian.com/es/termoflex-y-termoflex-multiprop%C3%B3sito,Calibre: 8 AWG | Configuración indicada: 2x8 | Aislamiento o chaqueta indicada: LSZH / libre de halógenos,Marca y referencia de fabricante; ficha exacta; norma de la referencia; presentación disponible; coincidencia visual de variante.,revisar_variante_antes_de_publicar
SRT-PENDING-A23F84BEAF24,familia_verificada_no_referencia_exacta,Cable flexible de cobre,https://co.prysmian.com/es/termoflex-y-termoflex-multiprop%C3%B3sito,Calibre: 8 AWG | Configuración indicada: 3x8 | Aislamiento o chaqueta indicada: LSZH / libre de halógenos,Marca y referencia de fabricante; ficha exacta; norma de la referencia; presentación disponible; coincidencia visual de variante.,revisar_variante_antes_de_publicar
SRT-PENDING-48317269D40B,familia_verificada_no_referencia_exacta,Cable flexible de cobre,https://co.prysmian.com/es/termoflex-y-termoflex-multiprop%C3%B3sito,Calibre: 8 AWG | Configuración indicada: 4x8 | Aislamiento o chaqueta indicada: LSZH / libre de halógenos,Marca y referencia de fabricante; ficha exacta; norma de la referencia; presentación disponible; coincidencia visual de variante.,revisar_variante_antes_de_publicar
SRT-PENDING-23FC537018EE,familia_verificada_no_referencia_exacta,Cable industrial de construcción,https://co.prysmian.com/en/products,Calibre: 10 AWG | Configuración indicada: 2x10 | Material indicado: cobre,Marca y referencia de fabricante; ficha exacta; norma de la referencia; presentación disponible; coincidencia visual de variante.,revisar_variante_antes_de_publicar
SRT-PENDING-E0C7582D9DF4,familia_verificada_no_referencia_exacta,Cable industrial de construcción,https://co.prysmian.com/en/products,Calibre: 12 AWG | Configuración indicada: 2x12 | Material indicado: cobre,Marca y referencia de fabricante; ficha exacta; norma de la referencia; presentación disponible; coincidencia visual de variante.,revisar_variante_antes_de_publicar
SRT-PENDING-FC14EDD12C47,familia_verificada_no_referencia_exacta,Cable industrial de construcción,https://co.prysmian.com/en/products,Calibre: 14 AWG | Configuración indicada: 2x14 | Material indicado: cobre,Marca y referencia de fabricante; ficha exacta; norma de la referencia; presentación disponible; coincidencia visual de variante.,revisar_variante_antes_de_publicar
SRT-PENDING-197AD43647B6,familia_verificada_no_referencia_exacta,Cable industrial de construcción,https://co.prysmian.com/en/products,Calibre: 16 AWG | Configuración indicada: 2x16 | Material indicado: cobre,Marca y referencia de fabricante; ficha exacta; norma de la referencia; presentación disponible; coincidencia visual de variante.,revisar_variante_antes_de_publicar
SRT-PENDING-EAF6D9A252F8,familia_verificada_no_referencia_exacta,Cable industrial de construcción,https://co.prysmian.com/en/products,Calibre: 18 AWG | Configuración indicada: 2x18 | Material indicado: cobre,Marca y referencia de fabricante; ficha exacta; norma de la referencia; presentación disponible; coincidencia visual de variante.,revisar_variante_antes_de_publicar
SRT-PENDING-A318A86A3026,familia_verificada_no_referencia_exacta,Cable industrial de construcción,https://co.prysmian.com/en/products,Calibre: 20 AWG | Configuración indicada: 2x20 | Material indicado: cobre,Marca y referencia de fabricante; ficha exacta; norma de la referencia; presentación disponible; coincidencia visual de variante.,revisar_variante_antes_de_publicar
SRT-PENDING-AA8592B17B19,familia_verificada_no_referencia_exacta,Cable industrial de construcción,https://co.prysmian.com/en/products,Calibre: 10 AWG | Configuración indicada: 2x10 | Material indicado: cobre,Marca y referencia de fabricante; ficha exacta; norma de la referencia; presentación disponible; coincidencia visual de variante.,revisar_variante_antes_de_publicar
SRT-PENDING-38D59C99D61B,familia_verificada_no_referencia_exacta,Cable industrial de construcción,https://co.prysmian.com/en/products,Calibre: 12 AWG | Configuración indicada: 2x12 | Material indicado: cobre,Marca y referencia de fabricante; ficha exacta; norma de la referencia; presentación disponible; coincidencia visual de variante.,revisar_variante_antes_de_publicar
SRT-PENDING-DA4E2A0F5D22,familia_verificada_no_referencia_exacta,Cable industrial de construcción,https://co.prysmian.com/en/products,Calibre: 14 AWG | Configuración indicada: 2x14 | Material indicado: cobre,Marca y referencia de fabricante; ficha exacta; norma de la referencia; presentación disponible; coincidencia visual de variante.,revisar_variante_antes_de_publicar
SRT-PENDING-A787A4628636,familia_verificada_no_referencia_exacta,Cable industrial de construcción,https://co.prysmian.com/en/products,Calibre: 16 AWG | Configuración indicada: 2x16 | Material indicado: cobre,Marca y referencia de fabricante; ficha exacta; norma de la referencia; presentación disponible; coincidencia visual de variante.,revisar_variante_antes_de_publicar
SRT-PENDING-93FB91870A58,familia_verificada_no_referencia_exacta,Cable industrial de construcción,https://co.prysmian.com/en/products,Calibre: 18 AWG | Configuración indicada: 2x18 | Material indicado: cobre,Marca y referencia de fabricante; ficha exacta; norma de la referencia; presentación disponible; coincidencia visual de variante.,revisar_variante_antes_de_publicar
SRT-PENDING-41FBFE6E73E8,familia_verificada_no_referencia_exacta,Cable industrial de construcción,https://co.prysmian.com/en/products,Calibre: 14 AWG | Configuración indicada: 2x14 | Color indicado: negro | Material indicado: cobre,Marca y referencia de fabricante; ficha exacta; norma de la referencia; presentación disponible; coincidencia visual de variante.,revisar_variante_antes_de_publicar
SRT-PENDING-2C19362BAAE5,familia_verificada_no_referencia_exacta,Cable industrial de construcción,https://co.prysmian.com/en/products,Calibre: 16 AWG | Configuración indicada: 2x16 | Color indicado: negro | Material indicado: cobre,Marca y referencia de fabricante; ficha exacta; norma de la referencia; presentación disponible; coincidencia visual de variante.,revisar_variante_antes_de_publicar
SRT-PENDING-32E3F97E7A37,familia_verificada_no_referencia_exacta,Conductor de aluminio o ACSR,https://www.nexans.co/es/products/Construcci%C3%B3n/Cables-de-Aluminio-de-Baja-Tensi%C3%B3n-Aislados.html,Calibre: 10 AWG | Material indicado: cobre,Marca y referencia de fabricante; ficha exacta; norma de la referencia; presentación disponible; coincidencia visual de variante.,revisar_variante_antes_de_publicar
SRT-PENDING-025FBE5A4E6A,familia_verificada_no_referencia_exacta,Conductor de aluminio o ACSR,https://www.nexans.co/es/products/Construcci%C3%B3n/Cables-de-Aluminio-de-Baja-Tensi%C3%B3n-Aislados.html,Calibre: 12 AWG | Material indicado: cobre,Marca y referencia de fabricante; ficha exacta; norma de la referencia; presentación disponible; coincidencia visual de variante.,revisar_variante_antes_de_publicar
SRT-PENDING-9A6072001869,familia_verificada_no_referencia_exacta,Conductor de aluminio o ACSR,https://www.nexans.co/es/products/Construcci%C3%B3n/Cables-de-Aluminio-de-Baja-Tensi%C3%B3n-Aislados.html,Calibre: 14 AWG | Material indicado: cobre,Marca y referencia de fabricante; ficha exacta; norma de la referencia; presentación disponible; coincidencia visual de variante.,revisar_variante_antes_de_publicar
SRT-PENDING-BB6C17498CE3,familia_verificada_no_referencia_exacta,Conductor de aluminio o ACSR,https://www.nexans.co/es/products/Construcci%C3%B3n/Cables-de-Aluminio-de-Baja-Tensi%C3%B3n-Aislados.html,Calibre: 16 AWG | Material indicado: cobre,Marca y referencia de fabricante; ficha exacta; norma de la referencia; presentación disponible; coincidencia visual de variante.,revisar_variante_antes_de_publicar
SRT-PENDING-9DE2ECCC6E24,familia_verificada_no_referencia_exacta,Conductor de aluminio o ACSR,https://www.nexans.co/es/products/Construcci%C3%B3n/Cables-de-Aluminio-de-Baja-Tensi%C3%B3n-Aislados.html,Calibre: 18 AWG | Material indicado: cobre,Marca y referencia de fabricante; ficha exacta; norma de la referencia; presentación disponible; coincidencia visual de variante.,revisar_variante_antes_de_publicar
SRT-PENDING-71B6AC43BD2A,familia_verificada_no_referencia_exacta,Conductor de aluminio o ACSR,https://www.nexans.co/es/products/Construcci%C3%B3n/Cables-de-Aluminio-de-Baja-Tensi%C3%B3n-Aislados.html,Calibre: 22 AWG | Material indicado: cobre,Marca y referencia de fabricante; ficha exacta; norma de la referencia; presentación disponible; coincidencia visual de variante.,revisar_variante_antes_de_publicar
SRT-PENDING-098875622BFE,familia_verificada_no_referencia_exacta,Conductor de aluminio o ACSR,https://www.nexans.co/es/products/Construcci%C3%B3n/Cables-de-Aluminio-de-Baja-Tensi%C3%B3n-Aislados.html,Calibre: 20 AWG | Material indicado: cobre,Marca y referencia de fabricante; ficha exacta; norma de la referencia; presentación disponible; coincidencia visual de variante.,revisar_variante_antes_de_publicar
SRT-PENDING-6D85330E7595,familia_verificada_no_referencia_exacta,Cable industrial de construcción,https://co.prysmian.com/en/products,Calibre: 20 AWG | Configuración indicada: 2x20 | Color indicado: cristal | Material indicado: cobre,Marca y referencia de fabricante; ficha exacta; norma de la referencia; presentación disponible; coincidencia visual de variante.,revisar_variante_antes_de_publicar
SRT-PENDING-BE050281F599,familia_verificada_no_referencia_exacta,Cable industrial de construcción,https://co.prysmian.com/en/products,Calibre: 16 AWG | Configuración indicada: 2x16 | Color indicado: cristal | Material indicado: cobre,Marca y referencia de fabricante; ficha exacta; norma de la referencia; presentación disponible; coincidencia visual de variante.,revisar_variante_antes_de_publicar
SRT-PENDING-DA37AC5700DE,familia_verificada_no_referencia_exacta,Cable industrial de construcción,https://co.prysmian.com/en/products,Calibre: 14 AWG | Configuración indicada: 2x14 | Color indicado: cristal | Material indicado: cobre,Marca y referencia de fabricante; ficha exacta; norma de la referencia; presentación disponible; coincidencia visual de variante.,revisar_variante_antes_de_publicar
SRT-PENDING-BD7A7E1B007A,familia_verificada_no_referencia_exacta,Cable industrial de construcción,https://co.prysmian.com/en/products,Calibre: 12 AWG | Configuración indicada: 2x12 | Color indicado: cristal | Material indicado: cobre,Marca y referencia de fabricante; ficha exacta; norma de la referencia; presentación disponible; coincidencia visual de variante.,revisar_variante_antes_de_publicar
SRT-PENDING-1F5C990D1A3D,familia_verificada_no_referencia_exacta,Cable industrial de construcción,https://co.prysmian.com/en/products,Calibre: 22 AWG | Configuración indicada: 2x22 | Color indicado: cristal | Material indicado: cobre,Marca y referencia de fabricante; ficha exacta; norma de la referencia; presentación disponible; coincidencia visual de variante.,revisar_variante_antes_de_publicar
SRT-PENDING-F6E3F9037813,familia_verificada_no_referencia_exacta,Cable industrial de construcción,https://co.prysmian.com/en/products,Calibre: 10 AWG | Configuración indicada: 2x10 | Color indicado: cristal | Material indicado: cobre,Marca y referencia de fabricante; ficha exacta; norma de la referencia; presentación disponible; coincidencia visual de variante.,revisar_variante_antes_de_publicar
SRT-PENDING-F303325FA0CC,familia_verificada_no_referencia_exacta,Cable industrial de construcción,https://co.prysmian.com/en/products,Calibre: 18 AWG | Configuración indicada: 2x18 | Color indicado: cristal | Material indicado: cobre,Marca y referencia de fabricante; ficha exacta; norma de la referencia; presentación disponible; coincidencia visual de variante.,revisar_variante_antes_de_publicar
SRT-PENDING-618220FAA1AB,familia_verificada_no_referencia_exacta,Aluminio serie 8000 THHN/THWN-2,https://www.nexans.co/es/products/Construcci%C3%B3n/Cables-de-Aluminio-de-Baja-Tensi%C3%B3n-Aislados/Cable-Aluminio-S8000-THWN-2/Single-Cor24584.html,Calibre: 6 AWG | Material indicado: aluminio,Marca y referencia de fabricante; ficha exacta; norma de la referencia; presentación disponible; coincidencia visual de variante.,revisar_variante_antes_de_publicar
SRT-PENDING-7802C84DE1B3,familia_verificada_no_referencia_exacta,Aluminio serie 8000 THHN/THWN-2,https://www.nexans.co/es/products/Construcci%C3%B3n/Cables-de-Aluminio-de-Baja-Tensi%C3%B3n-Aislados/Cable-Aluminio-S8000-THWN-2/Single-Cor24584.html,Calibre: 4 AWG | Material indicado: aluminio,Marca y referencia de fabricante; ficha exacta; norma de la referencia; presentación disponible; coincidencia visual de variante.,revisar_variante_antes_de_publicar
SRT-PENDING-BD8088AD9745,familia_verificada_no_referencia_exacta,Aluminio serie 8000 THHN/THWN-2,https://www.nexans.co/es/products/Construcci%C3%B3n/Cables-de-Aluminio-de-Baja-Tensi%C3%B3n-Aislados/Cable-Aluminio-S8000-THWN-2/Single-Cor24584.html,Calibre: 2 AWG | Material indicado: aluminio,Marca y referencia de fabricante; ficha exacta; norma de la referencia; presentación disponible; coincidencia visual de variante.,revisar_variante_antes_de_publicar
SRT-PENDING-D2AF8D0AFA5B,familia_verificada_no_referencia_exacta,Aluminio serie 8000 THHN/THWN-2,https://www.nexans.co/es/products/Construcci%C3%B3n/Cables-de-Aluminio-de-Baja-Tensi%C3%B3n-Aislados/Cable-Aluminio-S8000-THWN-2/Single-Cor24584.html,Calibre: 1/0 AWG | Material indicado: aluminio,Marca y referencia de fabricante; ficha exacta; norma de la referencia; presentación disponible; coincidencia visual de variante.,revisar_variante_antes_de_publicar
SRT-PENDING-17B5235302EA,familia_verificada_no_referencia_exacta,Aluminio serie 8000 THHN/THWN-2,https://www.nexans.co/es/products/Construcci%C3%B3n/Cables-de-Aluminio-de-Baja-Tensi%C3%B3n-Aislados/Cable-Aluminio-S8000-THWN-2/Single-Cor24584.html,Calibre: 2/0 AWG | Material indicado: aluminio,Marca y referencia de fabricante; ficha exacta; norma de la referencia; presentación disponible; coincidencia visual de variante.,revisar_variante_antes_de_publicar
SRT-PENDING-FE68D8389306,familia_verificada_no_referencia_exacta,Aluminio serie 8000 THHN/THWN-2,https://www.nexans.co/es/products/Construcci%C3%B3n/Cables-de-Aluminio-de-Baja-Tensi%C3%B3n-Aislados/Cable-Aluminio-S8000-THWN-2/Single-Cor24584.html,Calibre: 4/0 AWG | Material indicado: aluminio,Marca y referencia de fabricante; ficha exacta; norma de la referencia; presentación disponible; coincidencia visual de variante.,revisar_variante_antes_de_publicar
SRT-PENDING-E4C3804FAEF6,familia_verificada_no_referencia_exacta,Aluminio serie 8000 THHN/THWN-2,https://www.nexans.co/es/products/Construcci%C3%B3n/Cables-de-Aluminio-de-Baja-Tensi%C3%B3n-Aislados/Cable-Aluminio-S8000-THWN-2/Single-Cor24584.html,Sección: 250 kcmil | Material indicado: aluminio,Marca y referencia de fabricante; ficha exacta; norma de la referencia; presentación disponible; coincidencia visual de variante.,revisar_variante_antes_de_publicar
SRT-PENDING-08F3829DA7AE,familia_verificada_no_referencia_exacta,Aluminio serie 8000 THHN/THWN-2,https://www.nexans.co/es/products/Construcci%C3%B3n/Cables-de-Aluminio-de-Baja-Tensi%C3%B3n-Aislados/Cable-Aluminio-S8000-THWN-2/Single-Cor24584.html,Sección: 350 kcmil | Material indicado: aluminio,Marca y referencia de fabricante; ficha exacta; norma de la referencia; presentación disponible; coincidencia visual de variante.,revisar_variante_antes_de_publicar
SRT-PENDING-2B93CC066BC7,familia_verificada_no_referencia_exacta,Aluminio serie 8000 THHN/THWN-2,https://www.nexans.co/es/products/Construcci%C3%B3n/Cables-de-Aluminio-de-Baja-Tensi%C3%B3n-Aislados/Cable-Aluminio-S8000-THWN-2/Single-Cor24584.html,Sección: 500 kcmil | Material indicado: aluminio,Marca y referencia de fabricante; ficha exacta; norma de la referencia; presentación disponible; coincidencia visual de variante.,revisar_variante_antes_de_publicar
SRT-PENDING-B57B2EE1A859,familia_verificada_no_referencia_exacta,Aluminio serie 8000 THHN/THWN-2,https://www.nexans.co/es/products/Construcci%C3%B3n/Cables-de-Aluminio-de-Baja-Tensi%C3%B3n-Aislados/Cable-Aluminio-S8000-THWN-2/Single-Cor24584.html,Calibre: 6 AWG | Material indicado: aluminio | Aislamiento o chaqueta indicada: LSZH / libre de halógenos,Marca y referencia de fabricante; ficha exacta; norma de la referencia; presentación disponible; coincidencia visual de variante.,revisar_variante_antes_de_publicar
SRT-PENDING-B046A49FCC82,familia_verificada_no_referencia_exacta,Aluminio serie 8000 THHN/THWN-2,https://www.nexans.co/es/products/Construcci%C3%B3n/Cables-de-Aluminio-de-Baja-Tensi%C3%B3n-Aislados/Cable-Aluminio-S8000-THWN-2/Single-Cor24584.html,Calibre: 4 AWG | Material indicado: aluminio | Aislamiento o chaqueta indicada: LSZH / libre de halógenos,Marca y referencia de fabricante; ficha exacta; norma de la referencia; presentación disponible; coincidencia visual de variante.,revisar_variante_antes_de_publicar
SRT-PENDING-7246E8E3A573,familia_verificada_no_referencia_exacta,Aluminio serie 8000 THHN/THWN-2,https://www.nexans.co/es/products/Construcci%C3%B3n/Cables-de-Aluminio-de-Baja-Tensi%C3%B3n-Aislados/Cable-Aluminio-S8000-THWN-2/Single-Cor24584.html,Calibre: 2 AWG | Material indicado: aluminio | Aislamiento o chaqueta indicada: LSZH / libre de halógenos,Marca y referencia de fabricante; ficha exacta; norma de la referencia; presentación disponible; coincidencia visual de variante.,revisar_variante_antes_de_publicar
SRT-PENDING-C775808B3073,familia_verificada_no_referencia_exacta,Aluminio serie 8000 THHN/THWN-2,https://www.nexans.co/es/products/Construcci%C3%B3n/Cables-de-Aluminio-de-Baja-Tensi%C3%B3n-Aislados/Cable-Aluminio-S8000-THWN-2/Single-Cor24584.html,Calibre: 1/0 AWG | Material indicado: aluminio | Aislamiento o chaqueta indicada: LSZH / libre de halógenos,Marca y referencia de fabricante; ficha exacta; norma de la referencia; presentación disponible; coincidencia visual de variante.,revisar_variante_antes_de_publicar
SRT-PENDING-CDB94E717A0C,familia_verificada_no_referencia_exacta,Aluminio serie 8000 THHN/THWN-2,https://www.nexans.co/es/products/Construcci%C3%B3n/Cables-de-Aluminio-de-Baja-Tensi%C3%B3n-Aislados/Cable-Aluminio-S8000-THWN-2/Single-Cor24584.html,Calibre: 2/0 AWG | Material indicado: aluminio | Aislamiento o chaqueta indicada: LSZH / libre de halógenos,Marca y referencia de fabricante; ficha exacta; norma de la referencia; presentación disponible; coincidencia visual de variante.,revisar_variante_antes_de_publicar
SRT-PENDING-510C78A9F1D1,familia_verificada_no_referencia_exacta,Aluminio serie 8000 THHN/THWN-2,https://www.nexans.co/es/products/Construcci%C3%B3n/Cables-de-Aluminio-de-Baja-Tensi%C3%B3n-Aislados/Cable-Aluminio-S8000-THWN-2/Single-Cor24584.html,Calibre: 4/0 AWG | Material indicado: aluminio | Aislamiento o chaqueta indicada: LSZH / libre de halógenos,Marca y referencia de fabricante; ficha exacta; norma de la referencia; presentación disponible; coincidencia visual de variante.,revisar_variante_antes_de_publicar
SRT-PENDING-A0CFFB40DD66,familia_verificada_no_referencia_exacta,Aluminio serie 8000 THHN/THWN-2,https://www.nexans.co/es/products/Construcci%C3%B3n/Cables-de-Aluminio-de-Baja-Tensi%C3%B3n-Aislados/Cable-Aluminio-S8000-THWN-2/Single-Cor24584.html,Sección: 250 kcmil | Material indicado: aluminio | Aislamiento o chaqueta indicada: LSZH / libre de halógenos,Marca y referencia de fabricante; ficha exacta; norma de la referencia; presentación disponible; coincidencia visual de variante.,revisar_variante_antes_de_publicar
SRT-PENDING-C395AD6C2B57,familia_verificada_no_referencia_exacta,Aluminio serie 8000 THHN/THWN-2,https://www.nexans.co/es/products/Construcci%C3%B3n/Cables-de-Aluminio-de-Baja-Tensi%C3%B3n-Aislados/Cable-Aluminio-S8000-THWN-2/Single-Cor24584.html,Sección: 350 kcmil | Material indicado: aluminio | Aislamiento o chaqueta indicada: LSZH / libre de halógenos,Marca y referencia de fabricante; ficha exacta; norma de la referencia; presentación disponible; coincidencia visual de variante.,revisar_variante_antes_de_publicar
SRT-PENDING-4648B0B0D442,familia_verificada_no_referencia_exacta,Aluminio serie 8000 THHN/THWN-2,https://www.nexans.co/es/products/Construcci%C3%B3n/Cables-de-Aluminio-de-Baja-Tensi%C3%B3n-Aislados/Cable-Aluminio-S8000-THWN-2/Single-Cor24584.html,Sección: 500 kcmil | Material indicado: aluminio | Aislamiento o chaqueta indicada: LSZH / libre de halógenos,Marca y referencia de fabricante; ficha exacta; norma de la referencia; presentación disponible; coincidencia visual de variante.,revisar_variante_antes_de_publicar
SRT-PENDING-263562792023,familia_verificada_no_referencia_exacta,Conductor de aluminio o ACSR,https://www.nexans.co/es/products/Construcci%C3%B3n/Cables-de-Aluminio-de-Baja-Tensi%C3%B3n-Aislados.html,Sección: 4 kcmil | Material indicado: aluminio,Marca y referencia de fabricante; ficha exacta; norma de la referencia; presentación disponible; coincidencia visual de variante.,revisar_variante_antes_de_publicar
SRT-PENDING-FEDCA5B2130A,familia_verificada_no_referencia_exacta,Conductor de aluminio o ACSR,https://www.nexans.co/es/products/Construcci%C3%B3n/Cables-de-Aluminio-de-Baja-Tensi%C3%B3n-Aislados.html,Sección: 8 kcmil | Material indicado: aluminio,Marca y referencia de fabricante; ficha exacta; norma de la referencia; presentación disponible; coincidencia visual de variante.,revisar_variante_antes_de_publicar
SRT-PENDING-FA246626787C,familia_verificada_no_referencia_exacta,Conductor de aluminio o ACSR,https://www.nexans.co/es/products/Construcci%C3%B3n/Cables-de-Aluminio-de-Baja-Tensi%C3%B3n-Aislados.html,Sección: 8 kcmil | Material indicado: aluminio,Marca y referencia de fabricante; ficha exacta; norma de la referencia; presentación disponible; coincidencia visual de variante.,revisar_variante_antes_de_publicar
SRT-PENDING-067154A42972,familia_verificada_no_referencia_exacta,Conductor de aluminio o ACSR,https://www.nexans.co/es/products/Construcci%C3%B3n/Cables-de-Aluminio-de-Baja-Tensi%C3%B3n-Aislados.html,Calibre: 2 AWG | Material indicado: aluminio,Marca y referencia de fabricante; ficha exacta; norma de la referencia; presentación disponible; coincidencia visual de variante.,revisar_variante_antes_de_publicar
SRT-PENDING-0F15D54AACAC,familia_verificada_no_referencia_exacta,Conductor de aluminio o ACSR,https://www.nexans.co/es/products/Construcci%C3%B3n/Cables-de-Aluminio-de-Baja-Tensi%C3%B3n-Aislados.html,Calibre: 1/0 AWG | Material indicado: aluminio,Marca y referencia de fabricante; ficha exacta; norma de la referencia; presentación disponible; coincidencia visual de variante.,revisar_variante_antes_de_publicar
SRT-PENDING-A73CFC9A0727,familia_verificada_no_referencia_exacta,Conductor de aluminio o ACSR,https://www.nexans.co/es/products/Construcci%C3%B3n/Cables-de-Aluminio-de-Baja-Tensi%C3%B3n-Aislados.html,Calibre: 2/0 AWG | Material indicado: aluminio,Marca y referencia de fabricante; ficha exacta; norma de la referencia; presentación disponible; coincidencia visual de variante.,revisar_variante_antes_de_publicar
SRT-PENDING-266E0D610A17,familia_verificada_no_referencia_exacta,Conductor de aluminio o ACSR,https://www.nexans.co/es/products/Construcci%C3%B3n/Cables-de-Aluminio-de-Baja-Tensi%C3%B3n-Aislados.html,Calibre: 4/0 AWG | Material indicado: aluminio,Marca y referencia de fabricante; ficha exacta; norma de la referencia; presentación disponible; coincidencia visual de variante.,revisar_variante_antes_de_publicar
SRT-PENDING-5023C4F2A294,familia_verificada_no_referencia_exacta,Conductor de aluminio o ACSR,https://www.nexans.co/es/products/Construcci%C3%B3n/Cables-de-Aluminio-de-Baja-Tensi%C3%B3n-Aislados.html,Calibre: 3/0 AWG | Material indicado: aluminio,Marca y referencia de fabricante; ficha exacta; norma de la referencia; presentación disponible; coincidencia visual de variante.,revisar_variante_antes_de_publicar
SRT-PENDING-9E98C10B8CED,familia_verificada_no_referencia_exacta,Conductor de aluminio o ACSR,https://www.nexans.co/es/products/Construcci%C3%B3n/Cables-de-Aluminio-de-Baja-Tensi%C3%B3n-Aislados.html,Calibre: 4 AWG | Material indicado: aluminio,Marca y referencia de fabricante; ficha exacta; norma de la referencia; presentación disponible; coincidencia visual de variante.,revisar_variante_antes_de_publicar
SRT-PENDING-A69BDCC48792,familia_verificada_no_referencia_exacta,Conductor de aluminio o ACSR,https://www.nexans.co/es/products/Construcci%C3%B3n/Cables-de-Aluminio-de-Baja-Tensi%C3%B3n-Aislados.html,Sección: 8 kcmil | Material indicado: aluminio,Marca y referencia de fabricante; ficha exacta; norma de la referencia; presentación disponible; coincidencia visual de variante.,revisar_variante_antes_de_publicar
SRT-PENDING-8044A4C1B9DC,familia_verificada_no_referencia_exacta,Alambre/cable THHN/THWN-2 600 V,https://www.nexans.co/es/products/Construcci%C3%B3n/Cables-de-Cobre-de-Baja-Tensi%C3%B3n-Aislados/Cable-THHN-THWN-2/Cable-Type24144.html,Calibre: 4/0 AWG | Configuración indicada: 3x4/0+4/0 | Material indicado: aluminio | Aislamiento o chaqueta indicada: XLPE,Marca y referencia de fabricante; ficha exacta; norma de la referencia; presentación disponible; coincidencia visual de variante.,revisar_variante_antes_de_publicar
SRT-PENDING-75B78DEB2833,familia_verificada_no_referencia_exacta,Alambre/cable THHN/THWN-2 600 V,https://www.nexans.co/es/products/Construcci%C3%B3n/Cables-de-Cobre-de-Baja-Tensi%C3%B3n-Aislados/Cable-THHN-THWN-2/Cable-Type24144.html,Calibre: 4/0 AWG | Configuración indicada: 3x4/0+2/0 | Material indicado: aluminio | Aislamiento o chaqueta indicada: XLPE,Marca y referencia de fabricante; ficha exacta; norma de la referencia; presentación disponible; coincidencia visual de variante.,revisar_variante_antes_de_publicar
SRT-PENDING-B1B9FD4A3D6D,familia_verificada_no_referencia_exacta,Alambre/cable THHN/THWN-2 600 V,https://www.nexans.co/es/products/Construcci%C3%B3n/Cables-de-Cobre-de-Baja-Tensi%C3%B3n-Aislados/Cable-THHN-THWN-2/Cable-Type24144.html,Calibre: 4/0 AWG | Configuración indicada: 3x4/0+1/0 | Material indicado: aluminio | Aislamiento o chaqueta indicada: XLPE,Marca y referencia de fabricante; ficha exacta; norma de la referencia; presentación disponible; coincidencia visual de variante.,revisar_variante_antes_de_publicar
SRT-PENDING-27D8B25958DA,familia_verificada_no_referencia_exacta,Alambre/cable THHN/THWN-2 600 V,https://www.nexans.co/es/products/Construcci%C3%B3n/Cables-de-Cobre-de-Baja-Tensi%C3%B3n-Aislados/Cable-THHN-THWN-2/Cable-Type24144.html,Calibre: 2/0 AWG | Configuración indicada: 3x2/0+2/0 | Material indicado: aluminio | Aislamiento o chaqueta indicada: XLPE,Marca y referencia de fabricante; ficha exacta; norma de la referencia; presentación disponible; coincidencia visual de variante.,revisar_variante_antes_de_publicar
SRT-PENDING-D96DEC8CDC15,familia_verificada_no_referencia_exacta,Alambre/cable THHN/THWN-2 600 V,https://www.nexans.co/es/products/Construcci%C3%B3n/Cables-de-Cobre-de-Baja-Tensi%C3%B3n-Aislados/Cable-THHN-THWN-2/Cable-Type24144.html,Calibre: 2/0 AWG | Configuración indicada: 3x2/0+1/0 | Material indicado: aluminio | Aislamiento o chaqueta indicada: XLPE,Marca y referencia de fabricante; ficha exacta; norma de la referencia; presentación disponible; coincidencia visual de variante.,revisar_variante_antes_de_publicar
SRT-PENDING-4713A378D085,familia_verificada_no_referencia_exacta,Alambre/cable THHN/THWN-2 600 V,https://www.nexans.co/es/products/Construcci%C3%B3n/Cables-de-Cobre-de-Baja-Tensi%C3%B3n-Aislados/Cable-THHN-THWN-2/Cable-Type24144.html,Calibre: 1/0 AWG | Configuración indicada: 3x1/0+1/0 | Material indicado: aluminio | Aislamiento o chaqueta indicada: XLPE,Marca y referencia de fabricante; ficha exacta; norma de la referencia; presentación disponible; coincidencia visual de variante.,revisar_variante_antes_de_publicar
SRT-PENDING-2104A7D24A9E,familia_verificada_no_referencia_exacta,Alambre/cable THHN/THWN-2 600 V,https://www.nexans.co/es/products/Construcci%C3%B3n/Cables-de-Cobre-de-Baja-Tensi%C3%B3n-Aislados/Cable-THHN-THWN-2/Cable-Type24144.html,Calibre: 1/0 AWG | Configuración indicada: 3x1/0+2 | Material indicado: aluminio | Aislamiento o chaqueta indicada: XLPE,Marca y referencia de fabricante; ficha exacta; norma de la referencia; presentación disponible; coincidencia visual de variante.,revisar_variante_antes_de_publicar
SRT-PENDING-6B93A56C256A,familia_verificada_no_referencia_exacta,Alambre/cable THHN/THWN-2 600 V,https://www.nexans.co/es/products/Construcci%C3%B3n/Cables-de-Cobre-de-Baja-Tensi%C3%B3n-Aislados/Cable-THHN-THWN-2/Cable-Type24144.html,Calibre: 2 AWG | Configuración indicada: 3x2+1/0 | Material indicado: aluminio | Aislamiento o chaqueta indicada: XLPE,Marca y referencia de fabricante; ficha exacta; norma de la referencia; presentación disponible; coincidencia visual de variante.,revisar_variante_antes_de_publicar
SRT-PENDING-34D217C09266,familia_verificada_no_referencia_exacta,Alambre/cable THHN/THWN-2 600 V,https://www.nexans.co/es/products/Construcci%C3%B3n/Cables-de-Cobre-de-Baja-Tensi%C3%B3n-Aislados/Cable-THHN-THWN-2/Cable-Type24144.html,Calibre: 2 AWG | Configuración indicada: 3x2+2 | Material indicado: aluminio | Aislamiento o chaqueta indicada: XLPE,Marca y referencia de fabricante; ficha exacta; norma de la referencia; presentación disponible; coincidencia visual de variante.,revisar_variante_antes_de_publicar
SRT-PENDING-042EE4D4AB06,familia_verificada_no_referencia_exacta,Alambre/cable THHN/THWN-2 600 V,https://www.nexans.co/es/products/Construcci%C3%B3n/Cables-de-Cobre-de-Baja-Tensi%C3%B3n-Aislados/Cable-THHN-THWN-2/Cable-Type24144.html,Calibre: 4 AWG | Configuración indicada: 3x4+4 | Material indicado: aluminio | Aislamiento o chaqueta indicada: XLPE,Marca y referencia de fabricante; ficha exacta; norma de la referencia; presentación disponible; coincidencia visual de variante.,revisar_variante_antes_de_publicar
SRT-PENDING-196E7A66EC82,familia_verificada_no_referencia_exacta,Conductor de aluminio o ACSR,https://www.nexans.co/es/products/Construcci%C3%B3n/Cables-de-Aluminio-de-Baja-Tensi%C3%B3n-Aislados.html,Calibre: 4/0 AWG | Configuración indicada: 3x4/0+4/0 | Material indicado: aluminio | Aislamiento o chaqueta indicada: XLPE,Marca y referencia de fabricante; ficha exacta; norma de la referencia; presentación disponible; coincidencia visual de variante.,revisar_variante_antes_de_publicar
SRT-PENDING-6D4A60D14D34,familia_verificada_no_referencia_exacta,Conductor de aluminio o ACSR,https://www.nexans.co/es/products/Construcci%C3%B3n/Cables-de-Aluminio-de-Baja-Tensi%C3%B3n-Aislados.html,Calibre: 4/0 AWG | Configuración indicada: 3x4/0+2/0 | Material indicado: aluminio | Aislamiento o chaqueta indicada: XLPE,Marca y referencia de fabricante; ficha exacta; norma de la referencia; presentación disponible; coincidencia visual de variante.,revisar_variante_antes_de_publicar
SRT-PENDING-84363C00914B,familia_verificada_no_referencia_exacta,Conductor de aluminio o ACSR,https://www.nexans.co/es/products/Construcci%C3%B3n/Cables-de-Aluminio-de-Baja-Tensi%C3%B3n-Aislados.html,Calibre: 2/0 AWG | Configuración indicada: 3x2/0+2/0 | Material indicado: aluminio | Aislamiento o chaqueta indicada: XLPE,Marca y referencia de fabricante; ficha exacta; norma de la referencia; presentación disponible; coincidencia visual de variante.,revisar_variante_antes_de_publicar
SRT-PENDING-E00051A36FB6,familia_verificada_no_referencia_exacta,Conductor de aluminio o ACSR,https://www.nexans.co/es/products/Construcci%C3%B3n/Cables-de-Aluminio-de-Baja-Tensi%C3%B3n-Aislados.html,Calibre: 2/0 AWG | Configuración indicada: 3x2/0+1/0 | Material indicado: aluminio | Aislamiento o chaqueta indicada: XLPE,Marca y referencia de fabricante; ficha exacta; norma de la referencia; presentación disponible; coincidencia visual de variante.,revisar_variante_antes_de_publicar
SRT-PENDING-FB07F7E9A51B,familia_verificada_no_referencia_exacta,Conductor de aluminio o ACSR,https://www.nexans.co/es/products/Construcci%C3%B3n/Cables-de-Aluminio-de-Baja-Tensi%C3%B3n-Aislados.html,Calibre: 1/0 AWG | Configuración indicada: 3x1/0+1/0 | Material indicado: aluminio | Aislamiento o chaqueta indicada: XLPE,Marca y referencia de fabricante; ficha exacta; norma de la referencia; presentación disponible; coincidencia visual de variante.,revisar_variante_antes_de_publicar
SRT-PENDING-34CD8C37BC1C,familia_verificada_no_referencia_exacta,Conductor de aluminio o ACSR,https://www.nexans.co/es/products/Construcci%C3%B3n/Cables-de-Aluminio-de-Baja-Tensi%C3%B3n-Aislados.html,Calibre: 1/0 AWG | Configuración indicada: 3x1/0+2 | Material indicado: aluminio | Aislamiento o chaqueta indicada: XLPE,Marca y referencia de fabricante; ficha exacta; norma de la referencia; presentación disponible; coincidencia visual de variante.,revisar_variante_antes_de_publicar
SRT-PENDING-2D1847DB2E7B,familia_verificada_no_referencia_exacta,Conductor de aluminio o ACSR,https://www.nexans.co/es/products/Construcci%C3%B3n/Cables-de-Aluminio-de-Baja-Tensi%C3%B3n-Aislados.html,Calibre: 2 AWG | Configuración indicada: 3x2+2 | Material indicado: aluminio | Aislamiento o chaqueta indicada: XLPE,Marca y referencia de fabricante; ficha exacta; norma de la referencia; presentación disponible; coincidencia visual de variante.,revisar_variante_antes_de_publicar
SRT-PENDING-F8A7919373AD,familia_verificada_no_referencia_exacta,Conductor de aluminio o ACSR,https://www.nexans.co/es/products/Construcci%C3%B3n/Cables-de-Aluminio-de-Baja-Tensi%C3%B3n-Aislados.html,Calibre: 2 AWG | Configuración indicada: 3x2+4 | Material indicado: aluminio | Aislamiento o chaqueta indicada: XLPE,Marca y referencia de fabricante; ficha exacta; norma de la referencia; presentación disponible; coincidencia visual de variante.,revisar_variante_antes_de_publicar
SRT-PENDING-3BD5191D4ECE,familia_verificada_no_referencia_exacta,Conductor de aluminio o ACSR,https://www.nexans.co/es/products/Construcci%C3%B3n/Cables-de-Aluminio-de-Baja-Tensi%C3%B3n-Aislados.html,Calibre: 4 AWG | Configuración indicada: 3x4+4 | Material indicado: aluminio | Aislamiento o chaqueta indicada: XLPE,Marca y referencia de fabricante; ficha exacta; norma de la referencia; presentación disponible; coincidencia visual de variante.,revisar_variante_antes_de_publicar
SRT-PENDING-1FA91735D6F2,familia_verificada_no_referencia_exacta,Conductor de aluminio o ACSR,https://www.nexans.co/es/products/Construcci%C3%B3n/Cables-de-Aluminio-de-Baja-Tensi%C3%B3n-Aislados.html,Calibre: 6 AWG | Configuración indicada: 3x6+6 | Material indicado: aluminio | Aislamiento o chaqueta indicada: XLPE,Marca y referencia de fabricante; ficha exacta; norma de la referencia; presentación disponible; coincidencia visual de variante.,revisar_variante_antes_de_publicar
SRT-PENDING-4667F1459C76,familia_verificada_no_referencia_exacta,Conductor de aluminio o ACSR,https://www.nexans.co/es/products/Construcci%C3%B3n/Cables-de-Aluminio-de-Baja-Tensi%C3%B3n-Aislados.html,Calibre: 4/0 AWG | Configuración indicada: 2x4/0+4/0 | Material indicado: aluminio | Aislamiento o chaqueta indicada: XLPE,Marca y referencia de fabricante; ficha exacta; norma de la referencia; presentación disponible; coincidencia visual de variante.,revisar_variante_antes_de_publicar
SRT-PENDING-A6EB12EB3ABE,familia_verificada_no_referencia_exacta,Conductor de aluminio o ACSR,https://www.nexans.co/es/products/Construcci%C3%B3n/Cables-de-Aluminio-de-Baja-Tensi%C3%B3n-Aislados.html,Calibre: 4/0 AWG | Configuración indicada: 2x4/0+2/0 | Material indicado: aluminio | Aislamiento o chaqueta indicada: XLPE,Marca y referencia de fabricante; ficha exacta; norma de la referencia; presentación disponible; coincidencia visual de variante.,revisar_variante_antes_de_publicar
SRT-PENDING-98CDD9236AD2,familia_verificada_no_referencia_exacta,Conductor de aluminio o ACSR,https://www.nexans.co/es/products/Construcci%C3%B3n/Cables-de-Aluminio-de-Baja-Tensi%C3%B3n-Aislados.html,Calibre: 2/0 AWG | Configuración indicada: 2x2/0+2/0 | Material indicado: aluminio | Aislamiento o chaqueta indicada: XLPE,Marca y referencia de fabricante; ficha exacta; norma de la referencia; presentación disponible; coincidencia visual de variante.,revisar_variante_antes_de_publicar
SRT-PENDING-4316A8FAA999,familia_verificada_no_referencia_exacta,Conductor de aluminio o ACSR,https://www.nexans.co/es/products/Construcci%C3%B3n/Cables-de-Aluminio-de-Baja-Tensi%C3%B3n-Aislados.html,Calibre: 2/0 AWG | Configuración indicada: 2x2/0+1/0 | Material indicado: aluminio | Aislamiento o chaqueta indicada: XLPE,Marca y referencia de fabricante; ficha exacta; norma de la referencia; presentación disponible; coincidencia visual de variante.,revisar_variante_antes_de_publicar
SRT-PENDING-9EC49C7A28A9,familia_verificada_no_referencia_exacta,Conductor de aluminio o ACSR,https://www.nexans.co/es/products/Construcci%C3%B3n/Cables-de-Aluminio-de-Baja-Tensi%C3%B3n-Aislados.html,Calibre: 1/0 AWG | Configuración indicada: 2x1/0+1/0 | Material indicado: aluminio | Aislamiento o chaqueta indicada: XLPE,Marca y referencia de fabricante; ficha exacta; norma de la referencia; presentación disponible; coincidencia visual de variante.,revisar_variante_antes_de_publicar
SRT-PENDING-3364423C1A92,familia_verificada_no_referencia_exacta,Conductor de aluminio o ACSR,https://www.nexans.co/es/products/Construcci%C3%B3n/Cables-de-Aluminio-de-Baja-Tensi%C3%B3n-Aislados.html,Calibre: 1/0 AWG | Configuración indicada: 2x1/0+2 | Material indicado: aluminio | Aislamiento o chaqueta indicada: XLPE,Marca y referencia de fabricante; ficha exacta; norma de la referencia; presentación disponible; coincidencia visual de variante.,revisar_variante_antes_de_publicar
SRT-PENDING-6CB32956DF6E,familia_verificada_no_referencia_exacta,Conductor de aluminio o ACSR,https://www.nexans.co/es/products/Construcci%C3%B3n/Cables-de-Aluminio-de-Baja-Tensi%C3%B3n-Aislados.html,Calibre: 2 AWG | Configuración indicada: 2x2+2 | Material indicado: aluminio | Aislamiento o chaqueta indicada: XLPE,Marca y referencia de fabricante; ficha exacta; norma de la referencia; presentación disponible; coincidencia visual de variante.,revisar_variante_antes_de_publicar
SRT-PENDING-4F6FC158B6F6,familia_verificada_no_referencia_exacta,Conductor de aluminio o ACSR,https://www.nexans.co/es/products/Construcci%C3%B3n/Cables-de-Aluminio-de-Baja-Tensi%C3%B3n-Aislados.html,Calibre: 2 AWG | Configuración indicada: 2x2+4 | Material indicado: aluminio | Aislamiento o chaqueta indicada: XLPE,Marca y referencia de fabricante; ficha exacta; norma de la referencia; presentación disponible; coincidencia visual de variante.,revisar_variante_antes_de_publicar
SRT-PENDING-B16203A08F0E,familia_verificada_no_referencia_exacta,Conductor de aluminio o ACSR,https://www.nexans.co/es/products/Construcci%C3%B3n/Cables-de-Aluminio-de-Baja-Tensi%C3%B3n-Aislados.html,Calibre: 4 AWG | Configuración indicada: 2x4+4 | Material indicado: aluminio | Aislamiento o chaqueta indicada: XLPE,Marca y referencia de fabricante; ficha exacta; norma de la referencia; presentación disponible; coincidencia visual de variante.,revisar_variante_antes_de_publicar
SRT-PENDING-9F87DBDC8A7A,familia_verificada_no_referencia_exacta,Conductor de aluminio o ACSR,https://www.nexans.co/es/products/Construcci%C3%B3n/Cables-de-Aluminio-de-Baja-Tensi%C3%B3n-Aislados.html,Calibre: 6 AWG | Configuración indicada: 2x6+6 | Material indicado: aluminio | Aislamiento o chaqueta indicada: XLPE,Marca y referencia de fabricante; ficha exacta; norma de la referencia; presentación disponible; coincidencia visual de variante.,revisar_variante_antes_de_publicar
SRT-PENDING-97BC9D6F9F20,familia_verificada_no_referencia_exacta,Alambre/cable THHN/THWN-2 600 V,https://www.nexans.co/es/products/Construcci%C3%B3n/Cables-de-Cobre-de-Baja-Tensi%C3%B3n-Aislados/Cable-THHN-THWN-2/Cable-Type24144.html,Calibre: 1/0 AWG | Configuración indicada: 2x1/0+123 | Material indicado: aluminio | Aislamiento o chaqueta indicada: XLPE,Marca y referencia de fabricante; ficha exacta; norma de la referencia; presentación disponible; coincidencia visual de variante.,revisar_variante_antes_de_publicar
SRT-PENDING-489F09CF9F93,familia_verificada_no_referencia_exacta,Alambre/cable THHN/THWN-2 600 V,https://www.nexans.co/es/products/Construcci%C3%B3n/Cables-de-Cobre-de-Baja-Tensi%C3%B3n-Aislados/Cable-THHN-THWN-2/Cable-Type24144.html,Calibre: 4/0 AWG | Configuración indicada: 2x4/0+4/0 | Material indicado: aluminio | Aislamiento o chaqueta indicada: XLPE,Marca y referencia de fabricante; ficha exacta; norma de la referencia; presentación disponible; coincidencia visual de variante.,revisar_variante_antes_de_publicar
SRT-PENDING-A489247D6512,familia_verificada_no_referencia_exacta,Alambre/cable THHN/THWN-2 600 V,https://www.nexans.co/es/products/Construcci%C3%B3n/Cables-de-Cobre-de-Baja-Tensi%C3%B3n-Aislados/Cable-THHN-THWN-2/Cable-Type24144.html,Calibre: 4/0 AWG | Configuración indicada: 2x4/0+2/0 | Material indicado: aluminio | Aislamiento o chaqueta indicada: XLPE,Marca y referencia de fabricante; ficha exacta; norma de la referencia; presentación disponible; coincidencia visual de variante.,revisar_variante_antes_de_publicar
SRT-PENDING-781A57233F63,familia_verificada_no_referencia_exacta,Alambre/cable THHN/THWN-2 600 V,https://www.nexans.co/es/products/Construcci%C3%B3n/Cables-de-Cobre-de-Baja-Tensi%C3%B3n-Aislados/Cable-THHN-THWN-2/Cable-Type24144.html,Calibre: 2/0 AWG | Configuración indicada: 2x2/0+2/0 | Material indicado: aluminio | Aislamiento o chaqueta indicada: XLPE,Marca y referencia de fabricante; ficha exacta; norma de la referencia; presentación disponible; coincidencia visual de variante.,revisar_variante_antes_de_publicar
SRT-PENDING-4867D6D22AAF,familia_verificada_no_referencia_exacta,Alambre/cable THHN/THWN-2 600 V,https://www.nexans.co/es/products/Construcci%C3%B3n/Cables-de-Cobre-de-Baja-Tensi%C3%B3n-Aislados/Cable-THHN-THWN-2/Cable-Type24144.html,Calibre: 2/0 AWG | Configuración indicada: 2x2/0+1/0 | Material indicado: aluminio | Aislamiento o chaqueta indicada: XLPE,Marca y referencia de fabricante; ficha exacta; norma de la referencia; presentación disponible; coincidencia visual de variante.,revisar_variante_antes_de_publicar
SRT-PENDING-B11AA016E2B8,familia_verificada_no_referencia_exacta,Alambre/cable THHN/THWN-2 600 V,https://www.nexans.co/es/products/Construcci%C3%B3n/Cables-de-Cobre-de-Baja-Tensi%C3%B3n-Aislados/Cable-THHN-THWN-2/Cable-Type24144.html,Calibre: 1/0 AWG | Configuración indicada: 2x1/0+1/0 | Material indicado: aluminio | Aislamiento o chaqueta indicada: XLPE,Marca y referencia de fabricante; ficha exacta; norma de la referencia; presentación disponible; coincidencia visual de variante.,revisar_variante_antes_de_publicar
SRT-PENDING-BEE533777F39,familia_verificada_no_referencia_exacta,Alambre/cable THHN/THWN-2 600 V,https://www.nexans.co/es/products/Construcci%C3%B3n/Cables-de-Cobre-de-Baja-Tensi%C3%B3n-Aislados/Cable-THHN-THWN-2/Cable-Type24144.html,Calibre: 1/0 AWG | Configuración indicada: 2x1/0+2 | Material indicado: aluminio | Aislamiento o chaqueta indicada: XLPE,Marca y referencia de fabricante; ficha exacta; norma de la referencia; presentación disponible; coincidencia visual de variante.,revisar_variante_antes_de_publicar
SRT-PENDING-F0C739013C64,familia_verificada_no_referencia_exacta,Alambre/cable THHN/THWN-2 600 V,https://www.nexans.co/es/products/Construcci%C3%B3n/Cables-de-Cobre-de-Baja-Tensi%C3%B3n-Aislados/Cable-THHN-THWN-2/Cable-Type24144.html,Calibre: 2 AWG | Configuración indicada: 2x2+1/0 | Material indicado: aluminio | Aislamiento o chaqueta indicada: XLPE,Marca y referencia de fabricante; ficha exacta; norma de la referencia; presentación disponible; coincidencia visual de variante.,revisar_variante_antes_de_publicar
SRT-PENDING-FEF1B0043135,familia_verificada_no_referencia_exacta,Alambre/cable THHN/THWN-2 600 V,https://www.nexans.co/es/products/Construcci%C3%B3n/Cables-de-Cobre-de-Baja-Tensi%C3%B3n-Aislados/Cable-THHN-THWN-2/Cable-Type24144.html,Calibre: 2 AWG | Configuración indicada: 2x2+2 | Material indicado: aluminio | Aislamiento o chaqueta indicada: XLPE,Marca y referencia de fabricante; ficha exacta; norma de la referencia; presentación disponible; coincidencia visual de variante.,revisar_variante_antes_de_publicar
SRT-PENDING-9D6BDB0B6AF8,familia_verificada_no_referencia_exacta,Alambre/cable THHN/THWN-2 600 V,https://www.nexans.co/es/products/Construcci%C3%B3n/Cables-de-Cobre-de-Baja-Tensi%C3%B3n-Aislados/Cable-THHN-THWN-2/Cable-Type24144.html,Calibre: 4 AWG | Configuración indicada: 2x4+2 | Material indicado: aluminio | Aislamiento o chaqueta indicada: XLPE,Marca y referencia de fabricante; ficha exacta; norma de la referencia; presentación disponible; coincidencia visual de variante.,revisar_variante_antes_de_publicar
SRT-PENDING-A5F2945A3C24,familia_verificada_no_referencia_exacta,Alambre/cable THHN/THWN-2 600 V,https://www.nexans.co/es/products/Construcci%C3%B3n/Cables-de-Cobre-de-Baja-Tensi%C3%B3n-Aislados/Cable-THHN-THWN-2/Cable-Type24144.html,Calibre: 4 AWG | Configuración indicada: 2x4+4 | Material indicado: aluminio | Aislamiento o chaqueta indicada: XLPE,Marca y referencia de fabricante; ficha exacta; norma de la referencia; presentación disponible; coincidencia visual de variante.,revisar_variante_antes_de_publicar
SRT-PENDING-8C051F2F5E7C,familia_verificada_no_referencia_exacta,Conductor de aluminio o ACSR,https://www.nexans.co/es/products/Construcci%C3%B3n/Cables-de-Aluminio-de-Baja-Tensi%C3%B3n-Aislados.html,Calibre: 2 AWG | Configuración indicada: 1x2+2 | Material indicado: aluminio | Aislamiento o chaqueta indicada: XLPE,Marca y referencia de fabricante; ficha exacta; norma de la referencia; presentación disponible; coincidencia visual de variante.,revisar_variante_antes_de_publicar
SRT-PENDING-DDC30E095636,familia_verificada_no_referencia_exacta,Conductor de aluminio o ACSR,https://www.nexans.co/es/products/Construcci%C3%B3n/Cables-de-Aluminio-de-Baja-Tensi%C3%B3n-Aislados.html,Calibre: 4 AWG | Configuración indicada: 1x4+4 | Material indicado: aluminio | Aislamiento o chaqueta indicada: XLPE,Marca y referencia de fabricante; ficha exacta; norma de la referencia; presentación disponible; coincidencia visual de variante.,revisar_variante_antes_de_publicar
SRT-PENDING-9B3D2F96EFA8,familia_verificada_no_referencia_exacta,Alambre/cable THHN/THWN-2 600 V,https://www.nexans.co/es/products/Construcci%C3%B3n/Cables-de-Cobre-de-Baja-Tensi%C3%B3n-Aislados/Cable-THHN-THWN-2/Cable-Type24144.html,Calibre: 2 AWG | Configuración indicada: 1x2+2 | Material indicado: aluminio | Aislamiento o chaqueta indicada: XLPE,Marca y referencia de fabricante; ficha exacta; norma de la referencia; presentación disponible; coincidencia visual de variante.,revisar_variante_antes_de_publicar
SRT-PENDING-AD0F27BB25AA,familia_verificada_no_referencia_exacta,Alambre/cable THHN/THWN-2 600 V,https://www.nexans.co/es/products/Construcci%C3%B3n/Cables-de-Cobre-de-Baja-Tensi%C3%B3n-Aislados/Cable-THHN-THWN-2/Cable-Type24144.html,Calibre: 4 AWG | Configuración indicada: 1x4+4 | Material indicado: aluminio | Aislamiento o chaqueta indicada: XLPE,Marca y referencia de fabricante; ficha exacta; norma de la referencia; presentación disponible; coincidencia visual de variante.,revisar_variante_antes_de_publicar
SRT-PENDING-061EAC97419A,familia_verificada_no_referencia_exacta,Cable industrial de construcción,https://co.prysmian.com/en/products,Calibre: 4 AWG | Material indicado: cobre,Marca y referencia de fabricante; ficha exacta; norma de la referencia; presentación disponible; coincidencia visual de variante.,revisar_variante_antes_de_publicar
SRT-PENDING-358405226874,familia_verificada_no_referencia_exacta,Cable industrial de construcción,https://co.prysmian.com/en/products,Calibre: 2 AWG | Material indicado: cobre,Marca y referencia de fabricante; ficha exacta; norma de la referencia; presentación disponible; coincidencia visual de variante.,revisar_variante_antes_de_publicar
SRT-CTRL-7x12AWG-CU-PVC,familia_verificada_no_referencia_exacta,Cable de control Termoflex MP,https://co.prysmian.com/es/termoflex-y-termoflex-multiprop%C3%B3sito,Calibre: 12 AWG | Configuración indicada: 7x12 | Material indicado: cobre | Aislamiento o chaqueta indicada: PVC,Marca y referencia de fabricante; ficha exacta; norma de la referencia; presentación disponible; coincidencia visual de variante.,revisar_variante_antes_de_publicar
SRT-CTRL-2x14-20AWG-CU-PVC-600V,familia_verificada_no_referencia_exacta,Cable de control Termoflex MP,https://co.prysmian.com/es/termoflex-y-termoflex-multiprop%C3%B3sito,Calibre: 14 AWG | Configuración indicada: 2x14+20 | Material indicado: cobre | Aislamiento o chaqueta indicada: PVC,Marca y referencia de fabricante; ficha exacta; norma de la referencia; presentación disponible; coincidencia visual de variante.,revisar_variante_antes_de_publicar
SRT-CTRL-4x14-20AWG-CU-PVC-600V,familia_verificada_no_referencia_exacta,Cable de control Termoflex MP,https://co.prysmian.com/es/termoflex-y-termoflex-multiprop%C3%B3sito,Calibre: 14 AWG | Configuración indicada: 4x14+20 | Material indicado: cobre | Aislamiento o chaqueta indicada: PVC,Marca y referencia de fabricante; ficha exacta; norma de la referencia; presentación disponible; coincidencia visual de variante.,revisar_variante_antes_de_publicar
SRT-CTRL-6x14-20AWG-CU-PVC-600V,familia_verificada_no_referencia_exacta,Cable de control Termoflex MP,https://co.prysmian.com/es/termoflex-y-termoflex-multiprop%C3%B3sito,Calibre: 14 AWG | Configuración indicada: 6x14+20 | Material indicado: cobre | Aislamiento o chaqueta indicada: PVC,Marca y referencia de fabricante; ficha exacta; norma de la referencia; presentación disponible; coincidencia visual de variante.,revisar_variante_antes_de_publicar
SRT-CTRL-9x14-20AWG-CU-PVC-600V,familia_verificada_no_referencia_exacta,Cable de control Termoflex MP,https://co.prysmian.com/es/termoflex-y-termoflex-multiprop%C3%B3sito,Calibre: 14 AWG | Configuración indicada: 9x14+20 | Material indicado: cobre | Aislamiento o chaqueta indicada: PVC,Marca y referencia de fabricante; ficha exacta; norma de la referencia; presentación disponible; coincidencia visual de variante.,revisar_variante_antes_de_publicar
SRT-CTRL-2x12-20AWG-CU-PVC-600V,familia_verificada_no_referencia_exacta,Cable de control Termoflex MP,https://co.prysmian.com/es/termoflex-y-termoflex-multiprop%C3%B3sito,Calibre: 12 AWG | Configuración indicada: 2x12+20 | Material indicado: cobre | Aislamiento o chaqueta indicada: PVC,Marca y referencia de fabricante; ficha exacta; norma de la referencia; presentación disponible; coincidencia visual de variante.,revisar_variante_antes_de_publicar
SRT-CTRL-4x12-20AWG-CU-PVC-600V,familia_verificada_no_referencia_exacta,Cable de control Termoflex MP,https://co.prysmian.com/es/termoflex-y-termoflex-multiprop%C3%B3sito,Calibre: 12 AWG | Configuración indicada: 4x12+20 | Material indicado: cobre | Aislamiento o chaqueta indicada: PVC,Marca y referencia de fabricante; ficha exacta; norma de la referencia; presentación disponible; coincidencia visual de variante.,revisar_variante_antes_de_publicar
SRT-CTRL-6x12-20AWG-CU-PVC-600V,familia_verificada_no_referencia_exacta,Cable de control Termoflex MP,https://co.prysmian.com/es/termoflex-y-termoflex-multiprop%C3%B3sito,Calibre: 12 AWG | Configuración indicada: 6x12+20 | Material indicado: cobre | Aislamiento o chaqueta indicada: PVC,Marca y referencia de fabricante; ficha exacta; norma de la referencia; presentación disponible; coincidencia visual de variante.,revisar_variante_antes_de_publicar
SRT-CTRL-9x12-20AWG-CU-PVC-600V,familia_verificada_no_referencia_exacta,Cable de control Termoflex MP,https://co.prysmian.com/es/termoflex-y-termoflex-multiprop%C3%B3sito,Calibre: 12 AWG | Configuración indicada: 9x12+20 | Material indicado: cobre | Aislamiento o chaqueta indicada: PVC,Marca y referencia de fabricante; ficha exacta; norma de la referencia; presentación disponible; coincidencia visual de variante.,revisar_variante_antes_de_publicar
SRT-CTRL-2x10-20AWG-CU-PVC-600V,familia_verificada_no_referencia_exacta,Cable de control Termoflex MP,https://co.prysmian.com/es/termoflex-y-termoflex-multiprop%C3%B3sito,Calibre: 10 AWG | Configuración indicada: 2x10+20 | Material indicado: cobre | Aislamiento o chaqueta indicada: PVC,Marca y referencia de fabricante; ficha exacta; norma de la referencia; presentación disponible; coincidencia visual de variante.,revisar_variante_antes_de_publicar
SRT-CTRL-4x10-20AWG-CU-PVC-600V,familia_verificada_no_referencia_exacta,Cable de control Termoflex MP,https://co.prysmian.com/es/termoflex-y-termoflex-multiprop%C3%B3sito,Calibre: 10 AWG | Configuración indicada: 4x10+20 | Material indicado: cobre | Aislamiento o chaqueta indicada: PVC,Marca y referencia de fabricante; ficha exacta; norma de la referencia; presentación disponible; coincidencia visual de variante.,revisar_variante_antes_de_publicar
SRT-CTRL-9x10-20AWG-CU-PVC-600V,familia_verificada_no_referencia_exacta,Cable de control Termoflex MP,https://co.prysmian.com/es/termoflex-y-termoflex-multiprop%C3%B3sito,Calibre: 10 AWG | Configuración indicada: 9x10+20 | Material indicado: cobre | Aislamiento o chaqueta indicada: PVC,Marca y referencia de fabricante; ficha exacta; norma de la referencia; presentación disponible; coincidencia visual de variante.,revisar_variante_antes_de_publicar
SRT-PENDING-D5407E35166B,familia_verificada_no_referencia_exacta,Cable industrial de construcción,https://co.prysmian.com/en/products,Calibre: 8 AWG | Configuración indicada: 1x8+8 | Material indicado: cobre,Marca y referencia de fabricante; ficha exacta; norma de la referencia; presentación disponible; coincidencia visual de variante.,revisar_variante_antes_de_publicar
SRT-PENDING-057D58022FDD,familia_verificada_no_referencia_exacta,Cable industrial de construcción,https://co.prysmian.com/en/products,Calibre: 8 AWG | Configuración indicada: 2x8+8 | Material indicado: cobre,Marca y referencia de fabricante; ficha exacta; norma de la referencia; presentación disponible; coincidencia visual de variante.,revisar_variante_antes_de_publicar
SRT-PENDING-3A016A2ED5CF,familia_verificada_no_referencia_exacta,Cable industrial de construcción,https://co.prysmian.com/en/products,Calibre: 8 AWG | Configuración indicada: 3x8+10 | Material indicado: cobre,Marca y referencia de fabricante; ficha exacta; norma de la referencia; presentación disponible; coincidencia visual de variante.,revisar_variante_antes_de_publicar
SRT-PENDING-4C5E4B9A7608,familia_verificada_no_referencia_exacta,Cable industrial de construcción,https://co.prysmian.com/en/products,Calibre: 8 AWG | Configuración indicada: 3x8+8 | Material indicado: cobre,Marca y referencia de fabricante; ficha exacta; norma de la referencia; presentación disponible; coincidencia visual de variante.,revisar_variante_antes_de_publicar
SRT-PENDING-CB11D6CC147A,familia_verificada_no_referencia_exacta,Cable industrial de construcción,https://co.prysmian.com/en/products,Calibre: 6 AWG | Configuración indicada: 3x6+8 | Material indicado: cobre,Marca y referencia de fabricante; ficha exacta; norma de la referencia; presentación disponible; coincidencia visual de variante.,revisar_variante_antes_de_publicar
SRT-PENDING-82211F992308,familia_verificada_no_referencia_exacta,Cable industrial de construcción,https://co.prysmian.com/en/products,Calibre: 4 AWG | Configuración indicada: 3x4+6 | Material indicado: cobre,Marca y referencia de fabricante; ficha exacta; norma de la referencia; presentación disponible; coincidencia visual de variante.,revisar_variante_antes_de_publicar
SRT-PENDING-84C5415A058A,familia_verificada_no_referencia_exacta,Cable industrial de construcción,https://co.prysmian.com/en/products,Calibre: 2 AWG | Configuración indicada: 3x2+4 | Material indicado: cobre,Marca y referencia de fabricante; ficha exacta; norma de la referencia; presentación disponible; coincidencia visual de variante.,revisar_variante_antes_de_publicar
SRT-PENDING-91D6A3C793FA,familia_verificada_no_referencia_exacta,Conductor de aluminio o ACSR,https://www.nexans.co/es/products/Construcci%C3%B3n/Cables-de-Aluminio-de-Baja-Tensi%C3%B3n-Aislados.html,Calibre: 6 AWG | Configuración indicada: 1x6+6 | Material indicado: aluminio,Marca y referencia de fabricante; ficha exacta; norma de la referencia; presentación disponible; coincidencia visual de variante.,revisar_variante_antes_de_publicar
SRT-PENDING-8E11A5B06622,familia_verificada_no_referencia_exacta,Conductor de aluminio o ACSR,https://www.nexans.co/es/products/Construcci%C3%B3n/Cables-de-Aluminio-de-Baja-Tensi%C3%B3n-Aislados.html,Calibre: 1/0 AWG | Tensión indicada: 15 kV | Material indicado: aluminio,Marca y referencia de fabricante; ficha exacta; norma de la referencia; presentación disponible; coincidencia visual de variante.,revisar_variante_antes_de_publicar
SRT-PENDING-235E33CBA9A7,familia_verificada_no_referencia_exacta,Conductor de aluminio o ACSR,https://www.nexans.co/es/products/Construcci%C3%B3n/Cables-de-Aluminio-de-Baja-Tensi%C3%B3n-Aislados.html,Calibre: 2/0 AWG | Tensión indicada: 15 kV | Material indicado: aluminio,Marca y referencia de fabricante; ficha exacta; norma de la referencia; presentación disponible; coincidencia visual de variante.,revisar_variante_antes_de_publicar
SRT-PENDING-4F60E7FF2406,familia_verificada_no_referencia_exacta,Conductor de aluminio o ACSR,https://www.nexans.co/es/products/Construcci%C3%B3n/Cables-de-Aluminio-de-Baja-Tensi%C3%B3n-Aislados.html,Calibre: 4/0 AWG | Tensión indicada: 15 kV | Material indicado: aluminio,Marca y referencia de fabricante; ficha exacta; norma de la referencia; presentación disponible; coincidencia visual de variante.,revisar_variante_antes_de_publicar
SRT-PENDING-5EC7E5DAAF50,familia_verificada_no_referencia_exacta,Conductor de aluminio o ACSR,https://www.nexans.co/es/products/Construcci%C3%B3n/Cables-de-Aluminio-de-Baja-Tensi%C3%B3n-Aislados.html,Sección: 38 kcmil | Tensión indicada: 15 kV | Material indicado: aluminio,Marca y referencia de fabricante; ficha exacta; norma de la referencia; presentación disponible; coincidencia visual de variante.,revisar_variante_antes_de_publicar
SRT-PENDING-8FCC4E5B7572,familia_verificada_no_referencia_exacta,Conductor de aluminio o ACSR,https://www.nexans.co/es/products/Construcci%C3%B3n/Cables-de-Aluminio-de-Baja-Tensi%C3%B3n-Aislados.html,Calibre: 1/0 AWG | Tensión indicada: 5 kV | Material indicado: aluminio,Marca y referencia de fabricante; ficha exacta; norma de la referencia; presentación disponible; coincidencia visual de variante.,revisar_variante_antes_de_publicar
SRT-PENDING-78EE0A2AE0E5,familia_verificada_no_referencia_exacta,Conductor de aluminio o ACSR,https://www.nexans.co/es/products/Construcci%C3%B3n/Cables-de-Aluminio-de-Baja-Tensi%C3%B3n-Aislados.html,Calibre: 2/0 AWG | Tensión indicada: 5 kV | Material indicado: aluminio,Marca y referencia de fabricante; ficha exacta; norma de la referencia; presentación disponible; coincidencia visual de variante.,revisar_variante_antes_de_publicar
SRT-PENDING-35EE11579D66,familia_verificada_no_referencia_exacta,Conductor de aluminio o ACSR,https://www.nexans.co/es/products/Construcci%C3%B3n/Cables-de-Aluminio-de-Baja-Tensi%C3%B3n-Aislados.html,Calibre: 4/0 AWG | Tensión indicada: 5 kV | Material indicado: aluminio,Marca y referencia de fabricante; ficha exacta; norma de la referencia; presentación disponible; coincidencia visual de variante.,revisar_variante_antes_de_publicar
SRT-PENDING-E4258346E928,familia_verificada_no_referencia_exacta,Conductor de aluminio o ACSR,https://www.nexans.co/es/products/Construcci%C3%B3n/Cables-de-Aluminio-de-Baja-Tensi%C3%B3n-Aislados.html,Sección: 8 kcmil | Tensión indicada: 5 kV | Material indicado: aluminio,Marca y referencia de fabricante; ficha exacta; norma de la referencia; presentación disponible; coincidencia visual de variante.,revisar_variante_antes_de_publicar
SRT-PENDING-8E4A84C51885,familia_verificada_no_referencia_exacta,Cable de fibra óptica drop/LSZH,https://www.commscope.com/product-type/cables/fiber-cables/drop-cables/item2160164-1/,Aislamiento o chaqueta indicada: LSZH / libre de halógenos,Marca y referencia de fabricante; ficha exacta; norma de la referencia; presentación disponible; coincidencia visual de variante.,revisar_variante_antes_de_publicar
SRT-PENDING-A6602A7A1353,familia_verificada_no_referencia_exacta,Cable de fibra óptica drop/LSZH,https://www.commscope.com/product-type/cables/fiber-cables/drop-cables/item2160164-1/,Aislamiento o chaqueta indicada: LSZH / libre de halógenos,Marca y referencia de fabricante; ficha exacta; norma de la referencia; presentación disponible; coincidencia visual de variante.,revisar_variante_antes_de_publicar
SRT-PENDING-99E26045D3D7,familia_verificada_no_referencia_exacta,Cable de fibra óptica drop/LSZH,https://www.commscope.com/product-type/cables/fiber-cables/drop-cables/item2160164-1/,Aislamiento o chaqueta indicada: LSZH / libre de halógenos,Marca y referencia de fabricante; ficha exacta; norma de la referencia; presentación disponible; coincidencia visual de variante.,revisar_variante_antes_de_publicar
SRT-PENDING-DFC1513D0C3E,familia_verificada_no_referencia_exacta,Cable de fibra óptica drop/LSZH,https://www.commscope.com/product-type/cables/fiber-cables/drop-cables/item2160164-1/,,Marca y referencia de fabricante; ficha exacta; norma de la referencia; presentación disponible; coincidencia visual de variante.,revisar_variante_antes_de_publicar
SRT-PENDING-095A03DF0197,familia_verificada_no_referencia_exacta,Cable de fibra óptica drop/LSZH,https://www.commscope.com/product-type/cables/fiber-cables/drop-cables/item2160164-1/,,Marca y referencia de fabricante; ficha exacta; norma de la referencia; presentación disponible; coincidencia visual de variante.,revisar_variante_antes_de_publicar
SRT-PENDING-28C87BA093A9,familia_verificada_no_referencia_exacta,Cable de fibra óptica drop/LSZH,https://www.commscope.com/product-type/cables/fiber-cables/drop-cables/item2160164-1/,,Marca y referencia de fabricante; ficha exacta; norma de la referencia; presentación disponible; coincidencia visual de variante.,revisar_variante_antes_de_publicar
SRT-PENDING-AF3507515DDF,familia_verificada_no_referencia_exacta,Cable de fibra óptica drop/LSZH,https://www.commscope.com/product-type/cables/fiber-cables/drop-cables/item2160164-1/,,Marca y referencia de fabricante; ficha exacta; norma de la referencia; presentación disponible; coincidencia visual de variante.,revisar_variante_antes_de_publicar
SRT-PENDING-9BEC9FA35927,familia_verificada_no_referencia_exacta,Cable de fibra óptica drop/LSZH,https://www.commscope.com/product-type/cables/fiber-cables/drop-cables/item2160164-1/,,Marca y referencia de fabricante; ficha exacta; norma de la referencia; presentación disponible; coincidencia visual de variante.,revisar_variante_antes_de_publicar
SRT-PENDING-A1412AE78FD3,familia_verificada_no_referencia_exacta,Cable fotovoltaico PV,https://co.prysmian.com/sites/default/files/atoms/files/FT-CABLE-PV-FOTOVOLTAICO_0.pdf,Material indicado: cobre,Marca y referencia de fabricante; ficha exacta; norma de la referencia; presentación disponible; coincidencia visual de variante.,revisar_variante_antes_de_publicar
SRT-PENDING-805721FBF6F1,familia_verificada_no_referencia_exacta,Cable fotovoltaico PV,https://co.prysmian.com/sites/default/files/atoms/files/FT-CABLE-PV-FOTOVOLTAICO_0.pdf,Material indicado: cobre,Marca y referencia de fabricante; ficha exacta; norma de la referencia; presentación disponible; coincidencia visual de variante.,revisar_variante_antes_de_publicar
SRT-PENDING-9A88679D8AD6,familia_verificada_no_referencia_exacta,Cable fotovoltaico PV,https://co.prysmian.com/sites/default/files/atoms/files/FT-CABLE-PV-FOTOVOLTAICO_0.pdf,Material indicado: cobre,Marca y referencia de fabricante; ficha exacta; norma de la referencia; presentación disponible; coincidencia visual de variante.,revisar_variante_antes_de_publicar
SRT-PENDING-E67A9A1A46DB,familia_verificada_no_referencia_exacta,Cable fotovoltaico PV,https://co.prysmian.com/sites/default/files/atoms/files/FT-CABLE-PV-FOTOVOLTAICO_0.pdf,Material indicado: cobre,Marca y referencia de fabricante; ficha exacta; norma de la referencia; presentación disponible; coincidencia visual de variante.,revisar_variante_antes_de_publicar
SRT-PENDING-86A1C7E43C49,familia_verificada_no_referencia_exacta,Cable fotovoltaico PV,https://co.prysmian.com/sites/default/files/atoms/files/FT-CABLE-PV-FOTOVOLTAICO_0.pdf,Material indicado: cobre,Marca y referencia de fabricante; ficha exacta; norma de la referencia; presentación disponible; coincidencia visual de variante.,revisar_variante_antes_de_publicar
SRT-PENDING-03D1945CFA7D,familia_verificada_no_referencia_exacta,Cable fotovoltaico PV,https://co.prysmian.com/sites/default/files/atoms/files/FT-CABLE-PV-FOTOVOLTAICO_0.pdf,Material indicado: cobre,Marca y referencia de fabricante; ficha exacta; norma de la referencia; presentación disponible; coincidencia visual de variante.,revisar_variante_antes_de_publicar
SRT-PENDING-7D60DB9DFF53,familia_verificada_no_referencia_exacta,Cable industrial de construcción,https://co.prysmian.com/en/products,Calibre: 10 AWG | Material indicado: cobre | Aislamiento o chaqueta indicada: PVC,Marca y referencia de fabricante; ficha exacta; norma de la referencia; presentación disponible; coincidencia visual de variante.,revisar_variante_antes_de_publicar
SRT-PENDING-EA778CFDDA9B,familia_verificada_no_referencia_exacta,Cable industrial de construcción,https://co.prysmian.com/en/products,Calibre: 12 AWG | Material indicado: cobre | Aislamiento o chaqueta indicada: PVC,Marca y referencia de fabricante; ficha exacta; norma de la referencia; presentación disponible; coincidencia visual de variante.,revisar_variante_antes_de_publicar
SRT-PENDING-EAC8A473BFEB,familia_verificada_no_referencia_exacta,Cable industrial de construcción,https://co.prysmian.com/en/products,Calibre: 14 AWG | Material indicado: cobre | Aislamiento o chaqueta indicada: PVC,Marca y referencia de fabricante; ficha exacta; norma de la referencia; presentación disponible; coincidencia visual de variante.,revisar_variante_antes_de_publicar
SRT-PENDING-C4114DD1AC80,familia_verificada_no_referencia_exacta,Cable industrial de construcción,https://co.prysmian.com/en/products,Calibre: 16 AWG | Material indicado: cobre | Aislamiento o chaqueta indicada: PVC,Marca y referencia de fabricante; ficha exacta; norma de la referencia; presentación disponible; coincidencia visual de variante.,revisar_variante_antes_de_publicar
SRT-PENDING-412FFC5C94B9,familia_verificada_no_referencia_exacta,Cable industrial de construcción,https://co.prysmian.com/en/products,Calibre: 18 AWG | Material indicado: cobre | Aislamiento o chaqueta indicada: PVC,Marca y referencia de fabricante; ficha exacta; norma de la referencia; presentación disponible; coincidencia visual de variante.,revisar_variante_antes_de_publicar
SRT-PENDING-3370646577EB,familia_verificada_no_referencia_exacta,Cable industrial de construcción,https://co.prysmian.com/en/products,Calibre: 20 AWG | Material indicado: cobre | Aislamiento o chaqueta indicada: PVC,Marca y referencia de fabricante; ficha exacta; norma de la referencia; presentación disponible; coincidencia visual de variante.,revisar_variante_antes_de_publicar
SRT-PENDING-919E21897BBE,familia_verificada_no_referencia_exacta,Cable industrial de construcción,https://co.prysmian.com/en/products,Calibre: 18 AWG | Configuración indicada: 2x18+20 | Material indicado: cobre | Aislamiento o chaqueta indicada: PVC,Marca y referencia de fabricante; ficha exacta; norma de la referencia; presentación disponible; coincidencia visual de variante.,revisar_variante_antes_de_publicar
SRT-PENDING-B4AEE6492655,familia_verificada_no_referencia_exacta,Cable industrial de construcción,https://co.prysmian.com/en/products,Calibre: 18 AWG | Configuración indicada: 3x18+20 | Material indicado: cobre | Aislamiento o chaqueta indicada: PVC,Marca y referencia de fabricante; ficha exacta; norma de la referencia; presentación disponible; coincidencia visual de variante.,revisar_variante_antes_de_publicar
SRT-PENDING-94AC706D41A6,familia_verificada_no_referencia_exacta,Cable industrial de construcción,https://co.prysmian.com/en/products,Calibre: 18 AWG | Configuración indicada: 4x18+20 | Material indicado: cobre | Aislamiento o chaqueta indicada: PVC,Marca y referencia de fabricante; ficha exacta; norma de la referencia; presentación disponible; coincidencia visual de variante.,revisar_variante_antes_de_publicar
SRT-PENDING-10B212FEBFFE,familia_verificada_no_referencia_exacta,Cable industrial de construcción,https://co.prysmian.com/en/products,Calibre: 18 AWG | Configuración indicada: 6x18+20 | Material indicado: cobre | Aislamiento o chaqueta indicada: PVC,Marca y referencia de fabricante; ficha exacta; norma de la referencia; presentación disponible; coincidencia visual de variante.,revisar_variante_antes_de_publicar
SRT-PENDING-C1CC25DAE03E,familia_verificada_no_referencia_exacta,Cable industrial de construcción,https://co.prysmian.com/en/products,Calibre: 18 AWG | Configuración indicada: 12x18+20 | Material indicado: cobre | Aislamiento o chaqueta indicada: PVC,Marca y referencia de fabricante; ficha exacta; norma de la referencia; presentación disponible; coincidencia visual de variante.,revisar_variante_antes_de_publicar
SRT-PENDING-8D5E569C3F69,familia_verificada_no_referencia_exacta,Cable industrial de construcción,https://co.prysmian.com/en/products,Calibre: 18 AWG | Configuración indicada: 18x18+20 | Material indicado: cobre | Aislamiento o chaqueta indicada: PVC,Marca y referencia de fabricante; ficha exacta; norma de la referencia; presentación disponible; coincidencia visual de variante.,revisar_variante_antes_de_publicar
SRT-PENDING-F651D769D79D,familia_verificada_no_referencia_exacta,Cable industrial de construcción,https://co.prysmian.com/en/products,Calibre: 16 AWG | Configuración indicada: 2x16+20 | Material indicado: cobre | Aislamiento o chaqueta indicada: PVC,Marca y referencia de fabricante; ficha exacta; norma de la referencia; presentación disponible; coincidencia visual de variante.,revisar_variante_antes_de_publicar
SRT-PENDING-A18F6A8F29EA,familia_verificada_no_referencia_exacta,Cable industrial de construcción,https://co.prysmian.com/en/products,Calibre: 16 AWG | Configuración indicada: 3x16+20 | Material indicado: cobre | Aislamiento o chaqueta indicada: PVC,Marca y referencia de fabricante; ficha exacta; norma de la referencia; presentación disponible; coincidencia visual de variante.,revisar_variante_antes_de_publicar
SRT-PENDING-C4355DF306F7,familia_verificada_no_referencia_exacta,Cable industrial de construcción,https://co.prysmian.com/en/products,Calibre: 16 AWG | Configuración indicada: 4x16+20 | Material indicado: cobre | Aislamiento o chaqueta indicada: PVC,Marca y referencia de fabricante; ficha exacta; norma de la referencia; presentación disponible; coincidencia visual de variante.,revisar_variante_antes_de_publicar
SRT-PENDING-14AF2C78A875,familia_verificada_no_referencia_exacta,Cable industrial de construcción,https://co.prysmian.com/en/products,Calibre: 18 AWG | Configuración indicada: 9x18+20 | Material indicado: cobre | Aislamiento o chaqueta indicada: PVC,Marca y referencia de fabricante; ficha exacta; norma de la referencia; presentación disponible; coincidencia visual de variante.,revisar_variante_antes_de_publicar
SRT-PENDING-05B89A5D3499,familia_verificada_no_referencia_exacta,Cable industrial de construcción,https://co.prysmian.com/en/products,Calibre: 16 AWG | Configuración indicada: 9x16+20 | Material indicado: cobre | Aislamiento o chaqueta indicada: PVC,Marca y referencia de fabricante; ficha exacta; norma de la referencia; presentación disponible; coincidencia visual de variante.,revisar_variante_antes_de_publicar
SRT-PENDING-9C5726EFF653,familia_verificada_no_referencia_exacta,Cable industrial de construcción,https://co.prysmian.com/en/products,Calibre: 16 AWG | Configuración indicada: 12x16+20 | Material indicado: cobre | Aislamiento o chaqueta indicada: PVC,Marca y referencia de fabricante; ficha exacta; norma de la referencia; presentación disponible; coincidencia visual de variante.,revisar_variante_antes_de_publicar
SRT-PENDING-3772A6900D19,familia_verificada_no_referencia_exacta,Cable industrial de construcción,https://co.prysmian.com/en/products,Calibre: 16 AWG | Configuración indicada: 18x16+20 | Material indicado: cobre | Aislamiento o chaqueta indicada: PVC,Marca y referencia de fabricante; ficha exacta; norma de la referencia; presentación disponible; coincidencia visual de variante.,revisar_variante_antes_de_publicar
SRT-PENDING-4DB43417FE55,familia_verificada_no_referencia_exacta,Media tensión aluminio XLPE 35 kV,https://www.nexans.co/es/products/Redes-de-Transmisi%C3%B3n-y-Distribuci%C3%B3n-de-Energ%C3%ADa/Cables-de-Media-Tensi%C3%B3n/Cable-de-Aluminio-Media-Tensi%C3%B3n/MVAlXLPE-PVC35kV133.html,Calibre: 2 AWG | Tensión indicada: 35 kV | Material indicado: cobre | Aislamiento o chaqueta indicada: XLPE | Construcción apantallada indicada,Marca y referencia de fabricante; ficha exacta; norma de la referencia; presentación disponible; coincidencia visual de variante.,revisar_variante_antes_de_publicar
SRT-PENDING-7C4F0C4F8DDC,familia_verificada_no_referencia_exacta,Media tensión aluminio XLPE 35 kV,https://www.nexans.co/es/products/Redes-de-Transmisi%C3%B3n-y-Distribuci%C3%B3n-de-Energ%C3%ADa/Cables-de-Media-Tensi%C3%B3n/Cable-de-Aluminio-Media-Tensi%C3%B3n/MVAlXLPE-PVC35kV133.html,Calibre: 1/0 AWG | Tensión indicada: 35 kV | Material indicado: cobre | Aislamiento o chaqueta indicada: XLPE | Construcción apantallada indicada,Marca y referencia de fabricante; ficha exacta; norma de la referencia; presentación disponible; coincidencia visual de variante.,revisar_variante_antes_de_publicar
SRT-PENDING-0E4D564DCC73,familia_verificada_no_referencia_exacta,Media tensión aluminio XLPE 35 kV,https://www.nexans.co/es/products/Redes-de-Transmisi%C3%B3n-y-Distribuci%C3%B3n-de-Energ%C3%ADa/Cables-de-Media-Tensi%C3%B3n/Cable-de-Aluminio-Media-Tensi%C3%B3n/MVAlXLPE-PVC35kV133.html,Calibre: 2/0 AWG | Tensión indicada: 35 kV | Material indicado: cobre | Aislamiento o chaqueta indicada: XLPE | Construcción apantallada indicada,Marca y referencia de fabricante; ficha exacta; norma de la referencia; presentación disponible; coincidencia visual de variante.,revisar_variante_antes_de_publicar
SRT-PENDING-927455C1F75E,familia_verificada_no_referencia_exacta,Media tensión aluminio XLPE 35 kV,https://www.nexans.co/es/products/Redes-de-Transmisi%C3%B3n-y-Distribuci%C3%B3n-de-Energ%C3%ADa/Cables-de-Media-Tensi%C3%B3n/Cable-de-Aluminio-Media-Tensi%C3%B3n/MVAlXLPE-PVC35kV133.html,Calibre: 3/0 AWG | Tensión indicada: 35 kV | Material indicado: cobre | Aislamiento o chaqueta indicada: XLPE | Construcción apantallada indicada,Marca y referencia de fabricante; ficha exacta; norma de la referencia; presentación disponible; coincidencia visual de variante.,revisar_variante_antes_de_publicar
SRT-PENDING-DD34CD3E0D87,familia_verificada_no_referencia_exacta,Media tensión aluminio XLPE 35 kV,https://www.nexans.co/es/products/Redes-de-Transmisi%C3%B3n-y-Distribuci%C3%B3n-de-Energ%C3%ADa/Cables-de-Media-Tensi%C3%B3n/Cable-de-Aluminio-Media-Tensi%C3%B3n/MVAlXLPE-PVC35kV133.html,Calibre: 4/0 AWG | Tensión indicada: 35 kV | Material indicado: cobre | Aislamiento o chaqueta indicada: XLPE | Construcción apantallada indicada,Marca y referencia de fabricante; ficha exacta; norma de la referencia; presentación disponible; coincidencia visual de variante.,revisar_variante_antes_de_publicar
SRT-PENDING-0A2A49AD2D7A,familia_verificada_no_referencia_exacta,Media tensión aluminio XLPE 35 kV,https://www.nexans.co/es/products/Redes-de-Transmisi%C3%B3n-y-Distribuci%C3%B3n-de-Energ%C3%ADa/Cables-de-Media-Tensi%C3%B3n/Cable-de-Aluminio-Media-Tensi%C3%B3n/MVAlXLPE-PVC35kV133.html,Sección: 250 kcmil | Tensión indicada: 35 kV | Material indicado: cobre | Aislamiento o chaqueta indicada: XLPE | Construcción apantallada indicada,Marca y referencia de fabricante; ficha exacta; norma de la referencia; presentación disponible; coincidencia visual de variante.,revisar_variante_antes_de_publicar
SRT-PENDING-43D7CB471925,familia_verificada_no_referencia_exacta,Media tensión aluminio XLPE 35 kV,https://www.nexans.co/es/products/Redes-de-Transmisi%C3%B3n-y-Distribuci%C3%B3n-de-Energ%C3%ADa/Cables-de-Media-Tensi%C3%B3n/Cable-de-Aluminio-Media-Tensi%C3%B3n/MVAlXLPE-PVC35kV133.html,Sección: 350 kcmil | Tensión indicada: 35 kV | Material indicado: cobre | Aislamiento o chaqueta indicada: XLPE | Construcción apantallada indicada,Marca y referencia de fabricante; ficha exacta; norma de la referencia; presentación disponible; coincidencia visual de variante.,revisar_variante_antes_de_publicar
SRT-PENDING-1C231A9009BF,familia_verificada_no_referencia_exacta,Media tensión aluminio XLPE 35 kV,https://www.nexans.co/es/products/Redes-de-Transmisi%C3%B3n-y-Distribuci%C3%B3n-de-Energ%C3%ADa/Cables-de-Media-Tensi%C3%B3n/Cable-de-Aluminio-Media-Tensi%C3%B3n/MVAlXLPE-PVC35kV133.html,Sección: 500 kcmil | Tensión indicada: 35 kV | Material indicado: cobre | Aislamiento o chaqueta indicada: XLPE | Construcción apantallada indicada,Marca y referencia de fabricante; ficha exacta; norma de la referencia; presentación disponible; coincidencia visual de variante.,revisar_variante_antes_de_publicar
SRT-PENDING-4FC9B9A4A075,familia_verificada_no_referencia_exacta,Media tensión aluminio XLPE 35 kV,https://www.nexans.co/es/products/Redes-de-Transmisi%C3%B3n-y-Distribuci%C3%B3n-de-Energ%C3%ADa/Cables-de-Media-Tensi%C3%B3n/Cable-de-Aluminio-Media-Tensi%C3%B3n/MVAlXLPE-PVC35kV133.html,Calibre: 1/0 AWG | Tensión indicada: 35 kV | Material indicado: aluminio | Aislamiento o chaqueta indicada: XLPE,Marca y referencia de fabricante; ficha exacta; norma de la referencia; presentación disponible; coincidencia visual de variante.,revisar_variante_antes_de_publicar
SRT-PENDING-21FDEE12A15A,familia_verificada_no_referencia_exacta,Media tensión aluminio XLPE 35 kV,https://www.nexans.co/es/products/Redes-de-Transmisi%C3%B3n-y-Distribuci%C3%B3n-de-Energ%C3%ADa/Cables-de-Media-Tensi%C3%B3n/Cable-de-Aluminio-Media-Tensi%C3%B3n/MVAlXLPE-PVC35kV133.html,Calibre: 2/0 AWG | Tensión indicada: 35 kV | Material indicado: aluminio | Aislamiento o chaqueta indicada: XLPE,Marca y referencia de fabricante; ficha exacta; norma de la referencia; presentación disponible; coincidencia visual de variante.,revisar_variante_antes_de_publicar
SRT-PENDING-4CF105DE30C2,familia_verificada_no_referencia_exacta,Media tensión aluminio XLPE 35 kV,https://www.nexans.co/es/products/Redes-de-Transmisi%C3%B3n-y-Distribuci%C3%B3n-de-Energ%C3%ADa/Cables-de-Media-Tensi%C3%B3n/Cable-de-Aluminio-Media-Tensi%C3%B3n/MVAlXLPE-PVC35kV133.html,Calibre: 3/0 AWG | Tensión indicada: 35 kV | Material indicado: aluminio | Aislamiento o chaqueta indicada: XLPE,Marca y referencia de fabricante; ficha exacta; norma de la referencia; presentación disponible; coincidencia visual de variante.,revisar_variante_antes_de_publicar
SRT-PENDING-5EEA3418D619,familia_verificada_no_referencia_exacta,Media tensión aluminio XLPE 35 kV,https://www.nexans.co/es/products/Redes-de-Transmisi%C3%B3n-y-Distribuci%C3%B3n-de-Energ%C3%ADa/Cables-de-Media-Tensi%C3%B3n/Cable-de-Aluminio-Media-Tensi%C3%B3n/MVAlXLPE-PVC35kV133.html,Calibre: 4/0 AWG | Tensión indicada: 35 kV | Material indicado: aluminio | Aislamiento o chaqueta indicada: XLPE,Marca y referencia de fabricante; ficha exacta; norma de la referencia; presentación disponible; coincidencia visual de variante.,revisar_variante_antes_de_publicar
SRT-PENDING-664ADB6569BA,familia_verificada_no_referencia_exacta,Media tensión aluminio XLPE 35 kV,https://www.nexans.co/es/products/Redes-de-Transmisi%C3%B3n-y-Distribuci%C3%B3n-de-Energ%C3%ADa/Cables-de-Media-Tensi%C3%B3n/Cable-de-Aluminio-Media-Tensi%C3%B3n/MVAlXLPE-PVC35kV133.html,Sección: 250 kcmil | Tensión indicada: 35 kV | Material indicado: aluminio | Aislamiento o chaqueta indicada: XLPE,Marca y referencia de fabricante; ficha exacta; norma de la referencia; presentación disponible; coincidencia visual de variante.,revisar_variante_antes_de_publicar
SRT-PENDING-24B076CA4A91,familia_verificada_no_referencia_exacta,Media tensión aluminio XLPE 35 kV,https://www.nexans.co/es/products/Redes-de-Transmisi%C3%B3n-y-Distribuci%C3%B3n-de-Energ%C3%ADa/Cables-de-Media-Tensi%C3%B3n/Cable-de-Aluminio-Media-Tensi%C3%B3n/MVAlXLPE-PVC35kV133.html,Sección: 350 kcmil | Tensión indicada: 35 kV | Material indicado: aluminio | Aislamiento o chaqueta indicada: XLPE,Marca y referencia de fabricante; ficha exacta; norma de la referencia; presentación disponible; coincidencia visual de variante.,revisar_variante_antes_de_publicar
SRT-PENDING-4D7A8DBC465B,familia_verificada_no_referencia_exacta,Media tensión aluminio XLPE 35 kV,https://www.nexans.co/es/products/Redes-de-Transmisi%C3%B3n-y-Distribuci%C3%B3n-de-Energ%C3%ADa/Cables-de-Media-Tensi%C3%B3n/Cable-de-Aluminio-Media-Tensi%C3%B3n/MVAlXLPE-PVC35kV133.html,Sección: 500 kcmil | Tensión indicada: 35 kV | Material indicado: aluminio | Aislamiento o chaqueta indicada: XLPE,Marca y referencia de fabricante; ficha exacta; norma de la referencia; presentación disponible; coincidencia visual de variante.,revisar_variante_antes_de_publicar
SRT-PENDING-5B87EE556F4F,familia_verificada_no_referencia_exacta,Media tensión aluminio XLPE 35 kV,https://www.nexans.co/es/products/Redes-de-Transmisi%C3%B3n-y-Distribuci%C3%B3n-de-Energ%C3%ADa/Cables-de-Media-Tensi%C3%B3n/Cable-de-Aluminio-Media-Tensi%C3%B3n/MVAlXLPE-PVC35kV133.html,Calibre: 1/0 AWG | Tensión indicada: 35 kV | Material indicado: aluminio | Aislamiento o chaqueta indicada: XLPE,Marca y referencia de fabricante; ficha exacta; norma de la referencia; presentación disponible; coincidencia visual de variante.,revisar_variante_antes_de_publicar
SRT-PENDING-36C5EDC88BF4,familia_verificada_no_referencia_exacta,Media tensión aluminio XLPE 35 kV,https://www.nexans.co/es/products/Redes-de-Transmisi%C3%B3n-y-Distribuci%C3%B3n-de-Energ%C3%ADa/Cables-de-Media-Tensi%C3%B3n/Cable-de-Aluminio-Media-Tensi%C3%B3n/MVAlXLPE-PVC35kV133.html,Calibre: 2/0 AWG | Tensión indicada: 35 kV | Material indicado: aluminio | Aislamiento o chaqueta indicada: XLPE,Marca y referencia de fabricante; ficha exacta; norma de la referencia; presentación disponible; coincidencia visual de variante.,revisar_variante_antes_de_publicar
SRT-PENDING-2805FE222FAB,familia_verificada_no_referencia_exacta,Media tensión aluminio XLPE 35 kV,https://www.nexans.co/es/products/Redes-de-Transmisi%C3%B3n-y-Distribuci%C3%B3n-de-Energ%C3%ADa/Cables-de-Media-Tensi%C3%B3n/Cable-de-Aluminio-Media-Tensi%C3%B3n/MVAlXLPE-PVC35kV133.html,Calibre: 3/0 AWG | Tensión indicada: 35 kV | Material indicado: aluminio | Aislamiento o chaqueta indicada: XLPE,Marca y referencia de fabricante; ficha exacta; norma de la referencia; presentación disponible; coincidencia visual de variante.,revisar_variante_antes_de_publicar
SRT-PENDING-7163D24622CF,familia_verificada_no_referencia_exacta,Media tensión aluminio XLPE 35 kV,https://www.nexans.co/es/products/Redes-de-Transmisi%C3%B3n-y-Distribuci%C3%B3n-de-Energ%C3%ADa/Cables-de-Media-Tensi%C3%B3n/Cable-de-Aluminio-Media-Tensi%C3%B3n/MVAlXLPE-PVC35kV133.html,Calibre: 4/0 AWG | Tensión indicada: 35 kV | Material indicado: aluminio | Aislamiento o chaqueta indicada: XLPE,Marca y referencia de fabricante; ficha exacta; norma de la referencia; presentación disponible; coincidencia visual de variante.,revisar_variante_antes_de_publicar
SRT-PENDING-FB810094753B,familia_verificada_no_referencia_exacta,Media tensión aluminio XLPE 35 kV,https://www.nexans.co/es/products/Redes-de-Transmisi%C3%B3n-y-Distribuci%C3%B3n-de-Energ%C3%ADa/Cables-de-Media-Tensi%C3%B3n/Cable-de-Aluminio-Media-Tensi%C3%B3n/MVAlXLPE-PVC35kV133.html,Sección: 250 kcmil | Tensión indicada: 35 kV | Material indicado: aluminio | Aislamiento o chaqueta indicada: XLPE,Marca y referencia de fabricante; ficha exacta; norma de la referencia; presentación disponible; coincidencia visual de variante.,revisar_variante_antes_de_publicar
SRT-PENDING-05BE371389F4,familia_verificada_no_referencia_exacta,Media tensión aluminio XLPE 35 kV,https://www.nexans.co/es/products/Redes-de-Transmisi%C3%B3n-y-Distribuci%C3%B3n-de-Energ%C3%ADa/Cables-de-Media-Tensi%C3%B3n/Cable-de-Aluminio-Media-Tensi%C3%B3n/MVAlXLPE-PVC35kV133.html,Sección: 350 kcmil | Tensión indicada: 35 kV | Material indicado: aluminio | Aislamiento o chaqueta indicada: XLPE,Marca y referencia de fabricante; ficha exacta; norma de la referencia; presentación disponible; coincidencia visual de variante.,revisar_variante_antes_de_publicar
SRT-PENDING-45A5EB711460,familia_verificada_no_referencia_exacta,Media tensión aluminio XLPE 35 kV,https://www.nexans.co/es/products/Redes-de-Transmisi%C3%B3n-y-Distribuci%C3%B3n-de-Energ%C3%ADa/Cables-de-Media-Tensi%C3%B3n/Cable-de-Aluminio-Media-Tensi%C3%B3n/MVAlXLPE-PVC35kV133.html,Sección: 500 kcmil | Tensión indicada: 35 kV | Material indicado: aluminio | Aislamiento o chaqueta indicada: XLPE,Marca y referencia de fabricante; ficha exacta; norma de la referencia; presentación disponible; coincidencia visual de variante.,revisar_variante_antes_de_publicar
SRT-PENDING-2B279C123F20,familia_verificada_no_referencia_exacta,Media tensión aluminio XLPE 15 kV,https://www.nexans.co/es/products/Redes-de-Transmisi%C3%B3n-y-Distribuci%C3%B3n-de-Energ%C3%ADa/Cables-de-Media-Tensi%C3%B3n/Cable-de-Aluminio-Media-Tensi%C3%B3n/MTAlXLPE-TR-PE15kV.html,Calibre: 1/0 AWG | Tensión indicada: 15 kV | Material indicado: aluminio | Aislamiento o chaqueta indicada: XLPE,Marca y referencia de fabricante; ficha exacta; norma de la referencia; presentación disponible; coincidencia visual de variante.,revisar_variante_antes_de_publicar
SRT-PENDING-8190551DE932,familia_verificada_no_referencia_exacta,Media tensión aluminio XLPE 15 kV,https://www.nexans.co/es/products/Redes-de-Transmisi%C3%B3n-y-Distribuci%C3%B3n-de-Energ%C3%ADa/Cables-de-Media-Tensi%C3%B3n/Cable-de-Aluminio-Media-Tensi%C3%B3n/MTAlXLPE-TR-PE15kV.html,Calibre: 1/0 AWG | Tensión indicada: 15 kV | Material indicado: aluminio | Aislamiento o chaqueta indicada: XLPE,Marca y referencia de fabricante; ficha exacta; norma de la referencia; presentación disponible; coincidencia visual de variante.,revisar_variante_antes_de_publicar
SRT-PENDING-A6E3F754CE04,familia_verificada_no_referencia_exacta,Media tensión aluminio XLPE 15 kV,https://www.nexans.co/es/products/Redes-de-Transmisi%C3%B3n-y-Distribuci%C3%B3n-de-Energ%C3%ADa/Cables-de-Media-Tensi%C3%B3n/Cable-de-Aluminio-Media-Tensi%C3%B3n/MTAlXLPE-TR-PE15kV.html,Tensión indicada: 15 kV | Material indicado: aluminio | Aislamiento o chaqueta indicada: XLPE | Construcción apantallada indicada,Marca y referencia de fabricante; ficha exacta; norma de la referencia; presentación disponible; coincidencia visual de variante.,revisar_variante_antes_de_publicar
SRT-PENDING-5DBBBDA2896B,familia_verificada_no_referencia_exacta,Media tensión aluminio XLPE 15 kV,https://www.nexans.co/es/products/Redes-de-Transmisi%C3%B3n-y-Distribuci%C3%B3n-de-Energ%C3%ADa/Cables-de-Media-Tensi%C3%B3n/Cable-de-Aluminio-Media-Tensi%C3%B3n/MTAlXLPE-TR-PE15kV.html,Tensión indicada: 15 kV | Material indicado: aluminio | Aislamiento o chaqueta indicada: XLPE | Construcción apantallada indicada,Marca y referencia de fabricante; ficha exacta; norma de la referencia; presentación disponible; coincidencia visual de variante.,revisar_variante_antes_de_publicar
SRT-PENDING-A2FFEA41745E,familia_verificada_no_referencia_exacta,Media tensión aluminio XLPE 15 kV,https://www.nexans.co/es/products/Redes-de-Transmisi%C3%B3n-y-Distribuci%C3%B3n-de-Energ%C3%ADa/Cables-de-Media-Tensi%C3%B3n/Cable-de-Aluminio-Media-Tensi%C3%B3n/MTAlXLPE-TR-PE15kV.html,Tensión indicada: 15 kV | Material indicado: aluminio | Aislamiento o chaqueta indicada: XLPE | Construcción apantallada indicada,Marca y referencia de fabricante; ficha exacta; norma de la referencia; presentación disponible; coincidencia visual de variante.,revisar_variante_antes_de_publicar
SRT-PENDING-D5281A627DB0,familia_verificada_no_referencia_exacta,Media tensión aluminio XLPE 15 kV,https://www.nexans.co/es/products/Redes-de-Transmisi%C3%B3n-y-Distribuci%C3%B3n-de-Energ%C3%ADa/Cables-de-Media-Tensi%C3%B3n/Cable-de-Aluminio-Media-Tensi%C3%B3n/MTAlXLPE-TR-PE15kV.html,Tensión indicada: 15 kV | Material indicado: aluminio | Aislamiento o chaqueta indicada: XLPE | Construcción apantallada indicada,Marca y referencia de fabricante; ficha exacta; norma de la referencia; presentación disponible; coincidencia visual de variante.,revisar_variante_antes_de_publicar
SRT-PENDING-34EF4D91B8ED,familia_verificada_no_referencia_exacta,Media tensión aluminio XLPE 15 kV,https://www.nexans.co/es/products/Redes-de-Transmisi%C3%B3n-y-Distribuci%C3%B3n-de-Energ%C3%ADa/Cables-de-Media-Tensi%C3%B3n/Cable-de-Aluminio-Media-Tensi%C3%B3n/MTAlXLPE-TR-PE15kV.html,Tensión indicada: 15 kV | Material indicado: aluminio | Aislamiento o chaqueta indicada: XLPE | Construcción apantallada indicada,Marca y referencia de fabricante; ficha exacta; norma de la referencia; presentación disponible; coincidencia visual de variante.,revisar_variante_antes_de_publicar
SRT-PENDING-3FCD38309023,familia_verificada_no_referencia_exacta,Media tensión aluminio XLPE 15 kV,https://www.nexans.co/es/products/Redes-de-Transmisi%C3%B3n-y-Distribuci%C3%B3n-de-Energ%C3%ADa/Cables-de-Media-Tensi%C3%B3n/Cable-de-Aluminio-Media-Tensi%C3%B3n/MTAlXLPE-TR-PE15kV.html,Tensión indicada: 15 kV | Material indicado: aluminio | Aislamiento o chaqueta indicada: XLPE | Construcción apantallada indicada,Marca y referencia de fabricante; ficha exacta; norma de la referencia; presentación disponible; coincidencia visual de variante.,revisar_variante_antes_de_publicar
SRT-PENDING-EF8381DEF90E,familia_verificada_no_referencia_exacta,Media tensión aluminio XLPE 15 kV,https://www.nexans.co/es/products/Redes-de-Transmisi%C3%B3n-y-Distribuci%C3%B3n-de-Energ%C3%ADa/Cables-de-Media-Tensi%C3%B3n/Cable-de-Aluminio-Media-Tensi%C3%B3n/MTAlXLPE-TR-PE15kV.html,Tensión indicada: 15 kV | Material indicado: aluminio | Aislamiento o chaqueta indicada: XLPE | Construcción apantallada indicada,Marca y referencia de fabricante; ficha exacta; norma de la referencia; presentación disponible; coincidencia visual de variante.,revisar_variante_antes_de_publicar
SRT-PENDING-C474385D0CD5,familia_verificada_no_referencia_exacta,Media tensión aluminio XLPE 15 kV,https://www.nexans.co/es/products/Redes-de-Transmisi%C3%B3n-y-Distribuci%C3%B3n-de-Energ%C3%ADa/Cables-de-Media-Tensi%C3%B3n/Cable-de-Aluminio-Media-Tensi%C3%B3n/MTAlXLPE-TR-PE15kV.html,Tensión indicada: 15 kV | Material indicado: aluminio | Aislamiento o chaqueta indicada: XLPE | Construcción apantallada indicada,Marca y referencia de fabricante; ficha exacta; norma de la referencia; presentación disponible; coincidencia visual de variante.,revisar_variante_antes_de_publicar
SRT-PENDING-58249E8B06CE,familia_verificada_no_referencia_exacta,Media tensión aluminio XLPE 15 kV,https://www.nexans.co/es/products/Redes-de-Transmisi%C3%B3n-y-Distribuci%C3%B3n-de-Energ%C3%ADa/Cables-de-Media-Tensi%C3%B3n/Cable-de-Aluminio-Media-Tensi%C3%B3n/MTAlXLPE-TR-PE15kV.html,Tensión indicada: 15 kV | Material indicado: aluminio | Aislamiento o chaqueta indicada: XLPE | Construcción apantallada indicada,Marca y referencia de fabricante; ficha exacta; norma de la referencia; presentación disponible; coincidencia visual de variante.,revisar_variante_antes_de_publicar
SRT-PENDING-BBA3D6BF9EDC,familia_verificada_no_referencia_exacta,Media tensión aluminio XLPE 15 kV,https://www.nexans.co/es/products/Redes-de-Transmisi%C3%B3n-y-Distribuci%C3%B3n-de-Energ%C3%ADa/Cables-de-Media-Tensi%C3%B3n/Cable-de-Aluminio-Media-Tensi%C3%B3n/MTAlXLPE-TR-PE15kV.html,Tensión indicada: 15 kV | Material indicado: cobre | Aislamiento o chaqueta indicada: XLPE | Construcción apantallada indicada,Marca y referencia de fabricante; ficha exacta; norma de la referencia; presentación disponible; coincidencia visual de variante.,revisar_variante_antes_de_publicar
SRT-PENDING-A54804483E6B,familia_verificada_no_referencia_exacta,Media tensión aluminio XLPE 15 kV,https://www.nexans.co/es/products/Redes-de-Transmisi%C3%B3n-y-Distribuci%C3%B3n-de-Energ%C3%ADa/Cables-de-Media-Tensi%C3%B3n/Cable-de-Aluminio-Media-Tensi%C3%B3n/MTAlXLPE-TR-PE15kV.html,Sección: 350 kcmil | Tensión indicada: 15 kV | Material indicado: cobre | Aislamiento o chaqueta indicada: XLPE | Construcción apantallada indicada,Marca y referencia de fabricante; ficha exacta; norma de la referencia; presentación disponible; coincidencia visual de variante.,revisar_variante_antes_de_publicar
SRT-PENDING-203BBF52C5D5,familia_verificada_no_referencia_exacta,Media tensión aluminio XLPE 15 kV,https://www.nexans.co/es/products/Redes-de-Transmisi%C3%B3n-y-Distribuci%C3%B3n-de-Energ%C3%ADa/Cables-de-Media-Tensi%C3%B3n/Cable-de-Aluminio-Media-Tensi%C3%B3n/MTAlXLPE-TR-PE15kV.html,Sección: 500 kcmil | Tensión indicada: 15 kV | Material indicado: cobre | Aislamiento o chaqueta indicada: XLPE | Construcción apantallada indicada,Marca y referencia de fabricante; ficha exacta; norma de la referencia; presentación disponible; coincidencia visual de variante.,revisar_variante_antes_de_publicar
SRT-PENDING-CB612095409C,familia_verificada_no_referencia_exacta,Media tensión aluminio XLPE 15 kV,https://www.nexans.co/es/products/Redes-de-Transmisi%C3%B3n-y-Distribuci%C3%B3n-de-Energ%C3%ADa/Cables-de-Media-Tensi%C3%B3n/Cable-de-Aluminio-Media-Tensi%C3%B3n/MTAlXLPE-TR-PE15kV.html,Calibre: 4/0 AWG | Tensión indicada: 15 kV | Material indicado: cobre | Aislamiento o chaqueta indicada: XLPE | Construcción apantallada indicada,Marca y referencia de fabricante; ficha exacta; norma de la referencia; presentación disponible; coincidencia visual de variante.,revisar_variante_antes_de_publicar
SRT-PENDING-CB6E228A3272,familia_verificada_no_referencia_exacta,Media tensión aluminio XLPE 15 kV,https://www.nexans.co/es/products/Redes-de-Transmisi%C3%B3n-y-Distribuci%C3%B3n-de-Energ%C3%ADa/Cables-de-Media-Tensi%C3%B3n/Cable-de-Aluminio-Media-Tensi%C3%B3n/MTAlXLPE-TR-PE15kV.html,Calibre: 1/0 AWG | Tensión indicada: 15 kV | Material indicado: cobre | Aislamiento o chaqueta indicada: XLPE | Construcción apantallada indicada,Marca y referencia de fabricante; ficha exacta; norma de la referencia; presentación disponible; coincidencia visual de variante.,revisar_variante_antes_de_publicar
SRT-PENDING-2929BC6D87A2,familia_verificada_no_referencia_exacta,Media tensión aluminio XLPE 15 kV,https://www.nexans.co/es/products/Redes-de-Transmisi%C3%B3n-y-Distribuci%C3%B3n-de-Energ%C3%ADa/Cables-de-Media-Tensi%C3%B3n/Cable-de-Aluminio-Media-Tensi%C3%B3n/MTAlXLPE-TR-PE15kV.html,Calibre: 2/0 AWG | Tensión indicada: 15 kV | Material indicado: cobre | Aislamiento o chaqueta indicada: XLPE | Construcción apantallada indicada,Marca y referencia de fabricante; ficha exacta; norma de la referencia; presentación disponible; coincidencia visual de variante.,revisar_variante_antes_de_publicar
SRT-PENDING-AA1D791BFE33,familia_verificada_no_referencia_exacta,Media tensión aluminio XLPE 15 kV,https://www.nexans.co/es/products/Redes-de-Transmisi%C3%B3n-y-Distribuci%C3%B3n-de-Energ%C3%ADa/Cables-de-Media-Tensi%C3%B3n/Cable-de-Aluminio-Media-Tensi%C3%B3n/MTAlXLPE-TR-PE15kV.html,Calibre: 3/0 AWG | Tensión indicada: 15 kV | Material indicado: cobre | Aislamiento o chaqueta indicada: XLPE | Construcción apantallada indicada,Marca y referencia de fabricante; ficha exacta; norma de la referencia; presentación disponible; coincidencia visual de variante.,revisar_variante_antes_de_publicar
SRT-PENDING-C65574C8189E,familia_verificada_no_referencia_exacta,Media tensión aluminio XLPE 15 kV,https://www.nexans.co/es/products/Redes-de-Transmisi%C3%B3n-y-Distribuci%C3%B3n-de-Energ%C3%ADa/Cables-de-Media-Tensi%C3%B3n/Cable-de-Aluminio-Media-Tensi%C3%B3n/MTAlXLPE-TR-PE15kV.html,Sección: 250 kcmil | Tensión indicada: 15 kV | Material indicado: cobre | Aislamiento o chaqueta indicada: XLPE | Construcción apantallada indicada,Marca y referencia de fabricante; ficha exacta; norma de la referencia; presentación disponible; coincidencia visual de variante.,revisar_variante_antes_de_publicar
SRT-PENDING-8C1CDD016042,familia_verificada_no_referencia_exacta,Media tensión aluminio XLPE 15 kV,https://www.nexans.co/es/products/Redes-de-Transmisi%C3%B3n-y-Distribuci%C3%B3n-de-Energ%C3%ADa/Cables-de-Media-Tensi%C3%B3n/Cable-de-Aluminio-Media-Tensi%C3%B3n/MTAlXLPE-TR-PE15kV.html,Calibre: 2 AWG | Tensión indicada: 15 kV | Material indicado: cobre | Aislamiento o chaqueta indicada: XLPE | Construcción apantallada indicada,Marca y referencia de fabricante; ficha exacta; norma de la referencia; presentación disponible; coincidencia visual de variante.,revisar_variante_antes_de_publicar
SRT-PENDING-D27B33BF98AF,familia_verificada_no_referencia_exacta,Media tensión aluminio XLPE 15 kV,https://www.nexans.co/es/products/Redes-de-Transmisi%C3%B3n-y-Distribuci%C3%B3n-de-Energ%C3%ADa/Cables-de-Media-Tensi%C3%B3n/Cable-de-Aluminio-Media-Tensi%C3%B3n/MTAlXLPE-TR-PE15kV.html,Calibre: 1/0 AWG | Tensión indicada: 15 kV | Material indicado: cobre | Aislamiento o chaqueta indicada: XLPE | Construcción apantallada indicada,Marca y referencia de fabricante; ficha exacta; norma de la referencia; presentación disponible; coincidencia visual de variante.,revisar_variante_antes_de_publicar
SRT-PENDING-4C2645D6F44E,familia_verificada_no_referencia_exacta,Media tensión aluminio XLPE 15 kV,https://www.nexans.co/es/products/Redes-de-Transmisi%C3%B3n-y-Distribuci%C3%B3n-de-Energ%C3%ADa/Cables-de-Media-Tensi%C3%B3n/Cable-de-Aluminio-Media-Tensi%C3%B3n/MTAlXLPE-TR-PE15kV.html,Calibre: 2/0 AWG | Tensión indicada: 15 kV | Material indicado: cobre | Aislamiento o chaqueta indicada: XLPE | Construcción apantallada indicada,Marca y referencia de fabricante; ficha exacta; norma de la referencia; presentación disponible; coincidencia visual de variante.,revisar_variante_antes_de_publicar
SRT-PENDING-4D475875C29C,familia_verificada_no_referencia_exacta,Media tensión aluminio XLPE 15 kV,https://www.nexans.co/es/products/Redes-de-Transmisi%C3%B3n-y-Distribuci%C3%B3n-de-Energ%C3%ADa/Cables-de-Media-Tensi%C3%B3n/Cable-de-Aluminio-Media-Tensi%C3%B3n/MTAlXLPE-TR-PE15kV.html,Calibre: 3/0 AWG | Tensión indicada: 15 kV | Material indicado: cobre | Aislamiento o chaqueta indicada: XLPE | Construcción apantallada indicada,Marca y referencia de fabricante; ficha exacta; norma de la referencia; presentación disponible; coincidencia visual de variante.,revisar_variante_antes_de_publicar
SRT-PENDING-697D8A7D63E2,familia_verificada_no_referencia_exacta,Media tensión aluminio XLPE 15 kV,https://www.nexans.co/es/products/Redes-de-Transmisi%C3%B3n-y-Distribuci%C3%B3n-de-Energ%C3%ADa/Cables-de-Media-Tensi%C3%B3n/Cable-de-Aluminio-Media-Tensi%C3%B3n/MTAlXLPE-TR-PE15kV.html,Calibre: 4/0 AWG | Tensión indicada: 15 kV | Material indicado: cobre | Aislamiento o chaqueta indicada: XLPE | Construcción apantallada indicada,Marca y referencia de fabricante; ficha exacta; norma de la referencia; presentación disponible; coincidencia visual de variante.,revisar_variante_antes_de_publicar
SRT-PENDING-EED5A17010C9,familia_verificada_no_referencia_exacta,Media tensión aluminio XLPE 15 kV,https://www.nexans.co/es/products/Redes-de-Transmisi%C3%B3n-y-Distribuci%C3%B3n-de-Energ%C3%ADa/Cables-de-Media-Tensi%C3%B3n/Cable-de-Aluminio-Media-Tensi%C3%B3n/MTAlXLPE-TR-PE15kV.html,Sección: 250 kcmil | Tensión indicada: 15 kV | Material indicado: cobre | Aislamiento o chaqueta indicada: XLPE | Construcción apantallada indicada,Marca y referencia de fabricante; ficha exacta; norma de la referencia; presentación disponible; coincidencia visual de variante.,revisar_variante_antes_de_publicar
SRT-PENDING-6106DBF723E4,familia_verificada_no_referencia_exacta,Media tensión aluminio XLPE 15 kV,https://www.nexans.co/es/products/Redes-de-Transmisi%C3%B3n-y-Distribuci%C3%B3n-de-Energ%C3%ADa/Cables-de-Media-Tensi%C3%B3n/Cable-de-Aluminio-Media-Tensi%C3%B3n/MTAlXLPE-TR-PE15kV.html,Sección: 350 kcmil | Tensión indicada: 15 kV | Material indicado: cobre | Aislamiento o chaqueta indicada: XLPE | Construcción apantallada indicada,Marca y referencia de fabricante; ficha exacta; norma de la referencia; presentación disponible; coincidencia visual de variante.,revisar_variante_antes_de_publicar
SRT-PENDING-41719E3AD7A9,familia_verificada_no_referencia_exacta,Media tensión aluminio XLPE 15 kV,https://www.nexans.co/es/products/Redes-de-Transmisi%C3%B3n-y-Distribuci%C3%B3n-de-Energ%C3%ADa/Cables-de-Media-Tensi%C3%B3n/Cable-de-Aluminio-Media-Tensi%C3%B3n/MTAlXLPE-TR-PE15kV.html,Sección: 500 kcmil | Tensión indicada: 15 kV | Material indicado: cobre | Aislamiento o chaqueta indicada: XLPE | Construcción apantallada indicada,Marca y referencia de fabricante; ficha exacta; norma de la referencia; presentación disponible; coincidencia visual de variante.,revisar_variante_antes_de_publicar
SRT-PENDING-2E1E744FA0B7,familia_verificada_no_referencia_exacta,Media tensión aluminio XLPE 15 kV,https://www.nexans.co/es/products/Redes-de-Transmisi%C3%B3n-y-Distribuci%C3%B3n-de-Energ%C3%ADa/Cables-de-Media-Tensi%C3%B3n/Cable-de-Aluminio-Media-Tensi%C3%B3n/MTAlXLPE-TR-PE15kV.html,Calibre: 2 AWG | Tensión indicada: 15 kV | Material indicado: aluminio | Aislamiento o chaqueta indicada: XLPE,Marca y referencia de fabricante; ficha exacta; norma de la referencia; presentación disponible; coincidencia visual de variante.,revisar_variante_antes_de_publicar
SRT-PENDING-A4394BCB4A1A,familia_verificada_no_referencia_exacta,Media tensión aluminio XLPE 15 kV,https://www.nexans.co/es/products/Redes-de-Transmisi%C3%B3n-y-Distribuci%C3%B3n-de-Energ%C3%ADa/Cables-de-Media-Tensi%C3%B3n/Cable-de-Aluminio-Media-Tensi%C3%B3n/MTAlXLPE-TR-PE15kV.html,Calibre: 1/0 AWG | Tensión indicada: 15 kV | Material indicado: aluminio | Aislamiento o chaqueta indicada: XLPE,Marca y referencia de fabricante; ficha exacta; norma de la referencia; presentación disponible; coincidencia visual de variante.,revisar_variante_antes_de_publicar
SRT-PENDING-B957BF39DB5A,familia_verificada_no_referencia_exacta,Media tensión aluminio XLPE 15 kV,https://www.nexans.co/es/products/Redes-de-Transmisi%C3%B3n-y-Distribuci%C3%B3n-de-Energ%C3%ADa/Cables-de-Media-Tensi%C3%B3n/Cable-de-Aluminio-Media-Tensi%C3%B3n/MTAlXLPE-TR-PE15kV.html,Calibre: 2/0 AWG | Tensión indicada: 15 kV | Material indicado: aluminio | Aislamiento o chaqueta indicada: XLPE,Marca y referencia de fabricante; ficha exacta; norma de la referencia; presentación disponible; coincidencia visual de variante.,revisar_variante_antes_de_publicar
SRT-PENDING-4A63CBD45621,familia_verificada_no_referencia_exacta,Media tensión aluminio XLPE 15 kV,https://www.nexans.co/es/products/Redes-de-Transmisi%C3%B3n-y-Distribuci%C3%B3n-de-Energ%C3%ADa/Cables-de-Media-Tensi%C3%B3n/Cable-de-Aluminio-Media-Tensi%C3%B3n/MTAlXLPE-TR-PE15kV.html,Calibre: 3/0 AWG | Tensión indicada: 15 kV | Material indicado: aluminio | Aislamiento o chaqueta indicada: XLPE,Marca y referencia de fabricante; ficha exacta; norma de la referencia; presentación disponible; coincidencia visual de variante.,revisar_variante_antes_de_publicar
SRT-PENDING-C08BCCBE5E8A,familia_verificada_no_referencia_exacta,Media tensión aluminio XLPE 15 kV,https://www.nexans.co/es/products/Redes-de-Transmisi%C3%B3n-y-Distribuci%C3%B3n-de-Energ%C3%ADa/Cables-de-Media-Tensi%C3%B3n/Cable-de-Aluminio-Media-Tensi%C3%B3n/MTAlXLPE-TR-PE15kV.html,Calibre: 4/0 AWG | Tensión indicada: 15 kV | Material indicado: aluminio | Aislamiento o chaqueta indicada: XLPE,Marca y referencia de fabricante; ficha exacta; norma de la referencia; presentación disponible; coincidencia visual de variante.,revisar_variante_antes_de_publicar
SRT-PENDING-DA1DDA0F1AE4,familia_verificada_no_referencia_exacta,Media tensión aluminio XLPE 15 kV,https://www.nexans.co/es/products/Redes-de-Transmisi%C3%B3n-y-Distribuci%C3%B3n-de-Energ%C3%ADa/Cables-de-Media-Tensi%C3%B3n/Cable-de-Aluminio-Media-Tensi%C3%B3n/MTAlXLPE-TR-PE15kV.html,Sección: 350 kcmil | Tensión indicada: 15 kV | Material indicado: aluminio | Aislamiento o chaqueta indicada: XLPE,Marca y referencia de fabricante; ficha exacta; norma de la referencia; presentación disponible; coincidencia visual de variante.,revisar_variante_antes_de_publicar
SRT-PENDING-FC3EF16AF7AB,familia_verificada_no_referencia_exacta,Media tensión aluminio XLPE 15 kV,https://www.nexans.co/es/products/Redes-de-Transmisi%C3%B3n-y-Distribuci%C3%B3n-de-Energ%C3%ADa/Cables-de-Media-Tensi%C3%B3n/Cable-de-Aluminio-Media-Tensi%C3%B3n/MTAlXLPE-TR-PE15kV.html,Sección: 500 kcmil | Tensión indicada: 15 kV | Material indicado: aluminio | Aislamiento o chaqueta indicada: XLPE,Marca y referencia de fabricante; ficha exacta; norma de la referencia; presentación disponible; coincidencia visual de variante.,revisar_variante_antes_de_publicar
SRT-PENDING-3D4135D6F164,familia_verificada_no_referencia_exacta,Media tensión aluminio XLPE 15 kV,https://www.nexans.co/es/products/Redes-de-Transmisi%C3%B3n-y-Distribuci%C3%B3n-de-Energ%C3%ADa/Cables-de-Media-Tensi%C3%B3n/Cable-de-Aluminio-Media-Tensi%C3%B3n/MTAlXLPE-TR-PE15kV.html,Calibre: 2 AWG | Tensión indicada: 15 kV | Material indicado: aluminio | Aislamiento o chaqueta indicada: XLPE,Marca y referencia de fabricante; ficha exacta; norma de la referencia; presentación disponible; coincidencia visual de variante.,revisar_variante_antes_de_publicar
SRT-PENDING-27662CB9D45E,familia_verificada_no_referencia_exacta,Media tensión aluminio XLPE 15 kV,https://www.nexans.co/es/products/Redes-de-Transmisi%C3%B3n-y-Distribuci%C3%B3n-de-Energ%C3%ADa/Cables-de-Media-Tensi%C3%B3n/Cable-de-Aluminio-Media-Tensi%C3%B3n/MTAlXLPE-TR-PE15kV.html,Calibre: 1/0 AWG | Tensión indicada: 15 kV | Material indicado: aluminio | Aislamiento o chaqueta indicada: XLPE,Marca y referencia de fabricante; ficha exacta; norma de la referencia; presentación disponible; coincidencia visual de variante.,revisar_variante_antes_de_publicar
SRT-PENDING-DA11D6041422,familia_verificada_no_referencia_exacta,Media tensión aluminio XLPE 15 kV,https://www.nexans.co/es/products/Redes-de-Transmisi%C3%B3n-y-Distribuci%C3%B3n-de-Energ%C3%ADa/Cables-de-Media-Tensi%C3%B3n/Cable-de-Aluminio-Media-Tensi%C3%B3n/MTAlXLPE-TR-PE15kV.html,Calibre: 2/0 AWG | Tensión indicada: 15 kV | Material indicado: aluminio | Aislamiento o chaqueta indicada: XLPE,Marca y referencia de fabricante; ficha exacta; norma de la referencia; presentación disponible; coincidencia visual de variante.,revisar_variante_antes_de_publicar
SRT-PENDING-1DCABF714A1D,familia_verificada_no_referencia_exacta,Media tensión aluminio XLPE 15 kV,https://www.nexans.co/es/products/Redes-de-Transmisi%C3%B3n-y-Distribuci%C3%B3n-de-Energ%C3%ADa/Cables-de-Media-Tensi%C3%B3n/Cable-de-Aluminio-Media-Tensi%C3%B3n/MTAlXLPE-TR-PE15kV.html,Calibre: 3/0 AWG | Tensión indicada: 15 kV | Material indicado: aluminio | Aislamiento o chaqueta indicada: XLPE,Marca y referencia de fabricante; ficha exacta; norma de la referencia; presentación disponible; coincidencia visual de variante.,revisar_variante_antes_de_publicar
SRT-PENDING-36B099E7846C,familia_verificada_no_referencia_exacta,Media tensión aluminio XLPE 15 kV,https://www.nexans.co/es/products/Redes-de-Transmisi%C3%B3n-y-Distribuci%C3%B3n-de-Energ%C3%ADa/Cables-de-Media-Tensi%C3%B3n/Cable-de-Aluminio-Media-Tensi%C3%B3n/MTAlXLPE-TR-PE15kV.html,Calibre: 4/0 AWG | Tensión indicada: 15 kV | Material indicado: aluminio | Aislamiento o chaqueta indicada: XLPE,Marca y referencia de fabricante; ficha exacta; norma de la referencia; presentación disponible; coincidencia visual de variante.,revisar_variante_antes_de_publicar
SRT-PENDING-4DC0746ECBFB,familia_verificada_no_referencia_exacta,Media tensión aluminio XLPE 15 kV,https://www.nexans.co/es/products/Redes-de-Transmisi%C3%B3n-y-Distribuci%C3%B3n-de-Energ%C3%ADa/Cables-de-Media-Tensi%C3%B3n/Cable-de-Aluminio-Media-Tensi%C3%B3n/MTAlXLPE-TR-PE15kV.html,Sección: 250 kcmil | Tensión indicada: 15 kV | Material indicado: aluminio | Aislamiento o chaqueta indicada: XLPE,Marca y referencia de fabricante; ficha exacta; norma de la referencia; presentación disponible; coincidencia visual de variante.,revisar_variante_antes_de_publicar
SRT-PENDING-46F0BDD5F53E,familia_verificada_no_referencia_exacta,Media tensión aluminio XLPE 15 kV,https://www.nexans.co/es/products/Redes-de-Transmisi%C3%B3n-y-Distribuci%C3%B3n-de-Energ%C3%ADa/Cables-de-Media-Tensi%C3%B3n/Cable-de-Aluminio-Media-Tensi%C3%B3n/MTAlXLPE-TR-PE15kV.html,Sección: 350 kcmil | Tensión indicada: 15 kV | Material indicado: aluminio | Aislamiento o chaqueta indicada: XLPE,Marca y referencia de fabricante; ficha exacta; norma de la referencia; presentación disponible; coincidencia visual de variante.,revisar_variante_antes_de_publicar
SRT-PENDING-A4E8ED35EE7F,familia_verificada_no_referencia_exacta,Media tensión aluminio XLPE 15 kV,https://www.nexans.co/es/products/Redes-de-Transmisi%C3%B3n-y-Distribuci%C3%B3n-de-Energ%C3%ADa/Cables-de-Media-Tensi%C3%B3n/Cable-de-Aluminio-Media-Tensi%C3%B3n/MTAlXLPE-TR-PE15kV.html,Sección: 500 kcmil | Tensión indicada: 15 kV | Material indicado: aluminio | Aislamiento o chaqueta indicada: XLPE,Marca y referencia de fabricante; ficha exacta; norma de la referencia; presentación disponible; coincidencia visual de variante.,revisar_variante_antes_de_publicar
SRT-PENDING-2D373E3FD73E,familia_verificada_no_referencia_exacta,Media tensión aluminio XLPE 15 kV,https://www.nexans.co/es/products/Redes-de-Transmisi%C3%B3n-y-Distribuci%C3%B3n-de-Energ%C3%ADa/Cables-de-Media-Tensi%C3%B3n/Cable-de-Aluminio-Media-Tensi%C3%B3n/MTAlXLPE-TR-PE15kV.html,Tensión indicada: 15 kV | Material indicado: aluminio | Aislamiento o chaqueta indicada: XLPE,Marca y referencia de fabricante; ficha exacta; norma de la referencia; presentación disponible; coincidencia visual de variante.,revisar_variante_antes_de_publicar
SRT-PENDING-DAA55C842BE3,familia_verificada_no_referencia_exacta,Media tensión aluminio XLPE 15 kV,https://www.nexans.co/es/products/Redes-de-Transmisi%C3%B3n-y-Distribuci%C3%B3n-de-Energ%C3%ADa/Cables-de-Media-Tensi%C3%B3n/Cable-de-Aluminio-Media-Tensi%C3%B3n/MTAlXLPE-TR-PE15kV.html,Tensión indicada: 15 kV | Material indicado: aluminio | Aislamiento o chaqueta indicada: XLPE,Marca y referencia de fabricante; ficha exacta; norma de la referencia; presentación disponible; coincidencia visual de variante.,revisar_variante_antes_de_publicar
SRT-PENDING-590D4330D95C,familia_verificada_no_referencia_exacta,Media tensión aluminio XLPE 15 kV,https://www.nexans.co/es/products/Redes-de-Transmisi%C3%B3n-y-Distribuci%C3%B3n-de-Energ%C3%ADa/Cables-de-Media-Tensi%C3%B3n/Cable-de-Aluminio-Media-Tensi%C3%B3n/MTAlXLPE-TR-PE15kV.html,Tensión indicada: 15 kV | Material indicado: aluminio | Aislamiento o chaqueta indicada: XLPE,Marca y referencia de fabricante; ficha exacta; norma de la referencia; presentación disponible; coincidencia visual de variante.,revisar_variante_antes_de_publicar
SRT-PENDING-5F2E45451001,familia_verificada_no_referencia_exacta,Media tensión aluminio XLPE 15 kV,https://www.nexans.co/es/products/Redes-de-Transmisi%C3%B3n-y-Distribuci%C3%B3n-de-Energ%C3%ADa/Cables-de-Media-Tensi%C3%B3n/Cable-de-Aluminio-Media-Tensi%C3%B3n/MTAlXLPE-TR-PE15kV.html,Tensión indicada: 15 kV | Material indicado: aluminio | Aislamiento o chaqueta indicada: XLPE,Marca y referencia de fabricante; ficha exacta; norma de la referencia; presentación disponible; coincidencia visual de variante.,revisar_variante_antes_de_publicar
SRT-PENDING-D9FD95B83E59,familia_verificada_no_referencia_exacta,Media tensión aluminio XLPE 15 kV,https://www.nexans.co/es/products/Redes-de-Transmisi%C3%B3n-y-Distribuci%C3%B3n-de-Energ%C3%ADa/Cables-de-Media-Tensi%C3%B3n/Cable-de-Aluminio-Media-Tensi%C3%B3n/MTAlXLPE-TR-PE15kV.html,Tensión indicada: 15 kV | Material indicado: aluminio | Aislamiento o chaqueta indicada: XLPE,Marca y referencia de fabricante; ficha exacta; norma de la referencia; presentación disponible; coincidencia visual de variante.,revisar_variante_antes_de_publicar
SRT-PENDING-898C94937850,familia_verificada_no_referencia_exacta,Media tensión aluminio XLPE 15 kV,https://www.nexans.co/es/products/Redes-de-Transmisi%C3%B3n-y-Distribuci%C3%B3n-de-Energ%C3%ADa/Cables-de-Media-Tensi%C3%B3n/Cable-de-Aluminio-Media-Tensi%C3%B3n/MTAlXLPE-TR-PE15kV.html,Sección: 250 kcmil | Tensión indicada: 15 kV | Material indicado: aluminio | Aislamiento o chaqueta indicada: XLPE,Marca y referencia de fabricante; ficha exacta; norma de la referencia; presentación disponible; coincidencia visual de variante.,revisar_variante_antes_de_publicar
SRT-PENDING-490B7CE2806B,familia_verificada_no_referencia_exacta,Media tensión cobre XLPE 35 kV,https://www.nexans.co/es/products/Redes-de-Transmisi%C3%B3n-y-Distribuci%C3%B3n-de-Energ%C3%ADa/Cables-de-Media-Tensi%C3%B3n/Cables-de-Cobre-Media-Tensi%C3%B3n/MV90CuXLPE-PVC35kV133.html,Calibre: 2/0 AWG | Tensión indicada: 35 kV | Material indicado: cobre | Aislamiento o chaqueta indicada: XLPE | Construcción apantallada indicada,Marca y referencia de fabricante; ficha exacta; norma de la referencia; presentación disponible; coincidencia visual de variante.,revisar_variante_antes_de_publicar
SRT-PENDING-3222B7A7CFD2,familia_verificada_no_referencia_exacta,Media tensión cobre XLPE 35 kV,https://www.nexans.co/es/products/Redes-de-Transmisi%C3%B3n-y-Distribuci%C3%B3n-de-Energ%C3%ADa/Cables-de-Media-Tensi%C3%B3n/Cables-de-Cobre-Media-Tensi%C3%B3n/MV90CuXLPE-PVC35kV133.html,Calibre: 4/0 AWG | Tensión indicada: 35 kV | Material indicado: cobre | Aislamiento o chaqueta indicada: XLPE | Construcción apantallada indicada,Marca y referencia de fabricante; ficha exacta; norma de la referencia; presentación disponible; coincidencia visual de variante.,revisar_variante_antes_de_publicar
SRT-PENDING-56FC23BAFC07,familia_verificada_no_referencia_exacta,Media tensión cobre XLPE 35 kV,https://www.nexans.co/es/products/Redes-de-Transmisi%C3%B3n-y-Distribuci%C3%B3n-de-Energ%C3%ADa/Cables-de-Media-Tensi%C3%B3n/Cables-de-Cobre-Media-Tensi%C3%B3n/MV90CuXLPE-PVC35kV133.html,Calibre: 1/0 AWG | Tensión indicada: 35 kV | Material indicado: cobre | Aislamiento o chaqueta indicada: XLPE | Construcción apantallada indicada,Marca y referencia de fabricante; ficha exacta; norma de la referencia; presentación disponible; coincidencia visual de variante.,revisar_variante_antes_de_publicar
SRT-PENDING-9204397946C1,familia_verificada_no_referencia_exacta,Media tensión cobre XLPE 35 kV,https://www.nexans.co/es/products/Redes-de-Transmisi%C3%B3n-y-Distribuci%C3%B3n-de-Energ%C3%ADa/Cables-de-Media-Tensi%C3%B3n/Cables-de-Cobre-Media-Tensi%C3%B3n/MV90CuXLPE-PVC35kV133.html,Calibre: 2/0 AWG | Tensión indicada: 35 kV | Material indicado: cobre | Aislamiento o chaqueta indicada: XLPE | Construcción apantallada indicada,Marca y referencia de fabricante; ficha exacta; norma de la referencia; presentación disponible; coincidencia visual de variante.,revisar_variante_antes_de_publicar
SRT-PENDING-E328104BC9F1,familia_verificada_no_referencia_exacta,Media tensión cobre XLPE 35 kV,https://www.nexans.co/es/products/Redes-de-Transmisi%C3%B3n-y-Distribuci%C3%B3n-de-Energ%C3%ADa/Cables-de-Media-Tensi%C3%B3n/Cables-de-Cobre-Media-Tensi%C3%B3n/MV90CuXLPE-PVC35kV133.html,Calibre: 3/0 AWG | Tensión indicada: 35 kV | Material indicado: cobre | Aislamiento o chaqueta indicada: XLPE | Construcción apantallada indicada,Marca y referencia de fabricante; ficha exacta; norma de la referencia; presentación disponible; coincidencia visual de variante.,revisar_variante_antes_de_publicar
SRT-PENDING-D48C9ED890D3,familia_verificada_no_referencia_exacta,Media tensión cobre XLPE 35 kV,https://www.nexans.co/es/products/Redes-de-Transmisi%C3%B3n-y-Distribuci%C3%B3n-de-Energ%C3%ADa/Cables-de-Media-Tensi%C3%B3n/Cables-de-Cobre-Media-Tensi%C3%B3n/MV90CuXLPE-PVC35kV133.html,Calibre: 4/0 AWG | Tensión indicada: 35 kV | Material indicado: cobre | Aislamiento o chaqueta indicada: XLPE | Construcción apantallada indicada,Marca y referencia de fabricante; ficha exacta; norma de la referencia; presentación disponible; coincidencia visual de variante.,revisar_variante_antes_de_publicar
SRT-PENDING-BC7AB6C0DB1B,familia_verificada_no_referencia_exacta,Media tensión cobre XLPE 35 kV,https://www.nexans.co/es/products/Redes-de-Transmisi%C3%B3n-y-Distribuci%C3%B3n-de-Energ%C3%ADa/Cables-de-Media-Tensi%C3%B3n/Cables-de-Cobre-Media-Tensi%C3%B3n/MV90CuXLPE-PVC35kV133.html,Sección: 250 kcmil | Tensión indicada: 35 kV | Material indicado: cobre | Aislamiento o chaqueta indicada: XLPE | Construcción apantallada indicada,Marca y referencia de fabricante; ficha exacta; norma de la referencia; presentación disponible; coincidencia visual de variante.,revisar_variante_antes_de_publicar
SRT-PENDING-2D3B75775E4F,familia_verificada_no_referencia_exacta,Media tensión cobre XLPE 35 kV,https://www.nexans.co/es/products/Redes-de-Transmisi%C3%B3n-y-Distribuci%C3%B3n-de-Energ%C3%ADa/Cables-de-Media-Tensi%C3%B3n/Cables-de-Cobre-Media-Tensi%C3%B3n/MV90CuXLPE-PVC35kV133.html,Sección: 350 kcmil | Tensión indicada: 35 kV | Material indicado: cobre | Aislamiento o chaqueta indicada: XLPE | Construcción apantallada indicada,Marca y referencia de fabricante; ficha exacta; norma de la referencia; presentación disponible; coincidencia visual de variante.,revisar_variante_antes_de_publicar
SRT-PENDING-C5F8C46F6DF4,familia_verificada_no_referencia_exacta,Media tensión cobre XLPE 35 kV,https://www.nexans.co/es/products/Redes-de-Transmisi%C3%B3n-y-Distribuci%C3%B3n-de-Energ%C3%ADa/Cables-de-Media-Tensi%C3%B3n/Cables-de-Cobre-Media-Tensi%C3%B3n/MV90CuXLPE-PVC35kV133.html,Sección: 500 kcmil | Tensión indicada: 35 kV | Material indicado: cobre | Aislamiento o chaqueta indicada: XLPE | Construcción apantallada indicada,Marca y referencia de fabricante; ficha exacta; norma de la referencia; presentación disponible; coincidencia visual de variante.,revisar_variante_antes_de_publicar
SRT-PENDING-A1EEF1269335,familia_verificada_no_referencia_exacta,Media tensión cobre XLPE 15 kV,https://www.nexans.co/es/products/Redes-de-Transmisi%C3%B3n-y-Distribuci%C3%B3n-de-Energ%C3%ADa/Cables-de-Media-Tensi%C3%B3n/Cables-de-Cobre-Media-Tensi%C3%B3n/MV90CuXLPE-PVC15kV133N33.html,Calibre: 1/0 AWG | Tensión indicada: 15 kV | Material indicado: cobre | Aislamiento o chaqueta indicada: XLPE,Marca y referencia de fabricante; ficha exacta; norma de la referencia; presentación disponible; coincidencia visual de variante.,revisar_variante_antes_de_publicar
SRT-PENDING-2D40F0A1D1B6,familia_verificada_no_referencia_exacta,Media tensión cobre XLPE 15 kV,https://www.nexans.co/es/products/Redes-de-Transmisi%C3%B3n-y-Distribuci%C3%B3n-de-Energ%C3%ADa/Cables-de-Media-Tensi%C3%B3n/Cables-de-Cobre-Media-Tensi%C3%B3n/MV90CuXLPE-PVC15kV133N33.html,Calibre: 1/0 AWG | Tensión indicada: 15 kV | Material indicado: cobre | Aislamiento o chaqueta indicada: XLPE | Construcción apantallada indicada,Marca y referencia de fabricante; ficha exacta; norma de la referencia; presentación disponible; coincidencia visual de variante.,revisar_variante_antes_de_publicar
SRT-PENDING-3958B7C0BEF2,familia_verificada_no_referencia_exacta,Media tensión cobre XLPE 15 kV,https://www.nexans.co/es/products/Redes-de-Transmisi%C3%B3n-y-Distribuci%C3%B3n-de-Energ%C3%ADa/Cables-de-Media-Tensi%C3%B3n/Cables-de-Cobre-Media-Tensi%C3%B3n/MV90CuXLPE-PVC15kV133N33.html,Calibre: 1/0 AWG | Tensión indicada: 15 kV | Material indicado: cobre | Aislamiento o chaqueta indicada: XLPE | Construcción apantallada indicada,Marca y referencia de fabricante; ficha exacta; norma de la referencia; presentación disponible; coincidencia visual de variante.,revisar_variante_antes_de_publicar
SRT-PENDING-BE1B2D69B2D0,familia_verificada_no_referencia_exacta,Media tensión cobre XLPE 15 kV,https://www.nexans.co/es/products/Redes-de-Transmisi%C3%B3n-y-Distribuci%C3%B3n-de-Energ%C3%ADa/Cables-de-Media-Tensi%C3%B3n/Cables-de-Cobre-Media-Tensi%C3%B3n/MV90CuXLPE-PVC15kV133N33.html,Calibre: 2 AWG | Tensión indicada: 15 kV | Material indicado: cobre | Aislamiento o chaqueta indicada: XLPE,Marca y referencia de fabricante; ficha exacta; norma de la referencia; presentación disponible; coincidencia visual de variante.,revisar_variante_antes_de_publicar
SRT-PENDING-39C487C5DE72,familia_verificada_no_referencia_exacta,Media tensión cobre XLPE 15 kV,https://www.nexans.co/es/products/Redes-de-Transmisi%C3%B3n-y-Distribuci%C3%B3n-de-Energ%C3%ADa/Cables-de-Media-Tensi%C3%B3n/Cables-de-Cobre-Media-Tensi%C3%B3n/MV90CuXLPE-PVC15kV133N33.html,Calibre: 2 AWG | Tensión indicada: 15 kV | Material indicado: cobre | Aislamiento o chaqueta indicada: XLPE,Marca y referencia de fabricante; ficha exacta; norma de la referencia; presentación disponible; coincidencia visual de variante.,revisar_variante_antes_de_publicar
SRT-PENDING-2F9A9886A1F6,familia_verificada_no_referencia_exacta,Media tensión cobre XLPE 15 kV,https://www.nexans.co/es/products/Redes-de-Transmisi%C3%B3n-y-Distribuci%C3%B3n-de-Energ%C3%ADa/Cables-de-Media-Tensi%C3%B3n/Cables-de-Cobre-Media-Tensi%C3%B3n/MV90CuXLPE-PVC15kV133N33.html,Calibre: 2 AWG | Tensión indicada: 15 kV | Material indicado: cobre | Aislamiento o chaqueta indicada: XLPE | Construcción apantallada indicada,Marca y referencia de fabricante; ficha exacta; norma de la referencia; presentación disponible; coincidencia visual de variante.,revisar_variante_antes_de_publicar
SRT-PENDING-D9E22C29AF82,familia_verificada_no_referencia_exacta,Media tensión cobre XLPE 15 kV,https://www.nexans.co/es/products/Redes-de-Transmisi%C3%B3n-y-Distribuci%C3%B3n-de-Energ%C3%ADa/Cables-de-Media-Tensi%C3%B3n/Cables-de-Cobre-Media-Tensi%C3%B3n/MV90CuXLPE-PVC15kV133N33.html,Calibre: 2 AWG | Tensión indicada: 15 kV | Material indicado: cobre | Aislamiento o chaqueta indicada: XLPE | Construcción apantallada indicada,Marca y referencia de fabricante; ficha exacta; norma de la referencia; presentación disponible; coincidencia visual de variante.,revisar_variante_antes_de_publicar
SRT-PENDING-DC66FFA29AB5,familia_verificada_no_referencia_exacta,Media tensión cobre XLPE 15 kV,https://www.nexans.co/es/products/Redes-de-Transmisi%C3%B3n-y-Distribuci%C3%B3n-de-Energ%C3%ADa/Cables-de-Media-Tensi%C3%B3n/Cables-de-Cobre-Media-Tensi%C3%B3n/MV90CuXLPE-PVC15kV133N33.html,Calibre: 2/0 AWG | Tensión indicada: 15 kV | Material indicado: cobre | Aislamiento o chaqueta indicada: XLPE | Construcción apantallada indicada,Marca y referencia de fabricante; ficha exacta; norma de la referencia; presentación disponible; coincidencia visual de variante.,revisar_variante_antes_de_publicar
SRT-PENDING-47C93D2B1C0F,familia_verificada_no_referencia_exacta,Media tensión cobre XLPE 15 kV,https://www.nexans.co/es/products/Redes-de-Transmisi%C3%B3n-y-Distribuci%C3%B3n-de-Energ%C3%ADa/Cables-de-Media-Tensi%C3%B3n/Cables-de-Cobre-Media-Tensi%C3%B3n/MV90CuXLPE-PVC15kV133N33.html,Calibre: 2 AWG | Tensión indicada: 15 kV | Material indicado: cobre | Aislamiento o chaqueta indicada: XLPE | Construcción apantallada indicada,Marca y referencia de fabricante; ficha exacta; norma de la referencia; presentación disponible; coincidencia visual de variante.,revisar_variante_antes_de_publicar
SRT-PENDING-EACAD6DB3991,familia_verificada_no_referencia_exacta,Media tensión cobre XLPE 15 kV,https://www.nexans.co/es/products/Redes-de-Transmisi%C3%B3n-y-Distribuci%C3%B3n-de-Energ%C3%ADa/Cables-de-Media-Tensi%C3%B3n/Cables-de-Cobre-Media-Tensi%C3%B3n/MV90CuXLPE-PVC15kV133N33.html,Calibre: 1/0 AWG | Tensión indicada: 15 kV | Material indicado: cobre | Aislamiento o chaqueta indicada: XLPE | Construcción apantallada indicada,Marca y referencia de fabricante; ficha exacta; norma de la referencia; presentación disponible; coincidencia visual de variante.,revisar_variante_antes_de_publicar
SRT-PENDING-D3F3B43777D8,familia_verificada_no_referencia_exacta,Media tensión cobre XLPE 15 kV,https://www.nexans.co/es/products/Redes-de-Transmisi%C3%B3n-y-Distribuci%C3%B3n-de-Energ%C3%ADa/Cables-de-Media-Tensi%C3%B3n/Cables-de-Cobre-Media-Tensi%C3%B3n/MV90CuXLPE-PVC15kV133N33.html,Calibre: 3/0 AWG | Tensión indicada: 15 kV | Material indicado: cobre | Aislamiento o chaqueta indicada: XLPE | Construcción apantallada indicada,Marca y referencia de fabricante; ficha exacta; norma de la referencia; presentación disponible; coincidencia visual de variante.,revisar_variante_antes_de_publicar
SRT-PENDING-1C8BC0CAAD59,familia_verificada_no_referencia_exacta,Media tensión cobre XLPE 15 kV,https://www.nexans.co/es/products/Redes-de-Transmisi%C3%B3n-y-Distribuci%C3%B3n-de-Energ%C3%ADa/Cables-de-Media-Tensi%C3%B3n/Cables-de-Cobre-Media-Tensi%C3%B3n/MV90CuXLPE-PVC15kV133N33.html,Calibre: 4/0 AWG | Tensión indicada: 15 kV | Material indicado: cobre | Aislamiento o chaqueta indicada: XLPE | Construcción apantallada indicada,Marca y referencia de fabricante; ficha exacta; norma de la referencia; presentación disponible; coincidencia visual de variante.,revisar_variante_antes_de_publicar
SRT-PENDING-74A49AEFEA79,familia_verificada_no_referencia_exacta,Media tensión cobre XLPE 15 kV,https://www.nexans.co/es/products/Redes-de-Transmisi%C3%B3n-y-Distribuci%C3%B3n-de-Energ%C3%ADa/Cables-de-Media-Tensi%C3%B3n/Cables-de-Cobre-Media-Tensi%C3%B3n/MV90CuXLPE-PVC15kV133N33.html,Calibre: 1/0 AWG | Tensión indicada: 15 kV | Material indicado: cobre | Aislamiento o chaqueta indicada: XLPE | Construcción apantallada indicada,Marca y referencia de fabricante; ficha exacta; norma de la referencia; presentación disponible; coincidencia visual de variante.,revisar_variante_antes_de_publicar
SRT-PENDING-12EFE0C7DB3A,familia_verificada_no_referencia_exacta,Media tensión cobre XLPE 15 kV,https://www.nexans.co/es/products/Redes-de-Transmisi%C3%B3n-y-Distribuci%C3%B3n-de-Energ%C3%ADa/Cables-de-Media-Tensi%C3%B3n/Cables-de-Cobre-Media-Tensi%C3%B3n/MV90CuXLPE-PVC15kV133N33.html,Sección: 250 kcmil | Tensión indicada: 15 kV | Material indicado: cobre | Aislamiento o chaqueta indicada: XLPE | Construcción apantallada indicada,Marca y referencia de fabricante; ficha exacta; norma de la referencia; presentación disponible; coincidencia visual de variante.,revisar_variante_antes_de_publicar
SRT-PENDING-C35BA134FFF6,familia_verificada_no_referencia_exacta,Media tensión cobre XLPE 15 kV,https://www.nexans.co/es/products/Redes-de-Transmisi%C3%B3n-y-Distribuci%C3%B3n-de-Energ%C3%ADa/Cables-de-Media-Tensi%C3%B3n/Cables-de-Cobre-Media-Tensi%C3%B3n/MV90CuXLPE-PVC15kV133N33.html,Sección: 350 kcmil | Tensión indicada: 15 kV | Material indicado: cobre | Aislamiento o chaqueta indicada: XLPE | Construcción apantallada indicada,Marca y referencia de fabricante; ficha exacta; norma de la referencia; presentación disponible; coincidencia visual de variante.,revisar_variante_antes_de_publicar
SRT-PENDING-3ADF260C8695,familia_verificada_no_referencia_exacta,Media tensión cobre XLPE 15 kV,https://www.nexans.co/es/products/Redes-de-Transmisi%C3%B3n-y-Distribuci%C3%B3n-de-Energ%C3%ADa/Cables-de-Media-Tensi%C3%B3n/Cables-de-Cobre-Media-Tensi%C3%B3n/MV90CuXLPE-PVC15kV133N33.html,Calibre: 2/0 AWG | Tensión indicada: 15 kV | Material indicado: cobre | Aislamiento o chaqueta indicada: XLPE | Construcción apantallada indicada,Marca y referencia de fabricante; ficha exacta; norma de la referencia; presentación disponible; coincidencia visual de variante.,revisar_variante_antes_de_publicar
SRT-PENDING-ABCAE6062FCC,familia_verificada_no_referencia_exacta,Media tensión cobre XLPE 15 kV,https://www.nexans.co/es/products/Redes-de-Transmisi%C3%B3n-y-Distribuci%C3%B3n-de-Energ%C3%ADa/Cables-de-Media-Tensi%C3%B3n/Cables-de-Cobre-Media-Tensi%C3%B3n/MV90CuXLPE-PVC15kV133N33.html,Calibre: 2 AWG | Tensión indicada: 15 kV | Material indicado: cobre | Aislamiento o chaqueta indicada: XLPE | Construcción apantallada indicada,Marca y referencia de fabricante; ficha exacta; norma de la referencia; presentación disponible; coincidencia visual de variante.,revisar_variante_antes_de_publicar
SRT-PENDING-B7219EB6AB8B,familia_verificada_no_referencia_exacta,Media tensión cobre XLPE 15 kV,https://www.nexans.co/es/products/Redes-de-Transmisi%C3%B3n-y-Distribuci%C3%B3n-de-Energ%C3%ADa/Cables-de-Media-Tensi%C3%B3n/Cables-de-Cobre-Media-Tensi%C3%B3n/MV90CuXLPE-PVC15kV133N33.html,Calibre: 3/0 AWG | Tensión indicada: 15 kV | Material indicado: cobre | Aislamiento o chaqueta indicada: XLPE | Construcción apantallada indicada,Marca y referencia de fabricante; ficha exacta; norma de la referencia; presentación disponible; coincidencia visual de variante.,revisar_variante_antes_de_publicar
SRT-PENDING-40A53F247828,familia_verificada_no_referencia_exacta,Media tensión cobre XLPE 15 kV,https://www.nexans.co/es/products/Redes-de-Transmisi%C3%B3n-y-Distribuci%C3%B3n-de-Energ%C3%ADa/Cables-de-Media-Tensi%C3%B3n/Cables-de-Cobre-Media-Tensi%C3%B3n/MV90CuXLPE-PVC15kV133N33.html,Calibre: 4/0 AWG | Tensión indicada: 15 kV | Material indicado: cobre | Aislamiento o chaqueta indicada: XLPE | Construcción apantallada indicada,Marca y referencia de fabricante; ficha exacta; norma de la referencia; presentación disponible; coincidencia visual de variante.,revisar_variante_antes_de_publicar
SRT-PENDING-54E54ADB17D6,familia_verificada_no_referencia_exacta,Media tensión cobre XLPE 15 kV,https://www.nexans.co/es/products/Redes-de-Transmisi%C3%B3n-y-Distribuci%C3%B3n-de-Energ%C3%ADa/Cables-de-Media-Tensi%C3%B3n/Cables-de-Cobre-Media-Tensi%C3%B3n/MV90CuXLPE-PVC15kV133N33.html,Sección: 250 kcmil | Tensión indicada: 15 kV | Material indicado: cobre | Aislamiento o chaqueta indicada: XLPE | Construcción apantallada indicada,Marca y referencia de fabricante; ficha exacta; norma de la referencia; presentación disponible; coincidencia visual de variante.,revisar_variante_antes_de_publicar
SRT-PENDING-3F39F1104F57,familia_verificada_no_referencia_exacta,Media tensión cobre XLPE 15 kV,https://www.nexans.co/es/products/Redes-de-Transmisi%C3%B3n-y-Distribuci%C3%B3n-de-Energ%C3%ADa/Cables-de-Media-Tensi%C3%B3n/Cables-de-Cobre-Media-Tensi%C3%B3n/MV90CuXLPE-PVC15kV133N33.html,Sección: 350 kcmil | Tensión indicada: 15 kV | Material indicado: cobre | Aislamiento o chaqueta indicada: XLPE | Construcción apantallada indicada,Marca y referencia de fabricante; ficha exacta; norma de la referencia; presentación disponible; coincidencia visual de variante.,revisar_variante_antes_de_publicar
SRT-PENDING-B810509BCD60,familia_verificada_no_referencia_exacta,Media tensión cobre XLPE 15 kV,https://www.nexans.co/es/products/Redes-de-Transmisi%C3%B3n-y-Distribuci%C3%B3n-de-Energ%C3%ADa/Cables-de-Media-Tensi%C3%B3n/Cables-de-Cobre-Media-Tensi%C3%B3n/MV90CuXLPE-PVC15kV133N33.html,Sección: 500 kcmil | Tensión indicada: 15 kV | Material indicado: cobre | Aislamiento o chaqueta indicada: XLPE | Construcción apantallada indicada,Marca y referencia de fabricante; ficha exacta; norma de la referencia; presentación disponible; coincidencia visual de variante.,revisar_variante_antes_de_publicar
SRT-PENDING-1BB7C80490C5,familia_verificada_no_referencia_exacta,Media tensión cobre XLPE 15 kV,https://www.nexans.co/es/products/Redes-de-Transmisi%C3%B3n-y-Distribuci%C3%B3n-de-Energ%C3%ADa/Cables-de-Media-Tensi%C3%B3n/Cables-de-Cobre-Media-Tensi%C3%B3n/MV90CuXLPE-PVC15kV133N33.html,Sección: 500 kcmil | Tensión indicada: 15 kV | Material indicado: cobre | Aislamiento o chaqueta indicada: XLPE | Construcción apantallada indicada,Marca y referencia de fabricante; ficha exacta; norma de la referencia; presentación disponible; coincidencia visual de variante.,revisar_variante_antes_de_publicar
SRT-PENDING-94F94B9ACBDB,familia_verificada_no_referencia_exacta,Cable industrial de construcción,https://co.prysmian.com/en/products,Calibre: 16 AWG | Configuración indicada: 3x16 | Material indicado: cobre | Aislamiento o chaqueta indicada: PVC,Marca y referencia de fabricante; ficha exacta; norma de la referencia; presentación disponible; coincidencia visual de variante.,revisar_variante_antes_de_publicar
SRT-PENDING-02BF301AF356,familia_verificada_no_referencia_exacta,Cable industrial de construcción,https://co.prysmian.com/en/products,Calibre: 16 AWG | Configuración indicada: 4x16 | Material indicado: cobre | Aislamiento o chaqueta indicada: PVC,Marca y referencia de fabricante; ficha exacta; norma de la referencia; presentación disponible; coincidencia visual de variante.,revisar_variante_antes_de_publicar
SRT-PENDING-9F6CAF1AAAE6,familia_verificada_no_referencia_exacta,Cable industrial de construcción,https://co.prysmian.com/en/products,Calibre: 18 AWG | Configuración indicada: 4x18 | Material indicado: cobre | Aislamiento o chaqueta indicada: PVC,Marca y referencia de fabricante; ficha exacta; norma de la referencia; presentación disponible; coincidencia visual de variante.,revisar_variante_antes_de_publicar
SRT-PENDING-F7C244D2214C,familia_verificada_no_referencia_exacta,Cable industrial de construcción,https://co.prysmian.com/en/products,Calibre: 6 AWG,Marca y referencia de fabricante; ficha exacta; norma de la referencia; presentación disponible; coincidencia visual de variante.,revisar_variante_antes_de_publicar
SRT-PENDING-ECB7765E15A7,familia_verificada_no_referencia_exacta,Cable industrial de construcción,https://co.prysmian.com/en/products,Calibre: 10 AWG,Marca y referencia de fabricante; ficha exacta; norma de la referencia; presentación disponible; coincidencia visual de variante.,revisar_variante_antes_de_publicar
SRT-PENDING-9521BFEF0CA0,familia_verificada_no_referencia_exacta,Cable industrial de construcción,https://co.prysmian.com/en/products,Calibre: 8 AWG,Marca y referencia de fabricante; ficha exacta; norma de la referencia; presentación disponible; coincidencia visual de variante.,revisar_variante_antes_de_publicar
SRT-PENDING-5EDB0B93C63C,familia_verificada_no_referencia_exacta,Cable industrial de construcción,https://co.prysmian.com/en/products,Calibre: 12 AWG,Marca y referencia de fabricante; ficha exacta; norma de la referencia; presentación disponible; coincidencia visual de variante.,revisar_variante_antes_de_publicar
SRT-PENDING-8989A0255528,familia_verificada_no_referencia_exacta,Cable industrial de construcción,https://co.prysmian.com/en/products,Calibre: 14 AWG,Marca y referencia de fabricante; ficha exacta; norma de la referencia; presentación disponible; coincidencia visual de variante.,revisar_variante_antes_de_publicar
SRT-PENDING-13717C18F00D,familia_verificada_no_referencia_exacta,Cable industrial de construcción,https://co.prysmian.com/en/products,Calibre: 16 AWG,Marca y referencia de fabricante; ficha exacta; norma de la referencia; presentación disponible; coincidencia visual de variante.,revisar_variante_antes_de_publicar
SRT-PENDING-A6276C788A3C,familia_verificada_no_referencia_exacta,Cable industrial de construcción,https://co.prysmian.com/en/products,Calibre: 18 AWG,Marca y referencia de fabricante; ficha exacta; norma de la referencia; presentación disponible; coincidencia visual de variante.,revisar_variante_antes_de_publicar
SRT-PENDING-75D2D2B06C60,familia_verificada_no_referencia_exacta,Cable industrial de construcción,https://co.prysmian.com/en/products,Calibre: 6 AWG | Material indicado: cobre,Marca y referencia de fabricante; ficha exacta; norma de la referencia; presentación disponible; coincidencia visual de variante.,revisar_variante_antes_de_publicar
SRT-PENDING-139187864D52,familia_verificada_no_referencia_exacta,Cable industrial de construcción,https://co.prysmian.com/en/products,Calibre: 4 AWG | Material indicado: cobre,Marca y referencia de fabricante; ficha exacta; norma de la referencia; presentación disponible; coincidencia visual de variante.,revisar_variante_antes_de_publicar
SRT-PENDING-9871FB242991,familia_verificada_no_referencia_exacta,Cable industrial de construcción,https://co.prysmian.com/en/products,Calibre: 2 AWG | Material indicado: cobre,Marca y referencia de fabricante; ficha exacta; norma de la referencia; presentación disponible; coincidencia visual de variante.,revisar_variante_antes_de_publicar
SRT-PENDING-07BC28A592EE,familia_verificada_no_referencia_exacta,Cable industrial de construcción,https://co.prysmian.com/en/products,Calibre: 1/0 AWG | Material indicado: cobre,Marca y referencia de fabricante; ficha exacta; norma de la referencia; presentación disponible; coincidencia visual de variante.,revisar_variante_antes_de_publicar
SRT-PENDING-C41FBFD2E592,familia_verificada_no_referencia_exacta,Cable industrial de construcción,https://co.prysmian.com/en/products,Calibre: 2/0 AWG | Material indicado: cobre,Marca y referencia de fabricante; ficha exacta; norma de la referencia; presentación disponible; coincidencia visual de variante.,revisar_variante_antes_de_publicar
SRT-PENDING-93137BE075F2,familia_verificada_no_referencia_exacta,Cable industrial de construcción,https://co.prysmian.com/en/products,Calibre: 3/0 AWG | Material indicado: cobre,Marca y referencia de fabricante; ficha exacta; norma de la referencia; presentación disponible; coincidencia visual de variante.,revisar_variante_antes_de_publicar
SRT-PENDING-EE0E03761529,familia_verificada_no_referencia_exacta,Cable industrial de construcción,https://co.prysmian.com/en/products,Calibre: 4/0 AWG | Material indicado: cobre,Marca y referencia de fabricante; ficha exacta; norma de la referencia; presentación disponible; coincidencia visual de variante.,revisar_variante_antes_de_publicar
SRT-PENDING-5B5B243A0F59,familia_verificada_no_referencia_exacta,Cable de red Cat 5e,https://www.belden.com/products/industrial-networking-cybersecurity/accessories/industrial-ethernet-cable/74001e,,Marca y referencia de fabricante; ficha exacta; norma de la referencia; presentación disponible; coincidencia visual de variante.,revisar_variante_antes_de_publicar
SRT-PENDING-8BE2DC733DE4,familia_verificada_no_referencia_exacta,Cable de red Cat 5e,https://www.belden.com/products/industrial-networking-cybersecurity/accessories/industrial-ethernet-cable/74001e,,Marca y referencia de fabricante; ficha exacta; norma de la referencia; presentación disponible; coincidencia visual de variante.,revisar_variante_antes_de_publicar
SRT-PENDING-97ED39B116A4,familia_verificada_no_referencia_exacta,Cable de red Cat 5e,https://www.belden.com/products/industrial-networking-cybersecurity/accessories/industrial-ethernet-cable/74001e,,Marca y referencia de fabricante; ficha exacta; norma de la referencia; presentación disponible; coincidencia visual de variante.,revisar_variante_antes_de_publicar
SRT-PENDING-5570BB222E81,familia_verificada_no_referencia_exacta,Cable de red Cat 5e,https://www.belden.com/products/industrial-networking-cybersecurity/accessories/industrial-ethernet-cable/74001e,,Marca y referencia de fabricante; ficha exacta; norma de la referencia; presentación disponible; coincidencia visual de variante.,revisar_variante_antes_de_publicar
SRT-PENDING-7119E708949F,familia_verificada_no_referencia_exacta,Cable de red Cat 5e,https://www.belden.com/products/industrial-networking-cybersecurity/accessories/industrial-ethernet-cable/74001e,Material indicado: cobre,Marca y referencia de fabricante; ficha exacta; norma de la referencia; presentación disponible; coincidencia visual de variante.,revisar_variante_antes_de_publicar
SRT-PENDING-0CBC5FB456EB,familia_verificada_no_referencia_exacta,Cable de red Cat 5e,https://www.belden.com/products/industrial-networking-cybersecurity/accessories/industrial-ethernet-cable/74001e,Material indicado: cobre,Marca y referencia de fabricante; ficha exacta; norma de la referencia; presentación disponible; coincidencia visual de variante.,revisar_variante_antes_de_publicar
SRT-PENDING-E6F06CC40DD7,familia_verificada_no_referencia_exacta,Cable de red Cat 5e,https://www.belden.com/products/industrial-networking-cybersecurity/accessories/industrial-ethernet-cable/74001e,Material indicado: cobre,Marca y referencia de fabricante; ficha exacta; norma de la referencia; presentación disponible; coincidencia visual de variante.,revisar_variante_antes_de_publicar
SRT-PENDING-A09C5E947671,familia_verificada_no_referencia_exacta,Cable de red Cat 5e,https://www.belden.com/products/industrial-networking-cybersecurity/accessories/industrial-ethernet-cable/74001e,Material indicado: cobre,Marca y referencia de fabricante; ficha exacta; norma de la referencia; presentación disponible; coincidencia visual de variante.,revisar_variante_antes_de_publicar
SRT-PENDING-BF708A70F703,familia_verificada_no_referencia_exacta,Cable de red Cat 5e,https://www.belden.com/products/industrial-networking-cybersecurity/accessories/industrial-ethernet-cable/74001e,Material indicado: cobre,Marca y referencia de fabricante; ficha exacta; norma de la referencia; presentación disponible; coincidencia visual de variante.,revisar_variante_antes_de_publicar
SRT-PENDING-935994F7A6A5,familia_verificada_no_referencia_exacta,Cable de red Cat 5e,https://www.belden.com/products/industrial-networking-cybersecurity/accessories/industrial-ethernet-cable/74001e,Material indicado: cobre,Marca y referencia de fabricante; ficha exacta; norma de la referencia; presentación disponible; coincidencia visual de variante.,revisar_variante_antes_de_publicar
SRT-PENDING-7D36590B02AB,familia_verificada_no_referencia_exacta,Cable industrial de construcción,https://co.prysmian.com/en/products,Calibre: 6 AWG | Color indicado: blanco | Material indicado: cobre,Marca y referencia de fabricante; ficha exacta; norma de la referencia; presentación disponible; coincidencia visual de variante.,revisar_variante_antes_de_publicar
SRT-PENDING-BA004FF6990E,familia_verificada_no_referencia_exacta,Cable industrial de construcción,https://co.prysmian.com/en/products,Calibre: 6 AWG | Material indicado: cobre,Marca y referencia de fabricante; ficha exacta; norma de la referencia; presentación disponible; coincidencia visual de variante.,revisar_variante_antes_de_publicar
SRT-PENDING-7CF7206D973D,familia_verificada_no_referencia_exacta,Cable industrial de construcción,https://co.prysmian.com/en/products,Calibre: 6 AWG | Color indicado: morado | Material indicado: cobre,Marca y referencia de fabricante; ficha exacta; norma de la referencia; presentación disponible; coincidencia visual de variante.,revisar_variante_antes_de_publicar
SRT-PENDING-A128B8CB6FEB,familia_verificada_no_referencia_exacta,Cable industrial de construcción,https://co.prysmian.com/en/products,Calibre: 6 AWG | Material indicado: cobre,Marca y referencia de fabricante; ficha exacta; norma de la referencia; presentación disponible; coincidencia visual de variante.,revisar_variante_antes_de_publicar
SRT-PENDING-BD76EEB13459,familia_verificada_no_referencia_exacta,Cable industrial de construcción,https://co.prysmian.com/en/products,Calibre: 6 AWG | Color indicado: negro | Material indicado: cobre,Marca y referencia de fabricante; ficha exacta; norma de la referencia; presentación disponible; coincidencia visual de variante.,revisar_variante_antes_de_publicar
SRT-PENDING-3981093FFAFD,familia_verificada_no_referencia_exacta,Cable industrial de construcción,https://co.prysmian.com/en/products,Calibre: 6 AWG | Color indicado: rojo | Material indicado: cobre,Marca y referencia de fabricante; ficha exacta; norma de la referencia; presentación disponible; coincidencia visual de variante.,revisar_variante_antes_de_publicar
SRT-PENDING-9D58BFB37CD8,familia_verificada_no_referencia_exacta,Cable industrial de construcción,https://co.prysmian.com/en/products,Calibre: 6 AWG | Color indicado: verde | Material indicado: cobre,Marca y referencia de fabricante; ficha exacta; norma de la referencia; presentación disponible; coincidencia visual de variante.,revisar_variante_antes_de_publicar
SRT-PENDING-F21AB4BAC8CA,familia_verificada_no_referencia_exacta,Cable industrial de construcción,https://co.prysmian.com/en/products,Calibre: 10 AWG | Color indicado: amarillo | Material indicado: cobre,Marca y referencia de fabricante; ficha exacta; norma de la referencia; presentación disponible; coincidencia visual de variante.,revisar_variante_antes_de_publicar
SRT-PENDING-682C5D0A0934,familia_verificada_no_referencia_exacta,Cable industrial de construcción,https://co.prysmian.com/en/products,Calibre: 10 AWG | Color indicado: blanco | Material indicado: cobre,Marca y referencia de fabricante; ficha exacta; norma de la referencia; presentación disponible; coincidencia visual de variante.,revisar_variante_antes_de_publicar
SRT-PENDING-40DFD3223D4A,familia_verificada_no_referencia_exacta,Cable industrial de construcción,https://co.prysmian.com/en/products,Calibre: 10 AWG | Material indicado: cobre,Marca y referencia de fabricante; ficha exacta; norma de la referencia; presentación disponible; coincidencia visual de variante.,revisar_variante_antes_de_publicar
SRT-PENDING-F2CBCC65C867,familia_verificada_no_referencia_exacta,Cable industrial de construcción,https://co.prysmian.com/en/products,Calibre: 10 AWG | Color indicado: morado | Material indicado: cobre,Marca y referencia de fabricante; ficha exacta; norma de la referencia; presentación disponible; coincidencia visual de variante.,revisar_variante_antes_de_publicar
SRT-PENDING-620D2F87780B,familia_verificada_no_referencia_exacta,Cable industrial de construcción,https://co.prysmian.com/en/products,Calibre: 10 AWG | Material indicado: cobre,Marca y referencia de fabricante; ficha exacta; norma de la referencia; presentación disponible; coincidencia visual de variante.,revisar_variante_antes_de_publicar
SRT-PENDING-FD5791B9A534,familia_verificada_no_referencia_exacta,Cable industrial de construcción,https://co.prysmian.com/en/products,Calibre: 10 AWG | Color indicado: negro | Material indicado: cobre,Marca y referencia de fabricante; ficha exacta; norma de la referencia; presentación disponible; coincidencia visual de variante.,revisar_variante_antes_de_publicar
SRT-PENDING-3548BD6A674E,familia_verificada_no_referencia_exacta,Cable industrial de construcción,https://co.prysmian.com/en/products,Calibre: 10 AWG | Color indicado: rojo | Material indicado: cobre,Marca y referencia de fabricante; ficha exacta; norma de la referencia; presentación disponible; coincidencia visual de variante.,revisar_variante_antes_de_publicar
SRT-PENDING-2E3F9AC5B117,familia_verificada_no_referencia_exacta,Cable industrial de construcción,https://co.prysmian.com/en/products,Calibre: 10 AWG | Color indicado: verde | Material indicado: cobre,Marca y referencia de fabricante; ficha exacta; norma de la referencia; presentación disponible; coincidencia visual de variante.,revisar_variante_antes_de_publicar
SRT-PENDING-5CACE114CA4F,familia_verificada_no_referencia_exacta,Cable industrial de construcción,https://co.prysmian.com/en/products,Calibre: 12 AWG | Color indicado: amarillo | Material indicado: cobre,Marca y referencia de fabricante; ficha exacta; norma de la referencia; presentación disponible; coincidencia visual de variante.,revisar_variante_antes_de_publicar
SRT-PENDING-298B449092F0,familia_verificada_no_referencia_exacta,Cable industrial de construcción,https://co.prysmian.com/en/products,Calibre: 12 AWG | Color indicado: blanco | Material indicado: cobre,Marca y referencia de fabricante; ficha exacta; norma de la referencia; presentación disponible; coincidencia visual de variante.,revisar_variante_antes_de_publicar
SRT-PENDING-B846373BFADD,familia_verificada_no_referencia_exacta,Cable industrial de construcción,https://co.prysmian.com/en/products,Calibre: 12 AWG | Material indicado: cobre,Marca y referencia de fabricante; ficha exacta; norma de la referencia; presentación disponible; coincidencia visual de variante.,revisar_variante_antes_de_publicar
SRT-PENDING-04070B3FE12A,familia_verificada_no_referencia_exacta,Cable industrial de construcción,https://co.prysmian.com/en/products,Calibre: 12 AWG | Material indicado: cobre,Marca y referencia de fabricante; ficha exacta; norma de la referencia; presentación disponible; coincidencia visual de variante.,revisar_variante_antes_de_publicar
SRT-PENDING-0B27149FA8A1,familia_verificada_no_referencia_exacta,Cable industrial de construcción,https://co.prysmian.com/en/products,Calibre: 12 AWG | Color indicado: negro | Material indicado: cobre,Marca y referencia de fabricante; ficha exacta; norma de la referencia; presentación disponible; coincidencia visual de variante.,revisar_variante_antes_de_publicar
SRT-PENDING-BCBD7F3EB86D,familia_verificada_no_referencia_exacta,Cable industrial de construcción,https://co.prysmian.com/en/products,Calibre: 12 AWG | Color indicado: rojo | Material indicado: cobre,Marca y referencia de fabricante; ficha exacta; norma de la referencia; presentación disponible; coincidencia visual de variante.,revisar_variante_antes_de_publicar
SRT-PENDING-4DFBA15EF4AC,familia_verificada_no_referencia_exacta,Cable industrial de construcción,https://co.prysmian.com/en/products,Calibre: 12 AWG | Color indicado: verde | Material indicado: cobre,Marca y referencia de fabricante; ficha exacta; norma de la referencia; presentación disponible; coincidencia visual de variante.,revisar_variante_antes_de_publicar
SRT-PENDING-00D52A324A7A,familia_verificada_no_referencia_exacta,Cable industrial de construcción,https://co.prysmian.com/en/products,Calibre: 14 AWG | Color indicado: amarillo | Material indicado: cobre,Marca y referencia de fabricante; ficha exacta; norma de la referencia; presentación disponible; coincidencia visual de variante.,revisar_variante_antes_de_publicar
SRT-PENDING-7AC3712CEA7C,familia_verificada_no_referencia_exacta,Cable industrial de construcción,https://co.prysmian.com/en/products,Calibre: 14 AWG | Color indicado: blanco | Material indicado: cobre,Marca y referencia de fabricante; ficha exacta; norma de la referencia; presentación disponible; coincidencia visual de variante.,revisar_variante_antes_de_publicar
SRT-PENDING-D2B91FEDDE51,familia_verificada_no_referencia_exacta,Cable industrial de construcción,https://co.prysmian.com/en/products,Calibre: 14 AWG | Material indicado: cobre,Marca y referencia de fabricante; ficha exacta; norma de la referencia; presentación disponible; coincidencia visual de variante.,revisar_variante_antes_de_publicar
SRT-PENDING-C1987586D8D0,familia_verificada_no_referencia_exacta,Cable industrial de construcción,https://co.prysmian.com/en/products,Calibre: 14 AWG | Color indicado: morado | Material indicado: cobre,Marca y referencia de fabricante; ficha exacta; norma de la referencia; presentación disponible; coincidencia visual de variante.,revisar_variante_antes_de_publicar
SRT-PENDING-A22DB63FDD13,familia_verificada_no_referencia_exacta,Cable industrial de construcción,https://co.prysmian.com/en/products,Calibre: 14 AWG | Material indicado: cobre,Marca y referencia de fabricante; ficha exacta; norma de la referencia; presentación disponible; coincidencia visual de variante.,revisar_variante_antes_de_publicar
SRT-PENDING-14A0AC62DB1B,familia_verificada_no_referencia_exacta,Cable industrial de construcción,https://co.prysmian.com/en/products,Calibre: 14 AWG | Color indicado: negro | Material indicado: cobre,Marca y referencia de fabricante; ficha exacta; norma de la referencia; presentación disponible; coincidencia visual de variante.,revisar_variante_antes_de_publicar
SRT-PENDING-85704BD3B4F2,familia_verificada_no_referencia_exacta,Cable industrial de construcción,https://co.prysmian.com/en/products,Calibre: 14 AWG | Color indicado: rojo | Material indicado: cobre,Marca y referencia de fabricante; ficha exacta; norma de la referencia; presentación disponible; coincidencia visual de variante.,revisar_variante_antes_de_publicar
SRT-PENDING-97509E130001,familia_verificada_no_referencia_exacta,Cable industrial de construcción,https://co.prysmian.com/en/products,Calibre: 14 AWG | Color indicado: verde | Material indicado: cobre,Marca y referencia de fabricante; ficha exacta; norma de la referencia; presentación disponible; coincidencia visual de variante.,revisar_variante_antes_de_publicar
SRT-PENDING-35A3D3D63657,familia_verificada_no_referencia_exacta,Cable industrial de construcción,https://co.prysmian.com/en/products,Calibre: 16 AWG | Color indicado: amarillo | Material indicado: cobre,Marca y referencia de fabricante; ficha exacta; norma de la referencia; presentación disponible; coincidencia visual de variante.,revisar_variante_antes_de_publicar
SRT-PENDING-6E4411427ED4,familia_verificada_no_referencia_exacta,Cable industrial de construcción,https://co.prysmian.com/en/products,Calibre: 16 AWG | Color indicado: blanco | Material indicado: cobre,Marca y referencia de fabricante; ficha exacta; norma de la referencia; presentación disponible; coincidencia visual de variante.,revisar_variante_antes_de_publicar
SRT-PENDING-688116380EBA,familia_verificada_no_referencia_exacta,Cable industrial de construcción,https://co.prysmian.com/en/products,Calibre: 16 AWG | Material indicado: cobre,Marca y referencia de fabricante; ficha exacta; norma de la referencia; presentación disponible; coincidencia visual de variante.,revisar_variante_antes_de_publicar
SRT-PENDING-44D02D7CC950,familia_verificada_no_referencia_exacta,Cable industrial de construcción,https://co.prysmian.com/en/products,Calibre: 16 AWG | Color indicado: morado | Material indicado: cobre,Marca y referencia de fabricante; ficha exacta; norma de la referencia; presentación disponible; coincidencia visual de variante.,revisar_variante_antes_de_publicar
SRT-PENDING-C123A9EAC875,familia_verificada_no_referencia_exacta,Cable industrial de construcción,https://co.prysmian.com/en/products,Calibre: 16 AWG | Material indicado: cobre,Marca y referencia de fabricante; ficha exacta; norma de la referencia; presentación disponible; coincidencia visual de variante.,revisar_variante_antes_de_publicar
SRT-PENDING-31993EC9DB11,familia_verificada_no_referencia_exacta,Cable industrial de construcción,https://co.prysmian.com/en/products,Calibre: 16 AWG | Color indicado: negro | Material indicado: cobre,Marca y referencia de fabricante; ficha exacta; norma de la referencia; presentación disponible; coincidencia visual de variante.,revisar_variante_antes_de_publicar
SRT-PENDING-33D093F9BD72,familia_verificada_no_referencia_exacta,Cable industrial de construcción,https://co.prysmian.com/en/products,Calibre: 16 AWG | Color indicado: rojo | Material indicado: cobre,Marca y referencia de fabricante; ficha exacta; norma de la referencia; presentación disponible; coincidencia visual de variante.,revisar_variante_antes_de_publicar
SRT-PENDING-BBD242E8628E,familia_verificada_no_referencia_exacta,Cable industrial de construcción,https://co.prysmian.com/en/products,Calibre: 16 AWG | Color indicado: verde | Material indicado: cobre,Marca y referencia de fabricante; ficha exacta; norma de la referencia; presentación disponible; coincidencia visual de variante.,revisar_variante_antes_de_publicar
SRT-PENDING-E2E89C3CDB3C,familia_verificada_no_referencia_exacta,Cable industrial de construcción,https://co.prysmian.com/en/products,Calibre: 18 AWG | Color indicado: blanco | Material indicado: cobre,Marca y referencia de fabricante; ficha exacta; norma de la referencia; presentación disponible; coincidencia visual de variante.,revisar_variante_antes_de_publicar
SRT-PENDING-E2175E292AD4,familia_verificada_no_referencia_exacta,Cable industrial de construcción,https://co.prysmian.com/en/products,Calibre: 18 AWG | Material indicado: cobre,Marca y referencia de fabricante; ficha exacta; norma de la referencia; presentación disponible; coincidencia visual de variante.,revisar_variante_antes_de_publicar
SRT-PENDING-C0F95F150525,familia_verificada_no_referencia_exacta,Cable industrial de construcción,https://co.prysmian.com/en/products,Calibre: 18 AWG | Color indicado: morado | Material indicado: cobre,Marca y referencia de fabricante; ficha exacta; norma de la referencia; presentación disponible; coincidencia visual de variante.,revisar_variante_antes_de_publicar
SRT-PENDING-9F727277CC70,familia_verificada_no_referencia_exacta,Cable industrial de construcción,https://co.prysmian.com/en/products,Calibre: 18 AWG | Material indicado: cobre,Marca y referencia de fabricante; ficha exacta; norma de la referencia; presentación disponible; coincidencia visual de variante.,revisar_variante_antes_de_publicar
SRT-PENDING-E92B8F867376,familia_verificada_no_referencia_exacta,Cable industrial de construcción,https://co.prysmian.com/en/products,Calibre: 18 AWG | Color indicado: negro | Material indicado: cobre,Marca y referencia de fabricante; ficha exacta; norma de la referencia; presentación disponible; coincidencia visual de variante.,revisar_variante_antes_de_publicar
SRT-PENDING-949BEFDBED1F,familia_verificada_no_referencia_exacta,Cable industrial de construcción,https://co.prysmian.com/en/products,Calibre: 18 AWG | Color indicado: rojo | Material indicado: cobre,Marca y referencia de fabricante; ficha exacta; norma de la referencia; presentación disponible; coincidencia visual de variante.,revisar_variante_antes_de_publicar
SRT-PENDING-95911EF85308,familia_verificada_no_referencia_exacta,Cable industrial de construcción,https://co.prysmian.com/en/products,Calibre: 18 AWG | Color indicado: verde | Material indicado: cobre,Marca y referencia de fabricante; ficha exacta; norma de la referencia; presentación disponible; coincidencia visual de variante.,revisar_variante_antes_de_publicar
SRT-PENDING-1078F0D00E75,familia_verificada_no_referencia_exacta,Cable industrial de construcción,https://co.prysmian.com/en/products,Calibre: 6 AWG | Color indicado: amarillo | Material indicado: cobre,Marca y referencia de fabricante; ficha exacta; norma de la referencia; presentación disponible; coincidencia visual de variante.,revisar_variante_antes_de_publicar
SRT-PENDING-ECEDB4494AD2,familia_verificada_no_referencia_exacta,Cable industrial de construcción,https://co.prysmian.com/en/products,Calibre: 8 AWG | Material indicado: cobre,Marca y referencia de fabricante; ficha exacta; norma de la referencia; presentación disponible; coincidencia visual de variante.,revisar_variante_antes_de_publicar
SRT-PENDING-5C402979118A,familia_verificada_no_referencia_exacta,Cable industrial de construcción,https://co.prysmian.com/en/products,Calibre: 8 AWG | Color indicado: morado | Material indicado: cobre,Marca y referencia de fabricante; ficha exacta; norma de la referencia; presentación disponible; coincidencia visual de variante.,revisar_variante_antes_de_publicar
SRT-PENDING-1ABE987AF0AC,familia_verificada_no_referencia_exacta,Cable industrial de construcción,https://co.prysmian.com/en/products,Calibre: 8 AWG | Material indicado: cobre,Marca y referencia de fabricante; ficha exacta; norma de la referencia; presentación disponible; coincidencia visual de variante.,revisar_variante_antes_de_publicar
SRT-PENDING-5EB5F15D5B6D,familia_verificada_no_referencia_exacta,Cable industrial de construcción,https://co.prysmian.com/en/products,Calibre: 8 AWG | Color indicado: negro | Material indicado: cobre,Marca y referencia de fabricante; ficha exacta; norma de la referencia; presentación disponible; coincidencia visual de variante.,revisar_variante_antes_de_publicar
SRT-PENDING-437A6CFF3C13,familia_verificada_no_referencia_exacta,Cable industrial de construcción,https://co.prysmian.com/en/products,Calibre: 8 AWG | Color indicado: rojo | Material indicado: cobre,Marca y referencia de fabricante; ficha exacta; norma de la referencia; presentación disponible; coincidencia visual de variante.,revisar_variante_antes_de_publicar
SRT-PENDING-BC90394EFA5C,familia_verificada_no_referencia_exacta,Cable industrial de construcción,https://co.prysmian.com/en/products,Calibre: 8 AWG | Color indicado: verde | Material indicado: cobre,Marca y referencia de fabricante; ficha exacta; norma de la referencia; presentación disponible; coincidencia visual de variante.,revisar_variante_antes_de_publicar
SRT-PENDING-75B9E5CEA7C9,familia_verificada_no_referencia_exacta,Cable industrial de construcción,https://co.prysmian.com/en/products,Calibre: 10 AWG | Configuración indicada: 7x10,Marca y referencia de fabricante; ficha exacta; norma de la referencia; presentación disponible; coincidencia visual de variante.,revisar_variante_antes_de_publicar
SRT-PENDING-398F38D306E4,familia_verificada_no_referencia_exacta,Cable industrial de construcción,https://co.prysmian.com/en/products,Calibre: 8 AWG | Configuración indicada: 7x8,Marca y referencia de fabricante; ficha exacta; norma de la referencia; presentación disponible; coincidencia visual de variante.,revisar_variante_antes_de_publicar
SRT-PENDING-C947F80FF333,familia_verificada_no_referencia_exacta,Cable industrial de construcción,https://co.prysmian.com/en/products,Material indicado: acero,Marca y referencia de fabricante; ficha exacta; norma de la referencia; presentación disponible; coincidencia visual de variante.,revisar_variante_antes_de_publicar
SRT-PENDING-1DE752DC1C7B,familia_verificada_no_referencia_exacta,Cable industrial de construcción,https://co.prysmian.com/en/products,Material indicado: acero,Marca y referencia de fabricante; ficha exacta; norma de la referencia; presentación disponible; coincidencia visual de variante.,revisar_variante_antes_de_publicar
SRT-PENDING-5AD5CC3ECD2A,familia_verificada_no_referencia_exacta,Cable industrial de construcción,https://co.prysmian.com/en/products,Material indicado: acero,Marca y referencia de fabricante; ficha exacta; norma de la referencia; presentación disponible; coincidencia visual de variante.,revisar_variante_antes_de_publicar
SRT-PENDING-435471C553C3,familia_verificada_no_referencia_exacta,Cable industrial de construcción,https://co.prysmian.com/en/products,Calibre: 8 AWG | Configuración indicada: 7x8 | Material indicado: cobre,Marca y referencia de fabricante; ficha exacta; norma de la referencia; presentación disponible; coincidencia visual de variante.,revisar_variante_antes_de_publicar
SRT-PENDING-5A5C7767FB5F,familia_verificada_no_referencia_exacta,Cable industrial de construcción,https://co.prysmian.com/en/products,Calibre: 10 AWG | Configuración indicada: 7x10 | Material indicado: cobre,Marca y referencia de fabricante; ficha exacta; norma de la referencia; presentación disponible; coincidencia visual de variante.,revisar_variante_antes_de_publicar
