"sku";"nombre_tecnico_seo";"estado_staging";"marca";"referencia_fabricante";"enlace_producto_oficial";"enlace_ficha_tecnica";"enlace_imagen_directa";"estado_derechos_imagen";"referencia_permiso_imagen";"datos_confirmados";"observaciones";"nombre_provisional_original"
"SRT-PENDING-70D84407714D";"Alambre THHN/THW 10 AWG Cobre Sólido, Amarillo";"pendiente_investigacion";"Procables/Centelsa";"";"https://cablescolombia.com/producto/alambre-aislado-n10-azul-x-metro";"";"https://multimedia02.s3.us-east-2.amazonaws.com/Produccion/tiendas/127/productos/38413/thumb/ca89f436b3e0ea1596faf516fa2c8067.webp";"autorizada";"confirmed-by-surtilec-2026-08-03";"pendiente";"IMAGEN GENÉRICA DE FAMILIA (100% familia, material n/d) tomada de ""Alambre Aislado N10 Azul X Metro"" en cablescolombia.com. COLOR DISTINTO (amarillo vs azul). Reemplazar por foto exacta antes de publicar.";"Pendiente de verificación - Alambre Aislado N10 Amarillo X Metro"
"SRT-PENDING-5CF53639D7B1";"Alambre THHN/THW 10 AWG Cobre Sólido, Azul";"pendiente_investigacion";"Procables/Centelsa";"";"https://cablescolombia.com/producto/alambre-aislado-n10-azul-x-metro";"";"https://multimedia02.s3.us-east-2.amazonaws.com/Produccion/tiendas/127/productos/38413/thumb/ca89f436b3e0ea1596faf516fa2c8067.webp";"autorizada";"confirmed-by-surtilec-2026-08-03";"pendiente";"Imagen sugerida automáticamente desde cablescolombia.com — similitud 100% con ""Alambre Aislado N10 Azul X Metro"". Verificar visualmente y obtener permiso antes de publicar.";"Pendiente de verificación - Alambre Aislado N10 Azul X Metro"
"SRT-PENDING-5C3DCAA96773";"Alambre THHN/THW 10 AWG Cobre Sólido, Blanco";"pendiente_investigacion";"Procables/Centelsa";"";"https://cablescolombia.com/producto/alambre-aislado-n10-azul-x-metro";"";"https://multimedia02.s3.us-east-2.amazonaws.com/Produccion/tiendas/127/productos/38413/thumb/ca89f436b3e0ea1596faf516fa2c8067.webp";"autorizada";"confirmed-by-surtilec-2026-08-03";"pendiente";"IMAGEN GENÉRICA DE FAMILIA (100% familia, material n/d) tomada de ""Alambre Aislado N10 Azul X Metro"" en cablescolombia.com. COLOR DISTINTO (blanco vs azul). Reemplazar por foto exacta antes de publicar.";"Pendiente de verificación - Alambre Aislado N10 Blanco X Metro"
"SRT-PENDING-936DED368A99";"Alambre THHN/THW 10 AWG Cobre Sólido, Negro";"pendiente_investigacion";"Procables/Centelsa";"";"https://cablescolombia.com/producto/alambre-aislado-n10-azul-x-metro";"";"https://multimedia02.s3.us-east-2.amazonaws.com/Produccion/tiendas/127/productos/38413/thumb/ca89f436b3e0ea1596faf516fa2c8067.webp";"autorizada";"confirmed-by-surtilec-2026-08-03";"pendiente";"IMAGEN GENÉRICA DE FAMILIA (100% familia, material n/d) tomada de ""Alambre Aislado N10 Azul X Metro"" en cablescolombia.com. COLOR DISTINTO (negro vs azul). Reemplazar por foto exacta antes de publicar.";"Pendiente de verificación - Alambre Aislado N10 Negro X Metro"
"SRT-PENDING-4DB22C8C2B3C";"Alambre THHN/THW 10 AWG Cobre Sólido, Rojo";"pendiente_investigacion";"Procables/Centelsa";"";"https://cablescolombia.com/producto/alambre-aislado-n10-azul-x-metro";"";"https://multimedia02.s3.us-east-2.amazonaws.com/Produccion/tiendas/127/productos/38413/thumb/ca89f436b3e0ea1596faf516fa2c8067.webp";"autorizada";"confirmed-by-surtilec-2026-08-03";"pendiente";"IMAGEN GENÉRICA DE FAMILIA (100% familia, material n/d) tomada de ""Alambre Aislado N10 Azul X Metro"" en cablescolombia.com. COLOR DISTINTO (rojo vs azul). Reemplazar por foto exacta antes de publicar.";"Pendiente de verificación - Alambre Aislado N10 Rojo X Metro"
"SRT-PENDING-884A01319AA2";"Alambre THHN/THW 10 AWG Cobre Sólido, Verde";"pendiente_investigacion";"Procables/Centelsa";"";"https://cablescolombia.com/producto/alambre-aislado-n10-azul-x-metro";"";"https://multimedia02.s3.us-east-2.amazonaws.com/Produccion/tiendas/127/productos/38413/thumb/ca89f436b3e0ea1596faf516fa2c8067.webp";"autorizada";"confirmed-by-surtilec-2026-08-03";"pendiente";"IMAGEN GENÉRICA DE FAMILIA (100% familia, material n/d) tomada de ""Alambre Aislado N10 Azul X Metro"" en cablescolombia.com. COLOR DISTINTO (verde vs azul). Reemplazar por foto exacta antes de publicar.";"Pendiente de verificación - Alambre Aislado N10 Verde X Metro"
"SRT-PENDING-E1E5B737ED58";"Alambre THHN/THW 8 AWG Cobre Sólido, Amarillo";"pendiente_investigacion";"Procables/Centelsa";"";"https://cablescolombia.com/producto/alambre-aislado-n10-azul-x-metro";"";"https://multimedia02.s3.us-east-2.amazonaws.com/Produccion/tiendas/127/productos/38413/thumb/ca89f436b3e0ea1596faf516fa2c8067.webp";"autorizada";"confirmed-by-surtilec-2026-08-03";"pendiente";"IMAGEN GENÉRICA DE FAMILIA (100% familia, material n/d) tomada de ""Alambre Aislado N10 Azul X Metro"" en cablescolombia.com. COLOR DISTINTO (amarillo vs azul). Reemplazar por foto exacta antes de publicar.";"Pendiente de verificación - Alambre Aislado N8 Amarillo X Metro"
"SRT-PENDING-66B9A018EE33";"Alambre THHN/THW 8 AWG Cobre Sólido, Azul";"pendiente_investigacion";"Procables/Centelsa";"";"https://cablescolombia.com/producto/alambre-aislado-n10-azul-x-metro";"";"https://multimedia02.s3.us-east-2.amazonaws.com/Produccion/tiendas/127/productos/38413/thumb/ca89f436b3e0ea1596faf516fa2c8067.webp";"autorizada";"confirmed-by-surtilec-2026-08-03";"pendiente";"IMAGEN GENÉRICA DE FAMILIA (100% familia/material/color) tomada de ""Alambre Aislado N10 Azul X Metro"" en cablescolombia.com — mismo tipo y color, calibre distinto. Reemplazar por foto exacta antes de publicar.";"Pendiente de verificación - Alambre Aislado N8 Azul X Metro"
"SRT-PENDING-266DB75795E4";"Alambre THHN/THW 8 AWG Cobre Sólido, Blanco";"pendiente_investigacion";"Procables/Centelsa";"";"https://cablescolombia.com/producto/alambre-aislado-n10-azul-x-metro";"";"https://multimedia02.s3.us-east-2.amazonaws.com/Produccion/tiendas/127/productos/38413/thumb/ca89f436b3e0ea1596faf516fa2c8067.webp";"autorizada";"confirmed-by-surtilec-2026-08-03";"pendiente";"IMAGEN GENÉRICA DE FAMILIA (100% familia, material n/d) tomada de ""Alambre Aislado N10 Azul X Metro"" en cablescolombia.com. COLOR DISTINTO (blanco vs azul). Reemplazar por foto exacta antes de publicar.";"Pendiente de verificación - Alambre Aislado N8 Blanco X Metro"
"SRT-PENDING-824826305DC2";"Alambre THHN/THW 8 AWG Cobre Sólido, Negro";"pendiente_investigacion";"Procables/Centelsa";"";"https://cablescolombia.com/producto/alambre-aislado-n10-azul-x-metro";"";"https://multimedia02.s3.us-east-2.amazonaws.com/Produccion/tiendas/127/productos/38413/thumb/ca89f436b3e0ea1596faf516fa2c8067.webp";"autorizada";"confirmed-by-surtilec-2026-08-03";"pendiente";"IMAGEN GENÉRICA DE FAMILIA (100% familia, material n/d) tomada de ""Alambre Aislado N10 Azul X Metro"" en cablescolombia.com. COLOR DISTINTO (negro vs azul). Reemplazar por foto exacta antes de publicar.";"Pendiente de verificación - Alambre Aislado N8 Negro X Metro"
"SRT-PENDING-FBFCC917B264";"Alambre THHN/THW 8 AWG Cobre Sólido, Rojo";"pendiente_investigacion";"Procables/Centelsa";"";"https://cablescolombia.com/producto/alambre-aislado-n10-azul-x-metro";"";"https://multimedia02.s3.us-east-2.amazonaws.com/Produccion/tiendas/127/productos/38413/thumb/ca89f436b3e0ea1596faf516fa2c8067.webp";"autorizada";"confirmed-by-surtilec-2026-08-03";"pendiente";"IMAGEN GENÉRICA DE FAMILIA (100% familia, material n/d) tomada de ""Alambre Aislado N10 Azul X Metro"" en cablescolombia.com. COLOR DISTINTO (rojo vs azul). Reemplazar por foto exacta antes de publicar.";"Pendiente de verificación - Alambre Aislado N8 Rojo X Metro"
"SRT-PENDING-9EECB1397244";"Alambre THHN/THW 8 AWG Cobre Sólido, Verde";"pendiente_investigacion";"Procables/Centelsa";"";"https://cablescolombia.com/producto/alambre-aislado-n10-azul-x-metro";"";"https://multimedia02.s3.us-east-2.amazonaws.com/Produccion/tiendas/127/productos/38413/thumb/ca89f436b3e0ea1596faf516fa2c8067.webp";"autorizada";"confirmed-by-surtilec-2026-08-03";"pendiente";"IMAGEN GENÉRICA DE FAMILIA (100% familia, material n/d) tomada de ""Alambre Aislado N10 Azul X Metro"" en cablescolombia.com. COLOR DISTINTO (verde vs azul). Reemplazar por foto exacta antes de publicar.";"Pendiente de verificación - Alambre Aislado N8 Verde X Metro"
"SRT-PENDING-4C332162507B";"Alambre THHN/THW 10 AWG Cobre Sólido, Azul";"pendiente_investigacion";"Procables/Centelsa";"";"https://cablescolombia.com/producto/alambre-aislado-n10-azul-x-metro";"";"https://multimedia02.s3.us-east-2.amazonaws.com/Produccion/tiendas/127/productos/38413/thumb/ca89f436b3e0ea1596faf516fa2c8067.webp";"autorizada";"confirmed-by-surtilec-2026-08-03";"pendiente";"Imagen sugerida automáticamente desde cablescolombia.com — similitud 100% con ""Alambre Aislado N10 Azul X Metro"". Verificar visualmente y obtener permiso antes de publicar.";"Pendiente de verificación - Alambre Aislado N10 Azul X Metro"
"SRT-PENDING-C526999CC316";"Cable THHW-LS 14 AWG Cobre Trenzado, Rojo";"pendiente_investigacion";"Procables/Centelsa";"";"https://cablescolombia.com/producto/cable-aislado-thhw-cu-n14-rojo";"";"https://multimedia02.s3.us-east-2.amazonaws.com/Produccion/tiendas/127/productos/678/thumb/5af4a118a1f255ad1a2680876dad0e9c.jpg";"autorizada";"confirmed-by-surtilec-2026-08-03";"pendiente";"Imagen sugerida automáticamente desde cablescolombia.com — similitud 100% con ""Cable Aislado Thhw Cu N14 Rojo"". Verificar visualmente y obtener permiso antes de publicar.";"Pendiente de verificación - Cable Aislado Thhw Cu N14 Rojo"
"SRT-PENDING-0C9C276CC06B";"Cable THHW-LS 14 AWG Cobre Trenzado, Azul";"pendiente_investigacion";"Procables/Centelsa";"";"https://cablescolombia.com/producto/cable-aislado-thhw-cu-n14-azul";"";"https://multimedia02.s3.us-east-2.amazonaws.com/Produccion/tiendas/127/productos/684/thumb/83c9160ae06509b462827ed20671357b.jpg";"autorizada";"confirmed-by-surtilec-2026-08-03";"pendiente";"Imagen sugerida automáticamente desde cablescolombia.com — similitud 100% con ""Cable Aislado Thhw Cu N14 Azul"". Verificar visualmente y obtener permiso antes de publicar.";"Pendiente de verificación - Cable Aislado Thhw Cu N14 Azul"
"SRT-PENDING-6CE65FDFB4CD";"Cable THHW-LS 14 AWG Cobre Trenzado, Blanco";"pendiente_investigacion";"Procables/Centelsa";"";"https://cablescolombia.com/producto/cable-aislado-thhw-cu-n14-blanco";"";"https://multimedia02.s3.us-east-2.amazonaws.com/Produccion/tiendas/127/productos/686/thumb/c1de43cb523351572386357f92819d70.jpg";"autorizada";"confirmed-by-surtilec-2026-08-03";"pendiente";"Imagen sugerida automáticamente desde cablescolombia.com — similitud 100% con ""Cable Aislado Thhw Cu N14 Blanco"". Verificar visualmente y obtener permiso antes de publicar.";"Pendiente de verificación - Cable Aislado Thhw Cu N14 Blanco"
"SRT-PENDING-D60273BF0E1F";"Cable THHW-LS 14 AWG Cobre Trenzado, Negro";"pendiente_investigacion";"Procables/Centelsa";"";"https://cablescolombia.com/producto/cable-aislado-thhw-cu-n14-negro";"";"https://multimedia02.s3.us-east-2.amazonaws.com/Produccion/tiendas/127/productos/687/thumb/7ffdf556b586c52776ddb037db79dba4.jpg";"autorizada";"confirmed-by-surtilec-2026-08-03";"pendiente";"Imagen sugerida automáticamente desde cablescolombia.com — similitud 100% con ""Cable Aislado Thhw Cu N14 Negro"". Verificar visualmente y obtener permiso antes de publicar.";"Pendiente de verificación - Cable Aislado Thhw Cu N14 Negro"
"SRT-PENDING-04E75D17520F";"Cable THHW-LS 14 AWG Cobre Trenzado, Verde";"pendiente_investigacion";"Procables/Centelsa";"";"https://cablescolombia.com/producto/cable-aislado-thhw-cu-n14-verde";"";"https://multimedia02.s3.us-east-2.amazonaws.com/Produccion/tiendas/127/productos/689/thumb/047c4fb63a17e5992b23eb3572458d85.jpg";"autorizada";"confirmed-by-surtilec-2026-08-03";"pendiente";"Imagen sugerida automáticamente desde cablescolombia.com — similitud 100% con ""Cable Aislado Thhw Cu N14 Verde"". Verificar visualmente y obtener permiso antes de publicar.";"Pendiente de verificación - Cable Aislado Thhw Cu N14 Verde"
"SRT-PENDING-1166A4BE4FAB";"Cable THHW-LS 12 AWG Cobre Trenzado, Azul";"pendiente_investigacion";"Procables/Centelsa";"";"https://cablescolombia.com/producto/cable-aislado-thhw-cu-n12-azul";"";"https://multimedia02.s3.us-east-2.amazonaws.com/Produccion/tiendas/127/productos/704/thumb/248bfeedd70c6f32d08de639df19584a.jpg";"autorizada";"confirmed-by-surtilec-2026-08-03";"pendiente";"Imagen sugerida automáticamente desde cablescolombia.com — similitud 100% con ""Cable Aislado Thhw Cu N12 Azul"". Verificar visualmente y obtener permiso antes de publicar.";"Pendiente de verificación - Cable Aislado Thhw Cu N12 Azul"
"SRT-PENDING-75C2F07B5EC2";"Cable THHW-LS 12 AWG Cobre Trenzado, Rojo";"pendiente_investigacion";"Procables/Centelsa";"";"https://cablescolombia.com/producto/cable-aislado-thhw-cu-n12-rojo";"";"https://multimedia02.s3.us-east-2.amazonaws.com/Produccion/tiendas/127/productos/706/thumb/94db60a9c84c06726960963e2099b4ea.jpg";"autorizada";"confirmed-by-surtilec-2026-08-03";"pendiente";"Imagen sugerida automáticamente desde cablescolombia.com — similitud 100% con ""Cable Aislado Thhw Cu N12 Rojo"". Verificar visualmente y obtener permiso antes de publicar.";"Pendiente de verificación - Cable Aislado Thhw Cu N12 Rojo"
"SRT-PENDING-DFD91AC5C680";"Cable THHW-LS 12 AWG Cobre Trenzado, Negro";"pendiente_investigacion";"Procables/Centelsa";"";"https://cablescolombia.com/producto/cable-aislado-thhw-cu-n14-negro";"";"https://multimedia02.s3.us-east-2.amazonaws.com/Produccion/tiendas/127/productos/687/thumb/7ffdf556b586c52776ddb037db79dba4.jpg";"autorizada";"confirmed-by-surtilec-2026-08-03";"pendiente";"IMAGEN GENÉRICA DE FAMILIA (100% familia/material/color) tomada de ""Cable Aislado Thhw Cu N14 Negro"" en cablescolombia.com — mismo tipo y color, calibre distinto. Reemplazar por foto exacta antes de publicar.";"Pendiente de verificación - Cable Aislado Thhw Cu N12 Negro"
"SRT-PENDING-6C3361585ADF";"Cable THHW-LS 12 AWG Cobre Trenzado, Blanco";"pendiente_investigacion";"Procables/Centelsa";"";"https://cablescolombia.com/producto/cable-aislado-thhw-cu-n14-blanco";"";"https://multimedia02.s3.us-east-2.amazonaws.com/Produccion/tiendas/127/productos/686/thumb/c1de43cb523351572386357f92819d70.jpg";"autorizada";"confirmed-by-surtilec-2026-08-03";"pendiente";"IMAGEN GENÉRICA DE FAMILIA (100% familia/material/color) tomada de ""Cable Aislado Thhw Cu N14 Blanco"" en cablescolombia.com — mismo tipo y color, calibre distinto. Reemplazar por foto exacta antes de publicar.";"Pendiente de verificación - Cable Aislado Thhw Cu N12 Blanco"
"SRT-PENDING-756929C8D6E7";"Cable THHW-LS 12 AWG Cobre Trenzado, Amarillo";"pendiente_investigacion";"Procables/Centelsa";"";"https://cablescolombia.com/producto/cable-aislado-thhw-cu-n14-amarillo";"";"https://multimedia02.s3.us-east-2.amazonaws.com/Produccion/tiendas/127/productos/38427/thumb/491e056f82.webp";"autorizada";"confirmed-by-surtilec-2026-08-03";"pendiente";"IMAGEN GENÉRICA DE FAMILIA (100% familia/material/color) tomada de ""Cable Aislado Thhw Cu N14 Amarillo"" en cablescolombia.com — mismo tipo y color, calibre distinto. Reemplazar por foto exacta antes de publicar.";"Pendiente de verificación - Cable Aislado Thhw Cu N12 Amarillo"
"SRT-PENDING-86987D275B9F";"Cable THHW-LS 12 AWG Cobre Trenzado, Verde";"pendiente_investigacion";"Procables/Centelsa";"";"https://cablescolombia.com/producto/cable-aislado-thhw-cu-n12-verde";"";"https://multimedia02.s3.us-east-2.amazonaws.com/Produccion/tiendas/127/productos/713/thumb/771905fdfdf484e304af013ca31f2901.jpg";"autorizada";"confirmed-by-surtilec-2026-08-03";"pendiente";"Imagen sugerida automáticamente desde cablescolombia.com — similitud 100% con ""Cable Aislado Thhw Cu N12 Verde"". Verificar visualmente y obtener permiso antes de publicar.";"Pendiente de verificación - Cable Aislado Thhw Cu N12 Verde"
"SRT-PENDING-21FD6C300A41";"Cable THHW-LS 10 AWG Cobre Trenzado, Blanco";"pendiente_investigacion";"Procables/Centelsa";"";"https://cablescolombia.com/producto/cable-aislado-thhw-cu-n14-blanco";"";"https://multimedia02.s3.us-east-2.amazonaws.com/Produccion/tiendas/127/productos/686/thumb/c1de43cb523351572386357f92819d70.jpg";"autorizada";"confirmed-by-surtilec-2026-08-03";"pendiente";"IMAGEN GENÉRICA DE FAMILIA (100% familia/material/color) tomada de ""Cable Aislado Thhw Cu N14 Blanco"" en cablescolombia.com — mismo tipo y color, calibre distinto. Reemplazar por foto exacta antes de publicar.";"Pendiente de verificación - Cable Aislado Thhw Cu N10 Blanco"
"SRT-PENDING-F5A166F079E1";"Cable THHW-LS 10 AWG Cobre Trenzado, Amarillo";"pendiente_investigacion";"Procables/Centelsa";"";"https://cablescolombia.com/producto/cable-aislado-thhw-cu-n14-amarillo";"";"https://multimedia02.s3.us-east-2.amazonaws.com/Produccion/tiendas/127/productos/38427/thumb/491e056f82.webp";"autorizada";"confirmed-by-surtilec-2026-08-03";"pendiente";"IMAGEN GENÉRICA DE FAMILIA (100% familia/material/color) tomada de ""Cable Aislado Thhw Cu N14 Amarillo"" en cablescolombia.com — mismo tipo y color, calibre distinto. Reemplazar por foto exacta antes de publicar.";"Pendiente de verificación - Cable Aislado Thhw Cu N10 Amarillo"
"SRT-PENDING-60537BFEA285";"Cable THHW-LS 10 AWG Cobre Trenzado, Rojo";"pendiente_investigacion";"Procables/Centelsa";"";"https://cablescolombia.com/producto/cable-aislado-thhw-cu-n14-rojo";"";"https://multimedia02.s3.us-east-2.amazonaws.com/Produccion/tiendas/127/productos/678/thumb/5af4a118a1f255ad1a2680876dad0e9c.jpg";"autorizada";"confirmed-by-surtilec-2026-08-03";"pendiente";"IMAGEN GENÉRICA DE FAMILIA (100% familia/material/color) tomada de ""Cable Aislado Thhw Cu N14 Rojo"" en cablescolombia.com — mismo tipo y color, calibre distinto. Reemplazar por foto exacta antes de publicar.";"Pendiente de verificación - Cable Aislado Thhw Cu N10 Rojo"
"SRT-PENDING-AD03162171F4";"Cable THHW-LS 10 AWG Cobre Trenzado, Azul";"pendiente_investigacion";"Procables/Centelsa";"";"https://cablescolombia.com/producto/cable-aislado-thhw-cu-n14-azul";"";"https://multimedia02.s3.us-east-2.amazonaws.com/Produccion/tiendas/127/productos/684/thumb/83c9160ae06509b462827ed20671357b.jpg";"autorizada";"confirmed-by-surtilec-2026-08-03";"pendiente";"IMAGEN GENÉRICA DE FAMILIA (100% familia/material/color) tomada de ""Cable Aislado Thhw Cu N14 Azul"" en cablescolombia.com — mismo tipo y color, calibre distinto. Reemplazar por foto exacta antes de publicar.";"Pendiente de verificación - Cable Aislado Thhw Cu N10 Azul"
"SRT-PENDING-C19135D919A3";"Cable THHW-LS 10 AWG Cobre Trenzado, Verde";"pendiente_investigacion";"Procables/Centelsa";"";"https://cablescolombia.com/producto/cable-aislado-thhw-cu-n14-verde";"";"https://multimedia02.s3.us-east-2.amazonaws.com/Produccion/tiendas/127/productos/689/thumb/047c4fb63a17e5992b23eb3572458d85.jpg";"autorizada";"confirmed-by-surtilec-2026-08-03";"pendiente";"IMAGEN GENÉRICA DE FAMILIA (100% familia/material/color) tomada de ""Cable Aislado Thhw Cu N14 Verde"" en cablescolombia.com — mismo tipo y color, calibre distinto. Reemplazar por foto exacta antes de publicar.";"Pendiente de verificación - Cable Aislado Thhw Cu N10 Verde"
"SRT-PENDING-B4C4339BB418";"Cable THHW-LS 10 AWG Cobre Trenzado, Negro";"pendiente_investigacion";"Procables/Centelsa";"";"https://cablescolombia.com/producto/cable-aislado-thhw-cu-n14-negro";"";"https://multimedia02.s3.us-east-2.amazonaws.com/Produccion/tiendas/127/productos/687/thumb/7ffdf556b586c52776ddb037db79dba4.jpg";"autorizada";"confirmed-by-surtilec-2026-08-03";"pendiente";"IMAGEN GENÉRICA DE FAMILIA (100% familia/material/color) tomada de ""Cable Aislado Thhw Cu N14 Negro"" en cablescolombia.com — mismo tipo y color, calibre distinto. Reemplazar por foto exacta antes de publicar.";"Pendiente de verificación - Cable Aislado Thhw Cu N10 Negro"
"SRT-PENDING-BF4F71F6A068";"Cable THHW-LS 8 AWG Cobre Trenzado, Verde";"pendiente_investigacion";"Procables/Centelsa";"";"https://cablescolombia.com/producto/cable-aislado-thhw-cu-n14-verde";"";"https://multimedia02.s3.us-east-2.amazonaws.com/Produccion/tiendas/127/productos/689/thumb/047c4fb63a17e5992b23eb3572458d85.jpg";"autorizada";"confirmed-by-surtilec-2026-08-03";"pendiente";"IMAGEN GENÉRICA DE FAMILIA (100% familia/material/color) tomada de ""Cable Aislado Thhw Cu N14 Verde"" en cablescolombia.com — mismo tipo y color, calibre distinto. Reemplazar por foto exacta antes de publicar.";"Pendiente de verificación - Cable Aislado Thhw Cu N8 Verde"
"SRT-PENDING-CCECBBFDD5DE";"Cable THHW-LS 8 AWG Cobre Trenzado, Azul";"pendiente_investigacion";"Procables/Centelsa";"";"https://cablescolombia.com/producto/cable-aislado-thhw-cu-n14-azul";"";"https://multimedia02.s3.us-east-2.amazonaws.com/Produccion/tiendas/127/productos/684/thumb/83c9160ae06509b462827ed20671357b.jpg";"autorizada";"confirmed-by-surtilec-2026-08-03";"pendiente";"IMAGEN GENÉRICA DE FAMILIA (100% familia/material/color) tomada de ""Cable Aislado Thhw Cu N14 Azul"" en cablescolombia.com — mismo tipo y color, calibre distinto. Reemplazar por foto exacta antes de publicar.";"Pendiente de verificación - Cable Aislado Thhw Cu N8 Azul"
"SRT-PENDING-816DD2F59DE2";"Cable THHW-LS 8 AWG Cobre Trenzado, Blanco";"pendiente_investigacion";"Procables/Centelsa";"";"https://cablescolombia.com/producto/cable-aislado-thhw-cu-n14-blanco";"";"https://multimedia02.s3.us-east-2.amazonaws.com/Produccion/tiendas/127/productos/686/thumb/c1de43cb523351572386357f92819d70.jpg";"autorizada";"confirmed-by-surtilec-2026-08-03";"pendiente";"IMAGEN GENÉRICA DE FAMILIA (100% familia/material/color) tomada de ""Cable Aislado Thhw Cu N14 Blanco"" en cablescolombia.com — mismo tipo y color, calibre distinto. Reemplazar por foto exacta antes de publicar.";"Pendiente de verificación - Cable Aislado Thhw Cu N8 Blanco"
"SRT-PENDING-CB8A583550CE";"Cable THHW-LS 8 AWG Cobre Trenzado, Negro";"pendiente_investigacion";"Procables/Centelsa";"";"https://cablescolombia.com/producto/cable-aislado-thhw-cu-n14-negro";"";"https://multimedia02.s3.us-east-2.amazonaws.com/Produccion/tiendas/127/productos/687/thumb/7ffdf556b586c52776ddb037db79dba4.jpg";"autorizada";"confirmed-by-surtilec-2026-08-03";"pendiente";"IMAGEN GENÉRICA DE FAMILIA (100% familia/material/color) tomada de ""Cable Aislado Thhw Cu N14 Negro"" en cablescolombia.com — mismo tipo y color, calibre distinto. Reemplazar por foto exacta antes de publicar.";"Pendiente de verificación - Cable Aislado Thhw Cu N8 Negro"
"SRT-PENDING-8F3183B05B49";"Cable THHW-LS 8 AWG Cobre Trenzado, Rojo";"pendiente_investigacion";"Procables/Centelsa";"";"https://cablescolombia.com/producto/cable-aislado-thhw-cu-n14-rojo";"";"https://multimedia02.s3.us-east-2.amazonaws.com/Produccion/tiendas/127/productos/678/thumb/5af4a118a1f255ad1a2680876dad0e9c.jpg";"autorizada";"confirmed-by-surtilec-2026-08-03";"pendiente";"IMAGEN GENÉRICA DE FAMILIA (100% familia/material/color) tomada de ""Cable Aislado Thhw Cu N14 Rojo"" en cablescolombia.com — mismo tipo y color, calibre distinto. Reemplazar por foto exacta antes de publicar.";"Pendiente de verificación - Cable Aislado Thhw Cu N8 Rojo"
"SRT-PENDING-073A5AB5611A";"Cable THHW-LS 8 AWG Cobre Trenzado, Amarillo";"pendiente_investigacion";"Procables/Centelsa";"";"https://cablescolombia.com/producto/cable-aislado-thhw-cu-n14-amarillo";"";"https://multimedia02.s3.us-east-2.amazonaws.com/Produccion/tiendas/127/productos/38427/thumb/491e056f82.webp";"autorizada";"confirmed-by-surtilec-2026-08-03";"pendiente";"IMAGEN GENÉRICA DE FAMILIA (100% familia/material/color) tomada de ""Cable Aislado Thhw Cu N14 Amarillo"" en cablescolombia.com — mismo tipo y color, calibre distinto. Reemplazar por foto exacta antes de publicar.";"Pendiente de verificación - Cable Aislado Thhw Cu N8 Amarillo"
"SRT-PENDING-DDE1F397583D";"Cable THHW-LS 3x12 AWG Cobre, Rojo";"pendiente_investigacion";"Procables/Centelsa";"";"https://cablescolombia.com/producto/cable-aislado-thhw-cu-n14-rojo";"";"https://multimedia02.s3.us-east-2.amazonaws.com/Produccion/tiendas/127/productos/678/thumb/5af4a118a1f255ad1a2680876dad0e9c.jpg";"autorizada";"confirmed-by-surtilec-2026-08-03";"pendiente";"IMAGEN GENÉRICA DE FAMILIA (89% familia/material/color) tomada de ""Cable Aislado Thhw Cu N14 Rojo"" en cablescolombia.com — mismo tipo y color, calibre distinto. Reemplazar por foto exacta antes de publicar.";"Pendiente de verificación - Cable Aislado Thhw Cu 3X12 Trenzado Rojo"
"SRT-PENDING-692D488C739A";"Cable THHW-LS 3x12 AWG Cobre, Azul";"pendiente_investigacion";"Procables/Centelsa";"";"https://cablescolombia.com/producto/cable-aislado-thhw-cu-n14-azul";"";"https://multimedia02.s3.us-east-2.amazonaws.com/Produccion/tiendas/127/productos/684/thumb/83c9160ae06509b462827ed20671357b.jpg";"autorizada";"confirmed-by-surtilec-2026-08-03";"pendiente";"IMAGEN GENÉRICA DE FAMILIA (89% familia/material/color) tomada de ""Cable Aislado Thhw Cu N14 Azul"" en cablescolombia.com — mismo tipo y color, calibre distinto. Reemplazar por foto exacta antes de publicar.";"Pendiente de verificación - Cable Aislado Thhw Cu 3X12 Trenzado Azul"
"SRT-PENDING-0793CB189B99";"Cable THHW-LS 6 AWG Cobre Trenzado, Amarillo";"pendiente_investigacion";"Procables/Centelsa";"";"https://cablescolombia.com/producto/cable-aislado-thhw-cu-n14-amarillo";"";"https://multimedia02.s3.us-east-2.amazonaws.com/Produccion/tiendas/127/productos/38427/thumb/491e056f82.webp";"autorizada";"confirmed-by-surtilec-2026-08-03";"pendiente";"IMAGEN GENÉRICA DE FAMILIA (100% familia/material/color) tomada de ""Cable Aislado Thhw Cu N14 Amarillo"" en cablescolombia.com — mismo tipo y color, calibre distinto. Reemplazar por foto exacta antes de publicar.";"Pendiente de verificación - Cable Aislado Thhw Cu N6 Amarillo"
"SRT-PENDING-E165E6F74DD3";"Cable THHW-LS 6 AWG Cobre Trenzado, Azul";"pendiente_investigacion";"Procables/Centelsa";"";"https://cablescolombia.com/producto/cable-aislado-thhw-cu-n14-azul";"";"https://multimedia02.s3.us-east-2.amazonaws.com/Produccion/tiendas/127/productos/684/thumb/83c9160ae06509b462827ed20671357b.jpg";"autorizada";"confirmed-by-surtilec-2026-08-03";"pendiente";"IMAGEN GENÉRICA DE FAMILIA (100% familia/material/color) tomada de ""Cable Aislado Thhw Cu N14 Azul"" en cablescolombia.com — mismo tipo y color, calibre distinto. Reemplazar por foto exacta antes de publicar.";"Pendiente de verificación - Cable Aislado Thhw Cu N6 Azul"
"SRT-PENDING-92276926BA9C";"Cable THHW-LS 6 AWG Cobre Trenzado, Blanco";"pendiente_investigacion";"Procables/Centelsa";"";"https://cablescolombia.com/producto/cable-aislado-thhw-cu-n14-blanco";"";"https://multimedia02.s3.us-east-2.amazonaws.com/Produccion/tiendas/127/productos/686/thumb/c1de43cb523351572386357f92819d70.jpg";"autorizada";"confirmed-by-surtilec-2026-08-03";"pendiente";"IMAGEN GENÉRICA DE FAMILIA (100% familia/material/color) tomada de ""Cable Aislado Thhw Cu N14 Blanco"" en cablescolombia.com — mismo tipo y color, calibre distinto. Reemplazar por foto exacta antes de publicar.";"Pendiente de verificación - Cable Aislado Thhw Cu N6 Blanco"
"SRT-PENDING-1EE8DD2575A6";"Cable THHW-LS 6 AWG Cobre Trenzado, Negro";"pendiente_investigacion";"Procables/Centelsa";"";"https://cablescolombia.com/producto/cable-aislado-thhw-cu-n14-negro";"";"https://multimedia02.s3.us-east-2.amazonaws.com/Produccion/tiendas/127/productos/687/thumb/7ffdf556b586c52776ddb037db79dba4.jpg";"autorizada";"confirmed-by-surtilec-2026-08-03";"pendiente";"IMAGEN GENÉRICA DE FAMILIA (100% familia/material/color) tomada de ""Cable Aislado Thhw Cu N14 Negro"" en cablescolombia.com — mismo tipo y color, calibre distinto. Reemplazar por foto exacta antes de publicar.";"Pendiente de verificación - Cable Aislado Thhw Cu N6 Negro"
"SRT-PENDING-6BA5A1DAA2AC";"Cable THHW-LS 6 AWG Cobre Trenzado, Rojo";"pendiente_investigacion";"Procables/Centelsa";"";"https://cablescolombia.com/producto/cable-aislado-thhw-cu-n14-rojo";"";"https://multimedia02.s3.us-east-2.amazonaws.com/Produccion/tiendas/127/productos/678/thumb/5af4a118a1f255ad1a2680876dad0e9c.jpg";"autorizada";"confirmed-by-surtilec-2026-08-03";"pendiente";"IMAGEN GENÉRICA DE FAMILIA (100% familia/material/color) tomada de ""Cable Aislado Thhw Cu N14 Rojo"" en cablescolombia.com — mismo tipo y color, calibre distinto. Reemplazar por foto exacta antes de publicar.";"Pendiente de verificación - Cable Aislado Thhw Cu N6 Rojo"
"SRT-PENDING-8B3722E7CB2B";"Cable THHW-LS 6 AWG Cobre Trenzado, Verde";"pendiente_investigacion";"Procables/Centelsa";"";"https://cablescolombia.com/producto/cable-aislado-thhw-cu-n14-verde";"";"https://multimedia02.s3.us-east-2.amazonaws.com/Produccion/tiendas/127/productos/689/thumb/047c4fb63a17e5992b23eb3572458d85.jpg";"autorizada";"confirmed-by-surtilec-2026-08-03";"pendiente";"IMAGEN GENÉRICA DE FAMILIA (100% familia/material/color) tomada de ""Cable Aislado Thhw Cu N14 Verde"" en cablescolombia.com — mismo tipo y color, calibre distinto. Reemplazar por foto exacta antes de publicar.";"Pendiente de verificación - Cable Aislado Thhw Cu N6 Verde"
"SRT-PENDING-0CEB7A30C550";"Cable THHW-LS 4 AWG Cobre Trenzado";"pendiente_investigacion";"Procables/Centelsa";"";"https://cablescolombia.com/producto/cable-aislado-thhw-cu-n14-rojo";"";"https://multimedia02.s3.us-east-2.amazonaws.com/Produccion/tiendas/127/productos/678/thumb/5af4a118a1f255ad1a2680876dad0e9c.jpg";"autorizada";"confirmed-by-surtilec-2026-08-03";"pendiente";"IMAGEN GENÉRICA DE FAMILIA (100% familia, material CU) tomada de ""Cable Aislado Thhw Cu N14 Rojo"" en cablescolombia.com. Reemplazar por foto exacta antes de publicar.";"Pendiente de verificación - Cable Aislado Thhw Cu N4"
"SRT-PENDING-1CEB98D50A52";"Cable THHW-LS 2 AWG Cobre Trenzado";"pendiente_investigacion";"Procables/Centelsa";"";"https://cablescolombia.com/producto/cable-aislado-thhw-cu-n14-rojo";"";"https://multimedia02.s3.us-east-2.amazonaws.com/Produccion/tiendas/127/productos/678/thumb/5af4a118a1f255ad1a2680876dad0e9c.jpg";"autorizada";"confirmed-by-surtilec-2026-08-03";"pendiente";"IMAGEN GENÉRICA DE FAMILIA (100% familia, material CU) tomada de ""Cable Aislado Thhw Cu N14 Rojo"" en cablescolombia.com. Reemplazar por foto exacta antes de publicar.";"Pendiente de verificación - Cable Aislado Thhw Cu N2"
"SRT-PENDING-CCD73200B6F2";"Cable THHW-LS 1/0 AWG Cobre Trenzado";"pendiente_investigacion";"Procables/Centelsa";"";"https://cablescolombia.com/producto/cable-aislado-thhw-cu-n14-rojo";"";"https://multimedia02.s3.us-east-2.amazonaws.com/Produccion/tiendas/127/productos/678/thumb/5af4a118a1f255ad1a2680876dad0e9c.jpg";"autorizada";"confirmed-by-surtilec-2026-08-03";"pendiente";"IMAGEN GENÉRICA DE FAMILIA (100% familia, material CU) tomada de ""Cable Aislado Thhw Cu N14 Rojo"" en cablescolombia.com. Reemplazar por foto exacta antes de publicar.";"Pendiente de verificación - Cable Aislado Thhw Cu 1/0"
"SRT-PENDING-F261807B9900";"Cable THHW-LS 2/0 AWG Cobre Trenzado";"pendiente_investigacion";"Procables/Centelsa";"";"https://cablescolombia.com/producto/cable-aislado-thhw-cu-n14-rojo";"";"https://multimedia02.s3.us-east-2.amazonaws.com/Produccion/tiendas/127/productos/678/thumb/5af4a118a1f255ad1a2680876dad0e9c.jpg";"autorizada";"confirmed-by-surtilec-2026-08-03";"pendiente";"IMAGEN GENÉRICA DE FAMILIA (100% familia, material CU) tomada de ""Cable Aislado Thhw Cu N14 Rojo"" en cablescolombia.com. Reemplazar por foto exacta antes de publicar.";"Pendiente de verificación - Cable Aislado Thhw Cu 2/0"
"SRT-PENDING-4C460F3BCB10";"Cable THHW-LS 3/0 AWG Cobre Trenzado";"pendiente_investigacion";"Procables/Centelsa";"";"https://cablescolombia.com/producto/cable-aislado-thhw-cu-n14-rojo";"";"https://multimedia02.s3.us-east-2.amazonaws.com/Produccion/tiendas/127/productos/678/thumb/5af4a118a1f255ad1a2680876dad0e9c.jpg";"autorizada";"confirmed-by-surtilec-2026-08-03";"pendiente";"IMAGEN GENÉRICA DE FAMILIA (100% familia, material CU) tomada de ""Cable Aislado Thhw Cu N14 Rojo"" en cablescolombia.com. Reemplazar por foto exacta antes de publicar.";"Pendiente de verificación - Cable Aislado Thhw Cu 3/0"
"SRT-PENDING-B03FCD60601B";"Cable THHW-LS 4/0 AWG Cobre Trenzado";"pendiente_investigacion";"Procables/Centelsa";"";"https://cablescolombia.com/producto/cable-aislado-thhw-cu-n14-rojo";"";"https://multimedia02.s3.us-east-2.amazonaws.com/Produccion/tiendas/127/productos/678/thumb/5af4a118a1f255ad1a2680876dad0e9c.jpg";"autorizada";"confirmed-by-surtilec-2026-08-03";"pendiente";"IMAGEN GENÉRICA DE FAMILIA (100% familia, material CU) tomada de ""Cable Aislado Thhw Cu N14 Rojo"" en cablescolombia.com. Reemplazar por foto exacta antes de publicar.";"Pendiente de verificación - Cable Aislado Thhw Cu 4/0"
"SRT-PENDING-03893103C5CC";"Cable THHW-LS 250 kcmil Cobre Trenzado";"pendiente_investigacion";"Procables/Centelsa";"";"https://cablescolombia.com/producto/cable-aislado-thhw-cu-n14-rojo";"";"https://multimedia02.s3.us-east-2.amazonaws.com/Produccion/tiendas/127/productos/678/thumb/5af4a118a1f255ad1a2680876dad0e9c.jpg";"autorizada";"confirmed-by-surtilec-2026-08-03";"pendiente";"IMAGEN GENÉRICA DE FAMILIA (100% familia, material CU) tomada de ""Cable Aislado Thhw Cu N14 Rojo"" en cablescolombia.com. Reemplazar por foto exacta antes de publicar.";"Pendiente de verificación - Cable Aislado Thhw Cu 250MCM"
"SRT-PENDING-BB2B59952D1B";"Cable THHW-LS 350 kcmil Cobre Trenzado";"pendiente_investigacion";"Procables/Centelsa";"";"https://cablescolombia.com/producto/cable-aislado-thhw-cu-n14-rojo";"";"https://multimedia02.s3.us-east-2.amazonaws.com/Produccion/tiendas/127/productos/678/thumb/5af4a118a1f255ad1a2680876dad0e9c.jpg";"autorizada";"confirmed-by-surtilec-2026-08-03";"pendiente";"IMAGEN GENÉRICA DE FAMILIA (100% familia, material CU) tomada de ""Cable Aislado Thhw Cu N14 Rojo"" en cablescolombia.com. Reemplazar por foto exacta antes de publicar.";"Pendiente de verificación - Cable Aislado Thhw Cu 350MCM"
"SRT-PENDING-920AA95588FF";"Cable THHW-LS 500 kcmil Cobre Trenzado";"pendiente_investigacion";"Procables/Centelsa";"";"https://cablescolombia.com/producto/cable-aislado-thhw-cu-n14-rojo";"";"https://multimedia02.s3.us-east-2.amazonaws.com/Produccion/tiendas/127/productos/678/thumb/5af4a118a1f255ad1a2680876dad0e9c.jpg";"autorizada";"confirmed-by-surtilec-2026-08-03";"pendiente";"IMAGEN GENÉRICA DE FAMILIA (100% familia, material CU) tomada de ""Cable Aislado Thhw Cu N14 Rojo"" en cablescolombia.com. Reemplazar por foto exacta antes de publicar.";"Pendiente de verificación - Cable Aislado Thhw Cu 500MCM"
"SRT-PENDING-5D89757874CE";"Cable THHW-LS 400 kcmil Cobre Trenzado";"pendiente_investigacion";"Procables/Centelsa";"";"https://cablescolombia.com/producto/cable-aislado-thhw-cu-n14-rojo";"";"https://multimedia02.s3.us-east-2.amazonaws.com/Produccion/tiendas/127/productos/678/thumb/5af4a118a1f255ad1a2680876dad0e9c.jpg";"autorizada";"confirmed-by-surtilec-2026-08-03";"pendiente";"IMAGEN GENÉRICA DE FAMILIA (100% familia, material CU) tomada de ""Cable Aislado Thhw Cu N14 Rojo"" en cablescolombia.com. Reemplazar por foto exacta antes de publicar.";"Pendiente de verificación - Cable Aislado Thhw Cu 400MCM"
"SRT-PENDING-86DB4130DA9A";"Cable THHW-LS 14 AWG Cobre Trenzado, Amarillo";"pendiente_investigacion";"Procables/Centelsa";"";"https://cablescolombia.com/producto/cable-aislado-thhw-cu-n14-amarillo";"";"https://multimedia02.s3.us-east-2.amazonaws.com/Produccion/tiendas/127/productos/38427/thumb/491e056f82.webp";"autorizada";"confirmed-by-surtilec-2026-08-03";"pendiente";"Imagen sugerida automáticamente desde cablescolombia.com — similitud 100% con ""Cable Aislado Thhw Cu N14 Amarillo"". Verificar visualmente y obtener permiso antes de publicar.";"Pendiente de verificación - Cable Aislado Thhw Cu N14 Amarillo"
"SRT-PENDING-780ABB517110";"Alambre de Cobre Desnudo 14 AWG Sólido";"pendiente_investigacion";"Procables/Centelsa";"";"https://cablescolombia.com/producto/alambre-desnudo-n14-x-metro";"";"https://multimedia02.s3.us-east-2.amazonaws.com/Produccion/tiendas/127/productos/375/thumb/f32cc3f1fd261ea1128cb0112f6e5066.png";"autorizada";"confirmed-by-surtilec-2026-08-03";"pendiente";"Imagen sugerida automáticamente desde cablescolombia.com — similitud 100% con ""Alambre Desnudo N14 x Metro"". Verificar visualmente y obtener permiso antes de publicar.";"Pendiente de verificación - Alambre Desnudo N14 x Metro"
"SRT-PENDING-1804F14F0031";"Alambre de Cobre Desnudo 12 AWG Sólido";"pendiente_investigacion";"Procables/Centelsa";"";"https://cablescolombia.com/producto/alambre-desnudo-n12-x-metro";"";"https://multimedia02.s3.us-east-2.amazonaws.com/Produccion/tiendas/127/productos/377/thumb/cd2ffc67917c17bb38eda5967b63a0c6.webp";"autorizada";"confirmed-by-surtilec-2026-08-03";"pendiente";"Imagen sugerida automáticamente desde cablescolombia.com — similitud 100% con ""Alambre Desnudo N12 x Metro"". Verificar visualmente y obtener permiso antes de publicar.";"Pendiente de verificación - Alambre Desnudo N12 x Metro"
"SRT-PENDING-CCE01012E007";"Alambre de Cobre Desnudo 10 AWG Sólido";"pendiente_investigacion";"Procables/Centelsa";"";"https://cablescolombia.com/producto/alambre-desnudo-n10-x-metro";"";"https://multimedia02.s3.us-east-2.amazonaws.com/Produccion/tiendas/127/productos/379/thumb/e764471b5e64b847e9cb6fcca3a545b4.png";"autorizada";"confirmed-by-surtilec-2026-08-03";"pendiente";"Imagen sugerida automáticamente desde cablescolombia.com — similitud 100% con ""Alambre Desnudo N10 x Metro"". Verificar visualmente y obtener permiso antes de publicar.";"Pendiente de verificación - Alambre Desnudo N10 x Metro"
"SRT-PENDING-E8DD5A6639BC";"Alambre de Cobre Desnudo 8 AWG Sólido";"pendiente_investigacion";"Procables/Centelsa";"";"https://cablescolombia.com/producto/alambre-desnudo-n8-x-metro";"";"https://multimedia02.s3.us-east-2.amazonaws.com/Produccion/tiendas/127/productos/380/thumb/df23b85b0551f8fc840a64563c1d0878.png";"autorizada";"confirmed-by-surtilec-2026-08-03";"pendiente";"Imagen sugerida automáticamente desde cablescolombia.com — similitud 100% con ""Alambre Desnudo N8 x Metro"". Verificar visualmente y obtener permiso antes de publicar.";"Pendiente de verificación - Alambre Desnudo N8 x Metro"
"SRT-PENDING-97A4BB65EF11";"Cable de Cobre Desnudo 14 AWG Trenzado";"pendiente_investigacion";"Procables/Centelsa";"";"https://cablescolombia.com/producto/cable-desnudo-cobre-n14";"";"https://multimedia02.s3.us-east-2.amazonaws.com/Produccion/tiendas/127/productos/402/thumb/1287803ebb7fb6cf1123d95e569b159e.png";"autorizada";"confirmed-by-surtilec-2026-08-03";"pendiente";"Imagen sugerida automáticamente desde cablescolombia.com — similitud 100% con ""Cable Desnudo Cobre N14"". Verificar visualmente y obtener permiso antes de publicar.";"Pendiente de verificación - Cable Desnudo Cobre N14"
"SRT-PENDING-62ECCB9CBC7F";"Cable de Cobre Desnudo 12 AWG Trenzado";"pendiente_investigacion";"Procables/Centelsa";"";"https://cablescolombia.com/producto/cable-desnudo-cobre-n12";"";"https://multimedia02.s3.us-east-2.amazonaws.com/Produccion/tiendas/127/productos/406/thumb/c33441d40628dfb4a521963df32a8c75.png";"autorizada";"confirmed-by-surtilec-2026-08-03";"pendiente";"Imagen sugerida automáticamente desde cablescolombia.com — similitud 100% con ""Cable Desnudo Cobre N12"". Verificar visualmente y obtener permiso antes de publicar.";"Pendiente de verificación - Cable Desnudo Cobre N12"
"SRT-PENDING-3E3E2E48D6A4";"Cable de Cobre Desnudo 10 AWG Trenzado";"pendiente_investigacion";"Procables/Centelsa";"";"https://cablescolombia.com/producto/cable-desnudo-cobre-n10";"";"https://multimedia02.s3.us-east-2.amazonaws.com/Produccion/tiendas/127/productos/456/thumb/ba0e7dd493f516588c6e1db398717d29.png";"autorizada";"confirmed-by-surtilec-2026-08-03";"pendiente";"Imagen sugerida automáticamente desde cablescolombia.com — similitud 100% con ""Cable Desnudo Cobre N10"". Verificar visualmente y obtener permiso antes de publicar.";"Pendiente de verificación - Cable Desnudo Cobre N10"
"SRT-PENDING-54AFC653C391";"Cable de Cobre Desnudo 8 AWG Trenzado";"pendiente_investigacion";"Procables/Centelsa";"";"https://cablescolombia.com/producto/cable-desnudo-cobre-n8";"";"https://multimedia02.s3.us-east-2.amazonaws.com/Produccion/tiendas/127/productos/458/thumb/2a80078819e51d8e985fc789fcd52361.png";"autorizada";"confirmed-by-surtilec-2026-08-03";"pendiente";"Imagen sugerida automáticamente desde cablescolombia.com — similitud 100% con ""Cable Desnudo Cobre N8"". Verificar visualmente y obtener permiso antes de publicar.";"Pendiente de verificación - Cable Desnudo Cobre N8"
"SRT-PENDING-77E92A904BC9";"Cable de Cobre Desnudo 6 AWG Trenzado";"pendiente_investigacion";"Procables/Centelsa";"";"https://cablescolombia.com/producto/cable-desnudo-cobre-n6";"";"https://multimedia02.s3.us-east-2.amazonaws.com/Produccion/tiendas/127/productos/461/thumb/adce7ff1abf6098de5c4c7e5ec82220e.png";"autorizada";"confirmed-by-surtilec-2026-08-03";"pendiente";"Imagen sugerida automáticamente desde cablescolombia.com — similitud 100% con ""Cable Desnudo Cobre N6"". Verificar visualmente y obtener permiso antes de publicar.";"Pendiente de verificación - Cable Desnudo Cobre N6"
"SRT-PENDING-84502B5390F0";"Cable de Cobre Desnudo 4 AWG Trenzado";"pendiente_investigacion";"Procables/Centelsa";"";"https://cablescolombia.com/producto/cable-desnudo-cobre-n4";"";"https://multimedia02.s3.us-east-2.amazonaws.com/Produccion/tiendas/127/productos/462/thumb/4cb580e767061786649dd610a7812f03.webp";"autorizada";"confirmed-by-surtilec-2026-08-03";"pendiente";"Imagen sugerida automáticamente desde cablescolombia.com — similitud 100% con ""Cable Desnudo Cobre N4"". Verificar visualmente y obtener permiso antes de publicar.";"Pendiente de verificación - Cable Desnudo Cobre N4"
"SRT-PENDING-8E7EFB9E9172";"Cable de Cobre Desnudo 2 AWG Trenzado";"pendiente_investigacion";"Procables/Centelsa";"";"https://cablescolombia.com/producto/cable-desnudo-cobre-n2";"";"https://multimedia02.s3.us-east-2.amazonaws.com/Produccion/tiendas/127/productos/463/thumb/56ea6c89569c4584806337c006ac1800.png";"autorizada";"confirmed-by-surtilec-2026-08-03";"pendiente";"Imagen sugerida automáticamente desde cablescolombia.com — similitud 100% con ""Cable Desnudo Cobre N2"". Verificar visualmente y obtener permiso antes de publicar.";"Pendiente de verificación - Cable Desnudo Cobre N2"
"SRT-PENDING-53E9D5D96B7F";"Cable de Cobre Desnudo 1/0 AWG Trenzado";"pendiente_investigacion";"Procables/Centelsa";"";"https://cablescolombia.com/producto/cable-desnudo-cobre-1-0";"";"https://multimedia02.s3.us-east-2.amazonaws.com/Produccion/tiendas/127/productos/464/thumb/50ce93571722d8159c6d46196a174763.png";"autorizada";"confirmed-by-surtilec-2026-08-03";"pendiente";"Imagen sugerida automáticamente desde cablescolombia.com — similitud 100% con ""Cable Desnudo Cobre 1/0"". Verificar visualmente y obtener permiso antes de publicar.";"Pendiente de verificación - Cable Desnudo Cobre 1/0"
"SRT-PENDING-8EAF5D9C2C85";"Cable de Cobre Desnudo 2/0 AWG Trenzado";"pendiente_investigacion";"Procables/Centelsa";"";"https://cablescolombia.com/producto/cable-desnudo-cobre-2-0";"";"https://multimedia02.s3.us-east-2.amazonaws.com/Produccion/tiendas/127/productos/465/thumb/3cffb1217cec99b1296b0a996f1832f8.webp";"autorizada";"confirmed-by-surtilec-2026-08-03";"pendiente";"Imagen sugerida automáticamente desde cablescolombia.com — similitud 100% con ""Cable Desnudo Cobre 2/0"". Verificar visualmente y obtener permiso antes de publicar.";"Pendiente de verificación - Cable Desnudo Cobre 2/0"
"SRT-PENDING-54D394A49AB8";"Cable de Cobre Desnudo 4/0 AWG Trenzado";"pendiente_investigacion";"Procables/Centelsa";"";"https://cablescolombia.com/producto/cable-desnudo-cobre-n14";"";"https://multimedia02.s3.us-east-2.amazonaws.com/Produccion/tiendas/127/productos/402/thumb/1287803ebb7fb6cf1123d95e569b159e.png";"autorizada";"confirmed-by-surtilec-2026-08-03";"pendiente";"IMAGEN GENÉRICA DE FAMILIA (100% familia/material/color) tomada de ""Cable Desnudo Cobre N14"" en cablescolombia.com — mismo tipo y color, calibre distinto. Reemplazar por foto exacta antes de publicar.";"Pendiente de verificación - Cable Desnudo Cobre 4/0"
"SRT-PENDING-F0425DF85B52";"Cable de Cobre Desnudo 3/0 AWG Trenzado";"pendiente_investigacion";"Procables/Centelsa";"";"https://cablescolombia.com/producto/cable-desnudo-cobre-n14";"";"https://multimedia02.s3.us-east-2.amazonaws.com/Produccion/tiendas/127/productos/402/thumb/1287803ebb7fb6cf1123d95e569b159e.png";"autorizada";"confirmed-by-surtilec-2026-08-03";"pendiente";"IMAGEN GENÉRICA DE FAMILIA (100% familia/material/color) tomada de ""Cable Desnudo Cobre N14"" en cablescolombia.com — mismo tipo y color, calibre distinto. Reemplazar por foto exacta antes de publicar.";"Pendiente de verificación - Cable Desnudo Cobre 3/0"
"SRT-PENDING-69E2CF6A9559";"Cable Libre de Halógeno LSZH 14 AWG Cobre Trenzado, Amarillo";"pendiente_investigacion";"Procables/Centelsa";"";"https://cablescolombia.com/producto/cable-libre-de-halogeno-n14-amarillo-cu";"";"https://multimedia02.s3.us-east-2.amazonaws.com/Produccion/tiendas/127/productos/593/thumb/5af19dab4d2befc5.webp";"autorizada";"confirmed-by-surtilec-2026-08-03";"pendiente";"Imagen sugerida automáticamente desde cablescolombia.com — similitud 100% con ""Cable Libre de Halógeno N14 Amarillo Cu"". Verificar visualmente y obtener permiso antes de publicar.";"Pendiente de verificación - Cable Libre de Halógeno N14 Amarillo Cu"
"SRT-PENDING-A0314224E766";"Cable Libre de Halógeno LSZH 14 AWG Cobre Trenzado, Azul";"pendiente_investigacion";"Procables/Centelsa";"";"https://cablescolombia.com/producto/cable-libre-de-halogeno-n14-azul-cu";"";"https://multimedia02.s3.us-east-2.amazonaws.com/Produccion/tiendas/127/productos/595/thumb/e676143650629eb1.webp";"autorizada";"confirmed-by-surtilec-2026-08-03";"pendiente";"Imagen sugerida automáticamente desde cablescolombia.com — similitud 100% con ""Cable Libre de Halógeno N14 Azul Cu"". Verificar visualmente y obtener permiso antes de publicar.";"Pendiente de verificación - Cable Libre de Halógeno N14 Azul Cu"
"SRT-PENDING-C94E1E870A26";"Cable Libre de Halógeno LSZH 14 AWG Cobre Trenzado, Blanco";"pendiente_investigacion";"Procables/Centelsa";"";"https://cablescolombia.com/producto/cable-libre-de-halogeno-n14-blanco-cu";"";"https://multimedia02.s3.us-east-2.amazonaws.com/Produccion/tiendas/127/productos/597/thumb/271160fcb72352fc.webp";"autorizada";"confirmed-by-surtilec-2026-08-03";"pendiente";"Imagen sugerida automáticamente desde cablescolombia.com — similitud 100% con ""Cable Libre de Halógeno N14 Blanco Cu"". Verificar visualmente y obtener permiso antes de publicar.";"Pendiente de verificación - Cable Libre de Halógeno N14 Blanco Cu"
"SRT-PENDING-04ACB9EA61A1";"Cable Libre de Halógeno LSZH 14 AWG Cobre Trenzado, Negro";"pendiente_investigacion";"Procables/Centelsa";"";"https://cablescolombia.com/producto/cable-libre-de-halogeno-n14-negro-cu";"";"https://multimedia02.s3.us-east-2.amazonaws.com/Produccion/tiendas/127/productos/599/thumb/b4f68cdc7a04c1d7.webp";"autorizada";"confirmed-by-surtilec-2026-08-03";"pendiente";"Imagen sugerida automáticamente desde cablescolombia.com — similitud 100% con ""Cable Libre de Halógeno N14 Negro Cu"". Verificar visualmente y obtener permiso antes de publicar.";"Pendiente de verificación - Cable Libre de Halógeno N14 Negro Cu"
"SRT-PENDING-756CD6407BE0";"Cable Libre de Halógeno LSZH 14 AWG Cobre Trenzado, Rojo";"pendiente_investigacion";"Procables/Centelsa";"";"https://cablescolombia.com/producto/cable-libre-de-halogeno-n14-rojo-cu";"";"https://multimedia02.s3.us-east-2.amazonaws.com/Produccion/tiendas/127/productos/600/thumb/192f6c0dbb8db927.webp";"autorizada";"confirmed-by-surtilec-2026-08-03";"pendiente";"Imagen sugerida automáticamente desde cablescolombia.com — similitud 100% con ""Cable Libre de Halógeno N14 Rojo Cu"". Verificar visualmente y obtener permiso antes de publicar.";"Pendiente de verificación - Cable Libre de Halógeno N14 Rojo Cu"
"SRT-PENDING-4BC064D08D6A";"Cable Libre de Halógeno LSZH 14 AWG Cobre Trenzado, Verde";"pendiente_investigacion";"Procables/Centelsa";"";"https://cablescolombia.com/producto/cable-libre-de-halogeno-n14-verde-cu";"";"https://multimedia02.s3.us-east-2.amazonaws.com/Produccion/tiendas/127/productos/602/thumb/3f48c77d0b5b3852.webp";"autorizada";"confirmed-by-surtilec-2026-08-03";"pendiente";"Imagen sugerida automáticamente desde cablescolombia.com — similitud 100% con ""Cable Libre de Halógeno N14 Verde Cu"". Verificar visualmente y obtener permiso antes de publicar.";"Pendiente de verificación - Cable Libre de Halógeno N14 Verde Cu"
"SRT-PENDING-7369268D0BC2";"Cable Libre de Halógeno LSZH 12 AWG Cobre Trenzado, Negro";"pendiente_investigacion";"Procables/Centelsa";"";"https://cablescolombia.com/producto/cable-libre-de-halogeno-n14-negro-cu";"";"https://multimedia02.s3.us-east-2.amazonaws.com/Produccion/tiendas/127/productos/599/thumb/b4f68cdc7a04c1d7.webp";"autorizada";"confirmed-by-surtilec-2026-08-03";"pendiente";"IMAGEN GENÉRICA DE FAMILIA (100% familia/material/color) tomada de ""Cable Libre de Halógeno N14 Negro Cu"" en cablescolombia.com — mismo tipo y color, calibre distinto. Reemplazar por foto exacta antes de publicar.";"Pendiente de verificación - Cable Libre de Halógeno N12 Negro Cu"
"SRT-PENDING-A0245B1C009E";"Cable Libre de Halógeno LSZH 12 AWG Cobre Trenzado, Amarillo";"pendiente_investigacion";"Procables/Centelsa";"";"https://cablescolombia.com/producto/cable-libre-de-halogeno-n12-amarillo";"";"https://multimedia02.s3.us-east-2.amazonaws.com/Produccion/tiendas/127/productos/604/thumb/8b92cdd1b3ce8323.webp";"autorizada";"confirmed-by-surtilec-2026-08-03";"pendiente";"Imagen sugerida automáticamente desde cablescolombia.com — similitud 100% con ""Cable Libre de Halógeno N12 Amarillo"". Verificar visualmente y obtener permiso antes de publicar.";"Pendiente de verificación - Cable Libre de Halógeno N12 Amarillo"
"SRT-PENDING-440FF4D96875";"Cable Libre de Halógeno LSZH 12 AWG Cobre Trenzado, Azul";"pendiente_investigacion";"Procables/Centelsa";"";"https://cablescolombia.com/producto/cable-libre-de-halogeno-n12-azul-cu";"";"https://multimedia02.s3.us-east-2.amazonaws.com/Produccion/tiendas/127/productos/605/thumb/126738e82bca49fe.webp";"autorizada";"confirmed-by-surtilec-2026-08-03";"pendiente";"Imagen sugerida automáticamente desde cablescolombia.com — similitud 100% con ""Cable Libre de Halógeno N12 Azul Cu"". Verificar visualmente y obtener permiso antes de publicar.";"Pendiente de verificación - Cable Libre de Halógeno N12 Azul Cu"
"SRT-PENDING-10BAA11455B0";"Cable Libre de Halógeno LSZH 12 AWG Cobre Trenzado, Blanco";"pendiente_investigacion";"Procables/Centelsa";"";"https://cablescolombia.com/producto/cable-libre-de-halogeno-n14-blanco-cu";"";"https://multimedia02.s3.us-east-2.amazonaws.com/Produccion/tiendas/127/productos/597/thumb/271160fcb72352fc.webp";"autorizada";"confirmed-by-surtilec-2026-08-03";"pendiente";"IMAGEN GENÉRICA DE FAMILIA (100% familia/material/color) tomada de ""Cable Libre de Halógeno N14 Blanco Cu"" en cablescolombia.com — mismo tipo y color, calibre distinto. Reemplazar por foto exacta antes de publicar.";"Pendiente de verificación - Cable Libre de Halógeno N12 Blanco Cu"
"SRT-PENDING-243D5EC2CB12";"Cable Libre de Halógeno LSZH 12 AWG Cobre Trenzado, Rojo";"pendiente_investigacion";"Procables/Centelsa";"";"https://cablescolombia.com/producto/cable-libre-de-halogeno-n14-rojo-cu";"";"https://multimedia02.s3.us-east-2.amazonaws.com/Produccion/tiendas/127/productos/600/thumb/192f6c0dbb8db927.webp";"autorizada";"confirmed-by-surtilec-2026-08-03";"pendiente";"IMAGEN GENÉRICA DE FAMILIA (100% familia/material/color) tomada de ""Cable Libre de Halógeno N14 Rojo Cu"" en cablescolombia.com — mismo tipo y color, calibre distinto. Reemplazar por foto exacta antes de publicar.";"Pendiente de verificación - Cable Libre de Halógeno N12 Rojo Cu"
"SRT-PENDING-754DB4144A5A";"Cable Libre de Halógeno LSZH 12 AWG Cobre Trenzado, Verde";"pendiente_investigacion";"Procables/Centelsa";"";"https://cablescolombia.com/producto/cable-libre-de-halogeno-n12-verde-cu";"";"https://multimedia02.s3.us-east-2.amazonaws.com/Produccion/tiendas/127/productos/608/thumb/e99fed4d2bdc9f13.webp";"autorizada";"confirmed-by-surtilec-2026-08-03";"pendiente";"Imagen sugerida automáticamente desde cablescolombia.com — similitud 100% con ""Cable Libre de Halógeno N12 Verde Cu"". Verificar visualmente y obtener permiso antes de publicar.";"Pendiente de verificación - Cable Libre de Halógeno N12 Verde Cu"
"SRT-PENDING-FE40981C6EE2";"Cable Libre de Halógeno LSZH 10 AWG Cobre Trenzado, Amarillo";"pendiente_investigacion";"Procables/Centelsa";"";"https://cablescolombia.com/producto/cable-libre-de-halogeno-n14-amarillo-cu";"";"https://multimedia02.s3.us-east-2.amazonaws.com/Produccion/tiendas/127/productos/593/thumb/5af19dab4d2befc5.webp";"autorizada";"confirmed-by-surtilec-2026-08-03";"pendiente";"IMAGEN GENÉRICA DE FAMILIA (100% familia/material/color) tomada de ""Cable Libre de Halógeno N14 Amarillo Cu"" en cablescolombia.com — mismo tipo y color, calibre distinto. Reemplazar por foto exacta antes de publicar.";"Pendiente de verificación - Cable Libre de Halógeno N10 Amarillo Cu"
"SRT-PENDING-8A5260740314";"Cable Libre de Halógeno LSZH 10 AWG Cobre Trenzado, Azul";"pendiente_investigacion";"Procables/Centelsa";"";"https://cablescolombia.com/producto/cable-libre-de-halogeno-n14-azul-cu";"";"https://multimedia02.s3.us-east-2.amazonaws.com/Produccion/tiendas/127/productos/595/thumb/e676143650629eb1.webp";"autorizada";"confirmed-by-surtilec-2026-08-03";"pendiente";"IMAGEN GENÉRICA DE FAMILIA (100% familia/material/color) tomada de ""Cable Libre de Halógeno N14 Azul Cu"" en cablescolombia.com — mismo tipo y color, calibre distinto. Reemplazar por foto exacta antes de publicar.";"Pendiente de verificación - Cable Libre de Halógeno N10 Azul Cu"
"SRT-PENDING-EB924394D412";"Cable Libre de Halógeno LSZH 10 AWG Cobre Trenzado, Blanco";"pendiente_investigacion";"Procables/Centelsa";"";"https://cablescolombia.com/producto/cable-libre-de-halogeno-n14-blanco-cu";"";"https://multimedia02.s3.us-east-2.amazonaws.com/Produccion/tiendas/127/productos/597/thumb/271160fcb72352fc.webp";"autorizada";"confirmed-by-surtilec-2026-08-03";"pendiente";"IMAGEN GENÉRICA DE FAMILIA (100% familia/material/color) tomada de ""Cable Libre de Halógeno N14 Blanco Cu"" en cablescolombia.com — mismo tipo y color, calibre distinto. Reemplazar por foto exacta antes de publicar.";"Pendiente de verificación - Cable Libre de Halógeno N10 Blanco Cu"
"SRT-PENDING-04898B1D8929";"Cable Libre de Halógeno LSZH 10 AWG Cobre Trenzado, Negro";"pendiente_investigacion";"Procables/Centelsa";"";"https://cablescolombia.com/producto/cable-libre-de-halogeno-n14-negro-cu";"";"https://multimedia02.s3.us-east-2.amazonaws.com/Produccion/tiendas/127/productos/599/thumb/b4f68cdc7a04c1d7.webp";"autorizada";"confirmed-by-surtilec-2026-08-03";"pendiente";"IMAGEN GENÉRICA DE FAMILIA (100% familia/material/color) tomada de ""Cable Libre de Halógeno N14 Negro Cu"" en cablescolombia.com — mismo tipo y color, calibre distinto. Reemplazar por foto exacta antes de publicar.";"Pendiente de verificación - Cable Libre de Halógeno N10 Negro Cu"
"SRT-PENDING-CBCDD04A16CB";"Cable Libre de Halógeno LSZH 10 AWG Cobre Trenzado, Rojo";"pendiente_investigacion";"Procables/Centelsa";"";"https://cablescolombia.com/producto/cable-libre-de-halogeno-n14-rojo-cu";"";"https://multimedia02.s3.us-east-2.amazonaws.com/Produccion/tiendas/127/productos/600/thumb/192f6c0dbb8db927.webp";"autorizada";"confirmed-by-surtilec-2026-08-03";"pendiente";"IMAGEN GENÉRICA DE FAMILIA (100% familia/material/color) tomada de ""Cable Libre de Halógeno N14 Rojo Cu"" en cablescolombia.com — mismo tipo y color, calibre distinto. Reemplazar por foto exacta antes de publicar.";"Pendiente de verificación - Cable Libre de Halógeno N10 Rojo Cu"
"SRT-PENDING-9D1C28539091";"Cable Libre de Halógeno LSZH 10 AWG Cobre Trenzado, Verde";"pendiente_investigacion";"Procables/Centelsa";"";"https://cablescolombia.com/producto/cable-libre-de-halogeno-n14-verde-cu";"";"https://multimedia02.s3.us-east-2.amazonaws.com/Produccion/tiendas/127/productos/602/thumb/3f48c77d0b5b3852.webp";"autorizada";"confirmed-by-surtilec-2026-08-03";"pendiente";"IMAGEN GENÉRICA DE FAMILIA (100% familia/material/color) tomada de ""Cable Libre de Halógeno N14 Verde Cu"" en cablescolombia.com — mismo tipo y color, calibre distinto. Reemplazar por foto exacta antes de publicar.";"Pendiente de verificación - Cable Libre de Halógeno N10 Verde Cu"
"SRT-PENDING-B30A4A9CBDD7";"Cable Libre de Halógeno LSZH 8 AWG Cobre Trenzado, Amarillo";"pendiente_investigacion";"Procables/Centelsa";"";"https://cablescolombia.com/producto/cable-libre-de-halogeno-n14-amarillo-cu";"";"https://multimedia02.s3.us-east-2.amazonaws.com/Produccion/tiendas/127/productos/593/thumb/5af19dab4d2befc5.webp";"autorizada";"confirmed-by-surtilec-2026-08-03";"pendiente";"IMAGEN GENÉRICA DE FAMILIA (100% familia/material/color) tomada de ""Cable Libre de Halógeno N14 Amarillo Cu"" en cablescolombia.com — mismo tipo y color, calibre distinto. Reemplazar por foto exacta antes de publicar.";"Pendiente de verificación - Cable Libre de Halógeno N8 Amarillo Cu"
"SRT-PENDING-1B13B1046562";"Cable Libre de Halógeno LSZH 8 AWG Cobre Trenzado, Azul";"pendiente_investigacion";"Procables/Centelsa";"";"https://cablescolombia.com/producto/cable-libre-de-halogeno-n14-azul-cu";"";"https://multimedia02.s3.us-east-2.amazonaws.com/Produccion/tiendas/127/productos/595/thumb/e676143650629eb1.webp";"autorizada";"confirmed-by-surtilec-2026-08-03";"pendiente";"IMAGEN GENÉRICA DE FAMILIA (100% familia/material/color) tomada de ""Cable Libre de Halógeno N14 Azul Cu"" en cablescolombia.com — mismo tipo y color, calibre distinto. Reemplazar por foto exacta antes de publicar.";"Pendiente de verificación - Cable Libre de Halógeno N8 Azul Cu"
"SRT-PENDING-35553BFE8787";"Cable Libre de Halógeno LSZH 8 AWG Cobre Trenzado, Blanco";"pendiente_investigacion";"Procables/Centelsa";"";"https://cablescolombia.com/producto/cable-libre-de-halogeno-n14-blanco-cu";"";"https://multimedia02.s3.us-east-2.amazonaws.com/Produccion/tiendas/127/productos/597/thumb/271160fcb72352fc.webp";"autorizada";"confirmed-by-surtilec-2026-08-03";"pendiente";"IMAGEN GENÉRICA DE FAMILIA (100% familia/material/color) tomada de ""Cable Libre de Halógeno N14 Blanco Cu"" en cablescolombia.com — mismo tipo y color, calibre distinto. Reemplazar por foto exacta antes de publicar.";"Pendiente de verificación - Cable Libre de Halógeno N8 Blanco Cu"
"SRT-PENDING-D7EDD3DFC08C";"Cable Libre de Halógeno LSZH 8 AWG Cobre Trenzado, Negro";"pendiente_investigacion";"Procables/Centelsa";"";"https://cablescolombia.com/producto/cable-libre-de-halogeno-n14-negro-cu";"";"https://multimedia02.s3.us-east-2.amazonaws.com/Produccion/tiendas/127/productos/599/thumb/b4f68cdc7a04c1d7.webp";"autorizada";"confirmed-by-surtilec-2026-08-03";"pendiente";"IMAGEN GENÉRICA DE FAMILIA (100% familia/material/color) tomada de ""Cable Libre de Halógeno N14 Negro Cu"" en cablescolombia.com — mismo tipo y color, calibre distinto. Reemplazar por foto exacta antes de publicar.";"Pendiente de verificación - Cable Libre de Halógeno N8 Negro Cu"
"SRT-PENDING-A97EFB583217";"Cable Libre de Halógeno LSZH 8 AWG Cobre Trenzado, Rojo";"pendiente_investigacion";"Procables/Centelsa";"";"https://cablescolombia.com/producto/cable-libre-de-halogeno-n14-rojo-cu";"";"https://multimedia02.s3.us-east-2.amazonaws.com/Produccion/tiendas/127/productos/600/thumb/192f6c0dbb8db927.webp";"autorizada";"confirmed-by-surtilec-2026-08-03";"pendiente";"IMAGEN GENÉRICA DE FAMILIA (100% familia/material/color) tomada de ""Cable Libre de Halógeno N14 Rojo Cu"" en cablescolombia.com — mismo tipo y color, calibre distinto. Reemplazar por foto exacta antes de publicar.";"Pendiente de verificación - Cable Libre de Halógeno N8 Rojo Cu"
"SRT-PENDING-CEC6A01178EF";"Cable Libre de Halógeno LSZH 8 AWG Cobre Trenzado, Verde";"pendiente_investigacion";"Procables/Centelsa";"";"https://cablescolombia.com/producto/cable-libre-de-halogeno-n14-verde-cu";"";"https://multimedia02.s3.us-east-2.amazonaws.com/Produccion/tiendas/127/productos/602/thumb/3f48c77d0b5b3852.webp";"autorizada";"confirmed-by-surtilec-2026-08-03";"pendiente";"IMAGEN GENÉRICA DE FAMILIA (100% familia/material/color) tomada de ""Cable Libre de Halógeno N14 Verde Cu"" en cablescolombia.com — mismo tipo y color, calibre distinto. Reemplazar por foto exacta antes de publicar.";"Pendiente de verificación - Cable Libre de Halógeno N8 Verde Cu"
"SRT-PENDING-A046D906ADB0";"Cable Libre de Halógeno LSZH 6 AWG Cobre Trenzado, Amarillo";"pendiente_investigacion";"Procables/Centelsa";"";"https://cablescolombia.com/producto/cable-libre-de-halogeno-n14-amarillo-cu";"";"https://multimedia02.s3.us-east-2.amazonaws.com/Produccion/tiendas/127/productos/593/thumb/5af19dab4d2befc5.webp";"autorizada";"confirmed-by-surtilec-2026-08-03";"pendiente";"IMAGEN GENÉRICA DE FAMILIA (100% familia/material/color) tomada de ""Cable Libre de Halógeno N14 Amarillo Cu"" en cablescolombia.com — mismo tipo y color, calibre distinto. Reemplazar por foto exacta antes de publicar.";"Pendiente de verificación - Cable Libre de Halógeno N6 Amarillo Cu"
"SRT-PENDING-07FA0BD6AEB2";"Cable Libre de Halógeno LSZH 6 AWG Cobre Trenzado, Azul";"pendiente_investigacion";"Procables/Centelsa";"";"https://cablescolombia.com/producto/cable-libre-de-halogeno-n14-azul-cu";"";"https://multimedia02.s3.us-east-2.amazonaws.com/Produccion/tiendas/127/productos/595/thumb/e676143650629eb1.webp";"autorizada";"confirmed-by-surtilec-2026-08-03";"pendiente";"IMAGEN GENÉRICA DE FAMILIA (100% familia/material/color) tomada de ""Cable Libre de Halógeno N14 Azul Cu"" en cablescolombia.com — mismo tipo y color, calibre distinto. Reemplazar por foto exacta antes de publicar.";"Pendiente de verificación - Cable Libre de Halógeno N6 Azul Cu"
"SRT-PENDING-2089E87C0AAF";"Cable Libre de Halógeno LSZH 6 AWG Cobre Trenzado, Blanco";"pendiente_investigacion";"Procables/Centelsa";"";"https://cablescolombia.com/producto/cable-libre-de-halogeno-n14-blanco-cu";"";"https://multimedia02.s3.us-east-2.amazonaws.com/Produccion/tiendas/127/productos/597/thumb/271160fcb72352fc.webp";"autorizada";"confirmed-by-surtilec-2026-08-03";"pendiente";"IMAGEN GENÉRICA DE FAMILIA (100% familia/material/color) tomada de ""Cable Libre de Halógeno N14 Blanco Cu"" en cablescolombia.com — mismo tipo y color, calibre distinto. Reemplazar por foto exacta antes de publicar.";"Pendiente de verificación - Cable Libre de Halógeno N6 Blanco Cu"
"SRT-PENDING-077F4FF8E9DE";"Cable Libre de Halógeno LSZH 6 AWG Cobre Trenzado, Negro";"pendiente_investigacion";"Procables/Centelsa";"";"https://cablescolombia.com/producto/cable-libre-de-halogeno-n14-negro-cu";"";"https://multimedia02.s3.us-east-2.amazonaws.com/Produccion/tiendas/127/productos/599/thumb/b4f68cdc7a04c1d7.webp";"autorizada";"confirmed-by-surtilec-2026-08-03";"pendiente";"IMAGEN GENÉRICA DE FAMILIA (100% familia/material/color) tomada de ""Cable Libre de Halógeno N14 Negro Cu"" en cablescolombia.com — mismo tipo y color, calibre distinto. Reemplazar por foto exacta antes de publicar.";"Pendiente de verificación - Cable Libre de Halógeno N6 Negro Cu"
"SRT-PENDING-82C171848667";"Cable Libre de Halógeno LSZH 6 AWG Cobre Trenzado, Rojo";"pendiente_investigacion";"Procables/Centelsa";"";"https://cablescolombia.com/producto/cable-libre-de-halogeno-n14-rojo-cu";"";"https://multimedia02.s3.us-east-2.amazonaws.com/Produccion/tiendas/127/productos/600/thumb/192f6c0dbb8db927.webp";"autorizada";"confirmed-by-surtilec-2026-08-03";"pendiente";"IMAGEN GENÉRICA DE FAMILIA (100% familia/material/color) tomada de ""Cable Libre de Halógeno N14 Rojo Cu"" en cablescolombia.com — mismo tipo y color, calibre distinto. Reemplazar por foto exacta antes de publicar.";"Pendiente de verificación - Cable Libre de Halógeno N6 Rojo Cu"
"SRT-PENDING-C88FD9CE58CA";"Cable Libre de Halógeno LSZH 6 AWG Cobre Trenzado, Verde";"pendiente_investigacion";"Procables/Centelsa";"";"https://cablescolombia.com/producto/cable-libre-de-halogeno-n14-verde-cu";"";"https://multimedia02.s3.us-east-2.amazonaws.com/Produccion/tiendas/127/productos/602/thumb/3f48c77d0b5b3852.webp";"autorizada";"confirmed-by-surtilec-2026-08-03";"pendiente";"IMAGEN GENÉRICA DE FAMILIA (100% familia/material/color) tomada de ""Cable Libre de Halógeno N14 Verde Cu"" en cablescolombia.com — mismo tipo y color, calibre distinto. Reemplazar por foto exacta antes de publicar.";"Pendiente de verificación - Cable Libre de Halógeno N6 Verde Cu"
"SRT-PENDING-DB9D247A6425";"Cable Libre de Halógeno LSZH 4 AWG Cobre Trenzado";"pendiente_investigacion";"Procables/Centelsa";"";"https://cablescolombia.com/producto/cable-libre-de-halogeno-n14-amarillo-cu";"";"https://multimedia02.s3.us-east-2.amazonaws.com/Produccion/tiendas/127/productos/593/thumb/5af19dab4d2befc5.webp";"autorizada";"confirmed-by-surtilec-2026-08-03";"pendiente";"IMAGEN GENÉRICA DE FAMILIA (100% familia, material CU) tomada de ""Cable Libre de Halógeno N14 Amarillo Cu"" en cablescolombia.com. Reemplazar por foto exacta antes de publicar.";"Pendiente de verificación - Cable Libre de Halógeno N4 Cu"
"SRT-PENDING-8D8F8E0DCE81";"Cable Libre de Halógeno LSZH 2 AWG Cobre Trenzado";"pendiente_investigacion";"Procables/Centelsa";"";"https://cablescolombia.com/producto/cable-libre-de-halogeno-n14-amarillo-cu";"";"https://multimedia02.s3.us-east-2.amazonaws.com/Produccion/tiendas/127/productos/593/thumb/5af19dab4d2befc5.webp";"autorizada";"confirmed-by-surtilec-2026-08-03";"pendiente";"IMAGEN GENÉRICA DE FAMILIA (100% familia, material CU) tomada de ""Cable Libre de Halógeno N14 Amarillo Cu"" en cablescolombia.com. Reemplazar por foto exacta antes de publicar.";"Pendiente de verificación - Cable Libre de Halógeno N2 Cu"
"SRT-PENDING-029EB10AC9CB";"Cable Libre de Halógeno LSZH 1/0 AWG Cobre Trenzado";"pendiente_investigacion";"Procables/Centelsa";"";"https://cablescolombia.com/producto/cable-libre-de-halogeno-n14-amarillo-cu";"";"https://multimedia02.s3.us-east-2.amazonaws.com/Produccion/tiendas/127/productos/593/thumb/5af19dab4d2befc5.webp";"autorizada";"confirmed-by-surtilec-2026-08-03";"pendiente";"IMAGEN GENÉRICA DE FAMILIA (100% familia, material CU) tomada de ""Cable Libre de Halógeno N14 Amarillo Cu"" en cablescolombia.com. Reemplazar por foto exacta antes de publicar.";"Pendiente de verificación - Cable Libre de Halógeno N1/0 Cu"
"SRT-PENDING-388A73331D8A";"Cable Libre de Halógeno LSZH 2/0 AWG Cobre Trenzado";"pendiente_investigacion";"Procables/Centelsa";"";"https://cablescolombia.com/producto/cable-libre-de-halogeno-n14-amarillo-cu";"";"https://multimedia02.s3.us-east-2.amazonaws.com/Produccion/tiendas/127/productos/593/thumb/5af19dab4d2befc5.webp";"autorizada";"confirmed-by-surtilec-2026-08-03";"pendiente";"IMAGEN GENÉRICA DE FAMILIA (100% familia, material CU) tomada de ""Cable Libre de Halógeno N14 Amarillo Cu"" en cablescolombia.com. Reemplazar por foto exacta antes de publicar.";"Pendiente de verificación - Cable Libre de Halógeno N2/0 Cu"
"SRT-PENDING-017B0187FD40";"Cable Libre de Halógeno LSZH 4/0 AWG Cobre Trenzado";"pendiente_investigacion";"Procables/Centelsa";"";"https://cablescolombia.com/producto/cable-libre-de-halogeno-n14-amarillo-cu";"";"https://multimedia02.s3.us-east-2.amazonaws.com/Produccion/tiendas/127/productos/593/thumb/5af19dab4d2befc5.webp";"autorizada";"confirmed-by-surtilec-2026-08-03";"pendiente";"IMAGEN GENÉRICA DE FAMILIA (100% familia, material CU) tomada de ""Cable Libre de Halógeno N14 Amarillo Cu"" en cablescolombia.com. Reemplazar por foto exacta antes de publicar.";"Pendiente de verificación - Cable Libre de Halógeno N4/0 Cu"
"SRT-PENDING-AE93C6CB0019";"Cable Libre de Halógeno LSZH 3/0 AWG Cobre Trenzado";"pendiente_investigacion";"Procables/Centelsa";"";"https://cablescolombia.com/producto/cable-libre-de-halogeno-n14-amarillo-cu";"";"https://multimedia02.s3.us-east-2.amazonaws.com/Produccion/tiendas/127/productos/593/thumb/5af19dab4d2befc5.webp";"autorizada";"confirmed-by-surtilec-2026-08-03";"pendiente";"IMAGEN GENÉRICA DE FAMILIA (100% familia, material CU) tomada de ""Cable Libre de Halógeno N14 Amarillo Cu"" en cablescolombia.com. Reemplazar por foto exacta antes de publicar.";"Pendiente de verificación - Cable Libre de Halógeno N3/0 Cu"
"SRT-PENDING-38E9EBE15577";"Cable Libre de Halógeno LSZH 250 AWG Cobre Trenzado";"pendiente_investigacion";"Procables/Centelsa";"";"https://cablescolombia.com/producto/cable-libre-de-halogeno-n14-amarillo-cu";"";"https://multimedia02.s3.us-east-2.amazonaws.com/Produccion/tiendas/127/productos/593/thumb/5af19dab4d2befc5.webp";"autorizada";"confirmed-by-surtilec-2026-08-03";"pendiente";"IMAGEN GENÉRICA DE FAMILIA (100% familia, material CU) tomada de ""Cable Libre de Halógeno N14 Amarillo Cu"" en cablescolombia.com. Reemplazar por foto exacta antes de publicar.";"Pendiente de verificación - Cable Libre de Halógeno N250 Cu"
"SRT-PENDING-02119178F055";"Cable Libre de Halógeno LSZH 300 AWG Cobre Trenzado";"pendiente_investigacion";"Procables/Centelsa";"";"https://cablescolombia.com/producto/cable-libre-de-halogeno-n14-amarillo-cu";"";"https://multimedia02.s3.us-east-2.amazonaws.com/Produccion/tiendas/127/productos/593/thumb/5af19dab4d2befc5.webp";"autorizada";"confirmed-by-surtilec-2026-08-03";"pendiente";"IMAGEN GENÉRICA DE FAMILIA (100% familia, material CU) tomada de ""Cable Libre de Halógeno N14 Amarillo Cu"" en cablescolombia.com. Reemplazar por foto exacta antes de publicar.";"Pendiente de verificación - Cable Libre de Halógeno N300 Cu"
"SRT-PENDING-971D42F0840C";"Cable Libre de Halógeno LSZH 350 AWG Cobre Trenzado";"pendiente_investigacion";"Procables/Centelsa";"";"https://cablescolombia.com/producto/cable-libre-de-halogeno-n14-amarillo-cu";"";"https://multimedia02.s3.us-east-2.amazonaws.com/Produccion/tiendas/127/productos/593/thumb/5af19dab4d2befc5.webp";"autorizada";"confirmed-by-surtilec-2026-08-03";"pendiente";"IMAGEN GENÉRICA DE FAMILIA (100% familia, material CU) tomada de ""Cable Libre de Halógeno N14 Amarillo Cu"" en cablescolombia.com. Reemplazar por foto exacta antes de publicar.";"Pendiente de verificación - Cable Libre de Halógeno N350 Cu"
"SRT-PENDING-F7158784A620";"Cable Libre de Halógeno LSZH 500 AWG Cobre Trenzado";"pendiente_investigacion";"Procables/Centelsa";"";"https://cablescolombia.com/producto/cable-libre-de-halogeno-n14-amarillo-cu";"";"https://multimedia02.s3.us-east-2.amazonaws.com/Produccion/tiendas/127/productos/593/thumb/5af19dab4d2befc5.webp";"autorizada";"confirmed-by-surtilec-2026-08-03";"pendiente";"IMAGEN GENÉRICA DE FAMILIA (100% familia, material CU) tomada de ""Cable Libre de Halógeno N14 Amarillo Cu"" en cablescolombia.com. Reemplazar por foto exacta antes de publicar.";"Pendiente de verificación - Cable Libre de Halógeno N500 Cu"
"SRT-ENCAU-7x16AWG-CU";"Cable Encauchetado 7x16 AWG Cobre";"pendiente_piloto";"Procables/Centelsa";"";"https://cablescolombia.com/producto/cable-encauchetado-7x16-awg-cu";"";"https://multimedia02.s3.us-east-2.amazonaws.com/Produccion/tiendas/127/productos/79724/thumb/df631ef5a8b91d49.webp";"autorizada";"confirmed-by-surtilec-2026-08-03";"pendiente";"Imagen sugerida automáticamente desde cablescolombia.com — similitud 100% con ""Cable Encauchetado 7X16 AWG CU"". Verificar visualmente y obtener permiso antes de publicar.";"Pendiente de verificación - Cable Encauchetado 7X16 AWG CU"
"SRT-ENCAU-7x14AWG-CU";"Cable Encauchetado 7x14 AWG Cobre";"pendiente_piloto";"Procables/Centelsa";"";"https://cablescolombia.com/producto/cable-encauchetado-7x14-awg-cu";"";"https://multimedia02.s3.us-east-2.amazonaws.com/Produccion/tiendas/127/productos/79725/thumb/6dd262643da6564b.webp";"autorizada";"confirmed-by-surtilec-2026-08-03";"pendiente";"Imagen sugerida automáticamente desde cablescolombia.com — similitud 100% con ""Cable Encauchetado 7X14 AWG CU"". Verificar visualmente y obtener permiso antes de publicar.";"Pendiente de verificación - Cable Encauchetado 7X14 AWG CU"
"SRT-ENCAU-7x10AWG-CU";"Cable Encauchetado 7x10 AWG Cobre";"pendiente_piloto";"Procables/Centelsa";"";"https://cablescolombia.com/producto/cable-encauchetado-7x16-awg-cu";"";"https://multimedia02.s3.us-east-2.amazonaws.com/Produccion/tiendas/127/productos/79724/thumb/df631ef5a8b91d49.webp";"autorizada";"confirmed-by-surtilec-2026-08-03";"pendiente";"IMAGEN GENÉRICA DE FAMILIA (100% familia/material/color) tomada de ""Cable Encauchetado 7X16 AWG CU"" en cablescolombia.com — mismo tipo y color, calibre distinto. Reemplazar por foto exacta antes de publicar.";"Pendiente de verificación - Cable Encauchetado 7X10 AWG CU"
"SRT-ENCAU-6x18AWG-CU";"Cable Encauchetado 6x18 AWG Cobre";"pendiente_piloto";"Procables/Centelsa";"";"https://cablescolombia.com/producto/cable-encauchetado-7x16-awg-cu";"";"https://multimedia02.s3.us-east-2.amazonaws.com/Produccion/tiendas/127/productos/79724/thumb/df631ef5a8b91d49.webp";"autorizada";"confirmed-by-surtilec-2026-08-03";"pendiente";"IMAGEN GENÉRICA DE FAMILIA (100% familia/material/color) tomada de ""Cable Encauchetado 7X16 AWG CU"" en cablescolombia.com — mismo tipo y color, calibre distinto. Reemplazar por foto exacta antes de publicar.";"Pendiente de verificación - Cable Encauchetado 6X18 AWG CU"
"SRT-ENCAU-6x16AWG-CU";"Cable Encauchetado 6x16 AWG Cobre";"pendiente_piloto";"Procables/Centelsa";"";"https://cablescolombia.com/producto/cable-encauchetado-7x16-awg-cu";"";"https://multimedia02.s3.us-east-2.amazonaws.com/Produccion/tiendas/127/productos/79724/thumb/df631ef5a8b91d49.webp";"autorizada";"confirmed-by-surtilec-2026-08-03";"pendiente";"IMAGEN GENÉRICA DE FAMILIA (100% familia/material/color) tomada de ""Cable Encauchetado 7X16 AWG CU"" en cablescolombia.com — mismo tipo y color, calibre distinto. Reemplazar por foto exacta antes de publicar.";"Pendiente de verificación - Cable Encauchetado 6X16 AWG Cu"
"SRT-ENCAU-6x14AWG-CU";"Cable Encauchetado 6x14 AWG Cobre";"pendiente_piloto";"Procables/Centelsa";"";"https://cablescolombia.com/producto/cable-encauchetado-7x16-awg-cu";"";"https://multimedia02.s3.us-east-2.amazonaws.com/Produccion/tiendas/127/productos/79724/thumb/df631ef5a8b91d49.webp";"autorizada";"confirmed-by-surtilec-2026-08-03";"pendiente";"IMAGEN GENÉRICA DE FAMILIA (100% familia/material/color) tomada de ""Cable Encauchetado 7X16 AWG CU"" en cablescolombia.com — mismo tipo y color, calibre distinto. Reemplazar por foto exacta antes de publicar.";"Pendiente de verificación - Cable Encauchetado 6X14 AWG CU"
"SRT-ENCAU-6x12AWG-CU";"Cable Encauchetado 6x12 AWG Cobre";"pendiente_piloto";"Procables/Centelsa";"";"https://cablescolombia.com/producto/cable-encauchetado-7x16-awg-cu";"";"https://multimedia02.s3.us-east-2.amazonaws.com/Produccion/tiendas/127/productos/79724/thumb/df631ef5a8b91d49.webp";"autorizada";"confirmed-by-surtilec-2026-08-03";"pendiente";"IMAGEN GENÉRICA DE FAMILIA (100% familia/material/color) tomada de ""Cable Encauchetado 7X16 AWG CU"" en cablescolombia.com — mismo tipo y color, calibre distinto. Reemplazar por foto exacta antes de publicar.";"Pendiente de verificación - Cable Encauchetado 6X12 AWG CU"
"SRT-ENCAU-5x18AWG-CU";"Cable Encauchetado 5x18 AWG Cobre";"pendiente_piloto";"Procables/Centelsa";"";"https://cablescolombia.com/producto/cable-encauchetado-5x18-awg-cu";"";"https://multimedia02.s3.us-east-2.amazonaws.com/Produccion/tiendas/127/productos/79732/thumb/51afe08010e18294.webp";"autorizada";"confirmed-by-surtilec-2026-08-03";"pendiente";"Imagen sugerida automáticamente desde cablescolombia.com — similitud 100% con ""Cable Encauchetado 5X18 AWG Cu"". Verificar visualmente y obtener permiso antes de publicar.";"Pendiente de verificación - Cable Encauchetado 5X18 AWG Cu"
"SRT-ENCAU-5x16AWG-CU";"Cable Encauchetado 5x16 AWG Cobre";"pendiente_piloto";"Procables/Centelsa";"";"https://cablescolombia.com/producto/cable-encauchetado-7x16-awg-cu";"";"https://multimedia02.s3.us-east-2.amazonaws.com/Produccion/tiendas/127/productos/79724/thumb/df631ef5a8b91d49.webp";"autorizada";"confirmed-by-surtilec-2026-08-03";"pendiente";"IMAGEN GENÉRICA DE FAMILIA (100% familia/material/color) tomada de ""Cable Encauchetado 7X16 AWG CU"" en cablescolombia.com — mismo tipo y color, calibre distinto. Reemplazar por foto exacta antes de publicar.";"Pendiente de verificación - Cable Encauchetado 5X16 AWG Cu"
"SRT-PENDING-79A2BDF66D2B";"Cable Encauchetado 3x10 AWG Cobre";"pendiente_investigacion";"Procables/Centelsa";"";"https://cablescolombia.com/producto/cable-encauchetado-4x8-cu";"";"https://multimedia02.s3.us-east-2.amazonaws.com/Produccion/tiendas/127/productos/533/thumb/b16ad629a58408f1f9aadb53a8641102.webp";"autorizada";"confirmed-by-surtilec-2026-08-03";"pendiente";"IMAGEN GENÉRICA DE FAMILIA (100% familia/material/color) tomada de ""Cable Encauchetado 4X8 Cu"" en cablescolombia.com — mismo tipo y color, calibre distinto. Reemplazar por foto exacta antes de publicar.";"Pendiente de verificación - Cable Encauchetado 3X10 Cu"
"SRT-PENDING-93AC5F0F0161";"Cable Encauchetado 3x12 AWG Cobre";"pendiente_investigacion";"Procables/Centelsa";"";"https://cablescolombia.com/producto/cable-encauchetado-4x8-cu";"";"https://multimedia02.s3.us-east-2.amazonaws.com/Produccion/tiendas/127/productos/533/thumb/b16ad629a58408f1f9aadb53a8641102.webp";"autorizada";"confirmed-by-surtilec-2026-08-03";"pendiente";"IMAGEN GENÉRICA DE FAMILIA (100% familia/material/color) tomada de ""Cable Encauchetado 4X8 Cu"" en cablescolombia.com — mismo tipo y color, calibre distinto. Reemplazar por foto exacta antes de publicar.";"Pendiente de verificación - Cable Encauchetado 3X12 Cu"
"SRT-PENDING-E11C429FBC9C";"Cable Encauchetado 3x14 AWG Cobre";"pendiente_investigacion";"Procables/Centelsa";"";"https://cablescolombia.com/producto/cable-encauchetado-4x8-cu";"";"https://multimedia02.s3.us-east-2.amazonaws.com/Produccion/tiendas/127/productos/533/thumb/b16ad629a58408f1f9aadb53a8641102.webp";"autorizada";"confirmed-by-surtilec-2026-08-03";"pendiente";"IMAGEN GENÉRICA DE FAMILIA (100% familia/material/color) tomada de ""Cable Encauchetado 4X8 Cu"" en cablescolombia.com — mismo tipo y color, calibre distinto. Reemplazar por foto exacta antes de publicar.";"Pendiente de verificación - Cable Encauchetado 3X14 Cu"
"SRT-PENDING-9C954DF4F63F";"Cable Encauchetado 3x16 AWG Cobre";"pendiente_investigacion";"Procables/Centelsa";"";"https://cablescolombia.com/producto/cable-encauchetado-4x8-cu";"";"https://multimedia02.s3.us-east-2.amazonaws.com/Produccion/tiendas/127/productos/533/thumb/b16ad629a58408f1f9aadb53a8641102.webp";"autorizada";"confirmed-by-surtilec-2026-08-03";"pendiente";"IMAGEN GENÉRICA DE FAMILIA (100% familia/material/color) tomada de ""Cable Encauchetado 4X8 Cu"" en cablescolombia.com — mismo tipo y color, calibre distinto. Reemplazar por foto exacta antes de publicar.";"Pendiente de verificación - Cable Encauchetado 3X16 Cu"
"SRT-PENDING-F5F1E89CBB39";"Cable Encauchetado 3x18 AWG Cobre";"pendiente_investigacion";"Procables/Centelsa";"";"https://cablescolombia.com/producto/cable-encauchetado-4x8-cu";"";"https://multimedia02.s3.us-east-2.amazonaws.com/Produccion/tiendas/127/productos/533/thumb/b16ad629a58408f1f9aadb53a8641102.webp";"autorizada";"confirmed-by-surtilec-2026-08-03";"pendiente";"IMAGEN GENÉRICA DE FAMILIA (100% familia/material/color) tomada de ""Cable Encauchetado 4X8 Cu"" en cablescolombia.com — mismo tipo y color, calibre distinto. Reemplazar por foto exacta antes de publicar.";"Pendiente de verificación - Cable Encauchetado 3X18 Cu"
"SRT-PENDING-8851C823D3C1";"Cable Encauchetado 4x8 AWG Cobre";"pendiente_investigacion";"Procables/Centelsa";"";"https://cablescolombia.com/producto/cable-encauchetado-4x8-cu";"";"https://multimedia02.s3.us-east-2.amazonaws.com/Produccion/tiendas/127/productos/533/thumb/b16ad629a58408f1f9aadb53a8641102.webp";"autorizada";"confirmed-by-surtilec-2026-08-03";"pendiente";"Imagen sugerida automáticamente desde cablescolombia.com — similitud 100% con ""Cable Encauchetado 4X8 Cu"". Verificar visualmente y obtener permiso antes de publicar.";"Pendiente de verificación - Cable Encauchetado 4X8 Cu"
"SRT-PENDING-9E30CCD48105";"Cable Encauchetado 4x10 AWG Cobre";"pendiente_investigacion";"Procables/Centelsa";"";"https://cablescolombia.com/producto/cable-encauchetado-4x8-cu";"";"https://multimedia02.s3.us-east-2.amazonaws.com/Produccion/tiendas/127/productos/533/thumb/b16ad629a58408f1f9aadb53a8641102.webp";"autorizada";"confirmed-by-surtilec-2026-08-03";"pendiente";"IMAGEN GENÉRICA DE FAMILIA (100% familia/material/color) tomada de ""Cable Encauchetado 4X8 Cu"" en cablescolombia.com — mismo tipo y color, calibre distinto. Reemplazar por foto exacta antes de publicar.";"Pendiente de verificación - Cable Encauchetado 4X10 Cu"
"SRT-PENDING-69DA3B02F573";"Cable Encauchetado 4x12 AWG Cobre";"pendiente_investigacion";"Procables/Centelsa";"";"https://cablescolombia.com/producto/cable-encauchetado-4x12-cu";"";"https://multimedia02.s3.us-east-2.amazonaws.com/Produccion/tiendas/127/productos/535/thumb/01eb15e657b6855afe3a3df8721b1dcb.webp";"autorizada";"confirmed-by-surtilec-2026-08-03";"pendiente";"Imagen sugerida automáticamente desde cablescolombia.com — similitud 100% con ""Cable Encauchetado 4X12 Cu"". Verificar visualmente y obtener permiso antes de publicar.";"Pendiente de verificación - Cable Encauchetado 4X12 Cu"
"SRT-PENDING-5DC320A76AD7";"Cable Encauchetado 4x14 AWG Cobre";"pendiente_investigacion";"Procables/Centelsa";"";"https://cablescolombia.com/producto/cable-encauchetado-4x8-cu";"";"https://multimedia02.s3.us-east-2.amazonaws.com/Produccion/tiendas/127/productos/533/thumb/b16ad629a58408f1f9aadb53a8641102.webp";"autorizada";"confirmed-by-surtilec-2026-08-03";"pendiente";"IMAGEN GENÉRICA DE FAMILIA (100% familia/material/color) tomada de ""Cable Encauchetado 4X8 Cu"" en cablescolombia.com — mismo tipo y color, calibre distinto. Reemplazar por foto exacta antes de publicar.";"Pendiente de verificación - Cable Encauchetado 4X14 Cu"
"SRT-PENDING-19640B390520";"Cable Encauchetado 4x16 AWG Cobre";"pendiente_investigacion";"Procables/Centelsa";"";"https://cablescolombia.com/producto/cable-encauchetado-4x16-cu";"";"https://multimedia02.s3.us-east-2.amazonaws.com/Produccion/tiendas/127/productos/538/thumb/65597264f5abc855673dbbe3e1a2f555.webp";"autorizada";"confirmed-by-surtilec-2026-08-03";"pendiente";"Imagen sugerida automáticamente desde cablescolombia.com — similitud 100% con ""Cable Encauchetado 4X16 Cu"". Verificar visualmente y obtener permiso antes de publicar.";"Pendiente de verificación - Cable Encauchetado 4X16 Cu"
"SRT-PENDING-D23957217C5F";"Cable Encauchetado 4x18 AWG Cobre";"pendiente_investigacion";"Procables/Centelsa";"";"https://cablescolombia.com/producto/cable-encauchetado-4x8-cu";"";"https://multimedia02.s3.us-east-2.amazonaws.com/Produccion/tiendas/127/productos/533/thumb/b16ad629a58408f1f9aadb53a8641102.webp";"autorizada";"confirmed-by-surtilec-2026-08-03";"pendiente";"IMAGEN GENÉRICA DE FAMILIA (100% familia/material/color) tomada de ""Cable Encauchetado 4X8 Cu"" en cablescolombia.com — mismo tipo y color, calibre distinto. Reemplazar por foto exacta antes de publicar.";"Pendiente de verificación - Cable Encauchetado 4X18 Cu"
"SRT-PENDING-AF3A85B543EB";"Cable Encauchetado Libre de Halógeno STF-LS 2x18 AWG";"pendiente_investigacion";"Procables/Centelsa";"";"https://cablescolombia.com/producto/cable-encauchetado-7x16-awg-cu";"";"https://multimedia02.s3.us-east-2.amazonaws.com/Produccion/tiendas/127/productos/79724/thumb/df631ef5a8b91d49.webp";"autorizada";"confirmed-by-surtilec-2026-08-03";"pendiente";"IMAGEN GENÉRICA DE FAMILIA (regla ""encauchetado"") tomada de ""Cable Encauchetado 7X16 AWG CU"" en cablescolombia.com. Puede diferir en calibre, color y construcción. Reemplazar por foto exacta antes de publicar.";"Pendiente de verificación - Cable Encauchetado Libre De Halogenos STF LS 2X18AWG"
"SRT-PENDING-5FB84384A44F";"Cable Encauchetado Libre de Halógeno STF-LS 3x18 AWG";"pendiente_investigacion";"Procables/Centelsa";"";"https://cablescolombia.com/producto/cable-encauchetado-7x16-awg-cu";"";"https://multimedia02.s3.us-east-2.amazonaws.com/Produccion/tiendas/127/productos/79724/thumb/df631ef5a8b91d49.webp";"autorizada";"confirmed-by-surtilec-2026-08-03";"pendiente";"IMAGEN GENÉRICA DE FAMILIA (regla ""encauchetado"") tomada de ""Cable Encauchetado 7X16 AWG CU"" en cablescolombia.com. Puede diferir en calibre, color y construcción. Reemplazar por foto exacta antes de publicar.";"Pendiente de verificación - Cable Encauchetado Libre De Halogenos STF LS 3X18AWG"
"SRT-PENDING-8BD8E77FFE26";"Cable Encauchetado Libre de Halógeno STF-LS 4x18 AWG";"pendiente_investigacion";"Procables/Centelsa";"";"https://cablescolombia.com/producto/cable-encauchetado-7x16-awg-cu";"";"https://multimedia02.s3.us-east-2.amazonaws.com/Produccion/tiendas/127/productos/79724/thumb/df631ef5a8b91d49.webp";"autorizada";"confirmed-by-surtilec-2026-08-03";"pendiente";"IMAGEN GENÉRICA DE FAMILIA (regla ""encauchetado"") tomada de ""Cable Encauchetado 7X16 AWG CU"" en cablescolombia.com. Puede diferir en calibre, color y construcción. Reemplazar por foto exacta antes de publicar.";"Pendiente de verificación - Cable Encauchetado Libre De Halogenos STF LS 4X18AWG"
"SRT-PENDING-B33C9EA4395B";"Cable Encauchetado Libre de Halógeno STF-LS 2x16 AWG";"pendiente_investigacion";"Procables/Centelsa";"";"https://cablescolombia.com/producto/cable-encauchetado-7x16-awg-cu";"";"https://multimedia02.s3.us-east-2.amazonaws.com/Produccion/tiendas/127/productos/79724/thumb/df631ef5a8b91d49.webp";"autorizada";"confirmed-by-surtilec-2026-08-03";"pendiente";"IMAGEN GENÉRICA DE FAMILIA (regla ""encauchetado"") tomada de ""Cable Encauchetado 7X16 AWG CU"" en cablescolombia.com. Puede diferir en calibre, color y construcción. Reemplazar por foto exacta antes de publicar.";"Pendiente de verificación - Cable Encauchetado Libre De Halogenos STF LS 2X16AWG"
"SRT-PENDING-60380DD3295A";"Cable Encauchetado Libre de Halógeno STF-LS 3x16 AWG";"pendiente_investigacion";"Procables/Centelsa";"";"https://cablescolombia.com/producto/cable-encauchetado-7x16-awg-cu";"";"https://multimedia02.s3.us-east-2.amazonaws.com/Produccion/tiendas/127/productos/79724/thumb/df631ef5a8b91d49.webp";"autorizada";"confirmed-by-surtilec-2026-08-03";"pendiente";"IMAGEN GENÉRICA DE FAMILIA (regla ""encauchetado"") tomada de ""Cable Encauchetado 7X16 AWG CU"" en cablescolombia.com. Puede diferir en calibre, color y construcción. Reemplazar por foto exacta antes de publicar.";"Pendiente de verificación - Cable Encauchetado Libre De Halogenos STF LS 3X16AWG"
"SRT-PENDING-99CACFBA8491";"Cable Encauchetado Libre de Halógeno STF-LS 4x16 AWG";"pendiente_investigacion";"Procables/Centelsa";"";"https://cablescolombia.com/producto/cable-encauchetado-7x16-awg-cu";"";"https://multimedia02.s3.us-east-2.amazonaws.com/Produccion/tiendas/127/productos/79724/thumb/df631ef5a8b91d49.webp";"autorizada";"confirmed-by-surtilec-2026-08-03";"pendiente";"IMAGEN GENÉRICA DE FAMILIA (regla ""encauchetado"") tomada de ""Cable Encauchetado 7X16 AWG CU"" en cablescolombia.com. Puede diferir en calibre, color y construcción. Reemplazar por foto exacta antes de publicar.";"Pendiente de verificación - Cable Encauchetado Libre De Halogenos STF LS 4X16AWG"
"SRT-PENDING-EF31466FE03C";"Cable Encauchetado Libre de Halógeno STF-LS 2x14 AWG";"pendiente_investigacion";"Procables/Centelsa";"";"https://cablescolombia.com/producto/cable-encauchetado-7x16-awg-cu";"";"https://multimedia02.s3.us-east-2.amazonaws.com/Produccion/tiendas/127/productos/79724/thumb/df631ef5a8b91d49.webp";"autorizada";"confirmed-by-surtilec-2026-08-03";"pendiente";"IMAGEN GENÉRICA DE FAMILIA (regla ""encauchetado"") tomada de ""Cable Encauchetado 7X16 AWG CU"" en cablescolombia.com. Puede diferir en calibre, color y construcción. Reemplazar por foto exacta antes de publicar.";"Pendiente de verificación - Cable Encauchetado Libre De Halogenos STF LS 2X14AWG"
"SRT-PENDING-5A5C2682E16C";"Cable Encauchetado Libre de Halógeno STF-LS 3x14 AWG";"pendiente_investigacion";"Procables/Centelsa";"";"https://cablescolombia.com/producto/cable-encauchetado-7x16-awg-cu";"";"https://multimedia02.s3.us-east-2.amazonaws.com/Produccion/tiendas/127/productos/79724/thumb/df631ef5a8b91d49.webp";"autorizada";"confirmed-by-surtilec-2026-08-03";"pendiente";"IMAGEN GENÉRICA DE FAMILIA (regla ""encauchetado"") tomada de ""Cable Encauchetado 7X16 AWG CU"" en cablescolombia.com. Puede diferir en calibre, color y construcción. Reemplazar por foto exacta antes de publicar.";"Pendiente de verificación - Cable Encauchetado Libre De Halogenos STF LS 3X14AWG"
"SRT-PENDING-F53EF417439D";"Cable Encauchetado Libre de Halógeno STF-LS 4x14 AWG";"pendiente_investigacion";"Procables/Centelsa";"";"https://cablescolombia.com/producto/cable-encauchetado-7x16-awg-cu";"";"https://multimedia02.s3.us-east-2.amazonaws.com/Produccion/tiendas/127/productos/79724/thumb/df631ef5a8b91d49.webp";"autorizada";"confirmed-by-surtilec-2026-08-03";"pendiente";"IMAGEN GENÉRICA DE FAMILIA (regla ""encauchetado"") tomada de ""Cable Encauchetado 7X16 AWG CU"" en cablescolombia.com. Puede diferir en calibre, color y construcción. Reemplazar por foto exacta antes de publicar.";"Pendiente de verificación - Cable Encauchetado Libre De Halogenos STF LS 4X14AWG"
"SRT-PENDING-2FAD996C1713";"Cable Encauchetado Libre de Halógeno STF-LS 2x12 AWG";"pendiente_investigacion";"Procables/Centelsa";"";"https://cablescolombia.com/producto/cable-encauchetado-7x16-awg-cu";"";"https://multimedia02.s3.us-east-2.amazonaws.com/Produccion/tiendas/127/productos/79724/thumb/df631ef5a8b91d49.webp";"autorizada";"confirmed-by-surtilec-2026-08-03";"pendiente";"IMAGEN GENÉRICA DE FAMILIA (regla ""encauchetado"") tomada de ""Cable Encauchetado 7X16 AWG CU"" en cablescolombia.com. Puede diferir en calibre, color y construcción. Reemplazar por foto exacta antes de publicar.";"Pendiente de verificación - Cable Encauchetado Libre De Halogenos STF LS 2X12AWG"
"SRT-PENDING-AB3433A8A279";"Cable Encauchetado Libre de Halógeno STF-LS 3x12 AWG";"pendiente_investigacion";"Procables/Centelsa";"";"https://cablescolombia.com/producto/cable-encauchetado-7x16-awg-cu";"";"https://multimedia02.s3.us-east-2.amazonaws.com/Produccion/tiendas/127/productos/79724/thumb/df631ef5a8b91d49.webp";"autorizada";"confirmed-by-surtilec-2026-08-03";"pendiente";"IMAGEN GENÉRICA DE FAMILIA (regla ""encauchetado"") tomada de ""Cable Encauchetado 7X16 AWG CU"" en cablescolombia.com. Puede diferir en calibre, color y construcción. Reemplazar por foto exacta antes de publicar.";"Pendiente de verificación - Cable Encauchetado Libre De Halogenos STF LS 3X12AWG"
"SRT-PENDING-64F6D52D1104";"Cable Encauchetado Libre de Halógeno STF-LS 4x12 AWG";"pendiente_investigacion";"Procables/Centelsa";"";"https://cablescolombia.com/producto/cable-encauchetado-7x16-awg-cu";"";"https://multimedia02.s3.us-east-2.amazonaws.com/Produccion/tiendas/127/productos/79724/thumb/df631ef5a8b91d49.webp";"autorizada";"confirmed-by-surtilec-2026-08-03";"pendiente";"IMAGEN GENÉRICA DE FAMILIA (regla ""encauchetado"") tomada de ""Cable Encauchetado 7X16 AWG CU"" en cablescolombia.com. Puede diferir en calibre, color y construcción. Reemplazar por foto exacta antes de publicar.";"Pendiente de verificación - Cable Encauchetado Libre De Halogenos STF LS 4X12AWG"
"SRT-PENDING-F599C358F081";"Cable Encauchetado Libre de Halógeno STF-LS 2x10 AWG";"pendiente_investigacion";"Procables/Centelsa";"";"https://cablescolombia.com/producto/cable-encauchetado-7x16-awg-cu";"";"https://multimedia02.s3.us-east-2.amazonaws.com/Produccion/tiendas/127/productos/79724/thumb/df631ef5a8b91d49.webp";"autorizada";"confirmed-by-surtilec-2026-08-03";"pendiente";"IMAGEN GENÉRICA DE FAMILIA (regla ""encauchetado"") tomada de ""Cable Encauchetado 7X16 AWG CU"" en cablescolombia.com. Puede diferir en calibre, color y construcción. Reemplazar por foto exacta antes de publicar.";"Pendiente de verificación - Cable Encauchetado Libre De Halogenos STF LS 2X10AWG"
"SRT-PENDING-C11966418B2F";"Cable Encauchetado Libre de Halógeno STF-LS 3x10 AWG";"pendiente_investigacion";"Procables/Centelsa";"";"https://cablescolombia.com/producto/cable-encauchetado-7x16-awg-cu";"";"https://multimedia02.s3.us-east-2.amazonaws.com/Produccion/tiendas/127/productos/79724/thumb/df631ef5a8b91d49.webp";"autorizada";"confirmed-by-surtilec-2026-08-03";"pendiente";"IMAGEN GENÉRICA DE FAMILIA (regla ""encauchetado"") tomada de ""Cable Encauchetado 7X16 AWG CU"" en cablescolombia.com. Puede diferir en calibre, color y construcción. Reemplazar por foto exacta antes de publicar.";"Pendiente de verificación - Cable Encauchetado Libre De Halogenos STF LS 3X10AWG"
"SRT-PENDING-54C0621797BA";"Cable Encauchetado Libre de Halógeno STF-LS 4x10 AWG";"pendiente_investigacion";"Procables/Centelsa";"";"https://cablescolombia.com/producto/cable-encauchetado-7x16-awg-cu";"";"https://multimedia02.s3.us-east-2.amazonaws.com/Produccion/tiendas/127/productos/79724/thumb/df631ef5a8b91d49.webp";"autorizada";"confirmed-by-surtilec-2026-08-03";"pendiente";"IMAGEN GENÉRICA DE FAMILIA (regla ""encauchetado"") tomada de ""Cable Encauchetado 7X16 AWG CU"" en cablescolombia.com. Puede diferir en calibre, color y construcción. Reemplazar por foto exacta antes de publicar.";"Pendiente de verificación - Cable Encauchetado Libre De Halogenos STF LS 4X10AWG"
"SRT-PENDING-745B2E9EFC41";"Cable Encauchetado Libre de Halógeno STF-LS 2x8 AWG";"pendiente_investigacion";"Procables/Centelsa";"";"https://cablescolombia.com/producto/cable-encauchetado-7x16-awg-cu";"";"https://multimedia02.s3.us-east-2.amazonaws.com/Produccion/tiendas/127/productos/79724/thumb/df631ef5a8b91d49.webp";"autorizada";"confirmed-by-surtilec-2026-08-03";"pendiente";"IMAGEN GENÉRICA DE FAMILIA (regla ""encauchetado"") tomada de ""Cable Encauchetado 7X16 AWG CU"" en cablescolombia.com. Puede diferir en calibre, color y construcción. Reemplazar por foto exacta antes de publicar.";"Pendiente de verificación - Cable Encauchetado Libre De Halogenos STF LS 2X8AWG"
"SRT-PENDING-A23F84BEAF24";"Cable Encauchetado Libre de Halógeno STF-LS 3x8 AWG";"pendiente_investigacion";"Procables/Centelsa";"";"https://cablescolombia.com/producto/cable-encauchetado-7x16-awg-cu";"";"https://multimedia02.s3.us-east-2.amazonaws.com/Produccion/tiendas/127/productos/79724/thumb/df631ef5a8b91d49.webp";"autorizada";"confirmed-by-surtilec-2026-08-03";"pendiente";"IMAGEN GENÉRICA DE FAMILIA (regla ""encauchetado"") tomada de ""Cable Encauchetado 7X16 AWG CU"" en cablescolombia.com. Puede diferir en calibre, color y construcción. Reemplazar por foto exacta antes de publicar.";"Pendiente de verificación - Cable Encauchetado Libre De Halogenos STF LS 3X8AWG"
"SRT-PENDING-48317269D40B";"Cable Encauchetado Libre de Halógeno STF-LS 4x8 AWG";"pendiente_investigacion";"Procables/Centelsa";"";"https://cablescolombia.com/producto/cable-encauchetado-7x16-awg-cu";"";"https://multimedia02.s3.us-east-2.amazonaws.com/Produccion/tiendas/127/productos/79724/thumb/df631ef5a8b91d49.webp";"autorizada";"confirmed-by-surtilec-2026-08-03";"pendiente";"IMAGEN GENÉRICA DE FAMILIA (regla ""encauchetado"") tomada de ""Cable Encauchetado 7X16 AWG CU"" en cablescolombia.com. Puede diferir en calibre, color y construcción. Reemplazar por foto exacta antes de publicar.";"Pendiente de verificación - Cable Encauchetado Libre De Halogenos STF LS 4X8AWG"
"SRT-PENDING-23FC537018EE";"Cable Dúplex Polarizado 2x10 AWG Cobre";"pendiente_investigacion";"CERT";"";"https://cablescolombia.com/producto/cable-duplex-cristal-2x20-cu";"";"https://multimedia02.s3.us-east-2.amazonaws.com/Produccion/tiendas/127/productos/472/thumb/1e577bc6423721218185f07a54eba191.webp";"autorizada";"confirmed-by-surtilec-2026-08-03";"pendiente";"IMAGEN GENÉRICA DE FAMILIA (80% familia, material CU) tomada de ""Cable Duplex Cristal 2X20 Cu"" en cablescolombia.com. Reemplazar por foto exacta antes de publicar.";"Pendiente de verificación - Cable Dúplex Polarizado 2X10 Cu"
"SRT-PENDING-E0C7582D9DF4";"Cable Dúplex Polarizado 2x12 AWG Cobre";"pendiente_investigacion";"CERT";"";"https://cablescolombia.com/producto/cable-duplex-cristal-2x20-cu";"";"https://multimedia02.s3.us-east-2.amazonaws.com/Produccion/tiendas/127/productos/472/thumb/1e577bc6423721218185f07a54eba191.webp";"autorizada";"confirmed-by-surtilec-2026-08-03";"pendiente";"IMAGEN GENÉRICA DE FAMILIA (80% familia, material CU) tomada de ""Cable Duplex Cristal 2X20 Cu"" en cablescolombia.com. Reemplazar por foto exacta antes de publicar.";"Pendiente de verificación - Cable Dúplex Polarizado 2X12 Cu"
"SRT-PENDING-FC14EDD12C47";"Cable Dúplex Polarizado 2x14 AWG Cobre";"pendiente_investigacion";"CERT";"";"https://cablescolombia.com/producto/cable-duplex-cristal-2x20-cu";"";"https://multimedia02.s3.us-east-2.amazonaws.com/Produccion/tiendas/127/productos/472/thumb/1e577bc6423721218185f07a54eba191.webp";"autorizada";"confirmed-by-surtilec-2026-08-03";"pendiente";"IMAGEN GENÉRICA DE FAMILIA (80% familia, material CU) tomada de ""Cable Duplex Cristal 2X20 Cu"" en cablescolombia.com. Reemplazar por foto exacta antes de publicar.";"Pendiente de verificación - Cable Dúplex Polarizado 2X14 Cu"
"SRT-PENDING-197AD43647B6";"Cable Dúplex Polarizado 2x16 AWG Cobre";"pendiente_investigacion";"CERT";"";"https://cablescolombia.com/producto/cable-duplex-cristal-2x20-cu";"";"https://multimedia02.s3.us-east-2.amazonaws.com/Produccion/tiendas/127/productos/472/thumb/1e577bc6423721218185f07a54eba191.webp";"autorizada";"confirmed-by-surtilec-2026-08-03";"pendiente";"IMAGEN GENÉRICA DE FAMILIA (80% familia, material CU) tomada de ""Cable Duplex Cristal 2X20 Cu"" en cablescolombia.com. Reemplazar por foto exacta antes de publicar.";"Pendiente de verificación - Cable Duplex Polarizado 2X16 Cu"
"SRT-PENDING-EAF6D9A252F8";"Cable Dúplex Polarizado 2x18 AWG Cobre";"pendiente_investigacion";"CERT";"";"https://cablescolombia.com/producto/cable-duplex-cristal-2x20-cu";"";"https://multimedia02.s3.us-east-2.amazonaws.com/Produccion/tiendas/127/productos/472/thumb/1e577bc6423721218185f07a54eba191.webp";"autorizada";"confirmed-by-surtilec-2026-08-03";"pendiente";"IMAGEN GENÉRICA DE FAMILIA (80% familia, material CU) tomada de ""Cable Duplex Cristal 2X20 Cu"" en cablescolombia.com. Reemplazar por foto exacta antes de publicar.";"Pendiente de verificación - Cable Dúplex Polarizado 2X18 Cu"
"SRT-PENDING-A318A86A3026";"Cable Dúplex Polarizado 2x20 AWG Cobre";"pendiente_investigacion";"CERT";"";"https://cablescolombia.com/producto/cable-duplex-cristal-2x20-cu";"";"https://multimedia02.s3.us-east-2.amazonaws.com/Produccion/tiendas/127/productos/472/thumb/1e577bc6423721218185f07a54eba191.webp";"autorizada";"confirmed-by-surtilec-2026-08-03";"pendiente";"IMAGEN GENÉRICA DE FAMILIA (80% familia, material CU) tomada de ""Cable Duplex Cristal 2X20 Cu"" en cablescolombia.com. Reemplazar por foto exacta antes de publicar.";"Pendiente de verificación - Cable Dúplex Polarizado 2X20 Cu"
"SRT-PENDING-AA8592B17B19";"Cable Dúplex 2x10 AWG Cobre";"pendiente_investigacion";"CERT";"";"https://cablescolombia.com/producto/cable-duplex-cristal-2x20-cu";"";"https://multimedia02.s3.us-east-2.amazonaws.com/Produccion/tiendas/127/productos/472/thumb/1e577bc6423721218185f07a54eba191.webp";"autorizada";"confirmed-by-surtilec-2026-08-03";"pendiente";"IMAGEN GENÉRICA DE FAMILIA (100% familia, material CU) tomada de ""Cable Duplex Cristal 2X20 Cu"" en cablescolombia.com. Reemplazar por foto exacta antes de publicar.";"Pendiente de verificación - Cable Duplex 2X10 Cu"
"SRT-PENDING-38D59C99D61B";"Cable Dúplex 2x12 AWG Cobre";"pendiente_investigacion";"CERT";"";"https://cablescolombia.com/producto/cable-duplex-cristal-2x20-cu";"";"https://multimedia02.s3.us-east-2.amazonaws.com/Produccion/tiendas/127/productos/472/thumb/1e577bc6423721218185f07a54eba191.webp";"autorizada";"confirmed-by-surtilec-2026-08-03";"pendiente";"IMAGEN GENÉRICA DE FAMILIA (100% familia, material CU) tomada de ""Cable Duplex Cristal 2X20 Cu"" en cablescolombia.com. Reemplazar por foto exacta antes de publicar.";"Pendiente de verificación - Cable Duplex 2X12 Cu"
"SRT-PENDING-DA4E2A0F5D22";"Cable Dúplex 2x14 AWG Cobre";"pendiente_investigacion";"CERT";"";"https://cablescolombia.com/producto/cable-duplex-cristal-2x20-cu";"";"https://multimedia02.s3.us-east-2.amazonaws.com/Produccion/tiendas/127/productos/472/thumb/1e577bc6423721218185f07a54eba191.webp";"autorizada";"confirmed-by-surtilec-2026-08-03";"pendiente";"IMAGEN GENÉRICA DE FAMILIA (100% familia, material CU) tomada de ""Cable Duplex Cristal 2X20 Cu"" en cablescolombia.com. Reemplazar por foto exacta antes de publicar.";"Pendiente de verificación - Cable Duplex 2X14 Cu"
"SRT-PENDING-A787A4628636";"Cable Dúplex 2x16 AWG Cobre";"pendiente_investigacion";"CERT";"";"https://cablescolombia.com/producto/cable-duplex-cristal-2x20-cu";"";"https://multimedia02.s3.us-east-2.amazonaws.com/Produccion/tiendas/127/productos/472/thumb/1e577bc6423721218185f07a54eba191.webp";"autorizada";"confirmed-by-surtilec-2026-08-03";"pendiente";"IMAGEN GENÉRICA DE FAMILIA (100% familia, material CU) tomada de ""Cable Duplex Cristal 2X20 Cu"" en cablescolombia.com. Reemplazar por foto exacta antes de publicar.";"Pendiente de verificación - Cable Duplex 2X16 Cu"
"SRT-PENDING-93FB91870A58";"Cable Dúplex 2x18 AWG Cobre";"pendiente_investigacion";"CERT";"";"https://cablescolombia.com/producto/cable-duplex-cristal-2x20-cu";"";"https://multimedia02.s3.us-east-2.amazonaws.com/Produccion/tiendas/127/productos/472/thumb/1e577bc6423721218185f07a54eba191.webp";"autorizada";"confirmed-by-surtilec-2026-08-03";"pendiente";"IMAGEN GENÉRICA DE FAMILIA (100% familia, material CU) tomada de ""Cable Duplex Cristal 2X20 Cu"" en cablescolombia.com. Reemplazar por foto exacta antes de publicar.";"Pendiente de verificación - Cable Duplex 2X18 Cu"
"SRT-PENDING-41FBFE6E73E8";"Cable Dúplex 2x14 AWG Cobre, Negro";"pendiente_investigacion";"CERT";"";"https://cablescolombia.com/producto/cable-duplex-cristal-2x20-cu";"";"https://multimedia02.s3.us-east-2.amazonaws.com/Produccion/tiendas/127/productos/472/thumb/1e577bc6423721218185f07a54eba191.webp";"autorizada";"confirmed-by-surtilec-2026-08-03";"pendiente";"IMAGEN GENÉRICA DE FAMILIA (100% familia, material CU) tomada de ""Cable Duplex Cristal 2X20 Cu"" en cablescolombia.com. COLOR DISTINTO (negro vs cristal). Reemplazar por foto exacta antes de publicar.";"Pendiente de verificación - Cable Duplex 2X14 Negro Cu"
"SRT-PENDING-2C19362BAAE5";"Cable Dúplex 2x16 AWG Cobre, Negro";"pendiente_investigacion";"CERT";"";"https://cablescolombia.com/producto/cable-duplex-cristal-2x20-cu";"";"https://multimedia02.s3.us-east-2.amazonaws.com/Produccion/tiendas/127/productos/472/thumb/1e577bc6423721218185f07a54eba191.webp";"autorizada";"confirmed-by-surtilec-2026-08-03";"pendiente";"IMAGEN GENÉRICA DE FAMILIA (100% familia, material CU) tomada de ""Cable Duplex Cristal 2X20 Cu"" en cablescolombia.com. COLOR DISTINTO (negro vs cristal). Reemplazar por foto exacta antes de publicar.";"Pendiente de verificación - Cable Duplex 2X16 Negro Cu"
"SRT-PENDING-32E3F97E7A37";"Cable Dúplex Desoxigenado 10 AWG Cobre-aluminio";"pendiente_investigacion";"CERT";"";"https://cablescolombia.com/producto/cable-duplex-desoxigenado-n10-cu-al";"";"https://multimedia02.s3.us-east-2.amazonaws.com/Produccion/tiendas/127/productos/479/thumb/f2d6adaac90acc8d3bc522acb6516999.webp";"autorizada";"confirmed-by-surtilec-2026-08-03";"pendiente";"Imagen sugerida automáticamente desde cablescolombia.com — similitud 100% con ""Cable Duplex Desoxigenado N10 Cu - Al"". Verificar visualmente y obtener permiso antes de publicar.";"Pendiente de verificación - Cable Duplex Desoxigenado N10 Cu - Al"
"SRT-PENDING-025FBE5A4E6A";"Cable Dúplex Desoxigenado 12 AWG Cobre-aluminio";"pendiente_investigacion";"CERT";"";"https://cablescolombia.com/producto/cable-duplex-desoxigenado-n12-cu-al";"";"https://multimedia02.s3.us-east-2.amazonaws.com/Produccion/tiendas/127/productos/480/thumb/5ea623ce05f5bb6ed59159bb0f2eeded.webp";"autorizada";"confirmed-by-surtilec-2026-08-03";"pendiente";"Imagen sugerida automáticamente desde cablescolombia.com — similitud 100% con ""Cable Duplex Desoxigenado N12 Cu - Al"". Verificar visualmente y obtener permiso antes de publicar.";"Pendiente de verificación - Cable Duplex Desoxigenado N12 Cu - Al"
"SRT-PENDING-9A6072001869";"Cable Dúplex Desoxigenado 14 AWG Cobre-aluminio";"pendiente_investigacion";"CERT";"";"https://cablescolombia.com/producto/cable-duplex-desoxigenado-n10-cu-al";"";"https://multimedia02.s3.us-east-2.amazonaws.com/Produccion/tiendas/127/productos/479/thumb/f2d6adaac90acc8d3bc522acb6516999.webp";"autorizada";"confirmed-by-surtilec-2026-08-03";"pendiente";"IMAGEN GENÉRICA DE FAMILIA (100% familia/material/color) tomada de ""Cable Duplex Desoxigenado N10 Cu - Al"" en cablescolombia.com — mismo tipo y color, calibre distinto. Reemplazar por foto exacta antes de publicar.";"Pendiente de verificación - Cable Duplex Desoxigenado N14 Cu - Al"
"SRT-PENDING-BB6C17498CE3";"Cable Dúplex Desoxigenado 16 AWG Cobre-aluminio";"pendiente_investigacion";"CERT";"";"https://cablescolombia.com/producto/cable-duplex-desoxigenado-n10-cu-al";"";"https://multimedia02.s3.us-east-2.amazonaws.com/Produccion/tiendas/127/productos/479/thumb/f2d6adaac90acc8d3bc522acb6516999.webp";"autorizada";"confirmed-by-surtilec-2026-08-03";"pendiente";"IMAGEN GENÉRICA DE FAMILIA (100% familia/material/color) tomada de ""Cable Duplex Desoxigenado N10 Cu - Al"" en cablescolombia.com — mismo tipo y color, calibre distinto. Reemplazar por foto exacta antes de publicar.";"Pendiente de verificación - Cable Duplex Desoxigenado N16 Cu - Al"
"SRT-PENDING-9DE2ECCC6E24";"Cable Dúplex Desoxigenado 18 AWG Cobre-aluminio";"pendiente_investigacion";"CERT";"";"https://cablescolombia.com/producto/cable-duplex-desoxigenado-n10-cu-al";"";"https://multimedia02.s3.us-east-2.amazonaws.com/Produccion/tiendas/127/productos/479/thumb/f2d6adaac90acc8d3bc522acb6516999.webp";"autorizada";"confirmed-by-surtilec-2026-08-03";"pendiente";"IMAGEN GENÉRICA DE FAMILIA (100% familia/material/color) tomada de ""Cable Duplex Desoxigenado N10 Cu - Al"" en cablescolombia.com — mismo tipo y color, calibre distinto. Reemplazar por foto exacta antes de publicar.";"Pendiente de verificación - Cable Duplex Desoxigenado N18 Cu - Al"
"SRT-PENDING-71B6AC43BD2A";"Cable Dúplex Desoxigenado 22 AWG Cobre-aluminio";"pendiente_investigacion";"CERT";"";"https://cablescolombia.com/producto/cable-duplex-desoxigenado-n10-cu-al";"";"https://multimedia02.s3.us-east-2.amazonaws.com/Produccion/tiendas/127/productos/479/thumb/f2d6adaac90acc8d3bc522acb6516999.webp";"autorizada";"confirmed-by-surtilec-2026-08-03";"pendiente";"IMAGEN GENÉRICA DE FAMILIA (100% familia/material/color) tomada de ""Cable Duplex Desoxigenado N10 Cu - Al"" en cablescolombia.com — mismo tipo y color, calibre distinto. Reemplazar por foto exacta antes de publicar.";"Pendiente de verificación - Cable Duplex Desoxigenado N22 Cu - Al"
"SRT-PENDING-098875622BFE";"Cable Dúplex Desoxigenado 20 AWG Cobre-aluminio";"pendiente_investigacion";"CERT";"";"https://cablescolombia.com/producto/cable-duplex-desoxigenado-n10-cu-al";"";"https://multimedia02.s3.us-east-2.amazonaws.com/Produccion/tiendas/127/productos/479/thumb/f2d6adaac90acc8d3bc522acb6516999.webp";"autorizada";"confirmed-by-surtilec-2026-08-03";"pendiente";"IMAGEN GENÉRICA DE FAMILIA (100% familia/material/color) tomada de ""Cable Duplex Desoxigenado N10 Cu - Al"" en cablescolombia.com — mismo tipo y color, calibre distinto. Reemplazar por foto exacta antes de publicar.";"Pendiente de verificación - Cable Duplex Desoxigenado N20 Cu - Al"
"SRT-PENDING-6D85330E7595";"Cable Dúplex 2x20 AWG Cobre, Cristal";"pendiente_investigacion";"CERT";"";"https://cablescolombia.com/producto/cable-duplex-cristal-2x20-cu";"";"https://multimedia02.s3.us-east-2.amazonaws.com/Produccion/tiendas/127/productos/472/thumb/1e577bc6423721218185f07a54eba191.webp";"autorizada";"confirmed-by-surtilec-2026-08-03";"pendiente";"Imagen sugerida automáticamente desde cablescolombia.com — similitud 100% con ""Cable Duplex Cristal 2X20 Cu"". Verificar visualmente y obtener permiso antes de publicar.";"Pendiente de verificación - Cable Duplex Cristal 2X20 Cu"
"SRT-PENDING-BE050281F599";"Cable Dúplex 2x16 AWG Cobre, Cristal";"pendiente_investigacion";"CERT";"";"https://cablescolombia.com/producto/cable-duplex-cristal-2x16-cu";"";"https://multimedia02.s3.us-east-2.amazonaws.com/Produccion/tiendas/127/productos/473/thumb/88f4b3c1e2d38a4fdc9c397822230318.webp";"autorizada";"confirmed-by-surtilec-2026-08-03";"pendiente";"Imagen sugerida automáticamente desde cablescolombia.com — similitud 100% con ""Cable Duplex Cristal 2X16 Cu"". Verificar visualmente y obtener permiso antes de publicar.";"Pendiente de verificación - Cable Duplex Cristal 2X16 Cu"
"SRT-PENDING-DA37AC5700DE";"Cable Dúplex 2x14 AWG Cobre, Cristal";"pendiente_investigacion";"CERT";"";"https://cablescolombia.com/producto/cable-duplex-cristal-2x14-cu";"";"https://multimedia02.s3.us-east-2.amazonaws.com/Produccion/tiendas/127/productos/474/thumb/b4b494c5c50b12ba3fa7af8c300a24a3.webp";"autorizada";"confirmed-by-surtilec-2026-08-03";"pendiente";"Imagen sugerida automáticamente desde cablescolombia.com — similitud 100% con ""Cable Duplex Cristal 2X14 Cu"". Verificar visualmente y obtener permiso antes de publicar.";"Pendiente de verificación - Cable Duplex Cristal 2X14 Cu"
"SRT-PENDING-BD7A7E1B007A";"Cable Dúplex 2x12 AWG Cobre, Cristal";"pendiente_investigacion";"CERT";"";"https://cablescolombia.com/producto/cable-duplex-cristal-2x12-cu";"";"https://multimedia02.s3.us-east-2.amazonaws.com/Produccion/tiendas/127/productos/475/thumb/306bb7ae3289220b45d6aff376a6fe31.webp";"autorizada";"confirmed-by-surtilec-2026-08-03";"pendiente";"Imagen sugerida automáticamente desde cablescolombia.com — similitud 100% con ""Cable Duplex Cristal 2X12 Cu"". Verificar visualmente y obtener permiso antes de publicar.";"Pendiente de verificación - Cable Duplex Cristal 2X12 Cu"
"SRT-PENDING-1F5C990D1A3D";"Cable Dúplex 2x22 AWG Cobre, Cristal";"pendiente_investigacion";"CERT";"";"https://cablescolombia.com/producto/cable-duplex-cristal-2x22-cu";"";"https://multimedia02.s3.us-east-2.amazonaws.com/Produccion/tiendas/127/productos/476/thumb/47d37f0822105bc2c199596211a0fd28.webp";"autorizada";"confirmed-by-surtilec-2026-08-03";"pendiente";"Imagen sugerida automáticamente desde cablescolombia.com — similitud 100% con ""Cable Duplex Cristal 2X22 Cu"". Verificar visualmente y obtener permiso antes de publicar.";"Pendiente de verificación - Cable Duplex Cristal 2X22 Cu"
"SRT-PENDING-F6E3F9037813";"Cable Dúplex 2x10 AWG Cobre, Cristal";"pendiente_investigacion";"CERT";"";"https://cablescolombia.com/producto/cable-duplex-cristal-2x10-cu";"";"https://multimedia02.s3.us-east-2.amazonaws.com/Produccion/tiendas/127/productos/477/thumb/d8acda4c0fb56e794cbc0c91d040874b.webp";"autorizada";"confirmed-by-surtilec-2026-08-03";"pendiente";"Imagen sugerida automáticamente desde cablescolombia.com — similitud 100% con ""Cable Duplex Cristal 2X10 Cu"". Verificar visualmente y obtener permiso antes de publicar.";"Pendiente de verificación - Cable Duplex Cristal 2X10 Cu"
"SRT-PENDING-F303325FA0CC";"Cable Dúplex 2x18 AWG Cobre, Cristal";"pendiente_investigacion";"CERT";"";"https://cablescolombia.com/producto/cable-duplex-cristal-2x18-cu";"";"https://multimedia02.s3.us-east-2.amazonaws.com/Produccion/tiendas/127/productos/478/thumb/adeed20a9afad205ee8df6f69c8c61e2.webp";"autorizada";"confirmed-by-surtilec-2026-08-03";"pendiente";"Imagen sugerida automáticamente desde cablescolombia.com — similitud 100% con ""Cable Duplex Cristal 2X18 Cu"". Verificar visualmente y obtener permiso antes de publicar.";"Pendiente de verificación - Cable Duplex Cristal 2X18 Cu"
"SRT-PENDING-618220FAA1AB";"Cable de Aluminio Serie 8000 6 AWG Trenzado";"pendiente_investigacion";"Procables/Facelec/Powercable";"";"https://cablescolombia.com/producto/cable-aluminio-6-awg-serie-8000";"";"https://multimedia02.s3.us-east-2.amazonaws.com/Produccion/tiendas/127/productos/653/thumb/32ab00ec9fe85440081448d2bef4ef6e.png";"autorizada";"confirmed-by-surtilec-2026-08-03";"pendiente";"Imagen sugerida automáticamente desde cablescolombia.com — similitud 100% con ""Cable Aluminio 6 Awg Serie 8000"". Verificar visualmente y obtener permiso antes de publicar.";"Pendiente de verificación - Cable Aluminio 6 Awg Serie 8000"
"SRT-PENDING-7802C84DE1B3";"Cable de Aluminio Serie 8000 4 AWG Trenzado";"pendiente_investigacion";"Procables/Facelec/Powercable";"";"https://cablescolombia.com/producto/cable-aluminio-4-awg-serie-8000";"";"https://multimedia02.s3.us-east-2.amazonaws.com/Produccion/tiendas/127/productos/656/thumb/576e7a202d7a8c7510cda4ed02f44a0d.png";"autorizada";"confirmed-by-surtilec-2026-08-03";"pendiente";"Imagen sugerida automáticamente desde cablescolombia.com — similitud 100% con ""Cable Aluminio 4 Awg Serie 8000"". Verificar visualmente y obtener permiso antes de publicar.";"Pendiente de verificación - Cable Aluminio 4 Awg Serie 8000"
"SRT-PENDING-BD8088AD9745";"Cable de Aluminio Serie 8000 2 AWG Trenzado";"pendiente_investigacion";"Procables/Facelec/Powercable";"";"https://cablescolombia.com/producto/cable-aluminio-2-awg-serie-8000";"";"https://multimedia02.s3.us-east-2.amazonaws.com/Produccion/tiendas/127/productos/658/thumb/50a123f59767072ff4d6785f25ce8e79.png";"autorizada";"confirmed-by-surtilec-2026-08-03";"pendiente";"Imagen sugerida automáticamente desde cablescolombia.com — similitud 100% con ""Cable Aluminio 2 Awg Serie 8000"". Verificar visualmente y obtener permiso antes de publicar.";"Pendiente de verificación - Cable Aluminio 2 Awg Serie 8000"
"SRT-PENDING-D2AF8D0AFA5B";"Cable de Aluminio Serie 8000 1/0 AWG Trenzado";"pendiente_investigacion";"Procables/Facelec/Powercable";"";"https://cablescolombia.com/producto/cable-aluminio-1-0-awg-serie-8000";"";"https://multimedia02.s3.us-east-2.amazonaws.com/Produccion/tiendas/127/productos/659/thumb/1d5c6ee33f3a67f6747f58ae60f33965.png";"autorizada";"confirmed-by-surtilec-2026-08-03";"pendiente";"Imagen sugerida automáticamente desde cablescolombia.com — similitud 100% con ""Cable Aluminio 1/0 Awg Serie 8000"". Verificar visualmente y obtener permiso antes de publicar.";"Pendiente de verificación - Cable Aluminio 1/0 Awg Serie 8000"
"SRT-PENDING-17B5235302EA";"Cable de Aluminio Serie 8000 2/0 AWG Trenzado";"pendiente_investigacion";"Procables/Facelec/Powercable";"";"https://cablescolombia.com/producto/cable-aluminio-2-0-awg-serie-8000";"";"https://multimedia02.s3.us-east-2.amazonaws.com/Produccion/tiendas/127/productos/661/thumb/99dceb2b49f53068ff08e9f8f1d859c9.png";"autorizada";"confirmed-by-surtilec-2026-08-03";"pendiente";"Imagen sugerida automáticamente desde cablescolombia.com — similitud 100% con ""Cable Aluminio 2/0 Awg Serie 8000"". Verificar visualmente y obtener permiso antes de publicar.";"Pendiente de verificación - Cable Aluminio 2/0 Awg Serie 8000"
"SRT-PENDING-FE68D8389306";"Cable de Aluminio Serie 8000 4/0 AWG Trenzado";"pendiente_investigacion";"Procables/Facelec/Powercable";"";"https://cablescolombia.com/producto/cable-aluminio-4-0-awg-serie-8000";"";"https://multimedia02.s3.us-east-2.amazonaws.com/Produccion/tiendas/127/productos/663/thumb/9df1f11bda4793ad995c79c4a6447c10.png";"autorizada";"confirmed-by-surtilec-2026-08-03";"pendiente";"Imagen sugerida automáticamente desde cablescolombia.com — similitud 100% con ""Cable Aluminio 4/0 Awg Serie 8000"". Verificar visualmente y obtener permiso antes de publicar.";"Pendiente de verificación - Cable Aluminio 4/0 Awg Serie 8000"
"SRT-PENDING-E4C3804FAEF6";"Cable de Aluminio Serie 8000 250 kcmil Trenzado";"pendiente_investigacion";"Procables/Facelec/Powercable";"";"https://cablescolombia.com/producto/cable-aluminio-250-kcmil-serie-8000";"";"https://multimedia02.s3.us-east-2.amazonaws.com/Produccion/tiendas/127/productos/664/thumb/cd9957528ff9e773c9116a5ea1cd094a.png";"autorizada";"confirmed-by-surtilec-2026-08-03";"pendiente";"Imagen sugerida automáticamente desde cablescolombia.com — similitud 100% con ""Cable Aluminio 250 Kcmil Serie 8000"". Verificar visualmente y obtener permiso antes de publicar.";"Pendiente de verificación - Cable Aluminio 250 Kcmil Serie 8000"
"SRT-PENDING-08F3829DA7AE";"Cable de Aluminio Serie 8000 350 kcmil Trenzado";"pendiente_investigacion";"Procables/Facelec/Powercable";"";"https://cablescolombia.com/producto/cable-aluminio-250-kcmil-serie-8000";"";"https://multimedia02.s3.us-east-2.amazonaws.com/Produccion/tiendas/127/productos/664/thumb/cd9957528ff9e773c9116a5ea1cd094a.png";"autorizada";"confirmed-by-surtilec-2026-08-03";"pendiente";"IMAGEN GENÉRICA DE FAMILIA (100% familia/material/color) tomada de ""Cable Aluminio 250 Kcmil Serie 8000"" en cablescolombia.com — mismo tipo y color, calibre distinto. Reemplazar por foto exacta antes de publicar.";"Pendiente de verificación - Cable Aluminio 350 Kcmil Serie 8000"
"SRT-PENDING-2B93CC066BC7";"Cable de Aluminio Serie 8000 500 kcmil Trenzado";"pendiente_investigacion";"Procables/Facelec/Powercable";"";"https://cablescolombia.com/producto/cable-aluminio-500-kcmil-serie-8000";"";"https://multimedia02.s3.us-east-2.amazonaws.com/Produccion/tiendas/127/productos/666/thumb/e3c8f9ac644df8c59adf83e532203c7d.png";"autorizada";"confirmed-by-surtilec-2026-08-03";"pendiente";"Imagen sugerida automáticamente desde cablescolombia.com — similitud 100% con ""Cable Aluminio 500 Kcmil Serie 8000"". Verificar visualmente y obtener permiso antes de publicar.";"Pendiente de verificación - Cable Aluminio 500 Kcmil Serie 8000"
"SRT-PENDING-B57B2EE1A859";"Cable Libre de Halógeno LSZH 6 AWG Aluminio Serie 8000 Trenzado";"pendiente_investigacion";"Procables/Facelec/Powercable";"";"https://cablescolombia.com/producto/cable-aluminio-s8000-libre-de-halogeno-n6";"";"https://multimedia02.s3.us-east-2.amazonaws.com/Produccion/tiendas/127/productos/384/thumb/cb4b2f19a87de4f37eb95c5a6443496f.png";"autorizada";"confirmed-by-surtilec-2026-08-03";"pendiente";"Imagen sugerida automáticamente desde cablescolombia.com — similitud 100% con ""Cable Aluminio S8000 Libre de Halógeno N6"". Verificar visualmente y obtener permiso antes de publicar.";"Pendiente de verificación - Cable Aluminio S8000 Libre de Halógeno N6"
"SRT-PENDING-B046A49FCC82";"Cable Libre de Halógeno LSZH 4 AWG Aluminio Serie 8000 Trenzado";"pendiente_investigacion";"Procables/Facelec/Powercable";"";"https://cablescolombia.com/producto/cable-aluminio-s8000-libre-de-halogeno-n4";"";"https://multimedia02.s3.us-east-2.amazonaws.com/Produccion/tiendas/127/productos/385/thumb/59670ae87e6a855ca5b5bee4b35ffcd7.png";"autorizada";"confirmed-by-surtilec-2026-08-03";"pendiente";"Imagen sugerida automáticamente desde cablescolombia.com — similitud 100% con ""Cable Aluminio S8000 Libre de Halógeno N4"". Verificar visualmente y obtener permiso antes de publicar.";"Pendiente de verificación - Cable Aluminio S8000 Libre de Halógeno N4"
"SRT-PENDING-7246E8E3A573";"Cable Libre de Halógeno LSZH 2 AWG Aluminio Serie 8000 Trenzado";"pendiente_investigacion";"Procables/Facelec/Powercable";"";"https://cablescolombia.com/producto/cable-aluminio-serie-8000-libre-de-halogeno-n2";"";"https://multimedia02.s3.us-east-2.amazonaws.com/Produccion/tiendas/127/productos/386/thumb/68d0583862cbfe3f01f102b6673c75fd.png";"autorizada";"confirmed-by-surtilec-2026-08-03";"pendiente";"Imagen sugerida automáticamente desde cablescolombia.com — similitud 100% con ""Cable Aluminio Serie 8000 Libre de Halógeno N2"". Verificar visualmente y obtener permiso antes de publicar.";"Pendiente de verificación - Cable Aluminio Serie 8000 Libre de Halógeno N2"
"SRT-PENDING-C775808B3073";"Cable Libre de Halógeno LSZH 1/0 AWG Aluminio Serie 8000 Trenzado";"pendiente_investigacion";"Procables/Facelec/Powercable";"";"https://cablescolombia.com/producto/cable-aluminio-1-0-awg-serie-8000";"";"https://multimedia02.s3.us-east-2.amazonaws.com/Produccion/tiendas/127/productos/659/thumb/1d5c6ee33f3a67f6747f58ae60f33965.png";"autorizada";"confirmed-by-surtilec-2026-08-03";"pendiente";"Imagen sugerida automáticamente desde cablescolombia.com — similitud 71% con ""Cable Aluminio 1/0 Awg Serie 8000"". Verificar visualmente y obtener permiso antes de publicar.";"Pendiente de verificación - Cable Aluminio Serie 8000 Libre de Halógeno 1/0"
"SRT-PENDING-CDB94E717A0C";"Cable Libre de Halógeno LSZH 2/0 AWG Aluminio Serie 8000 Trenzado";"pendiente_investigacion";"Procables/Facelec/Powercable";"";"https://cablescolombia.com/producto/cable-aluminio-2-0-awg-serie-8000";"";"https://multimedia02.s3.us-east-2.amazonaws.com/Produccion/tiendas/127/productos/661/thumb/99dceb2b49f53068ff08e9f8f1d859c9.png";"autorizada";"confirmed-by-surtilec-2026-08-03";"pendiente";"Imagen sugerida automáticamente desde cablescolombia.com — similitud 71% con ""Cable Aluminio 2/0 Awg Serie 8000"". Verificar visualmente y obtener permiso antes de publicar.";"Pendiente de verificación - Cable Aluminio Serie 8000 Libre de Halógeno 2/0"
"SRT-PENDING-510C78A9F1D1";"Cable Libre de Halógeno LSZH 4/0 AWG Aluminio Serie 8000 Trenzado";"pendiente_investigacion";"Procables/Facelec/Powercable";"";"https://cablescolombia.com/producto/cable-aluminio-4-0-awg-serie-8000";"";"https://multimedia02.s3.us-east-2.amazonaws.com/Produccion/tiendas/127/productos/663/thumb/9df1f11bda4793ad995c79c4a6447c10.png";"autorizada";"confirmed-by-surtilec-2026-08-03";"pendiente";"Imagen sugerida automáticamente desde cablescolombia.com — similitud 71% con ""Cable Aluminio 4/0 Awg Serie 8000"". Verificar visualmente y obtener permiso antes de publicar.";"Pendiente de verificación - Cable Aluminio Serie 8000 Libre de Halógeno 4/0"
"SRT-PENDING-A0CFFB40DD66";"Cable Libre de Halógeno LSZH 250 kcmil Aluminio Serie 8000 Trenzado";"pendiente_investigacion";"Procables/Facelec/Powercable";"";"https://cablescolombia.com/producto/cable-aluminio-serie-8000-libre-de-halogeno-n2";"";"https://multimedia02.s3.us-east-2.amazonaws.com/Produccion/tiendas/127/productos/386/thumb/68d0583862cbfe3f01f102b6673c75fd.png";"autorizada";"confirmed-by-surtilec-2026-08-03";"pendiente";"IMAGEN GENÉRICA DE FAMILIA (100% familia/material/color) tomada de ""Cable Aluminio Serie 8000 Libre de Halógeno N2"" en cablescolombia.com — mismo tipo y color, calibre distinto. Reemplazar por foto exacta antes de publicar.";"Pendiente de verificación - Cable Aluminio Serie 8000 Libre de Halógeno 250kcm"
"SRT-PENDING-C395AD6C2B57";"Cable Libre de Halógeno LSZH 350 kcmil Aluminio Serie 8000 Trenzado";"pendiente_investigacion";"Procables/Facelec/Powercable";"";"https://cablescolombia.com/producto/cable-aluminio-serie-8000-libre-de-halogeno-n2";"";"https://multimedia02.s3.us-east-2.amazonaws.com/Produccion/tiendas/127/productos/386/thumb/68d0583862cbfe3f01f102b6673c75fd.png";"autorizada";"confirmed-by-surtilec-2026-08-03";"pendiente";"IMAGEN GENÉRICA DE FAMILIA (100% familia/material/color) tomada de ""Cable Aluminio Serie 8000 Libre de Halógeno N2"" en cablescolombia.com — mismo tipo y color, calibre distinto. Reemplazar por foto exacta antes de publicar.";"Pendiente de verificación - Cable Aluminio Serie 8000 Libre de Halógeno 350kcm"
"SRT-PENDING-4648B0B0D442";"Cable Libre de Halógeno LSZH 500 kcmil Aluminio Serie 8000 Trenzado";"pendiente_investigacion";"Procables/Facelec/Powercable";"";"https://cablescolombia.com/producto/cable-aluminio-serie-8000-libre-de-halogeno-n2";"";"https://multimedia02.s3.us-east-2.amazonaws.com/Produccion/tiendas/127/productos/386/thumb/68d0583862cbfe3f01f102b6673c75fd.png";"autorizada";"confirmed-by-surtilec-2026-08-03";"pendiente";"IMAGEN GENÉRICA DE FAMILIA (100% familia/material/color) tomada de ""Cable Aluminio Serie 8000 Libre de Halógeno N2"" en cablescolombia.com — mismo tipo y color, calibre distinto. Reemplazar por foto exacta antes de publicar.";"Pendiente de verificación - Cable Aluminio Serie 8000 Libre de Halógeno 500kcm"
"SRT-PENDING-263562792023";"Cable ACSR 336,4 kcmil Aluminio con Alma de Acero 26/7 Hilos";"pendiente_investigacion";"Procables/Facelec/Powercable";"";"https://cablescolombia.com/producto/cable-aluminio-acsr-266-8-kcmil-26-7";"";"https://multimedia02.s3.us-east-2.amazonaws.com/Produccion/tiendas/127/productos/76671/thumb/8bb9ecbfc1042fc22fb9c385a31b72f7.webp";"autorizada";"confirmed-by-surtilec-2026-08-03";"pendiente";"IMAGEN GENÉRICA DE FAMILIA (100% familia/material/color) tomada de ""Cable Aluminio ACSR 266.8 Kcmil (26/7)"" en cablescolombia.com — mismo tipo y color, calibre distinto. Reemplazar por foto exacta antes de publicar.";"Pendiente de verificación - Cable Aluminio ACSR 336.4 Kcmil (26/7)"
"SRT-PENDING-FEDCA5B2130A";"Cable ACSR 266,8 kcmil Aluminio con Alma de Acero 26/7 Hilos";"pendiente_investigacion";"Procables/Facelec/Powercable";"";"https://cablescolombia.com/producto/cable-aluminio-acsr-266-8-kcmil-26-7";"";"https://multimedia02.s3.us-east-2.amazonaws.com/Produccion/tiendas/127/productos/76671/thumb/8bb9ecbfc1042fc22fb9c385a31b72f7.webp";"autorizada";"confirmed-by-surtilec-2026-08-03";"pendiente";"Imagen sugerida automáticamente desde cablescolombia.com — similitud 100% con ""Cable Aluminio ACSR 266.8 Kcmil (26/7)"". Verificar visualmente y obtener permiso antes de publicar.";"Pendiente de verificación - Cable Aluminio ACSR 266.8 Kcmil (26/7)"
"SRT-PENDING-FA246626787C";"Cable ACSR 266,8 kcmil Aluminio con Alma de Acero 18/1 Hilos";"pendiente_investigacion";"Procables/Facelec/Powercable";"";"https://cablescolombia.com/producto/cable-aluminio-acsr-266-8-kcmil-18-1";"";"https://multimedia02.s3.us-east-2.amazonaws.com/Produccion/tiendas/127/productos/76672/thumb/f7dfef0a43011ae278aeee3d2656d784.webp";"autorizada";"confirmed-by-surtilec-2026-08-03";"pendiente";"Imagen sugerida automáticamente desde cablescolombia.com — similitud 100% con ""Cable Aluminio ACSR 266.8 Kcmil (18/1)"". Verificar visualmente y obtener permiso antes de publicar.";"Pendiente de verificación - Cable Aluminio ACSR 266.8 Kcmil (18/1)"
"SRT-PENDING-067154A42972";"Cable ACSR 2 AWG Aluminio con Alma de Acero";"pendiente_investigacion";"Nacional/Importado";"";"https://cablescolombia.com/producto/cable-acsr-2";"";"https://multimedia02.s3.us-east-2.amazonaws.com/Produccion/tiendas/127/productos/376/thumb/d2bc0bf1dd0fb52fd837e6e6c9e550f0.webp";"autorizada";"confirmed-by-surtilec-2026-08-03";"pendiente";"Imagen sugerida automáticamente desde cablescolombia.com — similitud 100% con ""Cable ACSR 2"". Verificar visualmente y obtener permiso antes de publicar.";"Pendiente de verificación - Cable ACSR 2"
"SRT-PENDING-0F15D54AACAC";"Cable ACSR 1/0 AWG Aluminio con Alma de Acero";"pendiente_investigacion";"Nacional/Importado";"";"https://cablescolombia.com/producto/cable-acsr-1-0";"";"https://multimedia02.s3.us-east-2.amazonaws.com/Produccion/tiendas/127/productos/381/thumb/ccd168a3acb41a15dff2a275299b4c93.webp";"autorizada";"confirmed-by-surtilec-2026-08-03";"pendiente";"Imagen sugerida automáticamente desde cablescolombia.com — similitud 100% con ""Cable ACSR 1/0"". Verificar visualmente y obtener permiso antes de publicar.";"Pendiente de verificación - Cable ACSR 1/0"
"SRT-PENDING-A73CFC9A0727";"Cable ACSR 2/0 AWG Aluminio con Alma de Acero";"pendiente_investigacion";"Nacional/Importado";"";"https://cablescolombia.com/producto/cable-acsr-2-0";"";"https://multimedia02.s3.us-east-2.amazonaws.com/Produccion/tiendas/127/productos/382/thumb/925613bda98b39b7b57a389185faf090.webp";"autorizada";"confirmed-by-surtilec-2026-08-03";"pendiente";"Imagen sugerida automáticamente desde cablescolombia.com — similitud 100% con ""Cable ACSR 2/0"". Verificar visualmente y obtener permiso antes de publicar.";"Pendiente de verificación - Cable ACSR 2/0"
"SRT-PENDING-266E0D610A17";"Cable ACSR 4/0 AWG Aluminio con Alma de Acero";"pendiente_investigacion";"Nacional/Importado";"";"https://cablescolombia.com/producto/cable-acsr-4-0";"";"https://multimedia02.s3.us-east-2.amazonaws.com/Produccion/tiendas/127/productos/387/thumb/6c1f405632d397bcb4c5c6dfd3900a9a.webp";"autorizada";"confirmed-by-surtilec-2026-08-03";"pendiente";"Imagen sugerida automáticamente desde cablescolombia.com — similitud 100% con ""Cable ACSR 4/0"". Verificar visualmente y obtener permiso antes de publicar.";"Pendiente de verificación - Cable ACSR 4/0"
"SRT-PENDING-5023C4F2A294";"Cable ACSR 3/0 AWG Aluminio con Alma de Acero";"pendiente_investigacion";"Nacional/Importado";"";"https://cablescolombia.com/producto/cable-acsr-3-0_5";"";"https://multimedia02.s3.us-east-2.amazonaws.com/Produccion/tiendas/127/productos/389/thumb/966bbbde3ab57f2be634a9befbcd7d24.webp";"autorizada";"confirmed-by-surtilec-2026-08-03";"pendiente";"Imagen sugerida automáticamente desde cablescolombia.com — similitud 100% con ""Cable ACSR 3/0"". Verificar visualmente y obtener permiso antes de publicar.";"Pendiente de verificación - Cable ACSR 3/0"
"SRT-PENDING-9E98C10B8CED";"Cable ACSR 4 AWG Aluminio con Alma de Acero";"pendiente_investigacion";"Procables/Facelec/Powercable";"";"https://cablescolombia.com/producto/cable-aluminio-acsr-4awg-desnudo";"";"https://multimedia02.s3.us-east-2.amazonaws.com/Produccion/tiendas/127/productos/39331/thumb/a7772db14653ce23c7f21c2f6fb38711.webp";"autorizada";"confirmed-by-surtilec-2026-08-03";"pendiente";"Imagen sugerida automáticamente desde cablescolombia.com — similitud 100% con ""Cable Aluminio Acsr 4awg Desnudo"". Verificar visualmente y obtener permiso antes de publicar.";"Pendiente de verificación - Cable Aluminio Acsr 4awg Desnudo"
"SRT-PENDING-A69BDCC48792";"Cable ACSR 266,8 kcmil Aluminio con Alma de Acero";"pendiente_investigacion";"Procables/Facelec/Powercable";"";"https://cablescolombia.com/producto/cable-aluminio-acsr-266-8kcmil";"";"https://multimedia02.s3.us-east-2.amazonaws.com/Produccion/tiendas/127/productos/39330/thumb/5d40139a528a221ee3c5385f53cad7d9.webp";"autorizada";"confirmed-by-surtilec-2026-08-03";"pendiente";"Imagen sugerida automáticamente desde cablescolombia.com — similitud 100% con ""Cable Aluminio Acsr 266.8kcmil"". Verificar visualmente y obtener permiso antes de publicar.";"Pendiente de verificación - Cable Aluminio Acsr 266.8kcmil"
"SRT-PENDING-8044A4C1B9DC";"Cable Cuádruplex de Aluminio 3x4/0+4/0 XLPE Neutro Aislado";"pendiente_investigacion";"Procables/Facelec/Powercable";"";"https://cablescolombia.com/producto/cable-aluminio-cuadruplex-aislado-3x4-0-4-0-n-a-xlpe";"";"https://multimedia02.s3.us-east-2.amazonaws.com/Produccion/tiendas/127/productos/76754/thumb/a04ed916384f5bf77f396726c6d643a0.webp";"autorizada";"confirmed-by-surtilec-2026-08-03";"pendiente";"Imagen sugerida automáticamente desde cablescolombia.com — similitud 100% con ""Cable Aluminio Cuadruplex Aislado 3x4/0 + 4/0 N.A XLPE"". Verificar visualmente y obtener permiso antes de publicar.";"Pendiente de verificación - Cable Aluminio Cuadruplex Aislado 3x4/0 + 4/0 N.A XLPE"
"SRT-PENDING-75B78DEB2833";"Cable Cuádruplex de Aluminio 3x4/0+2/0 XLPE Neutro Aislado";"pendiente_investigacion";"Procables/Facelec/Powercable";"";"https://cablescolombia.com/producto/cable-aluminio-cuadruplex-aislado-3x4-0-4-0-n-a-xlpe";"";"https://multimedia02.s3.us-east-2.amazonaws.com/Produccion/tiendas/127/productos/76754/thumb/a04ed916384f5bf77f396726c6d643a0.webp";"autorizada";"confirmed-by-surtilec-2026-08-03";"pendiente";"IMAGEN GENÉRICA DE FAMILIA (100% familia/material/color) tomada de ""Cable Aluminio Cuadruplex Aislado 3x4/0 + 4/0 N.A XLPE"" en cablescolombia.com — mismo tipo y color, calibre distinto. Reemplazar por foto exacta antes de publicar.";"Pendiente de verificación - Cable Aluminio Cuadruplex Aislado 3x4/0 + 2/0 N.A XLPE"
"SRT-PENDING-B1B9FD4A3D6D";"Cable Cuádruplex de Aluminio 3x4/0+1/0 XLPE Neutro Aislado";"pendiente_investigacion";"Procables/Facelec/Powercable";"";"https://cablescolombia.com/producto/cable-aluminio-cuadruplex-aislado-3x4-0-4-0-n-a-xlpe";"";"https://multimedia02.s3.us-east-2.amazonaws.com/Produccion/tiendas/127/productos/76754/thumb/a04ed916384f5bf77f396726c6d643a0.webp";"autorizada";"confirmed-by-surtilec-2026-08-03";"pendiente";"IMAGEN GENÉRICA DE FAMILIA (100% familia/material/color) tomada de ""Cable Aluminio Cuadruplex Aislado 3x4/0 + 4/0 N.A XLPE"" en cablescolombia.com — mismo tipo y color, calibre distinto. Reemplazar por foto exacta antes de publicar.";"Pendiente de verificación - Cable Aluminio Cuadruplex Aislado 3x4/0 + 1/0 N.A XLPE"
"SRT-PENDING-27D8B25958DA";"Cable Cuádruplex de Aluminio 3x2/0+2/0 XLPE Neutro Aislado";"pendiente_investigacion";"Procables/Facelec/Powercable";"";"https://cablescolombia.com/producto/cable-aluminio-cuadruplex-aislado-3x4-0-4-0-n-a-xlpe";"";"https://multimedia02.s3.us-east-2.amazonaws.com/Produccion/tiendas/127/productos/76754/thumb/a04ed916384f5bf77f396726c6d643a0.webp";"autorizada";"confirmed-by-surtilec-2026-08-03";"pendiente";"IMAGEN GENÉRICA DE FAMILIA (100% familia/material/color) tomada de ""Cable Aluminio Cuadruplex Aislado 3x4/0 + 4/0 N.A XLPE"" en cablescolombia.com — mismo tipo y color, calibre distinto. Reemplazar por foto exacta antes de publicar.";"Pendiente de verificación - Cable Aluminio Cuadruplex Aislado 3x2/0 + 2/0 N.A XLPE"
"SRT-PENDING-D96DEC8CDC15";"Cable Cuádruplex de Aluminio 3x2/0+1/0 XLPE Neutro Aislado";"pendiente_investigacion";"Procables/Facelec/Powercable";"";"https://cablescolombia.com/producto/cable-aluminio-cuadruplex-aislado-3x2-0-1-0-n-a-xlpe";"";"https://multimedia02.s3.us-east-2.amazonaws.com/Produccion/tiendas/127/productos/76758/thumb/f13f09e44c87c13c75f8778faa87a5ee.webp";"autorizada";"confirmed-by-surtilec-2026-08-03";"pendiente";"Imagen sugerida automáticamente desde cablescolombia.com — similitud 100% con ""Cable Aluminio Cuadruplex Aislado 3x2/0 + 1/0 N.A XLPE"". Verificar visualmente y obtener permiso antes de publicar.";"Pendiente de verificación - Cable Aluminio Cuadruplex Aislado 3x2/0 + 1/0 N.A XLPE"
"SRT-PENDING-4713A378D085";"Cable Cuádruplex de Aluminio 3x1/0+1/0 XLPE Neutro Aislado";"pendiente_investigacion";"Procables/Facelec/Powercable";"";"https://cablescolombia.com/producto/cable-aluminio-cuadruplex-aislado-3x4-0-4-0-n-a-xlpe";"";"https://multimedia02.s3.us-east-2.amazonaws.com/Produccion/tiendas/127/productos/76754/thumb/a04ed916384f5bf77f396726c6d643a0.webp";"autorizada";"confirmed-by-surtilec-2026-08-03";"pendiente";"IMAGEN GENÉRICA DE FAMILIA (100% familia/material/color) tomada de ""Cable Aluminio Cuadruplex Aislado 3x4/0 + 4/0 N.A XLPE"" en cablescolombia.com — mismo tipo y color, calibre distinto. Reemplazar por foto exacta antes de publicar.";"Pendiente de verificación - Cable Aluminio Cuadruplex Aislado 3x1/0 + 1/0 N.A XLPE"
"SRT-PENDING-2104A7D24A9E";"Cable Cuádruplex de Aluminio 3x1/0+2 XLPE Neutro Aislado";"pendiente_investigacion";"Procables/Facelec/Powercable";"";"https://cablescolombia.com/producto/cable-aluminio-cuadruplex-aislado-3x4-0-4-0-n-a-xlpe";"";"https://multimedia02.s3.us-east-2.amazonaws.com/Produccion/tiendas/127/productos/76754/thumb/a04ed916384f5bf77f396726c6d643a0.webp";"autorizada";"confirmed-by-surtilec-2026-08-03";"pendiente";"IMAGEN GENÉRICA DE FAMILIA (100% familia/material/color) tomada de ""Cable Aluminio Cuadruplex Aislado 3x4/0 + 4/0 N.A XLPE"" en cablescolombia.com — mismo tipo y color, calibre distinto. Reemplazar por foto exacta antes de publicar.";"Pendiente de verificación - Cable Aluminio Cuadruplex Aislado 3x1/0 + 2 N.A XLPE"
"SRT-PENDING-6B93A56C256A";"Cable Cuádruplex de Aluminio 3x2+1/0 XLPE Neutro Aislado";"pendiente_investigacion";"Procables/Facelec/Powercable";"";"https://cablescolombia.com/producto/cable-aluminio-cuadruplex-aislado-3x4-0-4-0-n-a-xlpe";"";"https://multimedia02.s3.us-east-2.amazonaws.com/Produccion/tiendas/127/productos/76754/thumb/a04ed916384f5bf77f396726c6d643a0.webp";"autorizada";"confirmed-by-surtilec-2026-08-03";"pendiente";"IMAGEN GENÉRICA DE FAMILIA (100% familia/material/color) tomada de ""Cable Aluminio Cuadruplex Aislado 3x4/0 + 4/0 N.A XLPE"" en cablescolombia.com — mismo tipo y color, calibre distinto. Reemplazar por foto exacta antes de publicar.";"Pendiente de verificación - Cable Aluminio Cuadruplex Aislado 3x2 + 1/0 N.A XLPE"
"SRT-PENDING-34D217C09266";"Cable Cuádruplex de Aluminio 3x2+2 XLPE Neutro Aislado";"pendiente_investigacion";"Procables/Facelec/Powercable";"";"https://cablescolombia.com/producto/cable-aluminio-cuadruplex-aislado-3x4-0-4-0-n-a-xlpe";"";"https://multimedia02.s3.us-east-2.amazonaws.com/Produccion/tiendas/127/productos/76754/thumb/a04ed916384f5bf77f396726c6d643a0.webp";"autorizada";"confirmed-by-surtilec-2026-08-03";"pendiente";"IMAGEN GENÉRICA DE FAMILIA (100% familia/material/color) tomada de ""Cable Aluminio Cuadruplex Aislado 3x4/0 + 4/0 N.A XLPE"" en cablescolombia.com — mismo tipo y color, calibre distinto. Reemplazar por foto exacta antes de publicar.";"Pendiente de verificación - Cable Aluminio Cuadruplex Aislado 3x2 + 2 N.A XLPE"
"SRT-PENDING-042EE4D4AB06";"Cable Cuádruplex de Aluminio 3x4+4 XLPE Neutro Aislado";"pendiente_investigacion";"Procables/Facelec/Powercable";"";"https://cablescolombia.com/producto/cable-aluminio-cuadruplex-desnudo-3x4-4-n-d-xlpe";"";"https://multimedia02.s3.us-east-2.amazonaws.com/Produccion/tiendas/127/productos/76772/thumb/b1b4522c5b47503d1763a4aebd7542b7.webp";"autorizada";"confirmed-by-surtilec-2026-08-03";"pendiente";"Imagen sugerida automáticamente desde cablescolombia.com — similitud 80% con ""Cable Aluminio Cuadruplex Desnudo 3x4 + 4 N.D XLPE"". Verificar visualmente y obtener permiso antes de publicar.";"Pendiente de verificación - Cable Aluminio Cuadruplex Aislado 3x4 + 4 N.A XLPE"
"SRT-PENDING-196E7A66EC82";"Cable Cuádruplex de Aluminio 3x4/0+4/0 XLPE Neutro Desnudo";"pendiente_investigacion";"Procables/Facelec/Powercable";"";"https://cablescolombia.com/producto/cable-aluminio-cuadruplex-desnudo-3x4-0-4-0-n-d-xlpe";"";"https://multimedia02.s3.us-east-2.amazonaws.com/Produccion/tiendas/127/productos/76764/thumb/ef96e17b66cc85cf1bd8f3946b54f03a.webp";"autorizada";"confirmed-by-surtilec-2026-08-03";"pendiente";"Imagen sugerida automáticamente desde cablescolombia.com — similitud 100% con ""Cable Aluminio Cuadruplex Desnudo 3x4/0 + 4/0 N.D XLPE"". Verificar visualmente y obtener permiso antes de publicar.";"Pendiente de verificación - Cable Aluminio Cuadruplex Desnudo 3x4/0 + 4/0 N.D XLPE"
"SRT-PENDING-6D4A60D14D34";"Cable Cuádruplex de Aluminio 3x4/0+2/0 XLPE Neutro Desnudo";"pendiente_investigacion";"Procables/Facelec/Powercable";"";"https://cablescolombia.com/producto/cable-aluminio-cuadruplex-desnudo-3x4-0-4-0-n-d-xlpe";"";"https://multimedia02.s3.us-east-2.amazonaws.com/Produccion/tiendas/127/productos/76764/thumb/ef96e17b66cc85cf1bd8f3946b54f03a.webp";"autorizada";"confirmed-by-surtilec-2026-08-03";"pendiente";"IMAGEN GENÉRICA DE FAMILIA (100% familia/material/color) tomada de ""Cable Aluminio Cuadruplex Desnudo 3x4/0 + 4/0 N.D XLPE"" en cablescolombia.com — mismo tipo y color, calibre distinto. Reemplazar por foto exacta antes de publicar.";"Pendiente de verificación - Cable Aluminio Cuadruplex Desnudo 3x4/0 + 2/0 N.D XLPE"
"SRT-PENDING-84363C00914B";"Cable Cuádruplex de Aluminio 3x2/0+2/0 XLPE Neutro Desnudo";"pendiente_investigacion";"Procables/Facelec/Powercable";"";"https://cablescolombia.com/producto/cable-aluminio-cuadruplex-desnudo-3x4-0-4-0-n-d-xlpe";"";"https://multimedia02.s3.us-east-2.amazonaws.com/Produccion/tiendas/127/productos/76764/thumb/ef96e17b66cc85cf1bd8f3946b54f03a.webp";"autorizada";"confirmed-by-surtilec-2026-08-03";"pendiente";"IMAGEN GENÉRICA DE FAMILIA (100% familia/material/color) tomada de ""Cable Aluminio Cuadruplex Desnudo 3x4/0 + 4/0 N.D XLPE"" en cablescolombia.com — mismo tipo y color, calibre distinto. Reemplazar por foto exacta antes de publicar.";"Pendiente de verificación - Cable Aluminio Cuadruplex Desnudo 3x2/0 + 2/0 N.D XLPE"
"SRT-PENDING-E00051A36FB6";"Cable Cuádruplex de Aluminio 3x2/0+1/0 XLPE Neutro Desnudo";"pendiente_investigacion";"Procables/Facelec/Powercable";"";"https://cablescolombia.com/producto/cable-aluminio-cuadruplex-aislado-3x2-0-1-0-n-a-xlpe";"";"https://multimedia02.s3.us-east-2.amazonaws.com/Produccion/tiendas/127/productos/76758/thumb/f13f09e44c87c13c75f8778faa87a5ee.webp";"autorizada";"confirmed-by-surtilec-2026-08-03";"pendiente";"Imagen sugerida automáticamente desde cablescolombia.com — similitud 82% con ""Cable Aluminio Cuadruplex Aislado 3x2/0 + 1/0 N.A XLPE"". Verificar visualmente y obtener permiso antes de publicar.";"Pendiente de verificación - Cable Aluminio Cuadruplex Desnudo 3x2/0 + 1/0 N.D XLPE"
"SRT-PENDING-FB07F7E9A51B";"Cable Cuádruplex de Aluminio 3x1/0+1/0 XLPE Neutro Desnudo";"pendiente_investigacion";"Procables/Facelec/Powercable";"";"https://cablescolombia.com/producto/cable-aluminio-cuadruplex-desnudo-3x4-0-4-0-n-d-xlpe";"";"https://multimedia02.s3.us-east-2.amazonaws.com/Produccion/tiendas/127/productos/76764/thumb/ef96e17b66cc85cf1bd8f3946b54f03a.webp";"autorizada";"confirmed-by-surtilec-2026-08-03";"pendiente";"IMAGEN GENÉRICA DE FAMILIA (100% familia/material/color) tomada de ""Cable Aluminio Cuadruplex Desnudo 3x4/0 + 4/0 N.D XLPE"" en cablescolombia.com — mismo tipo y color, calibre distinto. Reemplazar por foto exacta antes de publicar.";"Pendiente de verificación - Cable Aluminio Cuadruplex Desnudo 3x1/0 + 1/0 N.D XLPE"
"SRT-PENDING-34CD8C37BC1C";"Cable Cuádruplex de Aluminio 3x1/0+2 XLPE Neutro Desnudo";"pendiente_investigacion";"Procables/Facelec/Powercable";"";"https://cablescolombia.com/producto/cable-aluminio-cuadruplex-desnudo-3x4-0-4-0-n-d-xlpe";"";"https://multimedia02.s3.us-east-2.amazonaws.com/Produccion/tiendas/127/productos/76764/thumb/ef96e17b66cc85cf1bd8f3946b54f03a.webp";"autorizada";"confirmed-by-surtilec-2026-08-03";"pendiente";"IMAGEN GENÉRICA DE FAMILIA (100% familia/material/color) tomada de ""Cable Aluminio Cuadruplex Desnudo 3x4/0 + 4/0 N.D XLPE"" en cablescolombia.com — mismo tipo y color, calibre distinto. Reemplazar por foto exacta antes de publicar.";"Pendiente de verificación - Cable Aluminio Cuadruplex Desnudo 3x1/0 + 2 N.D XLPE"
"SRT-PENDING-2D1847DB2E7B";"Cable Cuádruplex de Aluminio 3x2+2 XLPE Neutro Desnudo";"pendiente_investigacion";"Procables/Facelec/Powercable";"";"https://cablescolombia.com/producto/cable-aluminio-cuadruplex-desnudo-3x4-0-4-0-n-d-xlpe";"";"https://multimedia02.s3.us-east-2.amazonaws.com/Produccion/tiendas/127/productos/76764/thumb/ef96e17b66cc85cf1bd8f3946b54f03a.webp";"autorizada";"confirmed-by-surtilec-2026-08-03";"pendiente";"IMAGEN GENÉRICA DE FAMILIA (100% familia/material/color) tomada de ""Cable Aluminio Cuadruplex Desnudo 3x4/0 + 4/0 N.D XLPE"" en cablescolombia.com — mismo tipo y color, calibre distinto. Reemplazar por foto exacta antes de publicar.";"Pendiente de verificación - Cable Aluminio Cuadruplex Desnudo 3x2 + 2 N.D XLPE"
"SRT-PENDING-F8A7919373AD";"Cable Cuádruplex de Aluminio 3x2+4 XLPE Neutro Desnudo";"pendiente_investigacion";"Procables/Facelec/Powercable";"";"https://cablescolombia.com/producto/cable-aluminio-cuadruplex-desnudo-3x4-0-4-0-n-d-xlpe";"";"https://multimedia02.s3.us-east-2.amazonaws.com/Produccion/tiendas/127/productos/76764/thumb/ef96e17b66cc85cf1bd8f3946b54f03a.webp";"autorizada";"confirmed-by-surtilec-2026-08-03";"pendiente";"IMAGEN GENÉRICA DE FAMILIA (100% familia/material/color) tomada de ""Cable Aluminio Cuadruplex Desnudo 3x4/0 + 4/0 N.D XLPE"" en cablescolombia.com — mismo tipo y color, calibre distinto. Reemplazar por foto exacta antes de publicar.";"Pendiente de verificación - Cable Aluminio Cuadruplex Desnudo 3x2 + 4 N.D XLPE"
"SRT-PENDING-3BD5191D4ECE";"Cable Cuádruplex de Aluminio 3x4+4 XLPE Neutro Desnudo";"pendiente_investigacion";"Procables/Facelec/Powercable";"";"https://cablescolombia.com/producto/cable-aluminio-cuadruplex-desnudo-3x4-4-n-d-xlpe";"";"https://multimedia02.s3.us-east-2.amazonaws.com/Produccion/tiendas/127/productos/76772/thumb/b1b4522c5b47503d1763a4aebd7542b7.webp";"autorizada";"confirmed-by-surtilec-2026-08-03";"pendiente";"Imagen sugerida automáticamente desde cablescolombia.com — similitud 100% con ""Cable Aluminio Cuadruplex Desnudo 3x4 + 4 N.D XLPE"". Verificar visualmente y obtener permiso antes de publicar.";"Pendiente de verificación - Cable Aluminio Cuadruplex Desnudo 3x4 + 4 N.D XLPE"
"SRT-PENDING-1FA91735D6F2";"Cable Cuádruplex de Aluminio 3x6+6 XLPE Neutro Desnudo";"pendiente_investigacion";"Procables/Facelec/Powercable";"";"https://cablescolombia.com/producto/cable-aluminio-cuadruplex-desnudo-3x4-0-4-0-n-d-xlpe";"";"https://multimedia02.s3.us-east-2.amazonaws.com/Produccion/tiendas/127/productos/76764/thumb/ef96e17b66cc85cf1bd8f3946b54f03a.webp";"autorizada";"confirmed-by-surtilec-2026-08-03";"pendiente";"IMAGEN GENÉRICA DE FAMILIA (100% familia/material/color) tomada de ""Cable Aluminio Cuadruplex Desnudo 3x4/0 + 4/0 N.D XLPE"" en cablescolombia.com — mismo tipo y color, calibre distinto. Reemplazar por foto exacta antes de publicar.";"Pendiente de verificación - Cable Aluminio Cuadruplex Desnudo 3x6 + 6 N.D XLPE"
"SRT-PENDING-4667F1459C76";"Cable Tríplex de Aluminio 2x4/0+4/0 XLPE Neutro Desnudo";"pendiente_investigacion";"Procables/Facelec/Powercable";"";"https://cablescolombia.com/producto/cable-aluminio-triplex-aislado-2x4-0-4-0-n-a-xlpe";"";"https://multimedia02.s3.us-east-2.amazonaws.com/Produccion/tiendas/127/productos/76779/thumb/d75a1deeb9970e72d6f1f6d255d7060e.webp";"autorizada";"confirmed-by-surtilec-2026-08-03";"pendiente";"Imagen sugerida automáticamente desde cablescolombia.com — similitud 80% con ""Cable Aluminio Triplex Aislado 2x4/0 + 4/0 N.A XLPE"". Verificar visualmente y obtener permiso antes de publicar.";"Pendiente de verificación - Cable Aluminio Triplex Desnudo 2x4/0 + 4/0 N.D XLPE"
"SRT-PENDING-A6EB12EB3ABE";"Cable Tríplex de Aluminio 2x4/0+2/0 XLPE Neutro Desnudo";"pendiente_investigacion";"Procables/Facelec/Powercable";"";"https://cablescolombia.com/producto/cable-aluminio-triplex-aislado-2x4-0-4-0-n-a-xlpe";"";"https://multimedia02.s3.us-east-2.amazonaws.com/Produccion/tiendas/127/productos/76779/thumb/d75a1deeb9970e72d6f1f6d255d7060e.webp";"autorizada";"confirmed-by-surtilec-2026-08-03";"pendiente";"IMAGEN GENÉRICA DE FAMILIA (100% familia/material/color) tomada de ""Cable Aluminio Triplex Aislado 2x4/0 + 4/0 N.A XLPE"" en cablescolombia.com — mismo tipo y color, calibre distinto. Reemplazar por foto exacta antes de publicar.";"Pendiente de verificación - Cable Aluminio Triplex Desnudo 2x4/0 + 2/0 N.D XLPE"
"SRT-PENDING-98CDD9236AD2";"Cable Tríplex de Aluminio 2x2/0+2/0 XLPE Neutro Desnudo";"pendiente_investigacion";"Procables/Facelec/Powercable";"";"https://cablescolombia.com/producto/cable-aluminio-triplex-aislado-2x4-0-4-0-n-a-xlpe";"";"https://multimedia02.s3.us-east-2.amazonaws.com/Produccion/tiendas/127/productos/76779/thumb/d75a1deeb9970e72d6f1f6d255d7060e.webp";"autorizada";"confirmed-by-surtilec-2026-08-03";"pendiente";"IMAGEN GENÉRICA DE FAMILIA (100% familia/material/color) tomada de ""Cable Aluminio Triplex Aislado 2x4/0 + 4/0 N.A XLPE"" en cablescolombia.com — mismo tipo y color, calibre distinto. Reemplazar por foto exacta antes de publicar.";"Pendiente de verificación - Cable Aluminio Triplex Desnudo 2x2/0 + 2/0 N.D XLPE"
"SRT-PENDING-4316A8FAA999";"Cable Tríplex de Aluminio 2x2/0+1/0 XLPE Neutro Desnudo";"pendiente_investigacion";"Procables/Facelec/Powercable";"";"https://cablescolombia.com/producto/cable-aluminio-triplex-aislado-2x4-0-4-0-n-a-xlpe";"";"https://multimedia02.s3.us-east-2.amazonaws.com/Produccion/tiendas/127/productos/76779/thumb/d75a1deeb9970e72d6f1f6d255d7060e.webp";"autorizada";"confirmed-by-surtilec-2026-08-03";"pendiente";"IMAGEN GENÉRICA DE FAMILIA (100% familia/material/color) tomada de ""Cable Aluminio Triplex Aislado 2x4/0 + 4/0 N.A XLPE"" en cablescolombia.com — mismo tipo y color, calibre distinto. Reemplazar por foto exacta antes de publicar.";"Pendiente de verificación - Cable Aluminio Triplex Desnudo 2x2/0 + 1/0 N.D XLPE"
"SRT-PENDING-9EC49C7A28A9";"Cable Tríplex de Aluminio 2x1/0+1/0 XLPE Neutro Desnudo";"pendiente_investigacion";"Procables/Facelec/Powercable";"";"https://cablescolombia.com/producto/cable-aluminio-triplex-aislado-2x4-0-4-0-n-a-xlpe";"";"https://multimedia02.s3.us-east-2.amazonaws.com/Produccion/tiendas/127/productos/76779/thumb/d75a1deeb9970e72d6f1f6d255d7060e.webp";"autorizada";"confirmed-by-surtilec-2026-08-03";"pendiente";"IMAGEN GENÉRICA DE FAMILIA (100% familia/material/color) tomada de ""Cable Aluminio Triplex Aislado 2x4/0 + 4/0 N.A XLPE"" en cablescolombia.com — mismo tipo y color, calibre distinto. Reemplazar por foto exacta antes de publicar.";"Pendiente de verificación - Cable Aluminio Triplex Desnudo 2x1/0 + 1/0 N.D XLPE"
"SRT-PENDING-3364423C1A92";"Cable Tríplex de Aluminio 2x1/0+2 XLPE Neutro Desnudo";"pendiente_investigacion";"Procables/Facelec/Powercable";"";"https://cablescolombia.com/producto/cable-aluminio-triplex-aislado-2x4-0-4-0-n-a-xlpe";"";"https://multimedia02.s3.us-east-2.amazonaws.com/Produccion/tiendas/127/productos/76779/thumb/d75a1deeb9970e72d6f1f6d255d7060e.webp";"autorizada";"confirmed-by-surtilec-2026-08-03";"pendiente";"IMAGEN GENÉRICA DE FAMILIA (100% familia/material/color) tomada de ""Cable Aluminio Triplex Aislado 2x4/0 + 4/0 N.A XLPE"" en cablescolombia.com — mismo tipo y color, calibre distinto. Reemplazar por foto exacta antes de publicar.";"Pendiente de verificación - Cable Aluminio Triplex Desnudo 2x1/0 + 2 N.D XLPE"
"SRT-PENDING-6CB32956DF6E";"Cable Tríplex de Aluminio 2x2+2 XLPE Neutro Desnudo";"pendiente_investigacion";"Procables/Facelec/Powercable";"";"https://cablescolombia.com/producto/cable-aluminio-triplex-aislado-2x4-0-4-0-n-a-xlpe";"";"https://multimedia02.s3.us-east-2.amazonaws.com/Produccion/tiendas/127/productos/76779/thumb/d75a1deeb9970e72d6f1f6d255d7060e.webp";"autorizada";"confirmed-by-surtilec-2026-08-03";"pendiente";"IMAGEN GENÉRICA DE FAMILIA (100% familia/material/color) tomada de ""Cable Aluminio Triplex Aislado 2x4/0 + 4/0 N.A XLPE"" en cablescolombia.com — mismo tipo y color, calibre distinto. Reemplazar por foto exacta antes de publicar.";"Pendiente de verificación - Cable Aluminio Triplex Desnudo 2x2 + 2 N.D XLPE"
"SRT-PENDING-4F6FC158B6F6";"Cable Tríplex de Aluminio 2x2+4 XLPE Neutro Desnudo";"pendiente_investigacion";"Procables/Facelec/Powercable";"";"https://cablescolombia.com/producto/cable-aluminio-triplex-aislado-2x4-0-4-0-n-a-xlpe";"";"https://multimedia02.s3.us-east-2.amazonaws.com/Produccion/tiendas/127/productos/76779/thumb/d75a1deeb9970e72d6f1f6d255d7060e.webp";"autorizada";"confirmed-by-surtilec-2026-08-03";"pendiente";"IMAGEN GENÉRICA DE FAMILIA (100% familia/material/color) tomada de ""Cable Aluminio Triplex Aislado 2x4/0 + 4/0 N.A XLPE"" en cablescolombia.com — mismo tipo y color, calibre distinto. Reemplazar por foto exacta antes de publicar.";"Pendiente de verificación - Cable Aluminio Triplex Desnudo 2x2 + 4 N.D XLPE"
"SRT-PENDING-B16203A08F0E";"Cable Tríplex de Aluminio 2x4+4 XLPE Neutro Desnudo";"pendiente_investigacion";"Procables/Facelec/Powercable";"";"https://cablescolombia.com/producto/cable-aluminio-triplex-aislado-2x4-0-4-0-n-a-xlpe";"";"https://multimedia02.s3.us-east-2.amazonaws.com/Produccion/tiendas/127/productos/76779/thumb/d75a1deeb9970e72d6f1f6d255d7060e.webp";"autorizada";"confirmed-by-surtilec-2026-08-03";"pendiente";"IMAGEN GENÉRICA DE FAMILIA (100% familia/material/color) tomada de ""Cable Aluminio Triplex Aislado 2x4/0 + 4/0 N.A XLPE"" en cablescolombia.com — mismo tipo y color, calibre distinto. Reemplazar por foto exacta antes de publicar.";"Pendiente de verificación - Cable Aluminio Triplex Desnudo 2x4 + 4 N.D XLPE"
"SRT-PENDING-9F87DBDC8A7A";"Cable Tríplex de Aluminio 2x6+6 XLPE Neutro Desnudo";"pendiente_investigacion";"Procables/Facelec/Powercable";"";"https://cablescolombia.com/producto/cable-aluminio-triplex-aislado-2x4-0-4-0-n-a-xlpe";"";"https://multimedia02.s3.us-east-2.amazonaws.com/Produccion/tiendas/127/productos/76779/thumb/d75a1deeb9970e72d6f1f6d255d7060e.webp";"autorizada";"confirmed-by-surtilec-2026-08-03";"pendiente";"IMAGEN GENÉRICA DE FAMILIA (100% familia/material/color) tomada de ""Cable Aluminio Triplex Aislado 2x4/0 + 4/0 N.A XLPE"" en cablescolombia.com — mismo tipo y color, calibre distinto. Reemplazar por foto exacta antes de publicar.";"Pendiente de verificación - Cable Aluminio Triplex Desnudo 2x6 + 6 N.D XLPE"
"SRT-PENDING-97BC9D6F9F20";"Cable Tríplex de Aluminio 2x1/0+123 XLPE Neutro Aislado";"pendiente_investigacion";"Procables/Facelec/Powercable";"";"https://cablescolombia.com/producto/cable-aluminio-triplex-aislado-2x4-0-4-0-n-a-xlpe";"";"https://multimedia02.s3.us-east-2.amazonaws.com/Produccion/tiendas/127/productos/76779/thumb/d75a1deeb9970e72d6f1f6d255d7060e.webp";"autorizada";"confirmed-by-surtilec-2026-08-03";"pendiente";"IMAGEN GENÉRICA DE FAMILIA (77% familia/material/color) tomada de ""Cable Aluminio Triplex Aislado 2x4/0 + 4/0 N.A XLPE"" en cablescolombia.com — mismo tipo y color, calibre distinto. Reemplazar por foto exacta antes de publicar.";"Pendiente de verificación - Cable Aluminio Triplex Aislado 2x1/0 + 123.3 Kcmil AAAC N.A"
"SRT-PENDING-489F09CF9F93";"Cable Tríplex de Aluminio 2x4/0+4/0 XLPE Neutro Aislado";"pendiente_investigacion";"Procables/Facelec/Powercable";"";"https://cablescolombia.com/producto/cable-aluminio-triplex-aislado-2x4-0-4-0-n-a-xlpe";"";"https://multimedia02.s3.us-east-2.amazonaws.com/Produccion/tiendas/127/productos/76779/thumb/d75a1deeb9970e72d6f1f6d255d7060e.webp";"autorizada";"confirmed-by-surtilec-2026-08-03";"pendiente";"Imagen sugerida automáticamente desde cablescolombia.com — similitud 100% con ""Cable Aluminio Triplex Aislado 2x4/0 + 4/0 N.A XLPE"". Verificar visualmente y obtener permiso antes de publicar.";"Pendiente de verificación - Cable Aluminio Triplex Aislado 2x4/0 + 4/0 N.A XLPE"
"SRT-PENDING-A489247D6512";"Cable Tríplex de Aluminio 2x4/0+2/0 XLPE Neutro Aislado";"pendiente_investigacion";"Procables/Facelec/Powercable";"";"https://cablescolombia.com/producto/cable-aluminio-triplex-aislado-2x4-0-4-0-n-a-xlpe";"";"https://multimedia02.s3.us-east-2.amazonaws.com/Produccion/tiendas/127/productos/76779/thumb/d75a1deeb9970e72d6f1f6d255d7060e.webp";"autorizada";"confirmed-by-surtilec-2026-08-03";"pendiente";"IMAGEN GENÉRICA DE FAMILIA (100% familia/material/color) tomada de ""Cable Aluminio Triplex Aislado 2x4/0 + 4/0 N.A XLPE"" en cablescolombia.com — mismo tipo y color, calibre distinto. Reemplazar por foto exacta antes de publicar.";"Pendiente de verificación - Cable Aluminio Triplex Aislado 2x4/0 + 2/0 N.A XLPE"
"SRT-PENDING-781A57233F63";"Cable Tríplex de Aluminio 2x2/0+2/0 XLPE Neutro Aislado";"pendiente_investigacion";"Procables/Facelec/Powercable";"";"https://cablescolombia.com/producto/cable-aluminio-triplex-aislado-2x4-0-4-0-n-a-xlpe";"";"https://multimedia02.s3.us-east-2.amazonaws.com/Produccion/tiendas/127/productos/76779/thumb/d75a1deeb9970e72d6f1f6d255d7060e.webp";"autorizada";"confirmed-by-surtilec-2026-08-03";"pendiente";"IMAGEN GENÉRICA DE FAMILIA (100% familia/material/color) tomada de ""Cable Aluminio Triplex Aislado 2x4/0 + 4/0 N.A XLPE"" en cablescolombia.com — mismo tipo y color, calibre distinto. Reemplazar por foto exacta antes de publicar.";"Pendiente de verificación - Cable Aluminio Triplex Aislado 2x2/0 + 2/0 N.A XLPE"
"SRT-PENDING-4867D6D22AAF";"Cable Tríplex de Aluminio 2x2/0+1/0 XLPE Neutro Aislado";"pendiente_investigacion";"Procables/Facelec/Powercable";"";"https://cablescolombia.com/producto/cable-aluminio-triplex-aislado-2x4-0-4-0-n-a-xlpe";"";"https://multimedia02.s3.us-east-2.amazonaws.com/Produccion/tiendas/127/productos/76779/thumb/d75a1deeb9970e72d6f1f6d255d7060e.webp";"autorizada";"confirmed-by-surtilec-2026-08-03";"pendiente";"IMAGEN GENÉRICA DE FAMILIA (100% familia/material/color) tomada de ""Cable Aluminio Triplex Aislado 2x4/0 + 4/0 N.A XLPE"" en cablescolombia.com — mismo tipo y color, calibre distinto. Reemplazar por foto exacta antes de publicar.";"Pendiente de verificación - Cable Aluminio Triplex Aislado 2x2/0 + 1/0 N.A XLPE"
"SRT-PENDING-B11AA016E2B8";"Cable Tríplex de Aluminio 2x1/0+1/0 XLPE Neutro Aislado";"pendiente_investigacion";"Procables/Facelec/Powercable";"";"https://cablescolombia.com/producto/cable-aluminio-triplex-aislado-2x4-0-4-0-n-a-xlpe";"";"https://multimedia02.s3.us-east-2.amazonaws.com/Produccion/tiendas/127/productos/76779/thumb/d75a1deeb9970e72d6f1f6d255d7060e.webp";"autorizada";"confirmed-by-surtilec-2026-08-03";"pendiente";"IMAGEN GENÉRICA DE FAMILIA (100% familia/material/color) tomada de ""Cable Aluminio Triplex Aislado 2x4/0 + 4/0 N.A XLPE"" en cablescolombia.com — mismo tipo y color, calibre distinto. Reemplazar por foto exacta antes de publicar.";"Pendiente de verificación - Cable Aluminio Triplex Aislado 2x1/0 + 1/0 N.A XLPE"
"SRT-PENDING-BEE533777F39";"Cable Tríplex de Aluminio 2x1/0+2 XLPE Neutro Aislado";"pendiente_investigacion";"Procables/Facelec/Powercable";"";"https://cablescolombia.com/producto/cable-aluminio-triplex-aislado-2x4-0-4-0-n-a-xlpe";"";"https://multimedia02.s3.us-east-2.amazonaws.com/Produccion/tiendas/127/productos/76779/thumb/d75a1deeb9970e72d6f1f6d255d7060e.webp";"autorizada";"confirmed-by-surtilec-2026-08-03";"pendiente";"IMAGEN GENÉRICA DE FAMILIA (100% familia/material/color) tomada de ""Cable Aluminio Triplex Aislado 2x4/0 + 4/0 N.A XLPE"" en cablescolombia.com — mismo tipo y color, calibre distinto. Reemplazar por foto exacta antes de publicar.";"Pendiente de verificación - Cable Aluminio Triplex Aislado 2x1/0 + 2 N.A XLPE"
"SRT-PENDING-F0C739013C64";"Cable Tríplex de Aluminio 2x2+1/0 XLPE Neutro Aislado";"pendiente_investigacion";"Procables/Facelec/Powercable";"";"https://cablescolombia.com/producto/cable-aluminio-triplex-aislado-2x4-0-4-0-n-a-xlpe";"";"https://multimedia02.s3.us-east-2.amazonaws.com/Produccion/tiendas/127/productos/76779/thumb/d75a1deeb9970e72d6f1f6d255d7060e.webp";"autorizada";"confirmed-by-surtilec-2026-08-03";"pendiente";"IMAGEN GENÉRICA DE FAMILIA (100% familia/material/color) tomada de ""Cable Aluminio Triplex Aislado 2x4/0 + 4/0 N.A XLPE"" en cablescolombia.com — mismo tipo y color, calibre distinto. Reemplazar por foto exacta antes de publicar.";"Pendiente de verificación - Cable Aluminio Triplex Aislado 2x2 + 1/0 N.A XLPE"
"SRT-PENDING-FEF1B0043135";"Cable Tríplex de Aluminio 2x2+2 XLPE Neutro Aislado";"pendiente_investigacion";"Procables/Facelec/Powercable";"";"https://cablescolombia.com/producto/cable-aluminio-triplex-aislado-2x4-0-4-0-n-a-xlpe";"";"https://multimedia02.s3.us-east-2.amazonaws.com/Produccion/tiendas/127/productos/76779/thumb/d75a1deeb9970e72d6f1f6d255d7060e.webp";"autorizada";"confirmed-by-surtilec-2026-08-03";"pendiente";"IMAGEN GENÉRICA DE FAMILIA (100% familia/material/color) tomada de ""Cable Aluminio Triplex Aislado 2x4/0 + 4/0 N.A XLPE"" en cablescolombia.com — mismo tipo y color, calibre distinto. Reemplazar por foto exacta antes de publicar.";"Pendiente de verificación - Cable Aluminio Triplex Aislado 2x2 + 2 N.A XLPE"
"SRT-PENDING-9D6BDB0B6AF8";"Cable Tríplex de Aluminio 2x4+2 XLPE Neutro Aislado";"pendiente_investigacion";"Procables/Facelec/Powercable";"";"https://cablescolombia.com/producto/cable-aluminio-triplex-aislado-2x4-0-4-0-n-a-xlpe";"";"https://multimedia02.s3.us-east-2.amazonaws.com/Produccion/tiendas/127/productos/76779/thumb/d75a1deeb9970e72d6f1f6d255d7060e.webp";"autorizada";"confirmed-by-surtilec-2026-08-03";"pendiente";"IMAGEN GENÉRICA DE FAMILIA (100% familia/material/color) tomada de ""Cable Aluminio Triplex Aislado 2x4/0 + 4/0 N.A XLPE"" en cablescolombia.com — mismo tipo y color, calibre distinto. Reemplazar por foto exacta antes de publicar.";"Pendiente de verificación - Cable Aluminio Triplex Aislado 2x4 + 2 N.A XLPE"
"SRT-PENDING-A5F2945A3C24";"Cable Tríplex de Aluminio 2x4+4 XLPE Neutro Aislado";"pendiente_investigacion";"Procables/Facelec/Powercable";"";"https://cablescolombia.com/producto/cable-aluminio-triplex-aislado-2x4-0-4-0-n-a-xlpe";"";"https://multimedia02.s3.us-east-2.amazonaws.com/Produccion/tiendas/127/productos/76779/thumb/d75a1deeb9970e72d6f1f6d255d7060e.webp";"autorizada";"confirmed-by-surtilec-2026-08-03";"pendiente";"IMAGEN GENÉRICA DE FAMILIA (100% familia/material/color) tomada de ""Cable Aluminio Triplex Aislado 2x4/0 + 4/0 N.A XLPE"" en cablescolombia.com — mismo tipo y color, calibre distinto. Reemplazar por foto exacta antes de publicar.";"Pendiente de verificación - Cable Aluminio Triplex Aislado 2x4 + 4 N.A XLPE"
"SRT-PENDING-8C051F2F5E7C";"Cable Dúplex de Aluminio 1x2+2 XLPE Neutro Desnudo";"pendiente_investigacion";"Procables/Facelec/Powercable";"";"https://cablescolombia.com/producto/cable-aluminio-cuadruplex-desnudo-3x4-0-4-0-n-d-xlpe";"";"https://multimedia02.s3.us-east-2.amazonaws.com/Produccion/tiendas/127/productos/76764/thumb/ef96e17b66cc85cf1bd8f3946b54f03a.webp";"autorizada";"confirmed-by-surtilec-2026-08-03";"pendiente";"IMAGEN GENÉRICA DE FAMILIA (83% familia/material/color) tomada de ""Cable Aluminio Cuadruplex Desnudo 3x4/0 + 4/0 N.D XLPE"" en cablescolombia.com — mismo tipo y color, calibre distinto. Reemplazar por foto exacta antes de publicar.";"Pendiente de verificación - Cable Aluminio Duplex Desnudo 1X2 + 2 N.D XLPE"
"SRT-PENDING-DDC30E095636";"Cable Dúplex de Aluminio 1x4+4 XLPE Neutro Desnudo";"pendiente_investigacion";"Procables/Facelec/Powercable";"";"https://cablescolombia.com/producto/cable-aluminio-cuadruplex-desnudo-3x4-0-4-0-n-d-xlpe";"";"https://multimedia02.s3.us-east-2.amazonaws.com/Produccion/tiendas/127/productos/76764/thumb/ef96e17b66cc85cf1bd8f3946b54f03a.webp";"autorizada";"confirmed-by-surtilec-2026-08-03";"pendiente";"IMAGEN GENÉRICA DE FAMILIA (83% familia/material/color) tomada de ""Cable Aluminio Cuadruplex Desnudo 3x4/0 + 4/0 N.D XLPE"" en cablescolombia.com — mismo tipo y color, calibre distinto. Reemplazar por foto exacta antes de publicar.";"Pendiente de verificación - Cable Aluminio Duplex Desnudo 1X4 + 4 N.D XLPE"
"SRT-PENDING-9B3D2F96EFA8";"Cable Dúplex de Aluminio 1x2+2 XLPE Neutro Aislado";"pendiente_investigacion";"Procables/Facelec/Powercable";"";"https://cablescolombia.com/producto/cable-aluminio-cuadruplex-aislado-3x4-0-4-0-n-a-xlpe";"";"https://multimedia02.s3.us-east-2.amazonaws.com/Produccion/tiendas/127/productos/76754/thumb/a04ed916384f5bf77f396726c6d643a0.webp";"autorizada";"confirmed-by-surtilec-2026-08-03";"pendiente";"IMAGEN GENÉRICA DE FAMILIA (60% familia, material AL) tomada de ""Cable Aluminio Cuadruplex Aislado 3x4/0 + 4/0 N.A XLPE"" en cablescolombia.com. Reemplazar por foto exacta antes de publicar.";"Pendiente de verificación - Cable Aluminio Duplex 1x2+ 2 N.A XLPE"
"SRT-PENDING-AD0F27BB25AA";"Cable Dúplex de Aluminio 1x4+4 XLPE Neutro Aislado";"pendiente_investigacion";"Procables/Facelec/Powercable";"";"https://cablescolombia.com/producto/cable-aluminio-cuadruplex-aislado-3x4-0-4-0-n-a-xlpe";"";"https://multimedia02.s3.us-east-2.amazonaws.com/Produccion/tiendas/127/productos/76754/thumb/a04ed916384f5bf77f396726c6d643a0.webp";"autorizada";"confirmed-by-surtilec-2026-08-03";"pendiente";"IMAGEN GENÉRICA DE FAMILIA (60% familia, material AL) tomada de ""Cable Aluminio Cuadruplex Aislado 3x4/0 + 4/0 N.A XLPE"" en cablescolombia.com. Reemplazar por foto exacta antes de publicar.";"Pendiente de verificación - Cable Aluminio Duplex 1x4+ 4 N.A XLPE"
"SRT-PENDING-061EAC97419A";"Cable Para Batería 4 AWG Cobre Flexible";"pendiente_investigacion";"Panyu/Centelsa/Procables";"";"https://cablescolombia.com/producto/cable-bateria-n4";"";"https://multimedia02.s3.us-east-2.amazonaws.com/Produccion/tiendas/127/productos/394/thumb/03eb3f713dfdf9fb352a3e298bc0afb8.jpg";"autorizada";"confirmed-by-surtilec-2026-08-03";"pendiente";"Imagen sugerida automáticamente desde cablescolombia.com — similitud 100% con ""Cable Bateria N4"". Verificar visualmente y obtener permiso antes de publicar.";"Pendiente de verificación - Cable Bateria N4"
"SRT-PENDING-358405226874";"Cable Para Batería 2 AWG Cobre Flexible";"pendiente_investigacion";"Panyu/Centelsa/Procables";"";"https://cablescolombia.com/producto/cable-bateria-n2";"";"https://multimedia02.s3.us-east-2.amazonaws.com/Produccion/tiendas/127/productos/396/thumb/1ac565d56ae195e065fdc171073d085a.jpg";"autorizada";"confirmed-by-surtilec-2026-08-03";"pendiente";"Imagen sugerida automáticamente desde cablescolombia.com — similitud 100% con ""Cable Bateria N2"". Verificar visualmente y obtener permiso antes de publicar.";"Pendiente de verificación - Cable Bateria N2"
"SRT-CTRL-7x12AWG-CU-PVC";"Cable de Control 7x12 AWG Cobre PVC";"pendiente_piloto";"Belden/Hellukabel/Lapp/Ramcro";"";"https://cablescolombia.com/producto/cable-control-2x14-20-awg-cu-pvc-tc-ls-90-c-600v";"";"https://multimedia02.s3.us-east-2.amazonaws.com/Produccion/tiendas/127/productos/415/thumb/ae84b670718de90f5f18e35304c64720.jpg";"autorizada";"confirmed-by-surtilec-2026-08-03";"pendiente";"IMAGEN GENÉRICA DE FAMILIA (regla ""control"") tomada de ""Cable Control 2x14+20 awg cu pvc tc ls 90°c 600v"" en cablescolombia.com. Puede diferir en calibre, color y construcción. Reemplazar por foto exacta antes de publicar.";"Pendiente de verificación - Cable Control 7x12 AWG PC Cu PVC"
"SRT-CTRL-2x14-20AWG-CU-PVC-600V";"Cable de Control 2x14+20 AWG Cobre PVC";"pendiente_piloto";"Belden/Hellukabel/Lapp/Ramcro";"";"https://cablescolombia.com/producto/cable-control-2x14-20-awg-cu-pvc-tc-ls-90-c-600v";"";"https://multimedia02.s3.us-east-2.amazonaws.com/Produccion/tiendas/127/productos/415/thumb/ae84b670718de90f5f18e35304c64720.jpg";"autorizada";"confirmed-by-surtilec-2026-08-03";"pendiente";"Imagen sugerida automáticamente desde cablescolombia.com — similitud 100% con ""Cable Control 2x14+20 awg cu pvc tc ls 90°c 600v"". Verificar visualmente y obtener permiso antes de publicar.";"Pendiente de verificación - Cable Control 2x14+20 awg cu pvc tc ls 90°c 600v"
"SRT-CTRL-4x14-20AWG-CU-PVC-600V";"Cable de Control 4x14+20 AWG Cobre PVC";"pendiente_piloto";"Belden/Hellukabel/Lapp/Ramcro";"";"https://cablescolombia.com/producto/cable-control-4x14-20-awg-cu-pvc-tc-ls-90-c-600v";"";"https://multimedia02.s3.us-east-2.amazonaws.com/Produccion/tiendas/127/productos/421/thumb/2ff07147beba31a2ee1d25bef743e24b.jpg";"autorizada";"confirmed-by-surtilec-2026-08-03";"pendiente";"Imagen sugerida automáticamente desde cablescolombia.com — similitud 100% con ""Cable Control 4x14+20 awg cu pvc tc ls 90°c 600v"". Verificar visualmente y obtener permiso antes de publicar.";"Pendiente de verificación - Cable Control 4x14+20 awg cu pvc tc ls 90°c 600v"
"SRT-CTRL-6x14-20AWG-CU-PVC-600V";"Cable de Control 6x14+20 AWG Cobre PVC";"pendiente_piloto";"Belden/Hellukabel/Lapp/Ramcro";"";"https://cablescolombia.com/producto/cable-control-6x14-20-awg-cu-pvc-tc-ls-90-c-600v";"";"https://multimedia02.s3.us-east-2.amazonaws.com/Produccion/tiendas/127/productos/423/thumb/36a1fff60deb0e5df03beb6b56b5b38a.jpg";"autorizada";"confirmed-by-surtilec-2026-08-03";"pendiente";"Imagen sugerida automáticamente desde cablescolombia.com — similitud 100% con ""Cable Control 6x14+20 awg cu pvc tc ls 90°c 600v"". Verificar visualmente y obtener permiso antes de publicar.";"Pendiente de verificación - Cable Control 6x14+20 awg cu pvc tc ls 90°c 600v"
"SRT-CTRL-9x14-20AWG-CU-PVC-600V";"Cable de Control 9x14+20 AWG Cobre PVC";"pendiente_piloto";"Belden/Hellukabel/Lapp/Ramcro";"";"https://cablescolombia.com/producto/cable-control-9x14-20-awg-cu-pvc-tc-ls-90-c-600v";"";"https://multimedia02.s3.us-east-2.amazonaws.com/Produccion/tiendas/127/productos/424/thumb/877a1f6db51e90253bbfc8ceb4db11da.jpg";"autorizada";"confirmed-by-surtilec-2026-08-03";"pendiente";"Imagen sugerida automáticamente desde cablescolombia.com — similitud 100% con ""Cable Control 9x14+20 awg cu pvc tc ls 90°c 600v"". Verificar visualmente y obtener permiso antes de publicar.";"Pendiente de verificación - Cable Control 9x14+20 awg cu pvc tc ls 90°c 600v"
"SRT-CTRL-2x12-20AWG-CU-PVC-600V";"Cable de Control 2x12+20 AWG Cobre PVC";"pendiente_piloto";"Belden/Hellukabel/Lapp/Ramcro";"";"https://cablescolombia.com/producto/cable-control-2x14-20-awg-cu-pvc-tc-ls-90-c-600v";"";"https://multimedia02.s3.us-east-2.amazonaws.com/Produccion/tiendas/127/productos/415/thumb/ae84b670718de90f5f18e35304c64720.jpg";"autorizada";"confirmed-by-surtilec-2026-08-03";"pendiente";"IMAGEN GENÉRICA DE FAMILIA (100% familia/material/color) tomada de ""Cable Control 2x14+20 awg cu pvc tc ls 90°c 600v"" en cablescolombia.com — mismo tipo y color, calibre distinto. Reemplazar por foto exacta antes de publicar.";"Pendiente de verificación - Cable Control 2x12+20 awg cu pvc tc ls 90°c 600v"
"SRT-CTRL-4x12-20AWG-CU-PVC-600V";"Cable de Control 4x12+20 AWG Cobre PVC";"pendiente_piloto";"Belden/Hellukabel/Lapp/Ramcro";"";"https://cablescolombia.com/producto/cable-control-4x12-20-awg-cu-pvc-tc-ls-90-c-600v";"";"https://multimedia02.s3.us-east-2.amazonaws.com/Produccion/tiendas/127/productos/428/thumb/9e0ea5a9cf69fffad76ed60d527314c6.jpg";"autorizada";"confirmed-by-surtilec-2026-08-03";"pendiente";"Imagen sugerida automáticamente desde cablescolombia.com — similitud 100% con ""Cable Control 4x12+20 awg cu pvc tc ls 90°c 600v"". Verificar visualmente y obtener permiso antes de publicar.";"Pendiente de verificación - Cable Control 4x12+20 awg cu pvc tc ls 90°c 600v"
"SRT-CTRL-6x12-20AWG-CU-PVC-600V";"Cable de Control 6x12+20 AWG Cobre PVC";"pendiente_piloto";"Belden/Hellukabel/Lapp/Ramcro";"";"https://cablescolombia.com/producto/cable-control-6x12-20-awg-cu-pvc-tc-ls-90-c-600v";"";"https://multimedia02.s3.us-east-2.amazonaws.com/Produccion/tiendas/127/productos/430/thumb/87adcffff46a3b94bcb268095d590957.jpg";"autorizada";"confirmed-by-surtilec-2026-08-03";"pendiente";"Imagen sugerida automáticamente desde cablescolombia.com — similitud 100% con ""Cable Control 6x12+20 awg cu pvc tc ls 90°c 600v"". Verificar visualmente y obtener permiso antes de publicar.";"Pendiente de verificación - Cable Control 6x12+20 awg cu pvc tc ls 90°c 600v"
"SRT-CTRL-9x12-20AWG-CU-PVC-600V";"Cable de Control 9x12+20 AWG Cobre PVC";"pendiente_piloto";"Belden/Hellukabel/Lapp/Ramcro";"";"https://cablescolombia.com/producto/cable-control-9x12-20-awg-cu-pvc-tc-ls-90-c-600v";"";"https://multimedia02.s3.us-east-2.amazonaws.com/Produccion/tiendas/127/productos/431/thumb/560615496b9ce861a7fdf86f128d80b2.jpg";"autorizada";"confirmed-by-surtilec-2026-08-03";"pendiente";"Imagen sugerida automáticamente desde cablescolombia.com — similitud 100% con ""Cable Control 9x12+20 awg cu pvc tc ls 90°c 600v"". Verificar visualmente y obtener permiso antes de publicar.";"Pendiente de verificación - Cable Control 9x12+20 awg cu pvc tc ls 90°c 600v"
"SRT-CTRL-2x10-20AWG-CU-PVC-600V";"Cable de Control 2x10+20 AWG Cobre PVC";"pendiente_piloto";"Belden/Hellukabel/Lapp/Ramcro";"";"https://cablescolombia.com/producto/cable-control-2x14-20-awg-cu-pvc-tc-ls-90-c-600v";"";"https://multimedia02.s3.us-east-2.amazonaws.com/Produccion/tiendas/127/productos/415/thumb/ae84b670718de90f5f18e35304c64720.jpg";"autorizada";"confirmed-by-surtilec-2026-08-03";"pendiente";"IMAGEN GENÉRICA DE FAMILIA (100% familia/material/color) tomada de ""Cable Control 2x14+20 awg cu pvc tc ls 90°c 600v"" en cablescolombia.com — mismo tipo y color, calibre distinto. Reemplazar por foto exacta antes de publicar.";"Pendiente de verificación - Cable Control 2x10+20 awg cu pvc tc ls 90°c 600v"
"SRT-CTRL-4x10-20AWG-CU-PVC-600V";"Cable de Control 4x10+20 AWG Cobre PVC";"pendiente_piloto";"Belden/Hellukabel/Lapp/Ramcro";"";"https://cablescolombia.com/producto/cable-control-4x10-20-awg-cu-pvc-tc-ls-90-c-600v";"";"https://multimedia02.s3.us-east-2.amazonaws.com/Produccion/tiendas/127/productos/435/thumb/ec983055b09a3d21ce2006070eeec551.jpg";"autorizada";"confirmed-by-surtilec-2026-08-03";"pendiente";"Imagen sugerida automáticamente desde cablescolombia.com — similitud 100% con ""Cable Control 4x10+20 awg cu pvc tc ls 90°c 600v"". Verificar visualmente y obtener permiso antes de publicar.";"Pendiente de verificación - Cable Control 4x10+20 awg cu pvc tc ls 90°c 600v"
"SRT-CTRL-9x10-20AWG-CU-PVC-600V";"Cable de Control 9x10+20 AWG Cobre PVC";"pendiente_piloto";"Belden/Hellukabel/Lapp/Ramcro";"";"https://cablescolombia.com/producto/cable-control-9x10-20-awg-cu-pvc-tc-ls-90-c-600v";"";"https://multimedia02.s3.us-east-2.amazonaws.com/Produccion/tiendas/127/productos/437/thumb/ae62edfe2896ba81134606ab05100831.jpg";"autorizada";"confirmed-by-surtilec-2026-08-03";"pendiente";"Imagen sugerida automáticamente desde cablescolombia.com — similitud 100% con ""Cable Control 9x10+20 awg cu pvc tc ls 90°c 600v"". Verificar visualmente y obtener permiso antes de publicar.";"Pendiente de verificación - Cable Control 9x10+20 awg cu pvc tc ls 90°c 600v"
"SRT-PENDING-D5407E35166B";"Cable de Acometida 1x8+8 AWG Cobre";"pendiente_investigacion";"Procables/Centelsa";"";"https://cablescolombia.com/producto/cable-acometida-1x8-8-monofasico-cu";"";"https://multimedia02.s3.us-east-2.amazonaws.com/Produccion/tiendas/127/productos/455/thumb/89a482ae1f84f80cf8d1a7f210331f1d.webp";"autorizada";"confirmed-by-surtilec-2026-08-03";"pendiente";"Imagen sugerida automáticamente desde cablescolombia.com — similitud 100% con ""Cable Acometida 1X8+8 Monofasico Cu"". Verificar visualmente y obtener permiso antes de publicar.";"Pendiente de verificación - Cable Acometida 1X8+8 Monofasico Cu"
"SRT-PENDING-057D58022FDD";"Cable de Acometida 2x8+8 AWG Cobre";"pendiente_investigacion";"Procables/Centelsa";"";"https://cablescolombia.com/producto/cable-acometida-2x8-8-bifasico-cu";"";"https://multimedia02.s3.us-east-2.amazonaws.com/Produccion/tiendas/127/productos/457/thumb/17c53dd82de5daa81b9dfbf36be0a990.png";"autorizada";"confirmed-by-surtilec-2026-08-03";"pendiente";"Imagen sugerida automáticamente desde cablescolombia.com — similitud 100% con ""Cable Acometida 2X8+8 Bifasico Cu"". Verificar visualmente y obtener permiso antes de publicar.";"Pendiente de verificación - Cable Acometida 2X8+8 Bifasico Cu"
"SRT-PENDING-3A016A2ED5CF";"Cable de Acometida 3x8+10 AWG Cobre";"pendiente_investigacion";"Procables/Centelsa";"";"https://cablescolombia.com/producto/cable-acometida-3x8-10-trifasico-trebol-cu_2";"";"https://multimedia02.s3.us-east-2.amazonaws.com/Produccion/tiendas/127/productos/487/thumb/402715e753f12d03e0d99baf0a33bbfb.png";"autorizada";"confirmed-by-surtilec-2026-08-03";"pendiente";"Imagen sugerida automáticamente desde cablescolombia.com — similitud 100% con ""Cable Acometida 3X8+10 Trifásico Trébol Cu"". Verificar visualmente y obtener permiso antes de publicar.";"Pendiente de verificación - Cable Acometida 3X8+10 Trifásico Trébol Cu"
"SRT-PENDING-4C5E4B9A7608";"Cable de Acometida 3x8+8 AWG Cobre";"pendiente_investigacion";"Procables/Centelsa";"";"https://cablescolombia.com/producto/cable-acometida-3x8-8-trifasico-cu";"";"https://multimedia02.s3.us-east-2.amazonaws.com/Produccion/tiendas/127/productos/488/thumb/a86adc474ae2aa84955307d24bb14797.webp";"autorizada";"confirmed-by-surtilec-2026-08-03";"pendiente";"Imagen sugerida automáticamente desde cablescolombia.com — similitud 100% con ""Cable Acometida 3X8+8 Trifásico Cu"". Verificar visualmente y obtener permiso antes de publicar.";"Pendiente de verificación - Cable Acometida 3X8+8 Trifásico Cu"
"SRT-PENDING-CB11D6CC147A";"Cable de Acometida 3x6+8 AWG Cobre";"pendiente_investigacion";"Procables/Centelsa";"";"https://cablescolombia.com/producto/cable-acometida-3x6-8-trifasico-trebol-cu_3";"";"https://multimedia02.s3.us-east-2.amazonaws.com/Produccion/tiendas/127/productos/489/thumb/c7fd35e8916fbe95d11c746f1000b4a9.png";"autorizada";"confirmed-by-surtilec-2026-08-03";"pendiente";"Imagen sugerida automáticamente desde cablescolombia.com — similitud 100% con ""Cable Acometida 3X6+8 Trifásico Trébol Cu"". Verificar visualmente y obtener permiso antes de publicar.";"Pendiente de verificación - Cable Acometida 3X6+8 Trifásico Trébol Cu"
"SRT-PENDING-82211F992308";"Cable de Acometida 3x4+6 AWG Cobre";"pendiente_investigacion";"Procables/Centelsa";"";"https://cablescolombia.com/producto/cable-acometida-3x4-6-trifasico-trebol-cu_6";"";"https://multimedia02.s3.us-east-2.amazonaws.com/Produccion/tiendas/127/productos/502/thumb/4851d24235966568a17c17d5bd8671d8.png";"autorizada";"confirmed-by-surtilec-2026-08-03";"pendiente";"Imagen sugerida automáticamente desde cablescolombia.com — similitud 100% con ""Cable Acometida 3X4+6 Trifásico Trébol Cu"". Verificar visualmente y obtener permiso antes de publicar.";"Pendiente de verificación - Cable Acometida 3X4+6 Trifásico Trébol Cu"
"SRT-PENDING-84C5415A058A";"Cable de Acometida 3x2+4 AWG Cobre";"pendiente_investigacion";"Procables/Centelsa";"";"https://cablescolombia.com/producto/cable-acometida-3x2-4-trebol-trifasico-cu";"";"https://multimedia02.s3.us-east-2.amazonaws.com/Produccion/tiendas/127/productos/503/thumb/3806325f893b6255b05ac29d7e569f79.png";"autorizada";"confirmed-by-surtilec-2026-08-03";"pendiente";"Imagen sugerida automáticamente desde cablescolombia.com — similitud 100% con ""Cable Acometida 3X2+4 Trebol Trifasico Cu"". Verificar visualmente y obtener permiso antes de publicar.";"Pendiente de verificación - Cable Acometida 3X2+4 Trebol Trifasico Cu"
"SRT-PENDING-91D6A3C793FA";"Cable de Acometida de Aluminio 1x6+6";"pendiente_investigacion";"Procables/Centelsa";"";"https://cablescolombia.com/producto/cable-acometida-aluminio-6-6-monofasico";"";"https://multimedia02.s3.us-east-2.amazonaws.com/Produccion/tiendas/127/productos/38435/thumb/86dfec2ae5.webp";"autorizada";"confirmed-by-surtilec-2026-08-03";"pendiente";"IMAGEN GENÉRICA DE FAMILIA (acometida aluminio monofásica) tomada de ""Cable Acometida Aluminio 6+6 Monofásico"" en cablescolombia.com. Difiere en configuración (1x6+6 vs 6+6). Reemplazar por foto exacta antes de publicar.";"Pendiente de verificación - Cable Acometida Aluminio 1x6+6 Monofásico"
"SRT-PENDING-8E11A5B06622";"Cable AL-ACSR Ecológico 1/0 AWG 13,2/15 kV";"pendiente_investigacion";"Procables/Facelec/Powercable";"";"https://cablescolombia.com/producto/cable-aluminio-acsr-4awg-desnudo";"";"https://multimedia02.s3.us-east-2.amazonaws.com/Produccion/tiendas/127/productos/39331/thumb/a7772db14653ce23c7f21c2f6fb38711.webp";"autorizada";"confirmed-by-surtilec-2026-08-03";"pendiente";"IMAGEN GENÉRICA DE FAMILIA (regla ""acsr|alumoweld"") tomada de ""Cable Aluminio Acsr 4awg Desnudo"" en cablescolombia.com. Puede diferir en calibre, color y construcción. Reemplazar por foto exacta antes de publicar.";"Pendiente de verificación - Cable Ecologico AL-ACSR 1/0 13.2KV/15KV"
"SRT-PENDING-235E33CBA9A7";"Cable AL-ACSR Ecológico 2/0 AWG 13,2/15 kV";"pendiente_investigacion";"Procables/Facelec/Powercable";"";"https://cablescolombia.com/producto/cable-aluminio-acsr-4awg-desnudo";"";"https://multimedia02.s3.us-east-2.amazonaws.com/Produccion/tiendas/127/productos/39331/thumb/a7772db14653ce23c7f21c2f6fb38711.webp";"autorizada";"confirmed-by-surtilec-2026-08-03";"pendiente";"IMAGEN GENÉRICA DE FAMILIA (regla ""acsr|alumoweld"") tomada de ""Cable Aluminio Acsr 4awg Desnudo"" en cablescolombia.com. Puede diferir en calibre, color y construcción. Reemplazar por foto exacta antes de publicar.";"Pendiente de verificación - Cable Ecologico AL-ACSR 2/0 13.2KV/15KV"
"SRT-PENDING-4F60E7FF2406";"Cable AL-ACSR Ecológico 4/0 AWG 13,2/15 kV";"pendiente_investigacion";"Procables/Facelec/Powercable";"";"https://cablescolombia.com/producto/cable-aluminio-acsr-4awg-desnudo";"";"https://multimedia02.s3.us-east-2.amazonaws.com/Produccion/tiendas/127/productos/39331/thumb/a7772db14653ce23c7f21c2f6fb38711.webp";"autorizada";"confirmed-by-surtilec-2026-08-03";"pendiente";"IMAGEN GENÉRICA DE FAMILIA (regla ""acsr|alumoweld"") tomada de ""Cable Aluminio Acsr 4awg Desnudo"" en cablescolombia.com. Puede diferir en calibre, color y construcción. Reemplazar por foto exacta antes de publicar.";"Pendiente de verificación - Cable Ecologico AL-ACSR 4/0 13.2KV/15KV"
"SRT-PENDING-5EC7E5DAAF50";"Cable AL-ACSR Ecológico 266,38 kcmil 13,2/15 kV";"pendiente_investigacion";"Procables/Facelec/Powercable";"";"https://cablescolombia.com/producto/cable-aluminio-acsr-4awg-desnudo";"";"https://multimedia02.s3.us-east-2.amazonaws.com/Produccion/tiendas/127/productos/39331/thumb/a7772db14653ce23c7f21c2f6fb38711.webp";"autorizada";"confirmed-by-surtilec-2026-08-03";"pendiente";"IMAGEN GENÉRICA DE FAMILIA (regla ""acsr|alumoweld"") tomada de ""Cable Aluminio Acsr 4awg Desnudo"" en cablescolombia.com. Puede diferir en calibre, color y construcción. Reemplazar por foto exacta antes de publicar.";"Pendiente de verificación - Cable Ecológico AL-ACSR 266.38 13.2KV/15KV"
"SRT-PENDING-8FCC4E5B7572";"Cable AL-ACSR Ecológico 1/0 AWG 34,5 kV";"pendiente_investigacion";"Procables/Facelec/Powercable";"";"https://cablescolombia.com/producto/cable-aluminio-acsr-4awg-desnudo";"";"https://multimedia02.s3.us-east-2.amazonaws.com/Produccion/tiendas/127/productos/39331/thumb/a7772db14653ce23c7f21c2f6fb38711.webp";"autorizada";"confirmed-by-surtilec-2026-08-03";"pendiente";"IMAGEN GENÉRICA DE FAMILIA (regla ""acsr|alumoweld"") tomada de ""Cable Aluminio Acsr 4awg Desnudo"" en cablescolombia.com. Puede diferir en calibre, color y construcción. Reemplazar por foto exacta antes de publicar.";"Pendiente de verificación - Cable Ecologico AL-ACSR 1/0 34.5KV"
"SRT-PENDING-78EE0A2AE0E5";"Cable AL-ACSR Ecológico 2/0 AWG 34,5 kV";"pendiente_investigacion";"Procables/Facelec/Powercable";"";"https://cablescolombia.com/producto/cable-aluminio-acsr-4awg-desnudo";"";"https://multimedia02.s3.us-east-2.amazonaws.com/Produccion/tiendas/127/productos/39331/thumb/a7772db14653ce23c7f21c2f6fb38711.webp";"autorizada";"confirmed-by-surtilec-2026-08-03";"pendiente";"IMAGEN GENÉRICA DE FAMILIA (regla ""acsr|alumoweld"") tomada de ""Cable Aluminio Acsr 4awg Desnudo"" en cablescolombia.com. Puede diferir en calibre, color y construcción. Reemplazar por foto exacta antes de publicar.";"Pendiente de verificación - Cable Ecologico AL-ACSR 2/0 34.5KV"
"SRT-PENDING-35EE11579D66";"Cable AL-ACSR Ecológico 4/0 AWG 34,5 kV";"pendiente_investigacion";"Procables/Facelec/Powercable";"";"https://cablescolombia.com/producto/cable-aluminio-acsr-4awg-desnudo";"";"https://multimedia02.s3.us-east-2.amazonaws.com/Produccion/tiendas/127/productos/39331/thumb/a7772db14653ce23c7f21c2f6fb38711.webp";"autorizada";"confirmed-by-surtilec-2026-08-03";"pendiente";"IMAGEN GENÉRICA DE FAMILIA (regla ""acsr|alumoweld"") tomada de ""Cable Aluminio Acsr 4awg Desnudo"" en cablescolombia.com. Puede diferir en calibre, color y construcción. Reemplazar por foto exacta antes de publicar.";"Pendiente de verificación - Cable Ecologico AL-ACSR 4/0 34.5KV"
"SRT-PENDING-E4258346E928";"Cable AL-ACSR Ecológico 266,8 kcmil 34,5 kV";"pendiente_investigacion";"Procables/Facelec/Powercable";"";"https://cablescolombia.com/producto/cable-aluminio-acsr-4awg-desnudo";"";"https://multimedia02.s3.us-east-2.amazonaws.com/Produccion/tiendas/127/productos/39331/thumb/a7772db14653ce23c7f21c2f6fb38711.webp";"autorizada";"confirmed-by-surtilec-2026-08-03";"pendiente";"IMAGEN GENÉRICA DE FAMILIA (regla ""acsr|alumoweld"") tomada de ""Cable Aluminio Acsr 4awg Desnudo"" en cablescolombia.com. Puede diferir en calibre, color y construcción. Reemplazar por foto exacta antes de publicar.";"Pendiente de verificación - Cable Ecológico AL-ACSR 266.8 34.5KV"
"SRT-PENDING-8E4A84C51885";"Cable de Fibra Óptica LSZH 4 Hilos";"pendiente_investigacion";"Import";"";"https://cablescolombia.com/producto/cable-fibra-optica-lszh-4-nucleos-rollo-100m";"";"https://multimedia02.s3.us-east-2.amazonaws.com/Produccion/tiendas/127/productos/38444/thumb/7bad29f241.webp";"autorizada";"confirmed-by-surtilec-2026-08-03";"pendiente";"Imagen sugerida automáticamente desde cablescolombia.com — similitud 100% con ""Cable Fibra Optica LSZH 4 Núcleos Rollo 100m"". Verificar visualmente y obtener permiso antes de publicar.";"Pendiente de verificación - Cable Fibra Optica LSZH 4 Núcleos Rollo 100m"
"SRT-PENDING-A6602A7A1353";"Cable de Fibra Óptica LSZH 2 Hilos";"pendiente_investigacion";"Import";"";"https://cablescolombia.com/producto/cable-fibra-optica-lszh-2-nucleos-rollo-100m";"";"https://multimedia02.s3.us-east-2.amazonaws.com/Produccion/tiendas/127/productos/38445/thumb/42e1ff9d62.webp";"autorizada";"confirmed-by-surtilec-2026-08-03";"pendiente";"Imagen sugerida automáticamente desde cablescolombia.com — similitud 100% con ""Cable Fibra Optica LSZH 2 Núcleos Rollo 100m"". Verificar visualmente y obtener permiso antes de publicar.";"Pendiente de verificación - Cable Fibra Optica LSZH 2 Núcleos Rollo 100m"
"SRT-PENDING-99E26045D3D7";"Cable de Fibra Óptica LSZH 1 Hilos";"pendiente_investigacion";"Import";"";"https://cablescolombia.com/producto/cable-fibra-optica-lszh-1-nucleo-rollo-100m";"";"https://multimedia02.s3.us-east-2.amazonaws.com/Produccion/tiendas/127/productos/38446/thumb/448df642c9.webp";"autorizada";"confirmed-by-surtilec-2026-08-03";"pendiente";"Imagen sugerida automáticamente desde cablescolombia.com — similitud 100% con ""Cable Fibra Optica LSZH 1 Núcleo Rollo 100m"". Verificar visualmente y obtener permiso antes de publicar.";"Pendiente de verificación - Cable Fibra Optica LSZH 1 Núcleo Rollo 100m"
"SRT-PENDING-DFC1513D0C3E";"Cable de Fibra Óptica ADSS 24 Hilos";"pendiente_investigacion";"Import";"";"https://cablescolombia.com/producto/cable-fibra-adss-24-hilos-2-km-uso-exterior-span-100";"";"https://multimedia02.s3.us-east-2.amazonaws.com/Produccion/tiendas/127/productos/38447/thumb/bf257c985d.webp";"autorizada";"confirmed-by-surtilec-2026-08-03";"pendiente";"Imagen sugerida automáticamente desde cablescolombia.com — similitud 100% con ""Cable Fibra Adss 24 Hilos - *2 Km (Uso Exterior - Span 100)"". Verificar visualmente y obtener permiso antes de publicar.";"Pendiente de verificación - Cable Fibra Adss 24 Hilos - *2 Km (Uso Exterior - Span 100)"
"SRT-PENDING-095A03DF0197";"Cable de Fibra Óptica ADSS 12 Hilos";"pendiente_investigacion";"Import";"";"https://cablescolombia.com/producto/cable-fibra-adss-12-hilos-2-km-uso-exterior-span-100";"";"https://multimedia02.s3.us-east-2.amazonaws.com/Produccion/tiendas/127/productos/38448/thumb/d0ec9ef57a.webp";"autorizada";"confirmed-by-surtilec-2026-08-03";"pendiente";"Imagen sugerida automáticamente desde cablescolombia.com — similitud 100% con ""Cable Fibra Adss 12 Hilos - *2 Km (Uso Exterior - Span 100)"". Verificar visualmente y obtener permiso antes de publicar.";"Pendiente de verificación - Cable Fibra Adss 12 Hilos - *2 Km (Uso Exterior - Span 100)"
"SRT-PENDING-28C87BA093A9";"Cable de Fibra Óptica ADSS 6 Hilos";"pendiente_investigacion";"Import";"";"https://cablescolombia.com/producto/cable-fibra-adss-6-hilos-2-km-uso-exterior-span-100";"";"https://multimedia02.s3.us-east-2.amazonaws.com/Produccion/tiendas/127/productos/38449/thumb/df6272cb42.webp";"autorizada";"confirmed-by-surtilec-2026-08-03";"pendiente";"Imagen sugerida automáticamente desde cablescolombia.com — similitud 100% con ""Cable Fibra Adss 6 Hilos - *2 Km (Uso Exterior - Span 100)"". Verificar visualmente y obtener permiso antes de publicar.";"Pendiente de verificación - Cable Fibra Adss 6 Hilos - *2 Km (Uso Exterior - Span 100)"
"SRT-PENDING-AF3507515DDF";"Cable de Fibra Óptica Drop 2 Hilos con Mensajero";"pendiente_investigacion";"Import";"";"https://cablescolombia.com/producto/cable-fibra-drop-2-hilos-con-mensajero-1km-uso-exterior-lszh";"";"https://multimedia02.s3.us-east-2.amazonaws.com/Produccion/tiendas/127/productos/38450/thumb/619589afdc.webp";"autorizada";"confirmed-by-surtilec-2026-08-03";"pendiente";"Imagen sugerida automáticamente desde cablescolombia.com — similitud 100% con ""Cable Fibra Drop 2 Hilos Con Mensajero - * 1Km (Uso Exterior - Lszh)"". Verificar visualmente y obtener permiso antes de publicar.";"Pendiente de verificación - Cable Fibra Drop 2 Hilos Con Mensajero - * 1Km (Uso Exterior - Lszh)"
"SRT-PENDING-9BEC9FA35927";"Cable de Fibra Óptica Drop 1 Hilos con Mensajero";"pendiente_investigacion";"Import";"";"https://cablescolombia.com/producto/cable-fibra-drop-1-hilo-con-mensajero-1km-uso-exterior-lszh";"";"https://multimedia02.s3.us-east-2.amazonaws.com/Produccion/tiendas/127/productos/38451/thumb/9ee0e542ab.webp";"autorizada";"confirmed-by-surtilec-2026-08-03";"pendiente";"Imagen sugerida automáticamente desde cablescolombia.com — similitud 100% con ""Cable Fibra Drop 1 Hilo Con Mensajero - * 1Km (Uso Exterior - Lszh)"". Verificar visualmente y obtener permiso antes de publicar.";"Pendiente de verificación - Cable Fibra Drop 1 Hilo Con Mensajero - * 1Km (Uso Exterior - Lszh)"
"SRT-PENDING-A1412AE78FD3";"Cable Solar Fotovoltaico 4 mm_ Cobre Flexible";"pendiente_investigacion";"Centelsa/Procables/Cecol";"";"https://cablescolombia.com/producto/cable-solar-fotovoltaico-4mm2";"";"https://multimedia02.s3.us-east-2.amazonaws.com/Produccion/tiendas/127/productos/536/thumb/f8f01558adafeeb8.webp";"autorizada";"confirmed-by-surtilec-2026-08-03";"pendiente";"Coincidencia exacta (100%) con ""Cable Solar Fotovoltaico 4Mm2"" en cablescolombia.com. Imagen de tercero: validar derechos antes de publicar.";"Pendiente de verificación - Cable Solar Fotovoltaico 4Mm2"
"SRT-PENDING-805721FBF6F1";"Cable Solar Fotovoltaico 6 mm_ Cobre Flexible";"pendiente_investigacion";"Centelsa/Procables/Cecol";"";"https://cablescolombia.com/producto/cable-solar-fotovoltaico-6mm2";"";"https://multimedia02.s3.us-east-2.amazonaws.com/Produccion/tiendas/127/productos/539/thumb/2e05ceb12d244c26.webp";"autorizada";"confirmed-by-surtilec-2026-08-03";"pendiente";"Coincidencia exacta (100%) con ""Cable Solar Fotovoltaico 6Mm2"" en cablescolombia.com. Imagen de tercero: validar derechos antes de publicar.";"Pendiente de verificación - Cable Solar Fotovoltaico 6Mm2"
"SRT-PENDING-9A88679D8AD6";"Cable Solar Fotovoltaico 10 mm_ Cobre Flexible";"pendiente_investigacion";"Centelsa/Procables/Cecol";"";"https://cablescolombia.com/producto/cable-solar-fotovoltaico-10mm2";"";"https://multimedia02.s3.us-east-2.amazonaws.com/Produccion/tiendas/127/productos/541/thumb/276cfbab44603e08.webp";"autorizada";"confirmed-by-surtilec-2026-08-03";"pendiente";"Coincidencia exacta (100%) con ""Cable Solar Fotovoltaico 10Mm2"" en cablescolombia.com. Imagen de tercero: validar derechos antes de publicar.";"Pendiente de verificación - Cable Solar Fotovoltaico 10Mm2"
"SRT-PENDING-E67A9A1A46DB";"Cable Solar Fotovoltaico 35 mm_ Cobre Flexible";"pendiente_investigacion";"Centelsa/Procables/Cecol";"";"https://cablescolombia.com/producto/cable-solar-fotovoltaico-35mm2";"";"https://multimedia02.s3.us-east-2.amazonaws.com/Produccion/tiendas/127/productos/542/thumb/6c23f69a0d7ebd03.webp";"autorizada";"confirmed-by-surtilec-2026-08-03";"pendiente";"Coincidencia exacta (100%) con ""Cable Solar Fotovoltaico 35Mm2"" en cablescolombia.com. Imagen de tercero: validar derechos antes de publicar.";"Pendiente de verificación - Cable Solar Fotovoltaico 35Mm2"
"SRT-PENDING-86A1C7E43C49";"Cable Solar Fotovoltaico 16 mm_ Cobre Flexible";"pendiente_investigacion";"Centelsa/Procables/Cecol";"";"https://cablescolombia.com/producto/cable-solar-fotovoltaico-16mm2";"";"https://multimedia02.s3.us-east-2.amazonaws.com/Produccion/tiendas/127/productos/543/thumb/356b84dac1537b4d.webp";"autorizada";"confirmed-by-surtilec-2026-08-03";"pendiente";"Coincidencia exacta (100%) con ""Cable Solar Fotovoltaico 16Mm2"" en cablescolombia.com. Imagen de tercero: validar derechos antes de publicar.";"Pendiente de verificación - Cable Solar Fotovoltaico 16Mm2"
"SRT-PENDING-03D1945CFA7D";"Cable Solar Fotovoltaico 50 mm_ Cobre Flexible";"pendiente_investigacion";"Centelsa/Procables/Cecol";"";"https://cablescolombia.com/producto/cable-solar-fotovoltaico-50mm2";"";"https://multimedia02.s3.us-east-2.amazonaws.com/Produccion/tiendas/127/productos/545/thumb/5dafce681e6132d8.webp";"autorizada";"confirmed-by-surtilec-2026-08-03";"pendiente";"Coincidencia exacta (100%) con ""Cable Solar Fotovoltaico 50Mm2"" en cablescolombia.com. Imagen de tercero: validar derechos antes de publicar.";"Pendiente de verificación - Cable Solar Fotovoltaico 50Mm2"
"SRT-PENDING-7D60DB9DFF53";"Cable AWM 10 AWG Cobre PVC";"pendiente_investigacion";"Centelsa/Procables";"";"https://cablescolombia.com/producto/cable-cc-tff-n16-morado";"";"https://multimedia02.s3.us-east-2.amazonaws.com/Produccion/tiendas/127/productos/751/49fa1e51bb17f220.webp";"autorizada";"confirmed-by-surtilec-2026-08-03";"pendiente";"IMAGEN GENÉRICA DE FAMILIA (cable delgado PVC de vehículo/iluminación) tomada de ""Cable CC TFF N16 Amarillo"" en cablescolombia.com. Puede diferir en calibre, color y construcción. Reemplazar por foto exacta antes de publicar.";"Pendiente de verificación - Cable Iluminación AWM CC 10 AWG Cu PVC 105°"
"SRT-PENDING-EA778CFDDA9B";"Cable AWM 12 AWG Cobre PVC";"pendiente_investigacion";"Centelsa/Procables";"";"https://cablescolombia.com/producto/cable-cc-tff-n16-morado";"";"https://multimedia02.s3.us-east-2.amazonaws.com/Produccion/tiendas/127/productos/751/49fa1e51bb17f220.webp";"autorizada";"confirmed-by-surtilec-2026-08-03";"pendiente";"IMAGEN GENÉRICA DE FAMILIA (cable delgado PVC de vehículo/iluminación) tomada de ""Cable CC TFF N16 Amarillo"" en cablescolombia.com. Puede diferir en calibre, color y construcción. Reemplazar por foto exacta antes de publicar.";"Pendiente de verificación - Cable Iluminación AWM CC 12 AWG Cu PVC 105°"
"SRT-PENDING-EAC8A473BFEB";"Cable AWM 14 AWG Cobre PVC";"pendiente_investigacion";"Centelsa/Procables";"";"https://cablescolombia.com/producto/cable-cc-tff-n16-morado";"";"https://multimedia02.s3.us-east-2.amazonaws.com/Produccion/tiendas/127/productos/751/49fa1e51bb17f220.webp";"autorizada";"confirmed-by-surtilec-2026-08-03";"pendiente";"IMAGEN GENÉRICA DE FAMILIA (cable delgado PVC de vehículo/iluminación) tomada de ""Cable CC TFF N16 Amarillo"" en cablescolombia.com. Puede diferir en calibre, color y construcción. Reemplazar por foto exacta antes de publicar.";"Pendiente de verificación - Cable Iluminación AWM CC 14 AWG Cu PVC 105°"
"SRT-PENDING-C4114DD1AC80";"Cable AWM 16 AWG Cobre PVC";"pendiente_investigacion";"Centelsa/Procables";"";"https://cablescolombia.com/producto/cable-cc-tff-n16-morado";"";"https://multimedia02.s3.us-east-2.amazonaws.com/Produccion/tiendas/127/productos/751/49fa1e51bb17f220.webp";"autorizada";"confirmed-by-surtilec-2026-08-03";"pendiente";"IMAGEN GENÉRICA DE FAMILIA (cable delgado PVC de vehículo/iluminación) tomada de ""Cable CC TFF N16 Amarillo"" en cablescolombia.com. Puede diferir en calibre, color y construcción. Reemplazar por foto exacta antes de publicar.";"Pendiente de verificación - Cable Iluminación AWM CC 16 AWG Cu PVC 105°"
"SRT-PENDING-412FFC5C94B9";"Cable AWM 18 AWG Cobre PVC";"pendiente_investigacion";"Centelsa/Procables";"";"https://cablescolombia.com/producto/cable-cc-tff-n16-morado";"";"https://multimedia02.s3.us-east-2.amazonaws.com/Produccion/tiendas/127/productos/751/49fa1e51bb17f220.webp";"autorizada";"confirmed-by-surtilec-2026-08-03";"pendiente";"IMAGEN GENÉRICA DE FAMILIA (cable delgado PVC de vehículo/iluminación) tomada de ""Cable CC TFF N16 Amarillo"" en cablescolombia.com. Puede diferir en calibre, color y construcción. Reemplazar por foto exacta antes de publicar.";"Pendiente de verificación - Cable Iluminación AWM CC 18 AWG Cu PVC 105°"
"SRT-PENDING-3370646577EB";"Cable AWM 20 AWG Cobre PVC";"pendiente_investigacion";"Centelsa/Procables";"";"https://cablescolombia.com/producto/cable-cc-tff-n16-morado";"";"https://multimedia02.s3.us-east-2.amazonaws.com/Produccion/tiendas/127/productos/751/49fa1e51bb17f220.webp";"autorizada";"confirmed-by-surtilec-2026-08-03";"pendiente";"IMAGEN GENÉRICA DE FAMILIA (cable delgado PVC de vehículo/iluminación) tomada de ""Cable CC TFF N16 Amarillo"" en cablescolombia.com. Puede diferir en calibre, color y construcción. Reemplazar por foto exacta antes de publicar.";"Pendiente de verificación - Cable Iluminación AWM CC 20 AWG Cu PVC 105°"
"SRT-PENDING-919E21897BBE";"Cable de Instrumentación 2x18+20 AWG Cobre PVC";"pendiente_investigacion";"Belden/Hellukabel/Lapp/Ramcro";"";"https://cablescolombia.com/producto/cable-control-2x14-20-awg-cu-pvc-tc-ls-90-c-600v";"";"https://multimedia02.s3.us-east-2.amazonaws.com/Produccion/tiendas/127/productos/415/thumb/ae84b670718de90f5f18e35304c64720.jpg";"autorizada";"confirmed-by-surtilec-2026-08-03";"pendiente";"IMAGEN GENÉRICA DE FAMILIA (77% familia/material/color) tomada de ""Cable Control 2x14+20 awg cu pvc tc ls 90°c 600v"" en cablescolombia.com — mismo tipo y color, calibre distinto. Reemplazar por foto exacta antes de publicar.";"Pendiente de verificación - Cable Instrumentación 2x18+20 awg cu pvc tc 105°c 600v/300v"
"SRT-PENDING-B4AEE6492655";"Cable de Instrumentación 3x18+20 AWG Cobre PVC";"pendiente_investigacion";"Belden/Hellukabel/Lapp/Ramcro";"";"https://cablescolombia.com/producto/cable-control-2x14-20-awg-cu-pvc-tc-ls-90-c-600v";"";"https://multimedia02.s3.us-east-2.amazonaws.com/Produccion/tiendas/127/productos/415/thumb/ae84b670718de90f5f18e35304c64720.jpg";"autorizada";"confirmed-by-surtilec-2026-08-03";"pendiente";"IMAGEN GENÉRICA DE FAMILIA (77% familia/material/color) tomada de ""Cable Control 2x14+20 awg cu pvc tc ls 90°c 600v"" en cablescolombia.com — mismo tipo y color, calibre distinto. Reemplazar por foto exacta antes de publicar.";"Pendiente de verificación - Cable Instrumentación 3x18+20 awg cu pvc tc 105°c 600v/300v"
"SRT-PENDING-94AC706D41A6";"Cable de Instrumentación 4x18+20 AWG Cobre PVC";"pendiente_investigacion";"Belden/Hellukabel/Lapp/Ramcro";"";"https://cablescolombia.com/producto/cable-control-2x14-20-awg-cu-pvc-tc-ls-90-c-600v";"";"https://multimedia02.s3.us-east-2.amazonaws.com/Produccion/tiendas/127/productos/415/thumb/ae84b670718de90f5f18e35304c64720.jpg";"autorizada";"confirmed-by-surtilec-2026-08-03";"pendiente";"IMAGEN GENÉRICA DE FAMILIA (77% familia/material/color) tomada de ""Cable Control 2x14+20 awg cu pvc tc ls 90°c 600v"" en cablescolombia.com — mismo tipo y color, calibre distinto. Reemplazar por foto exacta antes de publicar.";"Pendiente de verificación - Cable Instrumentación 4x18+20 awg cu pvc tc 105°c 600v/300v"
"SRT-PENDING-10B212FEBFFE";"Cable de Instrumentación 6x18+20 AWG Cobre PVC";"pendiente_investigacion";"Belden/Hellukabel/Lapp/Ramcro";"";"https://cablescolombia.com/producto/cable-control-2x14-20-awg-cu-pvc-tc-ls-90-c-600v";"";"https://multimedia02.s3.us-east-2.amazonaws.com/Produccion/tiendas/127/productos/415/thumb/ae84b670718de90f5f18e35304c64720.jpg";"autorizada";"confirmed-by-surtilec-2026-08-03";"pendiente";"IMAGEN GENÉRICA DE FAMILIA (77% familia/material/color) tomada de ""Cable Control 2x14+20 awg cu pvc tc ls 90°c 600v"" en cablescolombia.com — mismo tipo y color, calibre distinto. Reemplazar por foto exacta antes de publicar.";"Pendiente de verificación - Cable Instrumentación 6x18+20 awg cu pvc tc 105°c 600v/300v"
"SRT-PENDING-C1CC25DAE03E";"Cable de Instrumentación 12x18+20 AWG Cobre PVC";"pendiente_investigacion";"Belden/Hellukabel/Lapp/Ramcro";"";"https://cablescolombia.com/producto/cable-control-2x14-20-awg-cu-pvc-tc-ls-90-c-600v";"";"https://multimedia02.s3.us-east-2.amazonaws.com/Produccion/tiendas/127/productos/415/thumb/ae84b670718de90f5f18e35304c64720.jpg";"autorizada";"confirmed-by-surtilec-2026-08-03";"pendiente";"IMAGEN GENÉRICA DE FAMILIA (77% familia/material/color) tomada de ""Cable Control 2x14+20 awg cu pvc tc ls 90°c 600v"" en cablescolombia.com — mismo tipo y color, calibre distinto. Reemplazar por foto exacta antes de publicar.";"Pendiente de verificación - Cable Instrumentación 12x18+20 awg cu pvc tc 105°c 600v/300v"
"SRT-PENDING-8D5E569C3F69";"Cable de Instrumentación 18x18+20 AWG Cobre PVC";"pendiente_investigacion";"Belden/Hellukabel/Lapp/Ramcro";"";"https://cablescolombia.com/producto/cable-control-2x14-20-awg-cu-pvc-tc-ls-90-c-600v";"";"https://multimedia02.s3.us-east-2.amazonaws.com/Produccion/tiendas/127/productos/415/thumb/ae84b670718de90f5f18e35304c64720.jpg";"autorizada";"confirmed-by-surtilec-2026-08-03";"pendiente";"IMAGEN GENÉRICA DE FAMILIA (77% familia/material/color) tomada de ""Cable Control 2x14+20 awg cu pvc tc ls 90°c 600v"" en cablescolombia.com — mismo tipo y color, calibre distinto. Reemplazar por foto exacta antes de publicar.";"Pendiente de verificación - Cable Instrumentación 18x18+20 awg cu pvc tc 105°c 600v/300v"
"SRT-PENDING-F651D769D79D";"Cable de Instrumentación 2x16+20 AWG Cobre PVC";"pendiente_investigacion";"Belden/Hellukabel/Lapp/Ramcro";"";"https://cablescolombia.com/producto/cable-control-2x14-20-awg-cu-pvc-tc-ls-90-c-600v";"";"https://multimedia02.s3.us-east-2.amazonaws.com/Produccion/tiendas/127/productos/415/thumb/ae84b670718de90f5f18e35304c64720.jpg";"autorizada";"confirmed-by-surtilec-2026-08-03";"pendiente";"IMAGEN GENÉRICA DE FAMILIA (77% familia/material/color) tomada de ""Cable Control 2x14+20 awg cu pvc tc ls 90°c 600v"" en cablescolombia.com — mismo tipo y color, calibre distinto. Reemplazar por foto exacta antes de publicar.";"Pendiente de verificación - Cable Instrumentación 2x16+20 awg cu pvc tc 105°c 600v/300v"
"SRT-PENDING-A18F6A8F29EA";"Cable de Instrumentación 3x16+20 AWG Cobre PVC";"pendiente_investigacion";"Belden/Hellukabel/Lapp/Ramcro";"";"https://cablescolombia.com/producto/cable-control-2x14-20-awg-cu-pvc-tc-ls-90-c-600v";"";"https://multimedia02.s3.us-east-2.amazonaws.com/Produccion/tiendas/127/productos/415/thumb/ae84b670718de90f5f18e35304c64720.jpg";"autorizada";"confirmed-by-surtilec-2026-08-03";"pendiente";"IMAGEN GENÉRICA DE FAMILIA (77% familia/material/color) tomada de ""Cable Control 2x14+20 awg cu pvc tc ls 90°c 600v"" en cablescolombia.com — mismo tipo y color, calibre distinto. Reemplazar por foto exacta antes de publicar.";"Pendiente de verificación - Cable Instrumentación 3x16+20 awg cu pvc tc 105°c 600v/300v"
"SRT-PENDING-C4355DF306F7";"Cable de Instrumentación 4x16+20 AWG Cobre PVC";"pendiente_investigacion";"Belden/Hellukabel/Lapp/Ramcro";"";"https://cablescolombia.com/producto/cable-control-2x14-20-awg-cu-pvc-tc-ls-90-c-600v";"";"https://multimedia02.s3.us-east-2.amazonaws.com/Produccion/tiendas/127/productos/415/thumb/ae84b670718de90f5f18e35304c64720.jpg";"autorizada";"confirmed-by-surtilec-2026-08-03";"pendiente";"IMAGEN GENÉRICA DE FAMILIA (77% familia/material/color) tomada de ""Cable Control 2x14+20 awg cu pvc tc ls 90°c 600v"" en cablescolombia.com — mismo tipo y color, calibre distinto. Reemplazar por foto exacta antes de publicar.";"Pendiente de verificación - Cable Instrumentación 4x16+20 awg cu pvc tc 105°c 600v/300v"
"SRT-PENDING-14AF2C78A875";"Cable de Instrumentación 9x18+20 AWG Cobre PVC";"pendiente_investigacion";"Belden/Hellukabel/Lapp/Ramcro";"";"https://cablescolombia.com/producto/cable-control-2x14-20-awg-cu-pvc-tc-ls-90-c-600v";"";"https://multimedia02.s3.us-east-2.amazonaws.com/Produccion/tiendas/127/productos/415/thumb/ae84b670718de90f5f18e35304c64720.jpg";"autorizada";"confirmed-by-surtilec-2026-08-03";"pendiente";"IMAGEN GENÉRICA DE FAMILIA (77% familia/material/color) tomada de ""Cable Control 2x14+20 awg cu pvc tc ls 90°c 600v"" en cablescolombia.com — mismo tipo y color, calibre distinto. Reemplazar por foto exacta antes de publicar.";"Pendiente de verificación - Cable Instrumentación 9x18+20 awg cu pvc tc 105°c 600v/300v"
"SRT-PENDING-05B89A5D3499";"Cable de Instrumentación 9x16+20 AWG Cobre PVC";"pendiente_investigacion";"Belden/Hellukabel/Lapp/Ramcro";"";"https://cablescolombia.com/producto/cable-control-2x14-20-awg-cu-pvc-tc-ls-90-c-600v";"";"https://multimedia02.s3.us-east-2.amazonaws.com/Produccion/tiendas/127/productos/415/thumb/ae84b670718de90f5f18e35304c64720.jpg";"autorizada";"confirmed-by-surtilec-2026-08-03";"pendiente";"IMAGEN GENÉRICA DE FAMILIA (77% familia/material/color) tomada de ""Cable Control 2x14+20 awg cu pvc tc ls 90°c 600v"" en cablescolombia.com — mismo tipo y color, calibre distinto. Reemplazar por foto exacta antes de publicar.";"Pendiente de verificación - Cable Instrumentación 9x16+20 awg cu pvc tc 105°c 600v/300v"
"SRT-PENDING-9C5726EFF653";"Cable de Instrumentación 12x16+20 AWG Cobre PVC";"pendiente_investigacion";"Belden/Hellukabel/Lapp/Ramcro";"";"https://cablescolombia.com/producto/cable-control-2x14-20-awg-cu-pvc-tc-ls-90-c-600v";"";"https://multimedia02.s3.us-east-2.amazonaws.com/Produccion/tiendas/127/productos/415/thumb/ae84b670718de90f5f18e35304c64720.jpg";"autorizada";"confirmed-by-surtilec-2026-08-03";"pendiente";"IMAGEN GENÉRICA DE FAMILIA (77% familia/material/color) tomada de ""Cable Control 2x14+20 awg cu pvc tc ls 90°c 600v"" en cablescolombia.com — mismo tipo y color, calibre distinto. Reemplazar por foto exacta antes de publicar.";"Pendiente de verificación - Cable Instrumentación 12x16+20 awg cu pvc tc 105°c 600v/300v"
"SRT-PENDING-3772A6900D19";"Cable de Instrumentación 18x16+20 AWG Cobre PVC";"pendiente_investigacion";"Belden/Hellukabel/Lapp/Ramcro";"";"https://cablescolombia.com/producto/cable-control-2x14-20-awg-cu-pvc-tc-ls-90-c-600v";"";"https://multimedia02.s3.us-east-2.amazonaws.com/Produccion/tiendas/127/productos/415/thumb/ae84b670718de90f5f18e35304c64720.jpg";"autorizada";"confirmed-by-surtilec-2026-08-03";"pendiente";"IMAGEN GENÉRICA DE FAMILIA (77% familia/material/color) tomada de ""Cable Control 2x14+20 awg cu pvc tc ls 90°c 600v"" en cablescolombia.com — mismo tipo y color, calibre distinto. Reemplazar por foto exacta antes de publicar.";"Pendiente de verificación - Cable Instrumentación 18x16+20 awg cu pvc tc 105°c 600v/300v"
"SRT-PENDING-4DB43417FE55";"Cable Media Tensión Aluminio XLPE 2 AWG 35 kV 133% Pantalla de Cobre";"pendiente_investigacion";"Procables/Facelec/Powercable";"";"https://cablescolombia.com/producto/media-tension-aluminio-90-c-xlpe-15kv-133-pc-pvc-2-awg";"";"https://multimedia02.s3.us-east-2.amazonaws.com/Produccion/tiendas/127/productos/40444/e5f2f8547c565915.webp";"autorizada";"confirmed-by-surtilec-2026-08-03";"pendiente";"IMAGEN GENÉRICA DE FAMILIA (93% familia/material/color) tomada de ""MEDIA TENSION ALUMINIO 90C XLPE 15KV 133% PC PVC 2 AWG"" en cablescolombia.com — mismo tipo y color, calibre distinto. Reemplazar por foto exacta antes de publicar.";"Pendiente de verificación - Media Tensión Aluminio XLPE 35kV 133% PC PVC 2 AWG"
"SRT-PENDING-7C4F0C4F8DDC";"Cable Media Tensión Aluminio XLPE 1/0 AWG 35 kV 133% Pantalla de Cobre";"pendiente_investigacion";"Procables/Facelec/Powercable";"";"https://cablescolombia.com/producto/media-tension-aluminio-90-c-xlpe-15kv-133-pc-pvc-2-awg";"";"https://multimedia02.s3.us-east-2.amazonaws.com/Produccion/tiendas/127/productos/40444/e5f2f8547c565915.webp";"autorizada";"confirmed-by-surtilec-2026-08-03";"pendiente";"IMAGEN GENÉRICA DE FAMILIA (93% familia/material/color) tomada de ""MEDIA TENSION ALUMINIO 90C XLPE 15KV 133% PC PVC 2 AWG"" en cablescolombia.com — mismo tipo y color, calibre distinto. Reemplazar por foto exacta antes de publicar.";"Pendiente de verificación - Media Tensión Aluminio XLPE 35kV 133% PC PVC 1/0 AWG"
"SRT-PENDING-0E4D564DCC73";"Cable Media Tensión Aluminio XLPE 2/0 AWG 35 kV 133% Pantalla de Cobre";"pendiente_investigacion";"Procables/Facelec/Powercable";"";"https://cablescolombia.com/producto/media-tension-aluminio-90-c-xlpe-15kv-133-pc-pvc-2-awg";"";"https://multimedia02.s3.us-east-2.amazonaws.com/Produccion/tiendas/127/productos/40444/e5f2f8547c565915.webp";"autorizada";"confirmed-by-surtilec-2026-08-03";"pendiente";"IMAGEN GENÉRICA DE FAMILIA (93% familia/material/color) tomada de ""MEDIA TENSION ALUMINIO 90C XLPE 15KV 133% PC PVC 2 AWG"" en cablescolombia.com — mismo tipo y color, calibre distinto. Reemplazar por foto exacta antes de publicar.";"Pendiente de verificación - Media Tensión Aluminio XLPE 35kV 133% PC PVC 2/0 AWG"
"SRT-PENDING-927455C1F75E";"Cable Media Tensión Aluminio XLPE 3/0 AWG 35 kV 133% Pantalla de Cobre";"pendiente_investigacion";"Procables/Facelec/Powercable";"";"https://cablescolombia.com/producto/media-tension-aluminio-90-c-xlpe-15kv-133-pc-pvc-2-awg";"";"https://multimedia02.s3.us-east-2.amazonaws.com/Produccion/tiendas/127/productos/40444/e5f2f8547c565915.webp";"autorizada";"confirmed-by-surtilec-2026-08-03";"pendiente";"IMAGEN GENÉRICA DE FAMILIA (93% familia/material/color) tomada de ""MEDIA TENSION ALUMINIO 90C XLPE 15KV 133% PC PVC 2 AWG"" en cablescolombia.com — mismo tipo y color, calibre distinto. Reemplazar por foto exacta antes de publicar.";"Pendiente de verificación - Media Tensión Aluminio XLPE 35kV 133% PC PVC 3/0 AWG"
"SRT-PENDING-DD34CD3E0D87";"Cable Media Tensión Aluminio XLPE 4/0 AWG 35 kV 133% Pantalla de Cobre";"pendiente_investigacion";"Procables/Facelec/Powercable";"";"https://cablescolombia.com/producto/media-tension-aluminio-90-c-xlpe-15kv-133-pc-pvc-2-awg";"";"https://multimedia02.s3.us-east-2.amazonaws.com/Produccion/tiendas/127/productos/40444/e5f2f8547c565915.webp";"autorizada";"confirmed-by-surtilec-2026-08-03";"pendiente";"IMAGEN GENÉRICA DE FAMILIA (93% familia/material/color) tomada de ""MEDIA TENSION ALUMINIO 90C XLPE 15KV 133% PC PVC 2 AWG"" en cablescolombia.com — mismo tipo y color, calibre distinto. Reemplazar por foto exacta antes de publicar.";"Pendiente de verificación - Media Tensión Aluminio XLPE 35kV 133% PC PVC 4/0 AWG"
"SRT-PENDING-0A2A49AD2D7A";"Cable Media Tensión Aluminio XLPE 250 kcmil 35 kV 133% Pantalla de Cobre";"pendiente_investigacion";"Procables/Facelec/Powercable";"";"https://cablescolombia.com/producto/cable-media-tension-aluminio-90-c-xlpe-15kv-no-350-kcmil-100-pc-pvc";"";"https://multimedia02.s3.us-east-2.amazonaws.com/Produccion/tiendas/127/productos/589/b08fba9390361572.webp";"autorizada";"confirmed-by-surtilec-2026-08-03";"pendiente";"IMAGEN GENÉRICA DE FAMILIA (88% familia/material/color) tomada de ""MEDIA TENSION ALUMINIO 90C XLPE 15KV NO 350 KCMIL 100% PC PVC"" en cablescolombia.com — mismo tipo y color, calibre distinto. Reemplazar por foto exacta antes de publicar.";"Pendiente de verificación - Media Tensión Aluminio XLPE 35kV 133% PC PVC 250 kcmil"
"SRT-PENDING-43D7CB471925";"Cable Media Tensión Aluminio XLPE 350 kcmil 35 kV 133% Pantalla de Cobre";"pendiente_investigacion";"Procables/Facelec/Powercable";"";"https://cablescolombia.com/producto/cable-media-tension-aluminio-90-c-xlpe-15kv-no-350-kcmil-100-pc-pvc";"";"https://multimedia02.s3.us-east-2.amazonaws.com/Produccion/tiendas/127/productos/589/b08fba9390361572.webp";"autorizada";"confirmed-by-surtilec-2026-08-03";"pendiente";"IMAGEN GENÉRICA DE FAMILIA (88% familia/material/color) tomada de ""MEDIA TENSION ALUMINIO 90C XLPE 15KV NO 350 KCMIL 100% PC PVC"" en cablescolombia.com — mismo tipo y color, calibre distinto. Reemplazar por foto exacta antes de publicar.";"Pendiente de verificación - Media Tensión Aluminio XLPE 35kV 133% PC PVC 350 kcmil"
"SRT-PENDING-1C231A9009BF";"Cable Media Tensión Aluminio XLPE 500 kcmil 35 kV 133% Pantalla de Cobre";"pendiente_investigacion";"Procables/Facelec/Powercable";"";"https://cablescolombia.com/producto/cable-media-tension-aluminio-90-c-xlpe-15kv-no-350-kcmil-100-pc-pvc";"";"https://multimedia02.s3.us-east-2.amazonaws.com/Produccion/tiendas/127/productos/589/b08fba9390361572.webp";"autorizada";"confirmed-by-surtilec-2026-08-03";"pendiente";"IMAGEN GENÉRICA DE FAMILIA (88% familia/material/color) tomada de ""MEDIA TENSION ALUMINIO 90C XLPE 15KV NO 350 KCMIL 100% PC PVC"" en cablescolombia.com — mismo tipo y color, calibre distinto. Reemplazar por foto exacta antes de publicar.";"Pendiente de verificación - Media Tensión Aluminio XLPE 35kV 133% PC PVC 500 kcmil"
"SRT-PENDING-4FC9B9A4A075";"Cable Media Tensión Aluminio XLPE 1/0 AWG 35 kV 100% Neutro Concéntrico N=1/3";"pendiente_investigacion";"Procables/Facelec/Powercable";"";"https://cablescolombia.com/producto/media-tension-aluminio-90-c-xlpe-15kv-133-pc-pvc-2-awg";"";"https://multimedia02.s3.us-east-2.amazonaws.com/Produccion/tiendas/127/productos/40444/e5f2f8547c565915.webp";"autorizada";"confirmed-by-surtilec-2026-08-03";"pendiente";"IMAGEN GENÉRICA DE FAMILIA (78% familia/material/color) tomada de ""MEDIA TENSION ALUMINIO 90C XLPE 15KV 133% PC PVC 2 AWG"" en cablescolombia.com — mismo tipo y color, calibre distinto. Reemplazar por foto exacta antes de publicar.";"Pendiente de verificación - Media Tensión Aluminio 90°C XLPE Hilos 35 kV 100% N=1/3 PVC 1/0 AWG"
"SRT-PENDING-21FDEE12A15A";"Cable Media Tensión Aluminio XLPE 2/0 AWG 35 kV 100% Neutro Concéntrico N=1/3";"pendiente_investigacion";"Procables/Facelec/Powercable";"";"https://cablescolombia.com/producto/media-tension-aluminio-90-c-xlpe-15kv-133-pc-pvc-2-awg";"";"https://multimedia02.s3.us-east-2.amazonaws.com/Produccion/tiendas/127/productos/40444/e5f2f8547c565915.webp";"autorizada";"confirmed-by-surtilec-2026-08-03";"pendiente";"IMAGEN GENÉRICA DE FAMILIA (78% familia/material/color) tomada de ""MEDIA TENSION ALUMINIO 90C XLPE 15KV 133% PC PVC 2 AWG"" en cablescolombia.com — mismo tipo y color, calibre distinto. Reemplazar por foto exacta antes de publicar.";"Pendiente de verificación - Media Tensión Aluminio 90°C XLPE Hilos 35 kV 100% N=1/3 PVC 2/0 AWG"
"SRT-PENDING-4CF105DE30C2";"Cable Media Tensión Aluminio XLPE 3/0 AWG 35 kV 100% Neutro Concéntrico N=1/3";"pendiente_investigacion";"Procables/Facelec/Powercable";"";"https://cablescolombia.com/producto/media-tension-aluminio-90-c-xlpe-15kv-133-pc-pvc-2-awg";"";"https://multimedia02.s3.us-east-2.amazonaws.com/Produccion/tiendas/127/productos/40444/e5f2f8547c565915.webp";"autorizada";"confirmed-by-surtilec-2026-08-03";"pendiente";"IMAGEN GENÉRICA DE FAMILIA (78% familia/material/color) tomada de ""MEDIA TENSION ALUMINIO 90C XLPE 15KV 133% PC PVC 2 AWG"" en cablescolombia.com — mismo tipo y color, calibre distinto. Reemplazar por foto exacta antes de publicar.";"Pendiente de verificación - Media Tensión Aluminio 90°C XLPE Hilos 35 kV 100% N=1/3 PVC 3/0 AWG"
"SRT-PENDING-5EEA3418D619";"Cable Media Tensión Aluminio XLPE 4/0 AWG 35 kV 100% Neutro Concéntrico N=1/3";"pendiente_investigacion";"Procables/Facelec/Powercable";"";"https://cablescolombia.com/producto/media-tension-aluminio-90-c-xlpe-15kv-133-pc-pvc-2-awg";"";"https://multimedia02.s3.us-east-2.amazonaws.com/Produccion/tiendas/127/productos/40444/e5f2f8547c565915.webp";"autorizada";"confirmed-by-surtilec-2026-08-03";"pendiente";"IMAGEN GENÉRICA DE FAMILIA (78% familia/material/color) tomada de ""MEDIA TENSION ALUMINIO 90C XLPE 15KV 133% PC PVC 2 AWG"" en cablescolombia.com — mismo tipo y color, calibre distinto. Reemplazar por foto exacta antes de publicar.";"Pendiente de verificación - Media Tensión Aluminio 90°C XLPE Hilos 35 kV 100% N=1/3 PVC 4/0 AWG"
"SRT-PENDING-664ADB6569BA";"Cable Media Tensión Aluminio XLPE 250 kcmil 35 kV 100% Neutro Concéntrico N=1/3";"pendiente_investigacion";"Procables/Facelec/Powercable";"";"https://cablescolombia.com/producto/media-tension-aluminio-90-c-xlpe-15kv-133-pc-pvc-2-awg";"";"https://multimedia02.s3.us-east-2.amazonaws.com/Produccion/tiendas/127/productos/40444/e5f2f8547c565915.webp";"autorizada";"confirmed-by-surtilec-2026-08-03";"pendiente";"IMAGEN GENÉRICA DE FAMILIA (92% familia, material AL) tomada de ""Media Tensión Aluminio 90°C XLPE Hilos 35 kV 100% N=1/3 PVC 1/0 AWG"" en cablescolombia.com. Reemplazar por foto exacta antes de publicar.";"Pendiente de verificación - Media Tensión Aluminio 90°C XLPE Hilos 35 kV 100% N=1/3 PVC 250 kcmil"
"SRT-PENDING-24B076CA4A91";"Cable Media Tensión Aluminio XLPE 350 kcmil 35 kV 100% Neutro Concéntrico N=1/3";"pendiente_investigacion";"Procables/Facelec/Powercable";"";"https://cablescolombia.com/producto/media-tension-aluminio-90-c-xlpe-15kv-133-pc-pvc-2-awg";"";"https://multimedia02.s3.us-east-2.amazonaws.com/Produccion/tiendas/127/productos/40444/e5f2f8547c565915.webp";"autorizada";"confirmed-by-surtilec-2026-08-03";"pendiente";"IMAGEN GENÉRICA DE FAMILIA (92% familia, material AL) tomada de ""Media Tensión Aluminio 90°C XLPE Hilos 35 kV 100% N=1/3 PVC 1/0 AWG"" en cablescolombia.com. Reemplazar por foto exacta antes de publicar.";"Pendiente de verificación - Media Tensión Aluminio 90°C XLPE Hilos 35 kV 100% N=1/3 PVC 350 kcmil"
"SRT-PENDING-4D7A8DBC465B";"Cable Media Tensión Aluminio XLPE 500 kcmil 35 kV 100% Neutro Concéntrico N=1/3";"pendiente_investigacion";"Procables/Facelec/Powercable";"";"https://cablescolombia.com/producto/media-tension-aluminio-90-c-xlpe-15kv-133-pc-pvc-2-awg";"";"https://multimedia02.s3.us-east-2.amazonaws.com/Produccion/tiendas/127/productos/40444/e5f2f8547c565915.webp";"autorizada";"confirmed-by-surtilec-2026-08-03";"pendiente";"IMAGEN GENÉRICA DE FAMILIA (92% familia, material AL) tomada de ""Media Tensión Aluminio 90°C XLPE Hilos 35 kV 100% N=1/3 PVC 1/0 AWG"" en cablescolombia.com. Reemplazar por foto exacta antes de publicar.";"Pendiente de verificación - Media Tensión Aluminio 90°C XLPE Hilos 35 kV 100% N=1/3 PVC 500 kcmil"
"SRT-PENDING-5B87EE556F4F";"Cable Media Tensión Aluminio XLPE 1/0 AWG 35 kV 133% Neutro Concéntrico N=1/3";"pendiente_investigacion";"Procables/Facelec/Powercable";"";"https://cablescolombia.com/producto/media-tension-aluminio-90-c-xlpe-15kv-133-pc-pvc-2-awg";"";"https://multimedia02.s3.us-east-2.amazonaws.com/Produccion/tiendas/127/productos/40444/e5f2f8547c565915.webp";"autorizada";"confirmed-by-surtilec-2026-08-03";"pendiente";"IMAGEN GENÉRICA DE FAMILIA (78% familia/material/color) tomada de ""MEDIA TENSION ALUMINIO 90C XLPE 15KV 133% PC PVC 2 AWG"" en cablescolombia.com — mismo tipo y color, calibre distinto. Reemplazar por foto exacta antes de publicar.";"Pendiente de verificación - Media Tensión Aluminio 90°C XLPE Hilos 35 kV 133% N=1/3 PVC 1/0 AWG"
"SRT-PENDING-36C5EDC88BF4";"Cable Media Tensión Aluminio XLPE 2/0 AWG 35 kV 133% Neutro Concéntrico N=1/3";"pendiente_investigacion";"Procables/Facelec/Powercable";"";"https://cablescolombia.com/producto/media-tension-aluminio-90-c-xlpe-15kv-133-pc-pvc-2-awg";"";"https://multimedia02.s3.us-east-2.amazonaws.com/Produccion/tiendas/127/productos/40444/e5f2f8547c565915.webp";"autorizada";"confirmed-by-surtilec-2026-08-03";"pendiente";"IMAGEN GENÉRICA DE FAMILIA (78% familia/material/color) tomada de ""MEDIA TENSION ALUMINIO 90C XLPE 15KV 133% PC PVC 2 AWG"" en cablescolombia.com — mismo tipo y color, calibre distinto. Reemplazar por foto exacta antes de publicar.";"Pendiente de verificación - Media Tensión Aluminio 90°C XLPE Hilos 35 kV 133% N=1/3 PVC 2/0 AWG"
"SRT-PENDING-2805FE222FAB";"Cable Media Tensión Aluminio XLPE 3/0 AWG 35 kV 133% Neutro Concéntrico N=1/3";"pendiente_investigacion";"Procables/Facelec/Powercable";"";"https://cablescolombia.com/producto/media-tension-aluminio-90-c-xlpe-15kv-133-pc-pvc-2-awg";"";"https://multimedia02.s3.us-east-2.amazonaws.com/Produccion/tiendas/127/productos/40444/e5f2f8547c565915.webp";"autorizada";"confirmed-by-surtilec-2026-08-03";"pendiente";"IMAGEN GENÉRICA DE FAMILIA (78% familia/material/color) tomada de ""MEDIA TENSION ALUMINIO 90C XLPE 15KV 133% PC PVC 2 AWG"" en cablescolombia.com — mismo tipo y color, calibre distinto. Reemplazar por foto exacta antes de publicar.";"Pendiente de verificación - Media Tensión Aluminio 90°C XLPE Hilos 35 kV 133% N=1/3 PVC 3/0 AWG"
"SRT-PENDING-7163D24622CF";"Cable Media Tensión Aluminio XLPE 4/0 AWG 35 kV 133% Neutro Concéntrico N=1/3";"pendiente_investigacion";"Procables/Facelec/Powercable";"";"https://cablescolombia.com/producto/media-tension-aluminio-90-c-xlpe-15kv-133-pc-pvc-2-awg";"";"https://multimedia02.s3.us-east-2.amazonaws.com/Produccion/tiendas/127/productos/40444/e5f2f8547c565915.webp";"autorizada";"confirmed-by-surtilec-2026-08-03";"pendiente";"IMAGEN GENÉRICA DE FAMILIA (78% familia/material/color) tomada de ""MEDIA TENSION ALUMINIO 90C XLPE 15KV 133% PC PVC 2 AWG"" en cablescolombia.com — mismo tipo y color, calibre distinto. Reemplazar por foto exacta antes de publicar.";"Pendiente de verificación - Media Tensión Aluminio 90°C XLPE Hilos 35 kV 133% N=1/3 PVC 4/0 AWG"
"SRT-PENDING-FB810094753B";"Cable Media Tensión Aluminio XLPE 250 kcmil 35 kV 133% Neutro Concéntrico N=1/3";"pendiente_investigacion";"Procables/Facelec/Powercable";"";"https://cablescolombia.com/producto/media-tension-aluminio-90-c-xlpe-15kv-133-pc-pvc-2-awg";"";"https://multimedia02.s3.us-east-2.amazonaws.com/Produccion/tiendas/127/productos/40444/e5f2f8547c565915.webp";"autorizada";"confirmed-by-surtilec-2026-08-03";"pendiente";"IMAGEN GENÉRICA DE FAMILIA (92% familia, material AL) tomada de ""Media Tensión Aluminio 90°C XLPE Hilos 35 kV 100% N=1/3 PVC 1/0 AWG"" en cablescolombia.com. Reemplazar por foto exacta antes de publicar.";"Pendiente de verificación - Media Tensión Aluminio 90°C XLPE Hilos 35 kV 133% N=1/3 PVC 250 kcmil"
"SRT-PENDING-05BE371389F4";"Cable Media Tensión Aluminio XLPE 350 kcmil 35 kV 133% Neutro Concéntrico N=1/3";"pendiente_investigacion";"Procables/Facelec/Powercable";"";"https://cablescolombia.com/producto/media-tension-aluminio-90-c-xlpe-15kv-133-pc-pvc-2-awg";"";"https://multimedia02.s3.us-east-2.amazonaws.com/Produccion/tiendas/127/productos/40444/e5f2f8547c565915.webp";"autorizada";"confirmed-by-surtilec-2026-08-03";"pendiente";"IMAGEN GENÉRICA DE FAMILIA (92% familia, material AL) tomada de ""Media Tensión Aluminio 90°C XLPE Hilos 35 kV 100% N=1/3 PVC 1/0 AWG"" en cablescolombia.com. Reemplazar por foto exacta antes de publicar.";"Pendiente de verificación - Media Tensión Aluminio 90°C XLPE Hilos 35 kV 133% N=1/3 PVC 350 kcmil"
"SRT-PENDING-45A5EB711460";"Cable Media Tensión Aluminio XLPE 500 kcmil 35 kV 133% Neutro Concéntrico N=1/3";"pendiente_investigacion";"Procables/Facelec/Powercable";"";"https://cablescolombia.com/producto/media-tension-aluminio-90-c-xlpe-15kv-133-pc-pvc-2-awg";"";"https://multimedia02.s3.us-east-2.amazonaws.com/Produccion/tiendas/127/productos/40444/e5f2f8547c565915.webp";"autorizada";"confirmed-by-surtilec-2026-08-03";"pendiente";"IMAGEN GENÉRICA DE FAMILIA (92% familia, material AL) tomada de ""Media Tensión Aluminio 90°C XLPE Hilos 35 kV 100% N=1/3 PVC 1/0 AWG"" en cablescolombia.com. Reemplazar por foto exacta antes de publicar.";"Pendiente de verificación - Media Tensión Aluminio 90°C XLPE Hilos 35 kV 133% N=1/3 PVC 500 kcmil"
"SRT-PENDING-2B279C123F20";"Cable Media Tensión Aluminio XLPE 1/0 AWG 15 kV 100%";"pendiente_investigacion";"Procables/Facelec/Powercable";"";"https://cablescolombia.com/producto/media-tension-aluminio-90-c-xlpe-15kv-133-pc-pvc-2-awg";"";"https://multimedia02.s3.us-east-2.amazonaws.com/Produccion/tiendas/127/productos/40444/e5f2f8547c565915.webp";"autorizada";"confirmed-by-surtilec-2026-08-03";"pendiente";"IMAGEN GENÉRICA DE FAMILIA (regla ""15kv|13\.2kv|34\.5kv"") tomada de ""Media Tensión Aluminio XLPE 35kV 133% PC PVC 2 AWG"" en cablescolombia.com. Puede diferir en calibre, color y construcción. Reemplazar por foto exacta antes de publicar.";"Pendiente de verificación - Cable Aluminio 1/0 AWG 15kV PH 100% N 100%"
"SRT-PENDING-8190551DE932";"Cable Media Tensión Aluminio XLPE 1/0 AWG 15 kV 133%";"pendiente_investigacion";"Procables/Facelec/Powercable";"";"https://cablescolombia.com/producto/media-tension-aluminio-90-c-xlpe-15kv-133-pc-pvc-2-awg";"";"https://multimedia02.s3.us-east-2.amazonaws.com/Produccion/tiendas/127/productos/40444/e5f2f8547c565915.webp";"autorizada";"confirmed-by-surtilec-2026-08-03";"pendiente";"IMAGEN GENÉRICA DE FAMILIA (regla ""15kv|13\.2kv|34\.5kv"") tomada de ""Media Tensión Aluminio XLPE 35kV 133% PC PVC 2 AWG"" en cablescolombia.com. Puede diferir en calibre, color y construcción. Reemplazar por foto exacta antes de publicar.";"Pendiente de verificación - Cable Aluminio 1/0 AWG 15kV PH 133%"
"SRT-PENDING-A6E3F754CE04";"Cable Media Tensión Aluminio XLPE 185 mm_ 15 kV 100% Pantalla de Hilos";"pendiente_investigacion";"Procables/Facelec/Powercable";"";"https://cablescolombia.com/producto/media-tension-aluminio-90-c-xlpe-15kv-133-pc-pvc-2-awg";"";"https://multimedia02.s3.us-east-2.amazonaws.com/Produccion/tiendas/127/productos/40444/e5f2f8547c565915.webp";"autorizada";"confirmed-by-surtilec-2026-08-03";"pendiente";"IMAGEN GENÉRICA DE FAMILIA (regla ""15kv|13\.2kv|34\.5kv"") tomada de ""Media Tensión Aluminio XLPE 35kV 133% PC PVC 2 AWG"" en cablescolombia.com. Puede diferir en calibre, color y construcción. Reemplazar por foto exacta antes de publicar.";"Pendiente de verificación - Cable Aluminio 185mm_ 15kV PH 100%"
"SRT-PENDING-5DBBBDA2896B";"Cable Media Tensión Aluminio XLPE 240 mm_ 15 kV 100% Pantalla de Hilos";"pendiente_investigacion";"Procables/Facelec/Powercable";"";"https://cablescolombia.com/producto/media-tension-aluminio-90-c-xlpe-15kv-133-pc-pvc-2-awg";"";"https://multimedia02.s3.us-east-2.amazonaws.com/Produccion/tiendas/127/productos/40444/e5f2f8547c565915.webp";"autorizada";"confirmed-by-surtilec-2026-08-03";"pendiente";"IMAGEN GENÉRICA DE FAMILIA (regla ""15kv|13\.2kv|34\.5kv"") tomada de ""Media Tensión Aluminio XLPE 35kV 133% PC PVC 2 AWG"" en cablescolombia.com. Puede diferir en calibre, color y construcción. Reemplazar por foto exacta antes de publicar.";"Pendiente de verificación - Cable Aluminio 240mm_ 15kV PH 100%"
"SRT-PENDING-A2FFEA41745E";"Cable Media Tensión Aluminio XLPE 95 mm_ 15 kV 100% Pantalla de Hilos";"pendiente_investigacion";"Procables/Facelec/Powercable";"";"https://cablescolombia.com/producto/media-tension-aluminio-90-c-xlpe-15kv-133-pc-pvc-2-awg";"";"https://multimedia02.s3.us-east-2.amazonaws.com/Produccion/tiendas/127/productos/40444/e5f2f8547c565915.webp";"autorizada";"confirmed-by-surtilec-2026-08-03";"pendiente";"IMAGEN GENÉRICA DE FAMILIA (regla ""15kv|13\.2kv|34\.5kv"") tomada de ""Media Tensión Aluminio XLPE 35kV 133% PC PVC 2 AWG"" en cablescolombia.com. Puede diferir en calibre, color y construcción. Reemplazar por foto exacta antes de publicar.";"Pendiente de verificación - Cable Aluminio 95mm_ 15kV PH 100%"
"SRT-PENDING-D5281A627DB0";"Cable Media Tensión Aluminio XLPE 70 mm_ 15 kV 100% Pantalla de Hilos";"pendiente_investigacion";"Procables/Facelec/Powercable";"";"https://cablescolombia.com/producto/media-tension-aluminio-90-c-xlpe-15kv-133-pc-pvc-2-awg";"";"https://multimedia02.s3.us-east-2.amazonaws.com/Produccion/tiendas/127/productos/40444/e5f2f8547c565915.webp";"autorizada";"confirmed-by-surtilec-2026-08-03";"pendiente";"IMAGEN GENÉRICA DE FAMILIA (regla ""15kv|13\.2kv|34\.5kv"") tomada de ""Media Tensión Aluminio XLPE 35kV 133% PC PVC 2 AWG"" en cablescolombia.com. Puede diferir en calibre, color y construcción. Reemplazar por foto exacta antes de publicar.";"Pendiente de verificación - Cable Aluminio 70mm_ 15kV PH 100%"
"SRT-PENDING-34EF4D91B8ED";"Cable Media Tensión Aluminio XLPE 240 mm_ 15 kV 133% Pantalla de Hilos";"pendiente_investigacion";"Procables/Facelec/Powercable";"";"https://cablescolombia.com/producto/media-tension-aluminio-90-c-xlpe-15kv-133-pc-pvc-2-awg";"";"https://multimedia02.s3.us-east-2.amazonaws.com/Produccion/tiendas/127/productos/40444/e5f2f8547c565915.webp";"autorizada";"confirmed-by-surtilec-2026-08-03";"pendiente";"IMAGEN GENÉRICA DE FAMILIA (regla ""15kv|13\.2kv|34\.5kv"") tomada de ""Media Tensión Aluminio XLPE 35kV 133% PC PVC 2 AWG"" en cablescolombia.com. Puede diferir en calibre, color y construcción. Reemplazar por foto exacta antes de publicar.";"Pendiente de verificación - Cable Aluminio 240mm_ 15kV PH 133%"
"SRT-PENDING-3FCD38309023";"Cable Media Tensión Aluminio XLPE 185 mm_ 15 kV 133% Pantalla de Hilos";"pendiente_investigacion";"Procables/Facelec/Powercable";"";"https://cablescolombia.com/producto/media-tension-aluminio-90-c-xlpe-15kv-133-pc-pvc-2-awg";"";"https://multimedia02.s3.us-east-2.amazonaws.com/Produccion/tiendas/127/productos/40444/e5f2f8547c565915.webp";"autorizada";"confirmed-by-surtilec-2026-08-03";"pendiente";"IMAGEN GENÉRICA DE FAMILIA (regla ""15kv|13\.2kv|34\.5kv"") tomada de ""Media Tensión Aluminio XLPE 35kV 133% PC PVC 2 AWG"" en cablescolombia.com. Puede diferir en calibre, color y construcción. Reemplazar por foto exacta antes de publicar.";"Pendiente de verificación - Cable Aluminio 185mm_ 15kV PH 133%"
"SRT-PENDING-EF8381DEF90E";"Cable Media Tensión Aluminio XLPE 120 mm_ 15 kV 133% Pantalla de Hilos";"pendiente_investigacion";"Procables/Facelec/Powercable";"";"https://cablescolombia.com/producto/media-tension-aluminio-90-c-xlpe-15kv-133-pc-pvc-2-awg";"";"https://multimedia02.s3.us-east-2.amazonaws.com/Produccion/tiendas/127/productos/40444/e5f2f8547c565915.webp";"autorizada";"confirmed-by-surtilec-2026-08-03";"pendiente";"IMAGEN GENÉRICA DE FAMILIA (regla ""15kv|13\.2kv|34\.5kv"") tomada de ""Media Tensión Aluminio XLPE 35kV 133% PC PVC 2 AWG"" en cablescolombia.com. Puede diferir en calibre, color y construcción. Reemplazar por foto exacta antes de publicar.";"Pendiente de verificación - Cable Aluminio 120mm_ 15kV PH 133%"
"SRT-PENDING-C474385D0CD5";"Cable Media Tensión Aluminio XLPE 95 mm_ 15 kV 133% Pantalla de Hilos";"pendiente_investigacion";"Procables/Facelec/Powercable";"";"https://cablescolombia.com/producto/media-tension-aluminio-90-c-xlpe-15kv-133-pc-pvc-2-awg";"";"https://multimedia02.s3.us-east-2.amazonaws.com/Produccion/tiendas/127/productos/40444/e5f2f8547c565915.webp";"autorizada";"confirmed-by-surtilec-2026-08-03";"pendiente";"IMAGEN GENÉRICA DE FAMILIA (regla ""15kv|13\.2kv|34\.5kv"") tomada de ""Media Tensión Aluminio XLPE 35kV 133% PC PVC 2 AWG"" en cablescolombia.com. Puede diferir en calibre, color y construcción. Reemplazar por foto exacta antes de publicar.";"Pendiente de verificación - Cable Aluminio 95mm_ 15kV PH 133%"
"SRT-PENDING-58249E8B06CE";"Cable Media Tensión Aluminio XLPE 70 mm_ 15 kV 133% Pantalla de Hilos";"pendiente_investigacion";"Procables/Facelec/Powercable";"";"https://cablescolombia.com/producto/media-tension-aluminio-90-c-xlpe-15kv-133-pc-pvc-2-awg";"";"https://multimedia02.s3.us-east-2.amazonaws.com/Produccion/tiendas/127/productos/40444/e5f2f8547c565915.webp";"autorizada";"confirmed-by-surtilec-2026-08-03";"pendiente";"IMAGEN GENÉRICA DE FAMILIA (regla ""15kv|13\.2kv|34\.5kv"") tomada de ""Media Tensión Aluminio XLPE 35kV 133% PC PVC 2 AWG"" en cablescolombia.com. Puede diferir en calibre, color y construcción. Reemplazar por foto exacta antes de publicar.";"Pendiente de verificación - Cable Aluminio 70mm_ 15kV PH 133%"
"SRT-PENDING-BBA3D6BF9EDC";"Cable Media Tensión Aluminio XLPE 15 kV 100% Pantalla de Cobre";"pendiente_investigacion";"Procables/Facelec/Powercable";"";"https://cablescolombia.com/producto/cable-media-tension-aluminio-90-c-xlpe-15kv-no-4-0-100-pc-pvc";"";"https://multimedia02.s3.us-east-2.amazonaws.com/Produccion/tiendas/127/productos/38468/a7b90be46d857340.webp";"autorizada";"confirmed-by-surtilec-2026-08-03";"pendiente";"IMAGEN GENÉRICA DE FAMILIA (100% familia/material/color) tomada de ""MEDIA TENSION ALUMINIO 90C XLPE 15KV NO 4/0 100% PC PVC"" en cablescolombia.com — mismo tipo y color, calibre distinto. Reemplazar por foto exacta antes de publicar.";"Pendiente de verificación - Cable Media Tensión Aluminio 90°C XLPE 15kV No 2 100% PC PVC"
"SRT-PENDING-A54804483E6B";"Cable Media Tensión Aluminio XLPE 350 kcmil 15 kV 100% Pantalla de Cobre";"pendiente_investigacion";"Procables/Facelec/Powercable";"";"https://cablescolombia.com/producto/cable-media-tension-aluminio-90-c-xlpe-15kv-no-350-kcmil-100-pc-pvc";"";"https://multimedia02.s3.us-east-2.amazonaws.com/Produccion/tiendas/127/productos/589/b08fba9390361572.webp";"autorizada";"confirmed-by-surtilec-2026-08-03";"pendiente";"Imagen sugerida automáticamente desde cablescolombia.com — similitud 91% con ""MEDIA TENSION ALUMINIO 90C XLPE 15KV NO 350 KCMIL 100% PC PVC"". Verificar visualmente y obtener permiso antes de publicar.";"Pendiente de verificación - Cable Media Tensión Aluminio 90°C XLPE 15kV No 350 kcmil 100% PC PVC"
"SRT-PENDING-203BBF52C5D5";"Cable Media Tensión Aluminio XLPE 500 kcmil 15 kV 100% Pantalla de Cobre";"pendiente_investigacion";"Procables/Facelec/Powercable";"";"https://cablescolombia.com/producto/cable-media-tension-aluminio-90-c-xlpe-15kv-no-500-kcmil-100-pc-pvc";"";"https://multimedia02.s3.us-east-2.amazonaws.com/Produccion/tiendas/127/productos/590/f0cfb6aec06a3f66.webp";"autorizada";"confirmed-by-surtilec-2026-08-03";"pendiente";"Imagen sugerida automáticamente desde cablescolombia.com — similitud 91% con ""MEDIA TENSION ALUMINIO 90C XLPE 15KV NO 500 KCMIL 100% PC PVC"". Verificar visualmente y obtener permiso antes de publicar.";"Pendiente de verificación - Cable Media Tensión Aluminio 90°C XLPE 15kV No 500 Kcmil 100% PC PVC"
"SRT-PENDING-CB612095409C";"Cable Media Tensión Aluminio XLPE 4/0 AWG 15 kV 100% Pantalla de Cobre";"pendiente_investigacion";"Procables/Facelec/Powercable";"";"https://cablescolombia.com/producto/cable-media-tension-aluminio-90-c-xlpe-15kv-no-4-0-100-pc-pvc";"";"https://multimedia02.s3.us-east-2.amazonaws.com/Produccion/tiendas/127/productos/38468/a7b90be46d857340.webp";"autorizada";"confirmed-by-surtilec-2026-08-03";"pendiente";"Imagen sugerida automáticamente desde cablescolombia.com — similitud 91% con ""MEDIA TENSION ALUMINIO 90C XLPE 15KV NO 4/0 100% PC PVC"". Verificar visualmente y obtener permiso antes de publicar.";"Pendiente de verificación - Cable Media Tensión Aluminio 90°C XLPE 15kV No 4/0 100% PC PVC"
"SRT-PENDING-CB6E228A3272";"Cable Media Tensión Aluminio XLPE 1/0 AWG 15 kV 100% Pantalla de Cobre";"pendiente_investigacion";"Procables/Facelec/Powercable";"";"https://cablescolombia.com/producto/cable-media-tension-aluminio-90-c-xlpe-15kv-no-1-0-100-pc-pvc";"";"https://multimedia02.s3.us-east-2.amazonaws.com/Produccion/tiendas/127/productos/40420/91ea3b7ab683cb6c.webp";"autorizada";"confirmed-by-surtilec-2026-08-03";"pendiente";"Imagen sugerida automáticamente desde cablescolombia.com — similitud 91% con ""MEDIA TENSION ALUMINIO 90C XLPE 15KV NO 1/0 100% PC PVC"". Verificar visualmente y obtener permiso antes de publicar.";"Pendiente de verificación - Cable Media Tensión Aluminio 90°C XLPE 15kV No 1/0 100% PC PVC"
"SRT-PENDING-2929BC6D87A2";"Cable Media Tensión Aluminio XLPE 2/0 AWG 15 kV 100% Pantalla de Cobre";"pendiente_investigacion";"Procables/Facelec/Powercable";"";"https://cablescolombia.com/producto/cable-media-tension-aluminio-90-c-xlpe-15kv-no-2-0-100-pc-pvc";"";"https://multimedia02.s3.us-east-2.amazonaws.com/Produccion/tiendas/127/productos/40421/d1506ff52712af39066b7a36a5d6253d.webp";"autorizada";"confirmed-by-surtilec-2026-08-03";"pendiente";"Imagen sugerida automáticamente desde cablescolombia.com — similitud 91% con ""MEDIA TENSION ALUMINIO 90C XLPE 15KV NO 2/0 100% PC PVC"". Verificar visualmente y obtener permiso antes de publicar.";"Pendiente de verificación - Cable Media Tensión Aluminio 90°C XLPE 15kV No 2/0 100% PC PVC"
"SRT-PENDING-AA1D791BFE33";"Cable Media Tensión Aluminio XLPE 3/0 AWG 15 kV 100% Pantalla de Cobre";"pendiente_investigacion";"Procables/Facelec/Powercable";"";"https://cablescolombia.com/producto/cable-media-tension-aluminio-90-c-xlpe-15kv-no-4-0-100-pc-pvc";"";"https://multimedia02.s3.us-east-2.amazonaws.com/Produccion/tiendas/127/productos/38468/a7b90be46d857340.webp";"autorizada";"confirmed-by-surtilec-2026-08-03";"pendiente";"IMAGEN GENÉRICA DE FAMILIA (100% familia/material/color) tomada de ""MEDIA TENSION ALUMINIO 90C XLPE 15KV NO 4/0 100% PC PVC"" en cablescolombia.com — mismo tipo y color, calibre distinto. Reemplazar por foto exacta antes de publicar.";"Pendiente de verificación - Cable Media Tensión Aluminio 90°C XLPE 15kV No 3/0 100% PC PVC"
"SRT-PENDING-C65574C8189E";"Cable Media Tensión Aluminio XLPE 250 kcmil 15 kV 100% Pantalla de Cobre";"pendiente_investigacion";"Procables/Facelec/Powercable";"";"https://cablescolombia.com/producto/cable-media-tension-aluminio-90-c-xlpe-15kv-no-250-kcmil-100-pc-pvc";"";"https://multimedia02.s3.us-east-2.amazonaws.com/Produccion/tiendas/127/productos/40425/b3998212387123f8.webp";"autorizada";"confirmed-by-surtilec-2026-08-03";"pendiente";"Imagen sugerida automáticamente desde cablescolombia.com — similitud 91% con ""MEDIA TENSION ALUMINIO 90C XLPE 15KV NO 250 KCMIL 100% PC PVC"". Verificar visualmente y obtener permiso antes de publicar.";"Pendiente de verificación - Cable Media Tensión Aluminio 90°C XLPE 15kV No 250 Kcmil 100% PC PVC"
"SRT-PENDING-8C1CDD016042";"Cable Media Tensión Aluminio XLPE 2 AWG 15 kV 133% Pantalla de Cobre";"pendiente_investigacion";"Procables/Facelec/Powercable";"";"https://cablescolombia.com/producto/media-tension-aluminio-90-c-xlpe-15kv-133-pc-pvc-2-awg";"";"https://multimedia02.s3.us-east-2.amazonaws.com/Produccion/tiendas/127/productos/40444/e5f2f8547c565915.webp";"autorizada";"confirmed-by-surtilec-2026-08-03";"pendiente";"Imagen sugerida automáticamente desde cablescolombia.com — similitud 95% con ""MEDIA TENSION ALUMINIO 90C XLPE 15KV 133% PC PVC 2 AWG"". Verificar visualmente y obtener permiso antes de publicar.";"Pendiente de verificación - Media Tensión Aluminio 90°C XLPE 15kV 133% PC PVC 2 AWG"
"SRT-PENDING-D27B33BF98AF";"Cable Media Tensión Aluminio XLPE 1/0 AWG 15 kV 133% Pantalla de Cobre";"pendiente_investigacion";"Procables/Facelec/Powercable";"";"https://cablescolombia.com/producto/media-tension-aluminio-90-c-xlpe-15kv-133-pc-pvc-2-awg";"";"https://multimedia02.s3.us-east-2.amazonaws.com/Produccion/tiendas/127/productos/40444/e5f2f8547c565915.webp";"autorizada";"confirmed-by-surtilec-2026-08-03";"pendiente";"IMAGEN GENÉRICA DE FAMILIA (100% familia/material/color) tomada de ""MEDIA TENSION ALUMINIO 90C XLPE 15KV 133% PC PVC 2 AWG"" en cablescolombia.com — mismo tipo y color, calibre distinto. Reemplazar por foto exacta antes de publicar.";"Pendiente de verificación - Media Tensión Aluminio 90°C XLPE 15kV 133% PC PVC 1/0 AWG"
"SRT-PENDING-4C2645D6F44E";"Cable Media Tensión Aluminio XLPE 2/0 AWG 15 kV 133% Pantalla de Cobre";"pendiente_investigacion";"Procables/Facelec/Powercable";"";"https://cablescolombia.com/producto/media-tension-aluminio-90-c-xlpe-15kv-133-pc-pvc-2-0-awg";"";"https://multimedia02.s3.us-east-2.amazonaws.com/Produccion/tiendas/127/productos/40446/924ba3f4641fb1c9.webp";"autorizada";"confirmed-by-surtilec-2026-08-03";"pendiente";"Imagen sugerida automáticamente desde cablescolombia.com — similitud 96% con ""MEDIA TENSION ALUMINIO 90C XLPE 15KV 133% PC PVC 2/0 AWG"". Verificar visualmente y obtener permiso antes de publicar.";"Pendiente de verificación - Media Tensión Aluminio 90°C XLPE 15kV 133% PC PVC 2/0 AWG"
"SRT-PENDING-4D475875C29C";"Cable Media Tensión Aluminio XLPE 3/0 AWG 15 kV 133% Pantalla de Cobre";"pendiente_investigacion";"Procables/Facelec/Powercable";"";"https://cablescolombia.com/producto/media-tension-aluminio-90-c-xlpe-15kv-133-pc-pvc-2-awg";"";"https://multimedia02.s3.us-east-2.amazonaws.com/Produccion/tiendas/127/productos/40444/e5f2f8547c565915.webp";"autorizada";"confirmed-by-surtilec-2026-08-03";"pendiente";"IMAGEN GENÉRICA DE FAMILIA (100% familia/material/color) tomada de ""MEDIA TENSION ALUMINIO 90C XLPE 15KV 133% PC PVC 2 AWG"" en cablescolombia.com — mismo tipo y color, calibre distinto. Reemplazar por foto exacta antes de publicar.";"Pendiente de verificación - Media Tensión Aluminio 90°C XLPE 15kV 133% PC PVC 3/0 AWG"
"SRT-PENDING-697D8A7D63E2";"Cable Media Tensión Aluminio XLPE 4/0 AWG 15 kV 133% Pantalla de Cobre";"pendiente_investigacion";"Procables/Facelec/Powercable";"";"https://cablescolombia.com/producto/media-tension-aluminio-90-c-xlpe-15kv-133-pc-pvc-4-0-awg";"";"https://multimedia02.s3.us-east-2.amazonaws.com/Produccion/tiendas/127/productos/40448/58d97a337df020bc.webp";"autorizada";"confirmed-by-surtilec-2026-08-03";"pendiente";"Imagen sugerida automáticamente desde cablescolombia.com — similitud 96% con ""MEDIA TENSION ALUMINIO 90C XLPE 15KV 133% PC PVC 4/0 AWG"". Verificar visualmente y obtener permiso antes de publicar.";"Pendiente de verificación - Media Tensión Aluminio 90°C XLPE 15kV 133% PC PVC 4/0 AWG"
"SRT-PENDING-EED5A17010C9";"Cable Media Tensión Aluminio XLPE 250 kcmil 15 kV 133% Pantalla de Cobre";"pendiente_investigacion";"Procables/Facelec/Powercable";"";"https://cablescolombia.com/producto/cable-media-tension-aluminio-90-c-xlpe-15kv-no-350-kcmil-100-pc-pvc";"";"https://multimedia02.s3.us-east-2.amazonaws.com/Produccion/tiendas/127/productos/589/b08fba9390361572.webp";"autorizada";"confirmed-by-surtilec-2026-08-03";"pendiente";"IMAGEN GENÉRICA DE FAMILIA (94% familia/material/color) tomada de ""MEDIA TENSION ALUMINIO 90C XLPE 15KV NO 350 KCMIL 100% PC PVC"" en cablescolombia.com — mismo tipo y color, calibre distinto. Reemplazar por foto exacta antes de publicar.";"Pendiente de verificación - Media Tensión Aluminio 90°C XLPE 15kV 133% PC PVC 250 kcmil"
"SRT-PENDING-6106DBF723E4";"Cable Media Tensión Aluminio XLPE 350 kcmil 15 kV 133% Pantalla de Cobre";"pendiente_investigacion";"Procables/Facelec/Powercable";"";"https://cablescolombia.com/producto/cable-media-tension-aluminio-90-c-xlpe-15kv-no-350-kcmil-100-pc-pvc";"";"https://multimedia02.s3.us-east-2.amazonaws.com/Produccion/tiendas/127/productos/589/b08fba9390361572.webp";"autorizada";"confirmed-by-surtilec-2026-08-03";"pendiente";"IMAGEN GENÉRICA DE FAMILIA (94% familia/material/color) tomada de ""MEDIA TENSION ALUMINIO 90C XLPE 15KV NO 350 KCMIL 100% PC PVC"" en cablescolombia.com — mismo tipo y color, calibre distinto. Reemplazar por foto exacta antes de publicar.";"Pendiente de verificación - Media Tensión Aluminio 90°C XLPE 15kV 133% PC PVC 350 kcmil"
"SRT-PENDING-41719E3AD7A9";"Cable Media Tensión Aluminio XLPE 500 kcmil 15 kV 133% Pantalla de Cobre";"pendiente_investigacion";"Procables/Facelec/Powercable";"";"https://cablescolombia.com/producto/cable-media-tension-aluminio-90-c-xlpe-15kv-no-350-kcmil-100-pc-pvc";"";"https://multimedia02.s3.us-east-2.amazonaws.com/Produccion/tiendas/127/productos/589/b08fba9390361572.webp";"autorizada";"confirmed-by-surtilec-2026-08-03";"pendiente";"IMAGEN GENÉRICA DE FAMILIA (94% familia/material/color) tomada de ""MEDIA TENSION ALUMINIO 90C XLPE 15KV NO 350 KCMIL 100% PC PVC"" en cablescolombia.com — mismo tipo y color, calibre distinto. Reemplazar por foto exacta antes de publicar.";"Pendiente de verificación - Media Tensión Aluminio 90°C XLPE 15kV 133% PC PVC 500 kcmil"
"SRT-PENDING-2E1E744FA0B7";"Cable Media Tensión Aluminio XLPE 2 AWG 15 kV 100% Neutro Concéntrico N=1/3";"pendiente_investigacion";"Procables/Facelec/Powercable";"";"https://cablescolombia.com/producto/media-tension-aluminio-90-c-xlpe-15kv-133-pc-pvc-2-awg";"";"https://multimedia02.s3.us-east-2.amazonaws.com/Produccion/tiendas/127/productos/40444/e5f2f8547c565915.webp";"autorizada";"confirmed-by-surtilec-2026-08-03";"pendiente";"IMAGEN GENÉRICA DE FAMILIA (78% familia/material/color) tomada de ""MEDIA TENSION ALUMINIO 90C XLPE 15KV 133% PC PVC 2 AWG"" en cablescolombia.com — mismo tipo y color, calibre distinto. Reemplazar por foto exacta antes de publicar.";"Pendiente de verificación - Media Tensión Aluminio 90°C XLPE Hilos 15 kV 100% N=1/3 PVC 2 AWG"
"SRT-PENDING-A4394BCB4A1A";"Cable Media Tensión Aluminio XLPE 1/0 AWG 15 kV 100% Neutro Concéntrico N=1/3";"pendiente_investigacion";"Procables/Facelec/Powercable";"";"https://cablescolombia.com/producto/media-tension-aluminio-90-c-xlpe-15kv-133-pc-pvc-2-awg";"";"https://multimedia02.s3.us-east-2.amazonaws.com/Produccion/tiendas/127/productos/40444/e5f2f8547c565915.webp";"autorizada";"confirmed-by-surtilec-2026-08-03";"pendiente";"IMAGEN GENÉRICA DE FAMILIA (78% familia/material/color) tomada de ""MEDIA TENSION ALUMINIO 90C XLPE 15KV 133% PC PVC 2 AWG"" en cablescolombia.com — mismo tipo y color, calibre distinto. Reemplazar por foto exacta antes de publicar.";"Pendiente de verificación - Media Tensión Aluminio 90°C XLPE Hilos 15 kV 100% N=1/3 PVC 1/0 AWG"
"SRT-PENDING-B957BF39DB5A";"Cable Media Tensión Aluminio XLPE 2/0 AWG 15 kV 100% Neutro Concéntrico N=1/3";"pendiente_investigacion";"Procables/Facelec/Powercable";"";"https://cablescolombia.com/producto/media-tension-aluminio-90-c-xlpe-15kv-133-pc-pvc-2-awg";"";"https://multimedia02.s3.us-east-2.amazonaws.com/Produccion/tiendas/127/productos/40444/e5f2f8547c565915.webp";"autorizada";"confirmed-by-surtilec-2026-08-03";"pendiente";"IMAGEN GENÉRICA DE FAMILIA (78% familia/material/color) tomada de ""MEDIA TENSION ALUMINIO 90C XLPE 15KV 133% PC PVC 2 AWG"" en cablescolombia.com — mismo tipo y color, calibre distinto. Reemplazar por foto exacta antes de publicar.";"Pendiente de verificación - Media Tensión Aluminio 90°C XLPE Hilos 15 kV 100% N=1/3 PVC 2/0 AWG"
"SRT-PENDING-4A63CBD45621";"Cable Media Tensión Aluminio XLPE 3/0 AWG 15 kV 100% Neutro Concéntrico N=1/3";"pendiente_investigacion";"Procables/Facelec/Powercable";"";"https://cablescolombia.com/producto/media-tension-aluminio-90-c-xlpe-15kv-133-pc-pvc-2-awg";"";"https://multimedia02.s3.us-east-2.amazonaws.com/Produccion/tiendas/127/productos/40444/e5f2f8547c565915.webp";"autorizada";"confirmed-by-surtilec-2026-08-03";"pendiente";"IMAGEN GENÉRICA DE FAMILIA (78% familia/material/color) tomada de ""MEDIA TENSION ALUMINIO 90C XLPE 15KV 133% PC PVC 2 AWG"" en cablescolombia.com — mismo tipo y color, calibre distinto. Reemplazar por foto exacta antes de publicar.";"Pendiente de verificación - Media Tensión Aluminio 90°C XLPE Hilos 15 kV 100% N=1/3 PVC 3/0 AWG"
"SRT-PENDING-C08BCCBE5E8A";"Cable Media Tensión Aluminio XLPE 4/0 AWG 15 kV 100% Neutro Concéntrico N=1/3";"pendiente_investigacion";"Procables/Facelec/Powercable";"";"https://cablescolombia.com/producto/media-tension-aluminio-90-c-xlpe-15kv-133-pc-pvc-2-awg";"";"https://multimedia02.s3.us-east-2.amazonaws.com/Produccion/tiendas/127/productos/40444/e5f2f8547c565915.webp";"autorizada";"confirmed-by-surtilec-2026-08-03";"pendiente";"IMAGEN GENÉRICA DE FAMILIA (78% familia/material/color) tomada de ""MEDIA TENSION ALUMINIO 90C XLPE 15KV 133% PC PVC 2 AWG"" en cablescolombia.com — mismo tipo y color, calibre distinto. Reemplazar por foto exacta antes de publicar.";"Pendiente de verificación - Media Tensión Aluminio 90°C XLPE Hilos 15 kV 100% N=1/3 PVC 4/0 AWG"
"SRT-PENDING-DA1DDA0F1AE4";"Cable Media Tensión Aluminio XLPE 350 kcmil 15 kV 100% Neutro Concéntrico N=1/3";"pendiente_investigacion";"Procables/Facelec/Powercable";"";"https://cablescolombia.com/producto/media-tension-aluminio-90-c-xlpe-15kv-133-pc-pvc-2-awg";"";"https://multimedia02.s3.us-east-2.amazonaws.com/Produccion/tiendas/127/productos/40444/e5f2f8547c565915.webp";"autorizada";"confirmed-by-surtilec-2026-08-03";"pendiente";"IMAGEN GENÉRICA DE FAMILIA (92% familia, material AL) tomada de ""Media Tensión Aluminio 90°C XLPE Hilos 35 kV 100% N=1/3 PVC 1/0 AWG"" en cablescolombia.com. Reemplazar por foto exacta antes de publicar.";"Pendiente de verificación - Media Tensión Aluminio 90°C XLPE Hilos 15 kV 100% N=1/3 PVC 350 kcmil"
"SRT-PENDING-FC3EF16AF7AB";"Cable Media Tensión Aluminio XLPE 500 kcmil 15 kV 100% Neutro Concéntrico N=1/3";"pendiente_investigacion";"Procables/Facelec/Powercable";"";"https://cablescolombia.com/producto/media-tension-aluminio-90-c-xlpe-15kv-133-pc-pvc-2-awg";"";"https://multimedia02.s3.us-east-2.amazonaws.com/Produccion/tiendas/127/productos/40444/e5f2f8547c565915.webp";"autorizada";"confirmed-by-surtilec-2026-08-03";"pendiente";"IMAGEN GENÉRICA DE FAMILIA (92% familia, material AL) tomada de ""Media Tensión Aluminio 90°C XLPE Hilos 35 kV 100% N=1/3 PVC 1/0 AWG"" en cablescolombia.com. Reemplazar por foto exacta antes de publicar.";"Pendiente de verificación - Media Tensión Aluminio 90°C XLPE Hilos 15 kV 100% N=1/3 PVC 500 kcmil"
"SRT-PENDING-3D4135D6F164";"Cable Media Tensión Aluminio XLPE 2 AWG 15 kV 133% Neutro Concéntrico N=1/3";"pendiente_investigacion";"Procables/Facelec/Powercable";"";"https://cablescolombia.com/producto/media-tension-aluminio-90-c-xlpe-15kv-133-pc-pvc-2-awg";"";"https://multimedia02.s3.us-east-2.amazonaws.com/Produccion/tiendas/127/productos/40444/e5f2f8547c565915.webp";"autorizada";"confirmed-by-surtilec-2026-08-03";"pendiente";"IMAGEN GENÉRICA DE FAMILIA (78% familia/material/color) tomada de ""MEDIA TENSION ALUMINIO 90C XLPE 15KV 133% PC PVC 2 AWG"" en cablescolombia.com — mismo tipo y color, calibre distinto. Reemplazar por foto exacta antes de publicar.";"Pendiente de verificación - Media Tensión Aluminio 90°C XLPE Hilos 15 kV 133% N=1/3 PVC 2 AWG"
"SRT-PENDING-27662CB9D45E";"Cable Media Tensión Aluminio XLPE 1/0 AWG 15 kV 133% Neutro Concéntrico N=1/3";"pendiente_investigacion";"Procables/Facelec/Powercable";"";"https://cablescolombia.com/producto/media-tension-aluminio-90-c-xlpe-15kv-133-pc-pvc-2-awg";"";"https://multimedia02.s3.us-east-2.amazonaws.com/Produccion/tiendas/127/productos/40444/e5f2f8547c565915.webp";"autorizada";"confirmed-by-surtilec-2026-08-03";"pendiente";"IMAGEN GENÉRICA DE FAMILIA (78% familia/material/color) tomada de ""MEDIA TENSION ALUMINIO 90C XLPE 15KV 133% PC PVC 2 AWG"" en cablescolombia.com — mismo tipo y color, calibre distinto. Reemplazar por foto exacta antes de publicar.";"Pendiente de verificación - Media Tensión Aluminio 90°C XLPE Hilos 15 kV 133% N=1/3 PVC 1/0 AWG"
"SRT-PENDING-DA11D6041422";"Cable Media Tensión Aluminio XLPE 2/0 AWG 15 kV 133% Neutro Concéntrico N=1/3";"pendiente_investigacion";"Procables/Facelec/Powercable";"";"https://cablescolombia.com/producto/media-tension-aluminio-90-c-xlpe-15kv-133-pc-pvc-2-awg";"";"https://multimedia02.s3.us-east-2.amazonaws.com/Produccion/tiendas/127/productos/40444/e5f2f8547c565915.webp";"autorizada";"confirmed-by-surtilec-2026-08-03";"pendiente";"IMAGEN GENÉRICA DE FAMILIA (78% familia/material/color) tomada de ""MEDIA TENSION ALUMINIO 90C XLPE 15KV 133% PC PVC 2 AWG"" en cablescolombia.com — mismo tipo y color, calibre distinto. Reemplazar por foto exacta antes de publicar.";"Pendiente de verificación - Media Tensión Aluminio 90°C XLPE Hilos 15 kV 133% N=1/3 PVC 2/0 AWG"
"SRT-PENDING-1DCABF714A1D";"Cable Media Tensión Aluminio XLPE 3/0 AWG 15 kV 133% Neutro Concéntrico N=1/3";"pendiente_investigacion";"Procables/Facelec/Powercable";"";"https://cablescolombia.com/producto/media-tension-aluminio-90-c-xlpe-15kv-133-pc-pvc-2-awg";"";"https://multimedia02.s3.us-east-2.amazonaws.com/Produccion/tiendas/127/productos/40444/e5f2f8547c565915.webp";"autorizada";"confirmed-by-surtilec-2026-08-03";"pendiente";"IMAGEN GENÉRICA DE FAMILIA (78% familia/material/color) tomada de ""MEDIA TENSION ALUMINIO 90C XLPE 15KV 133% PC PVC 2 AWG"" en cablescolombia.com — mismo tipo y color, calibre distinto. Reemplazar por foto exacta antes de publicar.";"Pendiente de verificación - Media Tensión Aluminio 90°C XLPE Hilos 15 kV 133% N=1/3 PVC 3/0 AWG"
"SRT-PENDING-36B099E7846C";"Cable Media Tensión Aluminio XLPE 4/0 AWG 15 kV 133% Neutro Concéntrico N=1/3";"pendiente_investigacion";"Procables/Facelec/Powercable";"";"https://cablescolombia.com/producto/media-tension-aluminio-90-c-xlpe-15kv-133-pc-pvc-2-awg";"";"https://multimedia02.s3.us-east-2.amazonaws.com/Produccion/tiendas/127/productos/40444/e5f2f8547c565915.webp";"autorizada";"confirmed-by-surtilec-2026-08-03";"pendiente";"IMAGEN GENÉRICA DE FAMILIA (78% familia/material/color) tomada de ""MEDIA TENSION ALUMINIO 90C XLPE 15KV 133% PC PVC 2 AWG"" en cablescolombia.com — mismo tipo y color, calibre distinto. Reemplazar por foto exacta antes de publicar.";"Pendiente de verificación - Media Tensión Aluminio 90°C XLPE hilos 15 kV 133% N=1/3 PVC 4/0 AWG"
"SRT-PENDING-4DC0746ECBFB";"Cable Media Tensión Aluminio XLPE 250 kcmil 15 kV 133% Neutro Concéntrico N=1/3";"pendiente_investigacion";"Procables/Facelec/Powercable";"";"https://cablescolombia.com/producto/media-tension-aluminio-90-c-xlpe-15kv-133-pc-pvc-2-awg";"";"https://multimedia02.s3.us-east-2.amazonaws.com/Produccion/tiendas/127/productos/40444/e5f2f8547c565915.webp";"autorizada";"confirmed-by-surtilec-2026-08-03";"pendiente";"IMAGEN GENÉRICA DE FAMILIA (92% familia, material AL) tomada de ""Media Tensión Aluminio 90°C XLPE Hilos 35 kV 100% N=1/3 PVC 1/0 AWG"" en cablescolombia.com. Reemplazar por foto exacta antes de publicar.";"Pendiente de verificación - Media Tensión Aluminio 90°C XLPE Hilos 15 kV 133% N=1/3 PVC 250 kcmil"
"SRT-PENDING-46F0BDD5F53E";"Cable Media Tensión Aluminio XLPE 350 kcmil 15 kV 133% Neutro Concéntrico N=1/3";"pendiente_investigacion";"Procables/Facelec/Powercable";"";"https://cablescolombia.com/producto/media-tension-aluminio-90-c-xlpe-15kv-133-pc-pvc-2-awg";"";"https://multimedia02.s3.us-east-2.amazonaws.com/Produccion/tiendas/127/productos/40444/e5f2f8547c565915.webp";"autorizada";"confirmed-by-surtilec-2026-08-03";"pendiente";"IMAGEN GENÉRICA DE FAMILIA (92% familia, material AL) tomada de ""Media Tensión Aluminio 90°C XLPE Hilos 35 kV 100% N=1/3 PVC 1/0 AWG"" en cablescolombia.com. Reemplazar por foto exacta antes de publicar.";"Pendiente de verificación - Media Tensión Aluminio 90°C XLPE Hilos 15 kV 133% N=1/3 PVC 350 kcmil"
"SRT-PENDING-A4E8ED35EE7F";"Cable Media Tensión Aluminio XLPE 500 kcmil 15 kV 133% Neutro Concéntrico N=1/3";"pendiente_investigacion";"Procables/Facelec/Powercable";"";"https://cablescolombia.com/producto/media-tension-aluminio-90-c-xlpe-15kv-133-pc-pvc-2-awg";"";"https://multimedia02.s3.us-east-2.amazonaws.com/Produccion/tiendas/127/productos/40444/e5f2f8547c565915.webp";"autorizada";"confirmed-by-surtilec-2026-08-03";"pendiente";"IMAGEN GENÉRICA DE FAMILIA (92% familia, material AL) tomada de ""Media Tensión Aluminio 90°C XLPE Hilos 35 kV 100% N=1/3 PVC 1/0 AWG"" en cablescolombia.com. Reemplazar por foto exacta antes de publicar.";"Pendiente de verificación - Media Tensión Aluminio 90°C XLPE Hilos 15 kV 133% N=1/3 PVC 500 kcmil"
"SRT-PENDING-2D373E3FD73E";"Cable Media Tensión Aluminio XLPE 70 mm_ 8,7/15 kV 100% Neutro 25 mm_";"pendiente_investigacion";"Procables/Facelec/Powercable";"";"https://cablescolombia.com/producto/cable-media-tension-aluminio-90-c-xlpe-15kv-no-4-0-100-pc-pvc";"";"https://multimedia02.s3.us-east-2.amazonaws.com/Produccion/tiendas/127/productos/38468/a7b90be46d857340.webp";"autorizada";"confirmed-by-surtilec-2026-08-03";"pendiente";"IMAGEN GENÉRICA DE FAMILIA (75% familia/material/color) tomada de ""MEDIA TENSION ALUMINIO 90C XLPE 15KV NO 4/0 100% PC PVC"" en cablescolombia.com — mismo tipo y color, calibre distinto. Reemplazar por foto exacta antes de publicar.";"Pendiente de verificación - Media Tensión Aluminio 90°C XLPE Hilos 8.7/15kV N=25mm2 PVC 70 mm2"
"SRT-PENDING-DAA55C842BE3";"Cable Media Tensión Aluminio XLPE 95 mm_ 8,7/15 kV 100% Neutro 25 mm_";"pendiente_investigacion";"Procables/Facelec/Powercable";"";"https://cablescolombia.com/producto/cable-media-tension-aluminio-90-c-xlpe-15kv-no-4-0-100-pc-pvc";"";"https://multimedia02.s3.us-east-2.amazonaws.com/Produccion/tiendas/127/productos/38468/a7b90be46d857340.webp";"autorizada";"confirmed-by-surtilec-2026-08-03";"pendiente";"IMAGEN GENÉRICA DE FAMILIA (75% familia/material/color) tomada de ""MEDIA TENSION ALUMINIO 90C XLPE 15KV NO 4/0 100% PC PVC"" en cablescolombia.com — mismo tipo y color, calibre distinto. Reemplazar por foto exacta antes de publicar.";"Pendiente de verificación - Media Tensión Aluminio 90°C XLPE Hilos 8.7/15kV N=25mm2 PVC 95 mm2"
"SRT-PENDING-590D4330D95C";"Cable Media Tensión Aluminio XLPE 120 mm_ 8,7/15 kV 100% Neutro 25 mm_";"pendiente_investigacion";"Procables/Facelec/Powercable";"";"https://cablescolombia.com/producto/cable-media-tension-aluminio-90-c-xlpe-15kv-no-4-0-100-pc-pvc";"";"https://multimedia02.s3.us-east-2.amazonaws.com/Produccion/tiendas/127/productos/38468/a7b90be46d857340.webp";"autorizada";"confirmed-by-surtilec-2026-08-03";"pendiente";"IMAGEN GENÉRICA DE FAMILIA (75% familia/material/color) tomada de ""MEDIA TENSION ALUMINIO 90C XLPE 15KV NO 4/0 100% PC PVC"" en cablescolombia.com — mismo tipo y color, calibre distinto. Reemplazar por foto exacta antes de publicar.";"Pendiente de verificación - Media Tensión Aluminio 90°C XLPE Hilos 8.7/15kV N=25mm2 PVC 120 mm2"
"SRT-PENDING-5F2E45451001";"Cable Media Tensión Aluminio XLPE 185 mm_ 8,7/15 kV 100% Neutro 25 mm_";"pendiente_investigacion";"Procables/Facelec/Powercable";"";"https://cablescolombia.com/producto/cable-media-tension-aluminio-90-c-xlpe-15kv-no-4-0-100-pc-pvc";"";"https://multimedia02.s3.us-east-2.amazonaws.com/Produccion/tiendas/127/productos/38468/a7b90be46d857340.webp";"autorizada";"confirmed-by-surtilec-2026-08-03";"pendiente";"IMAGEN GENÉRICA DE FAMILIA (75% familia/material/color) tomada de ""MEDIA TENSION ALUMINIO 90C XLPE 15KV NO 4/0 100% PC PVC"" en cablescolombia.com — mismo tipo y color, calibre distinto. Reemplazar por foto exacta antes de publicar.";"Pendiente de verificación - Media Tensión Aluminio 90°C XLPE Hilos 8.7/15kV N=25mm2 PVC 185 mm2"
"SRT-PENDING-D9FD95B83E59";"Cable Media Tensión Aluminio XLPE 200 mm_ 8,7/15 kV 100% Neutro 25 mm_";"pendiente_investigacion";"Procables/Facelec/Powercable";"";"https://cablescolombia.com/producto/cable-media-tension-aluminio-90-c-xlpe-15kv-no-4-0-100-pc-pvc";"";"https://multimedia02.s3.us-east-2.amazonaws.com/Produccion/tiendas/127/productos/38468/a7b90be46d857340.webp";"autorizada";"confirmed-by-surtilec-2026-08-03";"pendiente";"IMAGEN GENÉRICA DE FAMILIA (75% familia/material/color) tomada de ""MEDIA TENSION ALUMINIO 90C XLPE 15KV NO 4/0 100% PC PVC"" en cablescolombia.com — mismo tipo y color, calibre distinto. Reemplazar por foto exacta antes de publicar.";"Pendiente de verificación - Media Tensión Aluminio 90°C XLPE Hilos 8.7/15kV N=25mm 200mm2 PVC"
"SRT-PENDING-898C94937850";"Cable Media Tensión Aluminio XLPE 250 kcmil 15 kV 100% Neutro Concéntrico N=1/3";"pendiente_investigacion";"Procables/Facelec/Powercable";"";"https://cablescolombia.com/producto/media-tension-aluminio-90-c-xlpe-15kv-133-pc-pvc-2-awg";"";"https://multimedia02.s3.us-east-2.amazonaws.com/Produccion/tiendas/127/productos/40444/e5f2f8547c565915.webp";"autorizada";"confirmed-by-surtilec-2026-08-03";"pendiente";"IMAGEN GENÉRICA DE FAMILIA (92% familia, material AL) tomada de ""Media Tensión Aluminio 90°C XLPE Hilos 35 kV 100% N=1/3 PVC 1/0 AWG"" en cablescolombia.com. Reemplazar por foto exacta antes de publicar.";"Pendiente de verificación - Media Tensión Aluminio 90°C XLPE Hilos 15 kV 100% N=1/3 PVC 250 kcmil"
"SRT-PENDING-490B7CE2806B";"Cable Media Tensión Cobre XLPE 2/0 AWG 35 kV 100% Pantalla de Cobre";"pendiente_investigacion";"Procables/Facelec/Powercable";"";"https://cablescolombia.com/producto/media-tension-cobre-90-c-xlpe-15kv-no-2-133-pc-pvc";"";"https://multimedia02.s3.us-east-2.amazonaws.com/Produccion/tiendas/127/productos/592/0022cf6b71983686.webp";"autorizada";"confirmed-by-surtilec-2026-08-03";"pendiente";"IMAGEN GENÉRICA DE FAMILIA (100% familia/material/color) tomada de ""MEDIA TENSION COBRE 90C XLPE 15KV NO 2 133% PC PVC"" en cablescolombia.com — mismo tipo y color, calibre distinto. Reemplazar por foto exacta antes de publicar.";"Pendiente de verificación - Media Tensión Cobre 90°C XLPE 35kV No 2/0 100% PC PVC"
"SRT-PENDING-3222B7A7CFD2";"Cable Media Tensión Cobre XLPE 4/0 AWG 35 kV 100% Pantalla de Cobre";"pendiente_investigacion";"Procables/Facelec/Powercable";"";"https://cablescolombia.com/producto/media-tension-cobre-90-c-xlpe-15kv-no-2-133-pc-pvc";"";"https://multimedia02.s3.us-east-2.amazonaws.com/Produccion/tiendas/127/productos/592/0022cf6b71983686.webp";"autorizada";"confirmed-by-surtilec-2026-08-03";"pendiente";"IMAGEN GENÉRICA DE FAMILIA (100% familia/material/color) tomada de ""MEDIA TENSION COBRE 90C XLPE 15KV NO 2 133% PC PVC"" en cablescolombia.com — mismo tipo y color, calibre distinto. Reemplazar por foto exacta antes de publicar.";"Pendiente de verificación - Media Tensión Cobre 90°C XLPE 35kV No 4/0 100% PC PVC"
"SRT-PENDING-56FC23BAFC07";"Cable Media Tensión Cobre XLPE 1/0 AWG 35 kV 133% Pantalla de Cobre";"pendiente_investigacion";"Procables/Facelec/Powercable";"";"https://cablescolombia.com/producto/media-tension-cobre-90-c-xlpe-15kv-no-2-133-pc-pvc";"";"https://multimedia02.s3.us-east-2.amazonaws.com/Produccion/tiendas/127/productos/592/0022cf6b71983686.webp";"autorizada";"confirmed-by-surtilec-2026-08-03";"pendiente";"IMAGEN GENÉRICA DE FAMILIA (100% familia/material/color) tomada de ""MEDIA TENSION COBRE 90C XLPE 15KV NO 2 133% PC PVC"" en cablescolombia.com — mismo tipo y color, calibre distinto. Reemplazar por foto exacta antes de publicar.";"Pendiente de verificación - Media Tensión Cobre 90°C XLPE 35kV No 1/0 133% PC PVC"
"SRT-PENDING-9204397946C1";"Cable Media Tensión Cobre XLPE 2/0 AWG 35 kV 133% Pantalla de Cobre";"pendiente_investigacion";"Procables/Facelec/Powercable";"";"https://cablescolombia.com/producto/media-tension-cobre-90-c-xlpe-15kv-no-2-133-pc-pvc";"";"https://multimedia02.s3.us-east-2.amazonaws.com/Produccion/tiendas/127/productos/592/0022cf6b71983686.webp";"autorizada";"confirmed-by-surtilec-2026-08-03";"pendiente";"IMAGEN GENÉRICA DE FAMILIA (100% familia/material/color) tomada de ""MEDIA TENSION COBRE 90C XLPE 15KV NO 2 133% PC PVC"" en cablescolombia.com — mismo tipo y color, calibre distinto. Reemplazar por foto exacta antes de publicar.";"Pendiente de verificación - Media Tensión Cobre 90°C XLPE 35kV No 2/0 133% PC PVC"
"SRT-PENDING-E328104BC9F1";"Cable Media Tensión Cobre XLPE 3/0 AWG 35 kV 133% Pantalla de Cobre";"pendiente_investigacion";"Procables/Facelec/Powercable";"";"https://cablescolombia.com/producto/media-tension-cobre-90-c-xlpe-15kv-no-2-133-pc-pvc";"";"https://multimedia02.s3.us-east-2.amazonaws.com/Produccion/tiendas/127/productos/592/0022cf6b71983686.webp";"autorizada";"confirmed-by-surtilec-2026-08-03";"pendiente";"IMAGEN GENÉRICA DE FAMILIA (100% familia/material/color) tomada de ""MEDIA TENSION COBRE 90C XLPE 15KV NO 2 133% PC PVC"" en cablescolombia.com — mismo tipo y color, calibre distinto. Reemplazar por foto exacta antes de publicar.";"Pendiente de verificación - Media Tensión Cobre 90°C XLPE 35kV No 3/0 133% PC PVC"
"SRT-PENDING-D48C9ED890D3";"Cable Media Tensión Cobre XLPE 4/0 AWG 35 kV 133% Pantalla de Cobre";"pendiente_investigacion";"Procables/Facelec/Powercable";"";"https://cablescolombia.com/producto/media-tension-cobre-90-c-xlpe-15kv-no-2-133-pc-pvc";"";"https://multimedia02.s3.us-east-2.amazonaws.com/Produccion/tiendas/127/productos/592/0022cf6b71983686.webp";"autorizada";"confirmed-by-surtilec-2026-08-03";"pendiente";"IMAGEN GENÉRICA DE FAMILIA (100% familia/material/color) tomada de ""MEDIA TENSION COBRE 90C XLPE 15KV NO 2 133% PC PVC"" en cablescolombia.com — mismo tipo y color, calibre distinto. Reemplazar por foto exacta antes de publicar.";"Pendiente de verificación - Media Tensión Cobre 90°C XLPE 35kV No 4/0 133% PC PVC"
"SRT-PENDING-BC7AB6C0DB1B";"Cable Media Tensión Cobre XLPE 250 kcmil 35 kV 133% Pantalla de Cobre";"pendiente_investigacion";"Procables/Facelec/Powercable";"";"https://cablescolombia.com/producto/media-tension-cobre-90-c-xlpe-15kv-no-2-133-pc-pvc";"";"https://multimedia02.s3.us-east-2.amazonaws.com/Produccion/tiendas/127/productos/592/0022cf6b71983686.webp";"autorizada";"confirmed-by-surtilec-2026-08-03";"pendiente";"IMAGEN GENÉRICA DE FAMILIA (100% familia/material/color) tomada de ""MEDIA TENSION COBRE 90C XLPE 15KV NO 2 133% PC PVC"" en cablescolombia.com — mismo tipo y color, calibre distinto. Reemplazar por foto exacta antes de publicar.";"Pendiente de verificación - Media Tensión Cobre 90°C XLPE 35kV No 250 133% PC PVC"
"SRT-PENDING-2D3B75775E4F";"Cable Media Tensión Cobre XLPE 350 kcmil 35 kV 133% Pantalla de Cobre";"pendiente_investigacion";"Procables/Facelec/Powercable";"";"https://cablescolombia.com/producto/media-tension-cobre-90-c-xlpe-15kv-no-2-133-pc-pvc";"";"https://multimedia02.s3.us-east-2.amazonaws.com/Produccion/tiendas/127/productos/592/0022cf6b71983686.webp";"autorizada";"confirmed-by-surtilec-2026-08-03";"pendiente";"IMAGEN GENÉRICA DE FAMILIA (100% familia/material/color) tomada de ""MEDIA TENSION COBRE 90C XLPE 15KV NO 2 133% PC PVC"" en cablescolombia.com — mismo tipo y color, calibre distinto. Reemplazar por foto exacta antes de publicar.";"Pendiente de verificación - Media Tensión Cobre 90°C XLPE 35kV No 350 133% PC PVC"
"SRT-PENDING-C5F8C46F6DF4";"Cable Media Tensión Cobre XLPE 500 kcmil 35 kV 133% Pantalla de Cobre";"pendiente_investigacion";"Procables/Facelec/Powercable";"";"https://cablescolombia.com/producto/media-tension-cobre-90-c-xlpe-15kv-no-2-133-pc-pvc";"";"https://multimedia02.s3.us-east-2.amazonaws.com/Produccion/tiendas/127/productos/592/0022cf6b71983686.webp";"autorizada";"confirmed-by-surtilec-2026-08-03";"pendiente";"IMAGEN GENÉRICA DE FAMILIA (100% familia/material/color) tomada de ""MEDIA TENSION COBRE 90C XLPE 15KV NO 2 133% PC PVC"" en cablescolombia.com — mismo tipo y color, calibre distinto. Reemplazar por foto exacta antes de publicar.";"Pendiente de verificación - Media Tensión Cobre 90°C XLPE 35kV No 500 133% PC PVC"
"SRT-PENDING-A1EEF1269335";"Cable Media Tensión Cobre XLPE 1/0 AWG 15 kV 100%";"pendiente_investigacion";"Procables/Facelec/Powercable";"";"https://cablescolombia.com/producto/media-tension-cobre-90-c-xlpe-15kv-no-1-0-133-pc-pvc";"";"https://multimedia02.s3.us-east-2.amazonaws.com/Produccion/tiendas/127/productos/38470/9ba62d48d1c902fb.webp";"autorizada";"confirmed-by-surtilec-2026-08-03";"pendiente";"IMAGEN GENÉRICA DE FAMILIA (83% familia/material/color) tomada de ""MEDIA TENSION COBRE 90C XLPE 15KV NO 1/0 133% PC PVC"" en cablescolombia.com — mismo tipo y color, calibre distinto. Reemplazar por foto exacta antes de publicar.";"Pendiente de verificación - Cable Media Tensión Cobre XLPE 1/0 AWG 15kV 100% PH"
"SRT-PENDING-2D40F0A1D1B6";"Cable Media Tensión Cobre XLPE 1/0 AWG 15 kV 133% Pantalla de Cobre";"pendiente_investigacion";"Procables/Facelec/Powercable";"";"https://cablescolombia.com/producto/media-tension-cobre-90-c-xlpe-15kv-no-1-0-133-pc-pvc";"";"https://multimedia02.s3.us-east-2.amazonaws.com/Produccion/tiendas/127/productos/38470/9ba62d48d1c902fb.webp";"autorizada";"confirmed-by-surtilec-2026-08-03";"pendiente";"Imagen sugerida automáticamente desde cablescolombia.com — similitud 76% con ""MEDIA TENSION COBRE 90C XLPE 15KV NO 1/0 133% PC PVC"". Verificar visualmente y obtener permiso antes de publicar.";"Pendiente de verificación - Cable Media Tensión Cobre XLPE 1/0 AWG 15kV 133% PC"
"SRT-PENDING-3958B7C0BEF2";"Cable Media Tensión Cobre XLPE 1/0 AWG 15 kV 100% Pantalla de Cobre";"pendiente_investigacion";"Procables/Facelec/Powercable";"";"https://cablescolombia.com/producto/media-tension-cobre-90-c-xlpe-15kv-no-1-0-100-pc-pvc";"";"https://multimedia02.s3.us-east-2.amazonaws.com/Produccion/tiendas/127/productos/594/aafece892b2ade73.webp";"autorizada";"confirmed-by-surtilec-2026-08-03";"pendiente";"Imagen sugerida automáticamente desde cablescolombia.com — similitud 76% con ""MEDIA TENSION COBRE 90C XLPE 15KV NO 1/0 100% PC PVC"". Verificar visualmente y obtener permiso antes de publicar.";"Pendiente de verificación - Cable Media Tensión Cobre XLPE 1/0 AWG 15kV 100% PC"
"SRT-PENDING-BE1B2D69B2D0";"Cable Media Tensión Cobre XLPE 2 AWG 15 kV 133%";"pendiente_investigacion";"Procables/Facelec/Powercable";"";"https://cablescolombia.com/producto/media-tension-cobre-90-c-xlpe-15kv-no-1-0-133-pc-pvc";"";"https://multimedia02.s3.us-east-2.amazonaws.com/Produccion/tiendas/127/productos/38470/9ba62d48d1c902fb.webp";"autorizada";"confirmed-by-surtilec-2026-08-03";"pendiente";"IMAGEN GENÉRICA DE FAMILIA (83% familia/material/color) tomada de ""MEDIA TENSION COBRE 90C XLPE 15KV NO 1/0 133% PC PVC"" en cablescolombia.com — mismo tipo y color, calibre distinto. Reemplazar por foto exacta antes de publicar.";"Pendiente de verificación - Cable Media Tensión Cobre XLPE 2 AWG 15kV 133% PH"
"SRT-PENDING-39C487C5DE72";"Cable Media Tensión Cobre XLPE 2 AWG 15 kV 100%";"pendiente_investigacion";"Procables/Facelec/Powercable";"";"https://cablescolombia.com/producto/media-tension-cobre-90-c-xlpe-15kv-no-1-0-133-pc-pvc";"";"https://multimedia02.s3.us-east-2.amazonaws.com/Produccion/tiendas/127/productos/38470/9ba62d48d1c902fb.webp";"autorizada";"confirmed-by-surtilec-2026-08-03";"pendiente";"IMAGEN GENÉRICA DE FAMILIA (83% familia/material/color) tomada de ""MEDIA TENSION COBRE 90C XLPE 15KV NO 1/0 133% PC PVC"" en cablescolombia.com — mismo tipo y color, calibre distinto. Reemplazar por foto exacta antes de publicar.";"Pendiente de verificación - Cable Media Tensión Cobre XLPE 2 AWG 15kV 100% PH"
"SRT-PENDING-2F9A9886A1F6";"Cable Media Tensión Cobre XLPE 2 AWG 15 kV 133% Pantalla de Cobre";"pendiente_investigacion";"Procables/Facelec/Powercable";"";"https://cablescolombia.com/producto/media-tension-cobre-90-c-xlpe-15kv-no-2-133-pc-pvc";"";"https://multimedia02.s3.us-east-2.amazonaws.com/Produccion/tiendas/127/productos/592/0022cf6b71983686.webp";"autorizada";"confirmed-by-surtilec-2026-08-03";"pendiente";"Imagen sugerida automáticamente desde cablescolombia.com — similitud 76% con ""MEDIA TENSION COBRE 90C XLPE 15KV NO 2 133% PC PVC"". Verificar visualmente y obtener permiso antes de publicar.";"Pendiente de verificación - Cable Media Tensión Cobre XLPE 2 AWG 15kV 133% PC"
"SRT-PENDING-D9E22C29AF82";"Cable Media Tensión Cobre XLPE 2 AWG 15 kV 100% Pantalla de Cobre";"pendiente_investigacion";"Procables/Facelec/Powercable";"";"https://cablescolombia.com/producto/media-tension-cobre-90-c-xlpe-15kv-no-2-100-pc-pvc";"";"https://multimedia02.s3.us-east-2.amazonaws.com/Produccion/tiendas/127/productos/40278/fb34be332f320d21.webp";"autorizada";"confirmed-by-surtilec-2026-08-03";"pendiente";"Imagen sugerida automáticamente desde cablescolombia.com — similitud 76% con ""MEDIA TENSION COBRE 90C XLPE 15KV NO 2 100% PC PVC"". Verificar visualmente y obtener permiso antes de publicar.";"Pendiente de verificación - Cable Media Tensión Cobre XLPE 2 AWG 15kV 100% PC"
"SRT-PENDING-DC66FFA29AB5";"Cable Media Tensión Cobre XLPE 2/0 AWG 15 kV 100% Pantalla de Cobre";"pendiente_investigacion";"Procables/Facelec/Powercable";"";"https://cablescolombia.com/producto/media-tension-cobre-90-c-xlpe-15kv-no-2-133-pc-pvc";"";"https://multimedia02.s3.us-east-2.amazonaws.com/Produccion/tiendas/127/productos/592/0022cf6b71983686.webp";"autorizada";"confirmed-by-surtilec-2026-08-03";"pendiente";"IMAGEN GENÉRICA DE FAMILIA (100% familia/material/color) tomada de ""MEDIA TENSION COBRE 90C XLPE 15KV NO 2 133% PC PVC"" en cablescolombia.com — mismo tipo y color, calibre distinto. Reemplazar por foto exacta antes de publicar.";"Pendiente de verificación - Media Tensión Cobre 90°C XLPE 15kV No 2/0 100% PC PVC"
"SRT-PENDING-47C93D2B1C0F";"Cable Media Tensión Cobre XLPE 2 AWG 15 kV 133% Pantalla de Cobre";"pendiente_investigacion";"Procables/Facelec/Powercable";"";"https://cablescolombia.com/producto/media-tension-cobre-90-c-xlpe-15kv-no-2-133-pc-pvc";"";"https://multimedia02.s3.us-east-2.amazonaws.com/Produccion/tiendas/127/productos/592/0022cf6b71983686.webp";"autorizada";"confirmed-by-surtilec-2026-08-03";"pendiente";"Imagen sugerida automáticamente desde cablescolombia.com — similitud 95% con ""MEDIA TENSION COBRE 90C XLPE 15KV NO 2 133% PC PVC"". Verificar visualmente y obtener permiso antes de publicar.";"Pendiente de verificación - Media Tensión Cobre 90°C XLPE 15kV No 2 133% PC PVC"
"SRT-PENDING-EACAD6DB3991";"Cable Media Tensión Cobre XLPE 1/0 AWG 15 kV 100% Pantalla de Cobre";"pendiente_investigacion";"Procables/Facelec/Powercable";"";"https://cablescolombia.com/producto/media-tension-cobre-90-c-xlpe-15kv-no-1-0-100-pc-pvc";"";"https://multimedia02.s3.us-east-2.amazonaws.com/Produccion/tiendas/127/productos/594/aafece892b2ade73.webp";"autorizada";"confirmed-by-surtilec-2026-08-03";"pendiente";"Imagen sugerida automáticamente desde cablescolombia.com — similitud 95% con ""MEDIA TENSION COBRE 90C XLPE 15KV NO 1/0 100% PC PVC"". Verificar visualmente y obtener permiso antes de publicar.";"Pendiente de verificación - Media Tensión Cobre 90°C XLPE 15kV No 1/0 100% PC PVC"
"SRT-PENDING-D3F3B43777D8";"Cable Media Tensión Cobre XLPE 3/0 AWG 15 kV 133% Pantalla de Cobre";"pendiente_investigacion";"Procables/Facelec/Powercable";"";"https://cablescolombia.com/producto/media-tension-cobre-90-c-xlpe-15kv-no-3-0-133-pc-pvc";"";"https://multimedia02.s3.us-east-2.amazonaws.com/Produccion/tiendas/127/productos/598/4fa7fa7daf7c1a8b.webp";"autorizada";"confirmed-by-surtilec-2026-08-03";"pendiente";"Imagen sugerida automáticamente desde cablescolombia.com — similitud 95% con ""MEDIA TENSION COBRE 90C XLPE 15KV NO 3/0 133% PC PVC"". Verificar visualmente y obtener permiso antes de publicar.";"Pendiente de verificación - Media Tensión Cobre 90°C XLPE 15kV No 3/0 133% PC PVC"
"SRT-PENDING-1C8BC0CAAD59";"Cable Media Tensión Cobre XLPE 4/0 AWG 15 kV 133% Pantalla de Cobre";"pendiente_investigacion";"Procables/Facelec/Powercable";"";"https://cablescolombia.com/producto/media-tension-cobre-90-c-xlpe-15kv-no-4-0-133-pc-pvc";"";"https://multimedia02.s3.us-east-2.amazonaws.com/Produccion/tiendas/127/productos/601/2d4acdfda6ae3f2f.webp";"autorizada";"confirmed-by-surtilec-2026-08-03";"pendiente";"Imagen sugerida automáticamente desde cablescolombia.com — similitud 95% con ""MEDIA TENSION COBRE 90C XLPE 15KV NO 4/0 133% PC PVC"". Verificar visualmente y obtener permiso antes de publicar.";"Pendiente de verificación - Media Tensión Cobre 90°C XLPE 15kV No 4/0 133% PC PVC"
"SRT-PENDING-74A49AEFEA79";"Cable Media Tensión Cobre XLPE 1/0 AWG 15 kV 133% Pantalla de Cobre";"pendiente_investigacion";"Procables/Facelec/Powercable";"";"https://cablescolombia.com/producto/media-tension-cobre-90-c-xlpe-15kv-no-1-0-133-pc-pvc";"";"https://multimedia02.s3.us-east-2.amazonaws.com/Produccion/tiendas/127/productos/38470/9ba62d48d1c902fb.webp";"autorizada";"confirmed-by-surtilec-2026-08-03";"pendiente";"Imagen sugerida automáticamente desde cablescolombia.com — similitud 95% con ""MEDIA TENSION COBRE 90C XLPE 15KV NO 1/0 133% PC PVC"". Verificar visualmente y obtener permiso antes de publicar.";"Pendiente de verificación - Media Tensión Cobre 90°C XLPE 15kV No 1/0 133% PC PVC"
"SRT-PENDING-12EFE0C7DB3A";"Cable Media Tensión Cobre XLPE 250 kcmil 15 kV 133% Pantalla en Cinta";"pendiente_investigacion";"Procables/Facelec/Powercable";"";"https://cablescolombia.com/producto/cable-de-cobre-xlpe-de-15-kv-no-250-kcmil-en-cinta-133-";"";"https://multimedia02.s3.us-east-2.amazonaws.com/Produccion/tiendas/127/productos/38471/45201905f5d7b920.webp";"autorizada";"confirmed-by-surtilec-2026-08-03";"pendiente";"Imagen sugerida automáticamente desde cablescolombia.com — similitud 100% con ""CABLE DE COBRE XLPE DE 15 KV NO 250 KCMIL EN CINTA 133%"". Verificar visualmente y obtener permiso antes de publicar.";"Pendiente de verificación - Cable De Cobre XLPE De 15 KV No 250 Kcmil En Cinta 133%"
"SRT-PENDING-C35BA134FFF6";"Cable Media Tensión Cobre XLPE 350 kcmil 15 kV 133% Pantalla de Cobre";"pendiente_investigacion";"Procables/Facelec/Powercable";"";"https://cablescolombia.com/producto/media-tension-cobre-90-c-xlpe-15kv-no-350-kcmil-133-pc-pvc";"";"https://multimedia02.s3.us-east-2.amazonaws.com/Produccion/tiendas/127/productos/38472/764c2df6f9015713.webp";"autorizada";"confirmed-by-surtilec-2026-08-03";"pendiente";"Imagen sugerida automáticamente desde cablescolombia.com — similitud 96% con ""MEDIA TENSION COBRE 90C XLPE 15KV NO 350 KCMIL 133% PC PVC"". Verificar visualmente y obtener permiso antes de publicar.";"Pendiente de verificación - Media Tensión Cobre 90°C XLPE 15kV No 350 Kcmil 133% PC PVC"
"SRT-PENDING-3ADF260C8695";"Cable Media Tensión Cobre XLPE 2/0 AWG 15 kV 133% Pantalla de Cobre";"pendiente_investigacion";"Procables/Facelec/Powercable";"";"https://cablescolombia.com/producto/media-tension-cobre-90-c-xlpe-15kv-no-2-0-133-pc-pvc";"";"https://multimedia02.s3.us-east-2.amazonaws.com/Produccion/tiendas/127/productos/38473/9c6b6e3477b5ce59.webp";"autorizada";"confirmed-by-surtilec-2026-08-03";"pendiente";"Imagen sugerida automáticamente desde cablescolombia.com — similitud 95% con ""MEDIA TENSION COBRE 90C XLPE 15KV NO 2/0 133% PC PVC"". Verificar visualmente y obtener permiso antes de publicar.";"Pendiente de verificación - Media Tensión Cobre 90°C XLPE 15kV No 2/0 133% PC PVC"
"SRT-PENDING-ABCAE6062FCC";"Cable Media Tensión Cobre XLPE 2 AWG 15 kV 100% Pantalla de Cobre";"pendiente_investigacion";"Procables/Facelec/Powercable";"";"https://cablescolombia.com/producto/media-tension-cobre-90-c-xlpe-15kv-no-2-100-pc-pvc";"";"https://multimedia02.s3.us-east-2.amazonaws.com/Produccion/tiendas/127/productos/40278/fb34be332f320d21.webp";"autorizada";"confirmed-by-surtilec-2026-08-03";"pendiente";"Imagen sugerida automáticamente desde cablescolombia.com — similitud 95% con ""MEDIA TENSION COBRE 90C XLPE 15KV NO 2 100% PC PVC"". Verificar visualmente y obtener permiso antes de publicar.";"Pendiente de verificación - Media Tensión Cobre 90°C XLPE 15kV No 2 100% PC PVC"
"SRT-PENDING-B7219EB6AB8B";"Cable Media Tensión Cobre XLPE 3/0 AWG 15 kV 100% Pantalla de Cobre";"pendiente_investigacion";"Procables/Facelec/Powercable";"";"https://cablescolombia.com/producto/media-tension-cobre-90-c-xlpe-15kv-no-2-133-pc-pvc";"";"https://multimedia02.s3.us-east-2.amazonaws.com/Produccion/tiendas/127/productos/592/0022cf6b71983686.webp";"autorizada";"confirmed-by-surtilec-2026-08-03";"pendiente";"IMAGEN GENÉRICA DE FAMILIA (100% familia/material/color) tomada de ""MEDIA TENSION COBRE 90C XLPE 15KV NO 2 133% PC PVC"" en cablescolombia.com — mismo tipo y color, calibre distinto. Reemplazar por foto exacta antes de publicar.";"Pendiente de verificación - Media Tensión Cobre 90°C XLPE 15kV No 3/0 100% PC PVC"
"SRT-PENDING-40A53F247828";"Cable Media Tensión Cobre XLPE 4/0 AWG 15 kV 100% Pantalla de Cobre";"pendiente_investigacion";"Procables/Facelec/Powercable";"";"https://cablescolombia.com/producto/media-tension-cobre-90-c-xlpe-15kv-no-2-133-pc-pvc";"";"https://multimedia02.s3.us-east-2.amazonaws.com/Produccion/tiendas/127/productos/592/0022cf6b71983686.webp";"autorizada";"confirmed-by-surtilec-2026-08-03";"pendiente";"IMAGEN GENÉRICA DE FAMILIA (100% familia/material/color) tomada de ""MEDIA TENSION COBRE 90C XLPE 15KV NO 2 133% PC PVC"" en cablescolombia.com — mismo tipo y color, calibre distinto. Reemplazar por foto exacta antes de publicar.";"Pendiente de verificación - Media Tensión Cobre 90°C XLPE 15kV No 4/0 100% PC PVC"
"SRT-PENDING-54E54ADB17D6";"Cable Media Tensión Cobre XLPE 250 kcmil 15 kV 100% Pantalla de Cobre";"pendiente_investigacion";"Procables/Facelec/Powercable";"";"https://cablescolombia.com/producto/media-tension-cobre-90-c-xlpe-15kv-no-250-kcmil-100-pc-pvc";"";"https://multimedia02.s3.us-east-2.amazonaws.com/Produccion/tiendas/127/productos/40346/2045f20d1e44d2a2.webp";"autorizada";"confirmed-by-surtilec-2026-08-03";"pendiente";"Imagen sugerida automáticamente desde cablescolombia.com — similitud 96% con ""MEDIA TENSION COBRE 90C XLPE 15KV NO 250 KCMIL 100% PC PVC"". Verificar visualmente y obtener permiso antes de publicar.";"Pendiente de verificación - Media Tensión Cobre 90°C XLPE 15kV No 250 kcmil 100% PC PVC"
"SRT-PENDING-3F39F1104F57";"Cable Media Tensión Cobre XLPE 350 kcmil 15 kV 100% Pantalla de Cobre";"pendiente_investigacion";"Procables/Facelec/Powercable";"";"https://cablescolombia.com/producto/media-tension-cobre-90-c-xlpe-15kv-no-350-kcmil-133-pc-pvc";"";"https://multimedia02.s3.us-east-2.amazonaws.com/Produccion/tiendas/127/productos/38472/764c2df6f9015713.webp";"autorizada";"confirmed-by-surtilec-2026-08-03";"pendiente";"IMAGEN GENÉRICA DE FAMILIA (100% familia/material/color) tomada de ""MEDIA TENSION COBRE 90C XLPE 15KV NO 350 KCMIL 133% PC PVC"" en cablescolombia.com — mismo tipo y color, calibre distinto. Reemplazar por foto exacta antes de publicar.";"Pendiente de verificación - Media Tensión Cobre 90°C XLPE 15kV No 350 kcmil 100% PC PVC"
"SRT-PENDING-B810509BCD60";"Cable Media Tensión Cobre XLPE 500 kcmil 15 kV 100% Pantalla de Cobre";"pendiente_investigacion";"Procables/Facelec/Powercable";"";"https://cablescolombia.com/producto/media-tension-cobre-90-c-xlpe-15kv-no-350-kcmil-133-pc-pvc";"";"https://multimedia02.s3.us-east-2.amazonaws.com/Produccion/tiendas/127/productos/38472/764c2df6f9015713.webp";"autorizada";"confirmed-by-surtilec-2026-08-03";"pendiente";"IMAGEN GENÉRICA DE FAMILIA (100% familia/material/color) tomada de ""MEDIA TENSION COBRE 90C XLPE 15KV NO 350 KCMIL 133% PC PVC"" en cablescolombia.com — mismo tipo y color, calibre distinto. Reemplazar por foto exacta antes de publicar.";"Pendiente de verificación - Media Tensión Cobre 90°C XLPE 15kV No 500 kcmil 100% PC PVC"
"SRT-PENDING-1BB7C80490C5";"Cable Media Tensión Cobre XLPE 500 kcmil 15 kV 133% Pantalla en Cinta";"pendiente_investigacion";"Procables/Facelec/Powercable";"";"https://cablescolombia.com/producto/cable-de-cobre-xlpe-de-15-kv-no-250-kcmil-en-cinta-133-";"";"https://multimedia02.s3.us-east-2.amazonaws.com/Produccion/tiendas/127/productos/38471/45201905f5d7b920.webp";"autorizada";"confirmed-by-surtilec-2026-08-03";"pendiente";"IMAGEN GENÉRICA DE FAMILIA (100% familia/material/color) tomada de ""CABLE DE COBRE XLPE DE 15 KV NO 250 KCMIL EN CINTA 133%"" en cablescolombia.com — mismo tipo y color, calibre distinto. Reemplazar por foto exacta antes de publicar.";"Pendiente de verificación - Cable De Cobre XLPE De 15 KV No 500 Kcmil En Cinta 133%"
"SRT-PENDING-94F94B9ACBDB";"Cable de Semaforización 3x16 AWG Cobre PVC";"pendiente_investigacion";"Centelsa/Procables";"";"https://cablescolombia.com/producto/cable-semaforizacion-cc-3x16-awg-cu-pvc-90-c-600v";"";"https://multimedia02.s3.us-east-2.amazonaws.com/Produccion/tiendas/127/productos/634/thumb/3cc5648d6aa53f7b.webp";"autorizada";"confirmed-by-surtilec-2026-08-03";"pendiente";"Coincidencia exacta (100%) con ""Cable Semaforización CC 3X16 AWG Cu PVC 90°C 600V"" en cablescolombia.com. Imagen de tercero: validar derechos antes de publicar.";"Pendiente de verificación - Cable Semaforización CC 3X16 AWG Cu PVC 90°C 600V"
"SRT-PENDING-02BF301AF356";"Cable de Semaforización 4x16 AWG Cobre PVC";"pendiente_investigacion";"Centelsa/Procables";"";"https://cablescolombia.com/producto/cable-semaforizacion-cc-4x16-awg-cu-pvc-90-c-600v";"";"https://multimedia02.s3.us-east-2.amazonaws.com/Produccion/tiendas/127/productos/635/thumb/57e71940ee502b2f.webp";"autorizada";"confirmed-by-surtilec-2026-08-03";"pendiente";"Coincidencia exacta (100%) con ""Cable Semaforización CC 4X16 AWG Cu PVC 90°C 600V"" en cablescolombia.com. Imagen de tercero: validar derechos antes de publicar.";"Pendiente de verificación - Cable Semaforización CC 4X16 AWG Cu PVC 90°C 600V"
"SRT-PENDING-9F6CAF1AAAE6";"Cable de Semaforización 4x18 AWG Cobre PVC";"pendiente_investigacion";"Centelsa/Procables";"";"https://cablescolombia.com/producto/cable-semaforizacion-cc-4x18-awg-cu-pvc-90-c-600v";"";"https://multimedia02.s3.us-east-2.amazonaws.com/Produccion/tiendas/127/productos/636/thumb/aca15e0c38b81531.webp";"autorizada";"confirmed-by-surtilec-2026-08-03";"pendiente";"Coincidencia exacta (100%) con ""Cable Semaforización CC 4X18 AWG Cu PVC 90°C 600V"" en cablescolombia.com. Imagen de tercero: validar derechos antes de publicar.";"Pendiente de verificación - Cable Semaforización CC 4X18 AWG Cu PVC 90°C 600V"
"SRT-PENDING-F7C244D2214C";"Cable Siliconado FV 6 AWG Flexible";"pendiente_investigacion";"Centelsa/Procables";"";"https://cablescolombia.com/producto/cable-solar-fotovoltaico-6mm2";"";"https://multimedia02.s3.us-east-2.amazonaws.com/Produccion/tiendas/127/productos/539/thumb/2e05ceb12d244c26.webp";"autorizada";"confirmed-by-surtilec-2026-08-03";"pendiente";"IMAGEN GENÉRICA DE FAMILIA (cable solar/FV) tomada de ""Cable Solar Fotovoltaico 6Mm2"" en cablescolombia.com. Puede diferir en calibre y construcción (siliconado vs XLPE). Reemplazar por foto exacta antes de publicar.";"Pendiente de verificación - Cable Siliconado FV 6AWG"
"SRT-PENDING-ECB7765E15A7";"Cable Siliconado FV 10 AWG Flexible";"pendiente_investigacion";"Centelsa/Procables";"";"https://cablescolombia.com/producto/cable-solar-fotovoltaico-10mm2";"";"https://multimedia02.s3.us-east-2.amazonaws.com/Produccion/tiendas/127/productos/541/thumb/276cfbab44603e08.webp";"autorizada";"confirmed-by-surtilec-2026-08-03";"pendiente";"IMAGEN GENÉRICA DE FAMILIA (cable solar/FV) tomada de ""Cable Solar Fotovoltaico 10Mm2"" en cablescolombia.com. Puede diferir en calibre y construcción (siliconado vs XLPE). Reemplazar por foto exacta antes de publicar.";"Pendiente de verificación - Cable Siliconado FV 10Awg"
"SRT-PENDING-9521BFEF0CA0";"Cable Siliconado FV 8 AWG Flexible";"pendiente_investigacion";"Centelsa/Procables";"";"https://cablescolombia.com/producto/cable-solar-fotovoltaico-4mm2";"";"https://multimedia02.s3.us-east-2.amazonaws.com/Produccion/tiendas/127/productos/536/thumb/f8f01558adafeeb8.webp";"autorizada";"confirmed-by-surtilec-2026-08-03";"pendiente";"IMAGEN GENÉRICA DE FAMILIA (cable solar/FV) tomada de ""Cable Solar Fotovoltaico 4Mm2"" en cablescolombia.com. Puede diferir en calibre y construcción (siliconado vs XLPE). Reemplazar por foto exacta antes de publicar.";"Pendiente de verificación - Cable Siliconado FV 8Awg"
"SRT-PENDING-5EDB0B93C63C";"Cable Siliconado FV 12 AWG Flexible";"pendiente_investigacion";"Centelsa/Procables";"";"https://cablescolombia.com/producto/cable-solar-fotovoltaico-4mm2";"";"https://multimedia02.s3.us-east-2.amazonaws.com/Produccion/tiendas/127/productos/536/thumb/f8f01558adafeeb8.webp";"autorizada";"confirmed-by-surtilec-2026-08-03";"pendiente";"IMAGEN GENÉRICA DE FAMILIA (cable solar/FV) tomada de ""Cable Solar Fotovoltaico 4Mm2"" en cablescolombia.com. Puede diferir en calibre y construcción (siliconado vs XLPE). Reemplazar por foto exacta antes de publicar.";"Pendiente de verificación - Cable Siliconado FV 12Awg"
"SRT-PENDING-8989A0255528";"Cable Siliconado FV 14 AWG Flexible";"pendiente_investigacion";"Centelsa/Procables";"";"https://cablescolombia.com/producto/cable-solar-fotovoltaico-4mm2";"";"https://multimedia02.s3.us-east-2.amazonaws.com/Produccion/tiendas/127/productos/536/thumb/f8f01558adafeeb8.webp";"autorizada";"confirmed-by-surtilec-2026-08-03";"pendiente";"IMAGEN GENÉRICA DE FAMILIA (cable solar/FV) tomada de ""Cable Solar Fotovoltaico 4Mm2"" en cablescolombia.com. Puede diferir en calibre y construcción (siliconado vs XLPE). Reemplazar por foto exacta antes de publicar.";"Pendiente de verificación - Cable Siliconado FV 14Awg"
"SRT-PENDING-13717C18F00D";"Cable Siliconado FV 16 AWG Flexible";"pendiente_investigacion";"Centelsa/Procables";"";"https://cablescolombia.com/producto/cable-solar-fotovoltaico-16mm2";"";"https://multimedia02.s3.us-east-2.amazonaws.com/Produccion/tiendas/127/productos/543/thumb/356b84dac1537b4d.webp";"autorizada";"confirmed-by-surtilec-2026-08-03";"pendiente";"IMAGEN GENÉRICA DE FAMILIA (cable solar/FV) tomada de ""Cable Solar Fotovoltaico 16Mm2"" en cablescolombia.com. Puede diferir en calibre y construcción (siliconado vs XLPE). Reemplazar por foto exacta antes de publicar.";"Pendiente de verificación - Cable Siliconado FV 16AWG"
"SRT-PENDING-A6276C788A3C";"Cable Siliconado FV 18 AWG Flexible";"pendiente_investigacion";"Centelsa/Procables";"";"https://cablescolombia.com/producto/cable-solar-fotovoltaico-4mm2";"";"https://multimedia02.s3.us-east-2.amazonaws.com/Produccion/tiendas/127/productos/536/thumb/f8f01558adafeeb8.webp";"autorizada";"confirmed-by-surtilec-2026-08-03";"pendiente";"IMAGEN GENÉRICA DE FAMILIA (cable solar/FV) tomada de ""Cable Solar Fotovoltaico 4Mm2"" en cablescolombia.com. Puede diferir en calibre y construcción (siliconado vs XLPE). Reemplazar por foto exacta antes de publicar.";"Pendiente de verificación - Cable Siliconado FV 18Awg"
"SRT-PENDING-75D2D2B06C60";"Cable Para Soldadura 6 AWG Cobre Flexible";"pendiente_investigacion";"Panyu/Centelsa/Procables";"";"https://cablescolombia.com/producto/cable-soldador-n6";"";"https://multimedia02.s3.us-east-2.amazonaws.com/Produccion/tiendas/127/productos/643/thumb/ffd2b0ab937e49b15581429d5bc79901.webp";"autorizada";"confirmed-by-surtilec-2026-08-03";"pendiente";"Imagen sugerida automáticamente desde cablescolombia.com — similitud 100% con ""Cable Soldador N6"". Verificar visualmente y obtener permiso antes de publicar.";"Pendiente de verificación - Cable Soldador N6"
"SRT-PENDING-139187864D52";"Cable Para Soldadura 4 AWG Cobre Flexible";"pendiente_investigacion";"Panyu/Centelsa/Procables";"";"https://cablescolombia.com/producto/cable-soldador-n4";"";"https://multimedia02.s3.us-east-2.amazonaws.com/Produccion/tiendas/127/productos/644/thumb/f368646705592b47eae6e34f3411a595.webp";"autorizada";"confirmed-by-surtilec-2026-08-03";"pendiente";"Imagen sugerida automáticamente desde cablescolombia.com — similitud 100% con ""Cable Soldador N4"". Verificar visualmente y obtener permiso antes de publicar.";"Pendiente de verificación - Cable Soldador N4"
"SRT-PENDING-9871FB242991";"Cable Para Soldadura 2 AWG Cobre Flexible";"pendiente_investigacion";"Panyu/Centelsa/Procables";"";"https://cablescolombia.com/producto/cable-soldador-n2";"";"https://multimedia02.s3.us-east-2.amazonaws.com/Produccion/tiendas/127/productos/645/thumb/ffe797648a5932c7bd8354c4a425a0ee.webp";"autorizada";"confirmed-by-surtilec-2026-08-03";"pendiente";"Imagen sugerida automáticamente desde cablescolombia.com — similitud 100% con ""Cable Soldador N2"". Verificar visualmente y obtener permiso antes de publicar.";"Pendiente de verificación - Cable Soldador N2"
"SRT-PENDING-07BC28A592EE";"Cable Para Soldadura 1/0 AWG Cobre Flexible";"pendiente_investigacion";"Panyu/Centelsa/Procables";"";"https://cablescolombia.com/producto/cable-soldador-1-0-awg";"";"https://multimedia02.s3.us-east-2.amazonaws.com/Produccion/tiendas/127/productos/646/thumb/4182cdf4db487e368a0912b69be5805b.png";"autorizada";"confirmed-by-surtilec-2026-08-03";"pendiente";"Imagen sugerida automáticamente desde cablescolombia.com — similitud 100% con ""Cable Soldador 1/0 AWG"". Verificar visualmente y obtener permiso antes de publicar.";"Pendiente de verificación - Cable Soldador 1/0 AWG"
"SRT-PENDING-C41FBFD2E592";"Cable Para Soldadura 2/0 AWG Cobre Flexible";"pendiente_investigacion";"Panyu/Centelsa/Procables";"";"https://cablescolombia.com/producto/cable-soldador-2-0-awg";"";"https://multimedia02.s3.us-east-2.amazonaws.com/Produccion/tiendas/127/productos/647/thumb/7fa9363084fefbee906e1483b77531c8.png";"autorizada";"confirmed-by-surtilec-2026-08-03";"pendiente";"Imagen sugerida automáticamente desde cablescolombia.com — similitud 100% con ""Cable Soldador 2/0 AWG"". Verificar visualmente y obtener permiso antes de publicar.";"Pendiente de verificación - Cable Soldador 2/0 AWG"
"SRT-PENDING-93137BE075F2";"Cable Para Soldadura 3/0 AWG Cobre Flexible";"pendiente_investigacion";"Panyu/Centelsa/Procables";"";"https://cablescolombia.com/producto/cable-soldador-3-0-awg";"";"https://multimedia02.s3.us-east-2.amazonaws.com/Produccion/tiendas/127/productos/648/thumb/1718fcebe34d38cb80f3ee6edbd14b26.webp";"autorizada";"confirmed-by-surtilec-2026-08-03";"pendiente";"Imagen sugerida automáticamente desde cablescolombia.com — similitud 100% con ""Cable Soldador 3/0 AWG"". Verificar visualmente y obtener permiso antes de publicar.";"Pendiente de verificación - Cable Soldador 3/0 AWG"
"SRT-PENDING-EE0E03761529";"Cable Para Soldadura 4/0 AWG Cobre Flexible";"pendiente_investigacion";"Panyu/Centelsa/Procables";"";"https://cablescolombia.com/producto/cable-soldador-4-0-awg";"";"https://multimedia02.s3.us-east-2.amazonaws.com/Produccion/tiendas/127/productos/649/thumb/7d770e3154a1d0786d4383758aadd525.webp";"autorizada";"confirmed-by-surtilec-2026-08-03";"pendiente";"Imagen sugerida automáticamente desde cablescolombia.com — similitud 100% con ""Cable Soldador 4/0 AWG"". Verificar visualmente y obtener permiso antes de publicar.";"Pendiente de verificación - Cable Soldador 4/0 AWG"
"SRT-PENDING-5B5B243A0F59";"Cable UTP Cat 5E Aleación, Interior";"pendiente_investigacion";"Commscope/Marwa/Panduit/Ancla";"";"https://cablescolombia.com/producto/cable-utp-aleacion-cat-5e-carrete-interior";"";"https://multimedia02.s3.us-east-2.amazonaws.com/Produccion/tiendas/127/productos/675/30914456999f0f8a.webp";"autorizada";"confirmed-by-surtilec-2026-08-03";"pendiente";"Coincidencia exacta (100%) con ""Cable UTP Aleacion Cat 5E Carrete Interior"" en cablescolombia.com. Imagen de tercero: validar derechos antes de publicar.";"Pendiente de verificación - Cable UTP Aleacion Cat 5E Carrete Interior"
"SRT-PENDING-8BE2DC733DE4";"Cable UTP Cat 5E Aleación, Exterior";"pendiente_investigacion";"Commscope/Marwa/Panduit/Ancla";"";"https://cablescolombia.com/producto/cable-utp-aleacion-cat-5e-carrete-interior";"";"https://multimedia02.s3.us-east-2.amazonaws.com/Produccion/tiendas/127/productos/675/30914456999f0f8a.webp";"autorizada";"confirmed-by-surtilec-2026-08-03";"pendiente";"IMAGEN GENÉRICA DE FAMILIA (familia UTP Cat 5E) tomada de ""Cable UTP Aleacion Cat 5E Carrete Interior"" en cablescolombia.com. Puede diferir en calibre, color y construcción. Reemplazar por foto exacta antes de publicar.";"Pendiente de verificación - Cable Utp Aleacion Cat 5E Carrete Exterior"
"SRT-PENDING-97ED39B116A4";"Cable UTP Cat 6 Aleación, Interior";"pendiente_investigacion";"Commscope/Marwa/Panduit/Ancla";"";"https://cablescolombia.com/producto/cable-utp-aleacion-cat-5e-carrete-interior";"";"https://multimedia02.s3.us-east-2.amazonaws.com/Produccion/tiendas/127/productos/675/30914456999f0f8a.webp";"autorizada";"confirmed-by-surtilec-2026-08-03";"pendiente";"IMAGEN GENÉRICA DE FAMILIA (familia UTP Cat 5E) tomada de ""Cable UTP Aleacion Cat 5E Carrete Interior"" en cablescolombia.com. Puede diferir en calibre, color y construcción. Reemplazar por foto exacta antes de publicar.";"Pendiente de verificación - Cable Utp Aleacion Cat 6 Carrete Interior"
"SRT-PENDING-5570BB222E81";"Cable UTP Cat 6 Aleación, Exterior";"pendiente_investigacion";"Commscope/Marwa/Panduit/Ancla";"";"https://cablescolombia.com/producto/cable-utp-aleacion-cat-5e-carrete-interior";"";"https://multimedia02.s3.us-east-2.amazonaws.com/Produccion/tiendas/127/productos/675/30914456999f0f8a.webp";"autorizada";"confirmed-by-surtilec-2026-08-03";"pendiente";"IMAGEN GENÉRICA DE FAMILIA (familia UTP Cat 5E) tomada de ""Cable UTP Aleacion Cat 5E Carrete Interior"" en cablescolombia.com. Puede diferir en calibre, color y construcción. Reemplazar por foto exacta antes de publicar.";"Pendiente de verificación - Cable Utp Aleacion Cat 6 Carrete Exterior"
"SRT-PENDING-7119E708949F";"Cable UTP Cat 5E 100% Cobre, Interior";"pendiente_investigacion";"Commscope/Marwa/Panduit/Ancla";"";"https://cablescolombia.com/producto/cable-utp-100-cobre-cat-5e-carrete-interior";"";"https://multimedia02.s3.us-east-2.amazonaws.com/Produccion/tiendas/127/productos/680/3b745ccc41d4f554.webp";"autorizada";"confirmed-by-surtilec-2026-08-03";"pendiente";"Coincidencia exacta (100%) con ""Cable Utp 100% Cobre Cat 5E Carrete Interior"" en cablescolombia.com. Imagen de tercero: validar derechos antes de publicar.";"Pendiente de verificación - Cable Utp 100% Cobre Cat 5E Carrete Interior"
"SRT-PENDING-0CBC5FB456EB";"Cable UTP Cat 5E 100% Cobre, Exterior";"pendiente_investigacion";"Commscope/Marwa/Panduit/Ancla";"";"https://cablescolombia.com/producto/cable-utp-100-cobre-cat-5e-carrete-exterior";"";"https://multimedia02.s3.us-east-2.amazonaws.com/Produccion/tiendas/127/productos/681/bebbf9a9328982ed.webp";"autorizada";"confirmed-by-surtilec-2026-08-03";"pendiente";"Coincidencia exacta (100%) con ""Cable Utp 100% Cobre Cat 5E Carrete Exterior"" en cablescolombia.com. Imagen de tercero: validar derechos antes de publicar.";"Pendiente de verificación - Cable Utp 100% Cobre Cat 5E Carrete Exterior"
"SRT-PENDING-E6F06CC40DD7";"Cable UTP Cat 6 100% Cobre, Interior";"pendiente_investigacion";"Commscope/Marwa/Panduit/Ancla";"";"https://cablescolombia.com/producto/cable-utp-100-cobre-cat-5e-carrete-interior";"";"https://multimedia02.s3.us-east-2.amazonaws.com/Produccion/tiendas/127/productos/680/3b745ccc41d4f554.webp";"autorizada";"confirmed-by-surtilec-2026-08-03";"pendiente";"IMAGEN GENÉRICA DE FAMILIA (familia UTP Cat 5E) tomada de ""Cable Utp 100% Cobre Cat 5E Carrete Interior"" en cablescolombia.com. Puede diferir en calibre, color y construcción. Reemplazar por foto exacta antes de publicar.";"Pendiente de verificación - Cable Utp 100% Cobre Cat 6 Carrete Interior"
"SRT-PENDING-A09C5E947671";"Cable UTP Cat 6 100% Cobre, Exterior";"pendiente_investigacion";"Commscope/Marwa/Panduit/Ancla";"";"https://cablescolombia.com/producto/cable-utp-100-cobre-cat-5e-carrete-exterior";"";"https://multimedia02.s3.us-east-2.amazonaws.com/Produccion/tiendas/127/productos/681/bebbf9a9328982ed.webp";"autorizada";"confirmed-by-surtilec-2026-08-03";"pendiente";"IMAGEN GENÉRICA DE FAMILIA (familia UTP Cat 5E) tomada de ""Cable Utp 100% Cobre Cat 5E Carrete Exterior"" en cablescolombia.com. Puede diferir en calibre, color y construcción. Reemplazar por foto exacta antes de publicar.";"Pendiente de verificación - Cable Utp 100% Cobre Cat 6 Carrete Exterior"
"SRT-PENDING-BF708A70F703";"Cable UTP Cat 6A 100% Cobre, Interior";"pendiente_investigacion";"Commscope/Marwa/Panduit/Ancla";"";"https://cablescolombia.com/producto/cable-utp-100-cobre-cat-5e-carrete-interior";"";"https://multimedia02.s3.us-east-2.amazonaws.com/Produccion/tiendas/127/productos/680/3b745ccc41d4f554.webp";"autorizada";"confirmed-by-surtilec-2026-08-03";"pendiente";"IMAGEN GENÉRICA DE FAMILIA (familia UTP Cat 5E) tomada de ""Cable Utp 100% Cobre Cat 5E Carrete Interior"" en cablescolombia.com. Puede diferir en calibre, color y construcción. Reemplazar por foto exacta antes de publicar.";"Pendiente de verificación - Cable Utp 100% Cobre Cat 6A Carrete Interior"
"SRT-PENDING-935994F7A6A5";"Cable UTP Cat 6A 100% Cobre, Exterior";"pendiente_investigacion";"Commscope/Marwa/Panduit/Ancla";"";"https://cablescolombia.com/producto/cable-utp-100-cobre-cat-5e-carrete-exterior";"";"https://multimedia02.s3.us-east-2.amazonaws.com/Produccion/tiendas/127/productos/681/bebbf9a9328982ed.webp";"autorizada";"confirmed-by-surtilec-2026-08-03";"pendiente";"IMAGEN GENÉRICA DE FAMILIA (familia UTP Cat 5E) tomada de ""Cable Utp 100% Cobre Cat 5E Carrete Exterior"" en cablescolombia.com. Puede diferir en calibre, color y construcción. Reemplazar por foto exacta antes de publicar.";"Pendiente de verificación - Cable Utp 100% Cobre Cat 6A Carrete Exterior"
"SRT-PENDING-7D36590B02AB";"Cable de Baja Tensión 6 AWG Cobre, Blanco";"pendiente_investigacion";"Centelsa/Procables";"";"https://cablescolombia.com/producto/cable-aislado-thhw-cu-n14-blanco";"";"https://multimedia02.s3.us-east-2.amazonaws.com/Produccion/tiendas/127/productos/686/thumb/c1de43cb523351572386357f92819d70.jpg";"autorizada";"confirmed-by-surtilec-2026-08-03";"pendiente";"IMAGEN GENÉRICA DE FAMILIA (cable de baja tensión aislado) tomada de ""Cable Aislado Thhw Cu N14 Blanco"" en cablescolombia.com. Puede diferir en calibre, color y construcción. Reemplazar por foto exacta antes de publicar.";"Pendiente de verificación - Cable Baja N6 Blanco"
"SRT-PENDING-BA004FF6990E";"Cable de Baja Tensión 6 AWG Cobre Café";"pendiente_investigacion";"Centelsa/Procables";"";"https://cablescolombia.com/producto/cable-aislado-thhw-cu-n14-blanco";"";"https://multimedia02.s3.us-east-2.amazonaws.com/Produccion/tiendas/127/productos/686/thumb/c1de43cb523351572386357f92819d70.jpg";"autorizada";"confirmed-by-surtilec-2026-08-03";"pendiente";"IMAGEN GENÉRICA DE FAMILIA (cable de baja tensión aislado) tomada de ""Cable Aislado Thhw Cu N14 Blanco"" en cablescolombia.com. Puede diferir en calibre, color y construcción. Reemplazar por foto exacta antes de publicar.";"Pendiente de verificación - Cable Baja N6 Cafe"
"SRT-PENDING-7CF7206D973D";"Cable de Baja Tensión 6 AWG Cobre, Morado";"pendiente_investigacion";"Centelsa/Procables";"";"https://cablescolombia.com/producto/cable-aislado-thhw-cu-n14-blanco";"";"https://multimedia02.s3.us-east-2.amazonaws.com/Produccion/tiendas/127/productos/686/thumb/c1de43cb523351572386357f92819d70.jpg";"autorizada";"confirmed-by-surtilec-2026-08-03";"pendiente";"IMAGEN GENÉRICA DE FAMILIA (cable de baja tensión aislado) tomada de ""Cable Aislado Thhw Cu N14 Blanco"" en cablescolombia.com. Puede diferir en calibre, color y construcción. Reemplazar por foto exacta antes de publicar.";"Pendiente de verificación - Cable Baja N6 Morado"
"SRT-PENDING-A128B8CB6FEB";"Cable de Baja Tensión 6 AWG Cobre, Naranja";"pendiente_investigacion";"Centelsa/Procables";"";"https://cablescolombia.com/producto/cable-aislado-thhw-cu-n14-blanco";"";"https://multimedia02.s3.us-east-2.amazonaws.com/Produccion/tiendas/127/productos/686/thumb/c1de43cb523351572386357f92819d70.jpg";"autorizada";"confirmed-by-surtilec-2026-08-03";"pendiente";"IMAGEN GENÉRICA DE FAMILIA (cable de baja tensión aislado) tomada de ""Cable Aislado Thhw Cu N14 Blanco"" en cablescolombia.com. Puede diferir en calibre, color y construcción. Reemplazar por foto exacta antes de publicar.";"Pendiente de verificación - Cable Baja N6 Naranja"
"SRT-PENDING-BD76EEB13459";"Cable de Baja Tensión 6 AWG Cobre, Negro";"pendiente_investigacion";"Centelsa/Procables";"";"https://cablescolombia.com/producto/cable-aislado-thhw-cu-n14-blanco";"";"https://multimedia02.s3.us-east-2.amazonaws.com/Produccion/tiendas/127/productos/686/thumb/c1de43cb523351572386357f92819d70.jpg";"autorizada";"confirmed-by-surtilec-2026-08-03";"pendiente";"IMAGEN GENÉRICA DE FAMILIA (cable de baja tensión aislado) tomada de ""Cable Aislado Thhw Cu N14 Blanco"" en cablescolombia.com. Puede diferir en calibre, color y construcción. Reemplazar por foto exacta antes de publicar.";"Pendiente de verificación - Cable Baja N6 Negro"
"SRT-PENDING-3981093FFAFD";"Cable de Baja Tensión 6 AWG Cobre, Rojo";"pendiente_investigacion";"Centelsa/Procables";"";"https://cablescolombia.com/producto/cable-aislado-thhw-cu-n14-blanco";"";"https://multimedia02.s3.us-east-2.amazonaws.com/Produccion/tiendas/127/productos/686/thumb/c1de43cb523351572386357f92819d70.jpg";"autorizada";"confirmed-by-surtilec-2026-08-03";"pendiente";"IMAGEN GENÉRICA DE FAMILIA (cable de baja tensión aislado) tomada de ""Cable Aislado Thhw Cu N14 Blanco"" en cablescolombia.com. Puede diferir en calibre, color y construcción. Reemplazar por foto exacta antes de publicar.";"Pendiente de verificación - Cable Baja N6 Rojo"
"SRT-PENDING-9D58BFB37CD8";"Cable de Baja Tensión 6 AWG Cobre, Verde";"pendiente_investigacion";"Centelsa/Procables";"";"https://cablescolombia.com/producto/cable-aislado-thhw-cu-n14-blanco";"";"https://multimedia02.s3.us-east-2.amazonaws.com/Produccion/tiendas/127/productos/686/thumb/c1de43cb523351572386357f92819d70.jpg";"autorizada";"confirmed-by-surtilec-2026-08-03";"pendiente";"IMAGEN GENÉRICA DE FAMILIA (cable de baja tensión aislado) tomada de ""Cable Aislado Thhw Cu N14 Blanco"" en cablescolombia.com. Puede diferir en calibre, color y construcción. Reemplazar por foto exacta antes de publicar.";"Pendiente de verificación - Cable Baja N6 Verde"
"SRT-PENDING-F21AB4BAC8CA";"Cable MTW/TWK 10 AWG Cobre Flexible, Amarillo";"pendiente_investigacion";"Centelsa/Procables";"";"https://cablescolombia.com/producto/cable-cc-mtw-twk-n12-amarillo";"";"https://multimedia02.s3.us-east-2.amazonaws.com/Produccion/tiendas/127/productos/714/10e9b7558dccbd41.webp";"autorizada";"confirmed-by-surtilec-2026-08-03";"pendiente";"IMAGEN GENÉRICA DE FAMILIA (100% familia/color) tomada de ""Cable CC MTW(TWK) N12 Amarillo"" en cablescolombia.com — mismo tipo y color, calibre distinto. Reemplazar por foto exacta antes de publicar.";"Pendiente de verificación - Cable CC MTW(TWK) N10 Amarillo"
"SRT-PENDING-682C5D0A0934";"Cable MTW/TWK 10 AWG Cobre Flexible, Blanco";"pendiente_investigacion";"Centelsa/Procables";"";"https://cablescolombia.com/producto/cable-cc-mtw-twk-n12-amarillo";"";"https://multimedia02.s3.us-east-2.amazonaws.com/Produccion/tiendas/127/productos/714/10e9b7558dccbd41.webp";"autorizada";"confirmed-by-surtilec-2026-08-03";"pendiente";"IMAGEN GENÉRICA DE FAMILIA (100% familia, material n/d) tomada de ""Cable CC MTW(TWK) N10 Amarillo"" en cablescolombia.com. COLOR DISTINTO (blanco vs amarillo). Reemplazar por foto exacta antes de publicar.";"Pendiente de verificación - Cable CC MTW(TWK) N10 Blanco"
"SRT-PENDING-40DFD3223D4A";"Cable MTW/TWK 10 AWG Cobre Flexible";"pendiente_investigacion";"Centelsa/Procables";"";"https://cablescolombia.com/producto/cable-cc-mtw-twk-n12-amarillo";"";"https://multimedia02.s3.us-east-2.amazonaws.com/Produccion/tiendas/127/productos/714/10e9b7558dccbd41.webp";"autorizada";"confirmed-by-surtilec-2026-08-03";"pendiente";"IMAGEN GENÉRICA DE FAMILIA (100% familia, material n/d) tomada de ""Cable CC MTW(TWK) N10 Amarillo"" en cablescolombia.com. COLOR DISTINTO (cafe vs amarillo). Reemplazar por foto exacta antes de publicar.";"Pendiente de verificación - Cable CC MTW(TWK) N10 Café"
"SRT-PENDING-F2CBCC65C867";"Cable MTW/TWK 10 AWG Cobre Flexible, Morado";"pendiente_investigacion";"Centelsa/Procables";"";"https://cablescolombia.com/producto/cable-cc-mtw-twk-n12-amarillo";"";"https://multimedia02.s3.us-east-2.amazonaws.com/Produccion/tiendas/127/productos/714/10e9b7558dccbd41.webp";"autorizada";"confirmed-by-surtilec-2026-08-03";"pendiente";"IMAGEN GENÉRICA DE FAMILIA (100% familia, material n/d) tomada de ""Cable CC MTW(TWK) N10 Amarillo"" en cablescolombia.com. COLOR DISTINTO (morado vs amarillo). Reemplazar por foto exacta antes de publicar.";"Pendiente de verificación - Cable CC MTW(TWK) N10 Morado"
"SRT-PENDING-620D2F87780B";"Cable MTW/TWK 10 AWG Cobre Flexible, Naranja";"pendiente_investigacion";"Centelsa/Procables";"";"https://cablescolombia.com/producto/cable-cc-mtw-twk-n12-amarillo";"";"https://multimedia02.s3.us-east-2.amazonaws.com/Produccion/tiendas/127/productos/714/10e9b7558dccbd41.webp";"autorizada";"confirmed-by-surtilec-2026-08-03";"pendiente";"IMAGEN GENÉRICA DE FAMILIA (100% familia, material n/d) tomada de ""Cable CC MTW(TWK) N10 Amarillo"" en cablescolombia.com. COLOR DISTINTO (naranja vs amarillo). Reemplazar por foto exacta antes de publicar.";"Pendiente de verificación - Cable CC MTW(TWK) N10 Naranja"
"SRT-PENDING-FD5791B9A534";"Cable MTW/TWK 10 AWG Cobre Flexible, Negro";"pendiente_investigacion";"Centelsa/Procables";"";"https://cablescolombia.com/producto/cable-cc-mtw-twk-n12-amarillo";"";"https://multimedia02.s3.us-east-2.amazonaws.com/Produccion/tiendas/127/productos/714/10e9b7558dccbd41.webp";"autorizada";"confirmed-by-surtilec-2026-08-03";"pendiente";"IMAGEN GENÉRICA DE FAMILIA (100% familia, material n/d) tomada de ""Cable CC MTW(TWK) N10 Amarillo"" en cablescolombia.com. COLOR DISTINTO (negro vs amarillo). Reemplazar por foto exacta antes de publicar.";"Pendiente de verificación - Cable CC MTW(TWK) N10 Negro"
"SRT-PENDING-3548BD6A674E";"Cable MTW/TWK 10 AWG Cobre Flexible, Rojo";"pendiente_investigacion";"Centelsa/Procables";"";"https://cablescolombia.com/producto/cable-cc-mtw-twk-n10-rojo";"";"https://multimedia02.s3.us-east-2.amazonaws.com/Produccion/tiendas/127/productos/709/0cf2fc4f96d31a2f.webp";"autorizada";"confirmed-by-surtilec-2026-08-03";"pendiente";"IMAGEN GENÉRICA DE FAMILIA (100% familia/color) tomada de ""Cable CC MTW(TWK) N10 Rojo"" en cablescolombia.com — mismo tipo y color, calibre distinto. Reemplazar por foto exacta antes de publicar.";"Pendiente de verificación - Cable CC MTW(TWK) N10 Rojo"
"SRT-PENDING-2E3F9AC5B117";"Cable MTW/TWK 10 AWG Cobre Flexible, Verde";"pendiente_investigacion";"Centelsa/Procables";"";"https://cablescolombia.com/producto/cable-cc-mtw-twk-n10-verde";"";"https://multimedia02.s3.us-east-2.amazonaws.com/Produccion/tiendas/127/productos/711/1505d451da949621.webp";"autorizada";"confirmed-by-surtilec-2026-08-03";"pendiente";"IMAGEN GENÉRICA DE FAMILIA (100% familia/color) tomada de ""Cable CC MTW(TWK) N10 Verde"" en cablescolombia.com — mismo tipo y color, calibre distinto. Reemplazar por foto exacta antes de publicar.";"Pendiente de verificación - Cable CC MTW(TWK) N10 Verde"
"SRT-PENDING-5CACE114CA4F";"Cable MTW/TWK 12 AWG Cobre Flexible, Amarillo";"pendiente_investigacion";"Centelsa/Procables";"";"https://cablescolombia.com/producto/cable-cc-mtw-twk-n12-amarillo";"";"https://multimedia02.s3.us-east-2.amazonaws.com/Produccion/tiendas/127/productos/714/10e9b7558dccbd41.webp";"autorizada";"confirmed-by-surtilec-2026-08-03";"pendiente";"IMAGEN GENÉRICA DE FAMILIA (100% familia/color) tomada de ""Cable CC MTW(TWK) N12 Amarillo"" en cablescolombia.com — mismo tipo y color, calibre distinto. Reemplazar por foto exacta antes de publicar.";"Pendiente de verificación - Cable CC MTW(TWK) N12 Amarillo"
"SRT-PENDING-298B449092F0";"Cable MTW/TWK 12 AWG Cobre Flexible, Blanco";"pendiente_investigacion";"Centelsa/Procables";"";"https://cablescolombia.com/producto/cable-cc-mtw-twk-n12-amarillo";"";"https://multimedia02.s3.us-east-2.amazonaws.com/Produccion/tiendas/127/productos/714/10e9b7558dccbd41.webp";"autorizada";"confirmed-by-surtilec-2026-08-03";"pendiente";"IMAGEN GENÉRICA DE FAMILIA (100% familia, material n/d) tomada de ""Cable CC MTW(TWK) N10 Amarillo"" en cablescolombia.com. COLOR DISTINTO (blanco vs amarillo). Reemplazar por foto exacta antes de publicar.";"Pendiente de verificación - Cable CC MTW(TWK) N12 Blanco"
"SRT-PENDING-B846373BFADD";"Cable MTW/TWK 12 AWG Cobre Flexible";"pendiente_investigacion";"Centelsa/Procables";"";"https://cablescolombia.com/producto/cable-cc-mtw-twk-n12-amarillo";"";"https://multimedia02.s3.us-east-2.amazonaws.com/Produccion/tiendas/127/productos/714/10e9b7558dccbd41.webp";"autorizada";"confirmed-by-surtilec-2026-08-03";"pendiente";"IMAGEN GENÉRICA DE FAMILIA (100% familia, material n/d) tomada de ""Cable CC MTW(TWK) N10 Amarillo"" en cablescolombia.com. COLOR DISTINTO (cafe vs amarillo). Reemplazar por foto exacta antes de publicar.";"Pendiente de verificación - Cable CC MTW(TWK) N12 Café"
"SRT-PENDING-04070B3FE12A";"Cable MTW/TWK 12 AWG Cobre Flexible, Naranja";"pendiente_investigacion";"Centelsa/Procables";"";"https://cablescolombia.com/producto/cable-cc-mtw-twk-n12-amarillo";"";"https://multimedia02.s3.us-east-2.amazonaws.com/Produccion/tiendas/127/productos/714/10e9b7558dccbd41.webp";"autorizada";"confirmed-by-surtilec-2026-08-03";"pendiente";"IMAGEN GENÉRICA DE FAMILIA (100% familia, material n/d) tomada de ""Cable CC MTW(TWK) N10 Amarillo"" en cablescolombia.com. COLOR DISTINTO (naranja vs amarillo). Reemplazar por foto exacta antes de publicar.";"Pendiente de verificación - Cable CC MTW(TWK) N12 Naranja"
"SRT-PENDING-0B27149FA8A1";"Cable MTW/TWK 12 AWG Cobre Flexible, Negro";"pendiente_investigacion";"Centelsa/Procables";"";"https://cablescolombia.com/producto/cable-cc-mtw-twk-n12-amarillo";"";"https://multimedia02.s3.us-east-2.amazonaws.com/Produccion/tiendas/127/productos/714/10e9b7558dccbd41.webp";"autorizada";"confirmed-by-surtilec-2026-08-03";"pendiente";"IMAGEN GENÉRICA DE FAMILIA (100% familia, material n/d) tomada de ""Cable CC MTW(TWK) N10 Amarillo"" en cablescolombia.com. COLOR DISTINTO (negro vs amarillo). Reemplazar por foto exacta antes de publicar.";"Pendiente de verificación - Cable CC MTW(TWK) N12 Negro"
"SRT-PENDING-BCBD7F3EB86D";"Cable MTW/TWK 12 AWG Cobre Flexible, Rojo";"pendiente_investigacion";"Centelsa/Procables";"";"https://cablescolombia.com/producto/cable-cc-mtw-twk-n10-rojo";"";"https://multimedia02.s3.us-east-2.amazonaws.com/Produccion/tiendas/127/productos/709/0cf2fc4f96d31a2f.webp";"autorizada";"confirmed-by-surtilec-2026-08-03";"pendiente";"IMAGEN GENÉRICA DE FAMILIA (100% familia/color) tomada de ""Cable CC MTW(TWK) N10 Rojo"" en cablescolombia.com — mismo tipo y color, calibre distinto. Reemplazar por foto exacta antes de publicar.";"Pendiente de verificación - Cable CC MTW(TWK) N12 Rojo"
"SRT-PENDING-4DFBA15EF4AC";"Cable MTW/TWK 12 AWG Cobre Flexible, Verde";"pendiente_investigacion";"Centelsa/Procables";"";"https://cablescolombia.com/producto/cable-cc-mtw-twk-n10-verde";"";"https://multimedia02.s3.us-east-2.amazonaws.com/Produccion/tiendas/127/productos/711/1505d451da949621.webp";"autorizada";"confirmed-by-surtilec-2026-08-03";"pendiente";"IMAGEN GENÉRICA DE FAMILIA (100% familia/color) tomada de ""Cable CC MTW(TWK) N10 Verde"" en cablescolombia.com — mismo tipo y color, calibre distinto. Reemplazar por foto exacta antes de publicar.";"Pendiente de verificación - Cable CC MTW(TWK) N12 Verde"
"SRT-PENDING-00D52A324A7A";"Cable MTW/TWK 14 AWG Cobre Flexible, Amarillo";"pendiente_investigacion";"Centelsa/Procables";"";"https://cablescolombia.com/producto/cable-cc-mtw-twk-n12-amarillo";"";"https://multimedia02.s3.us-east-2.amazonaws.com/Produccion/tiendas/127/productos/714/10e9b7558dccbd41.webp";"autorizada";"confirmed-by-surtilec-2026-08-03";"pendiente";"IMAGEN GENÉRICA DE FAMILIA (100% familia/color) tomada de ""Cable CC MTW(TWK) N12 Amarillo"" en cablescolombia.com — mismo tipo y color, calibre distinto. Reemplazar por foto exacta antes de publicar.";"Pendiente de verificación - Cable CC MTW(TWK) N14 Amarillo"
"SRT-PENDING-7AC3712CEA7C";"Cable MTW/TWK 14 AWG Cobre Flexible, Blanco";"pendiente_investigacion";"Centelsa/Procables";"";"https://cablescolombia.com/producto/cable-cc-mtw-twk-n12-amarillo";"";"https://multimedia02.s3.us-east-2.amazonaws.com/Produccion/tiendas/127/productos/714/10e9b7558dccbd41.webp";"autorizada";"confirmed-by-surtilec-2026-08-03";"pendiente";"IMAGEN GENÉRICA DE FAMILIA (100% familia, material n/d) tomada de ""Cable CC MTW(TWK) N10 Amarillo"" en cablescolombia.com. COLOR DISTINTO (blanco vs amarillo). Reemplazar por foto exacta antes de publicar.";"Pendiente de verificación - Cable CC MTW(TWK) N14 Blanco"
"SRT-PENDING-D2B91FEDDE51";"Cable MTW/TWK 14 AWG Cobre Flexible";"pendiente_investigacion";"Centelsa/Procables";"";"https://cablescolombia.com/producto/cable-cc-mtw-twk-n12-amarillo";"";"https://multimedia02.s3.us-east-2.amazonaws.com/Produccion/tiendas/127/productos/714/10e9b7558dccbd41.webp";"autorizada";"confirmed-by-surtilec-2026-08-03";"pendiente";"IMAGEN GENÉRICA DE FAMILIA (100% familia, material n/d) tomada de ""Cable CC MTW(TWK) N10 Amarillo"" en cablescolombia.com. COLOR DISTINTO (cafe vs amarillo). Reemplazar por foto exacta antes de publicar.";"Pendiente de verificación - Cable CC MTW(TWK) N14 Café"
"SRT-PENDING-C1987586D8D0";"Cable MTW/TWK 14 AWG Cobre Flexible, Morado";"pendiente_investigacion";"Centelsa/Procables";"";"https://cablescolombia.com/producto/cable-cc-mtw-twk-n12-amarillo";"";"https://multimedia02.s3.us-east-2.amazonaws.com/Produccion/tiendas/127/productos/714/10e9b7558dccbd41.webp";"autorizada";"confirmed-by-surtilec-2026-08-03";"pendiente";"IMAGEN GENÉRICA DE FAMILIA (100% familia, material n/d) tomada de ""Cable CC MTW(TWK) N10 Amarillo"" en cablescolombia.com. COLOR DISTINTO (morado vs amarillo). Reemplazar por foto exacta antes de publicar.";"Pendiente de verificación - Cable CC MTW(TWK) N14 Morado"
"SRT-PENDING-A22DB63FDD13";"Cable MTW/TWK 14 AWG Cobre Flexible, Naranja";"pendiente_investigacion";"Centelsa/Procables";"";"https://cablescolombia.com/producto/cable-cc-mtw-twk-n12-amarillo";"";"https://multimedia02.s3.us-east-2.amazonaws.com/Produccion/tiendas/127/productos/714/10e9b7558dccbd41.webp";"autorizada";"confirmed-by-surtilec-2026-08-03";"pendiente";"IMAGEN GENÉRICA DE FAMILIA (100% familia, material n/d) tomada de ""Cable CC MTW(TWK) N10 Amarillo"" en cablescolombia.com. COLOR DISTINTO (naranja vs amarillo). Reemplazar por foto exacta antes de publicar.";"Pendiente de verificación - Cable CC MTW(TWK) N14 Naranja"
"SRT-PENDING-14A0AC62DB1B";"Cable MTW/TWK 14 AWG Cobre Flexible, Negro";"pendiente_investigacion";"Centelsa/Procables";"";"https://cablescolombia.com/producto/cable-cc-mtw-twk-n12-amarillo";"";"https://multimedia02.s3.us-east-2.amazonaws.com/Produccion/tiendas/127/productos/714/10e9b7558dccbd41.webp";"autorizada";"confirmed-by-surtilec-2026-08-03";"pendiente";"IMAGEN GENÉRICA DE FAMILIA (100% familia, material n/d) tomada de ""Cable CC MTW(TWK) N10 Amarillo"" en cablescolombia.com. COLOR DISTINTO (negro vs amarillo). Reemplazar por foto exacta antes de publicar.";"Pendiente de verificación - Cable CC MTW(TWK) N14 Negro"
"SRT-PENDING-85704BD3B4F2";"Cable MTW/TWK 14 AWG Cobre Flexible, Rojo";"pendiente_investigacion";"Centelsa/Procables";"";"https://cablescolombia.com/producto/cable-cc-mtw-twk-n10-rojo";"";"https://multimedia02.s3.us-east-2.amazonaws.com/Produccion/tiendas/127/productos/709/0cf2fc4f96d31a2f.webp";"autorizada";"confirmed-by-surtilec-2026-08-03";"pendiente";"IMAGEN GENÉRICA DE FAMILIA (100% familia/color) tomada de ""Cable CC MTW(TWK) N10 Rojo"" en cablescolombia.com — mismo tipo y color, calibre distinto. Reemplazar por foto exacta antes de publicar.";"Pendiente de verificación - Cable CC MTW(TWK) N14 Rojo"
"SRT-PENDING-97509E130001";"Cable MTW/TWK 14 AWG Cobre Flexible, Verde";"pendiente_investigacion";"Centelsa/Procables";"";"https://cablescolombia.com/producto/cable-cc-mtw-twk-n10-verde";"";"https://multimedia02.s3.us-east-2.amazonaws.com/Produccion/tiendas/127/productos/711/1505d451da949621.webp";"autorizada";"confirmed-by-surtilec-2026-08-03";"pendiente";"IMAGEN GENÉRICA DE FAMILIA (100% familia/color) tomada de ""Cable CC MTW(TWK) N10 Verde"" en cablescolombia.com — mismo tipo y color, calibre distinto. Reemplazar por foto exacta antes de publicar.";"Pendiente de verificación - Cable CC MTW(TWK) N14 Verde"
"SRT-PENDING-35A3D3D63657";"Cable TFF/GPT 16 AWG Cobre Flexible, Amarillo";"pendiente_investigacion";"Centelsa/Procables";"";"https://cablescolombia.com/producto/cable-cc-tff-n16-morado";"";"https://multimedia02.s3.us-east-2.amazonaws.com/Produccion/tiendas/127/productos/751/49fa1e51bb17f220.webp";"autorizada";"confirmed-by-surtilec-2026-08-03";"pendiente";"IMAGEN GENÉRICA DE FAMILIA (100% familia, material n/d) tomada de ""Cable CC TFF N16 Morado"" en cablescolombia.com. COLOR DISTINTO (amarillo vs morado). Reemplazar por foto exacta antes de publicar.";"Pendiente de verificación - Cable CC TFF N16 Amarillo"
"SRT-PENDING-6E4411427ED4";"Cable TFF/GPT 16 AWG Cobre Flexible, Blanco";"pendiente_investigacion";"Centelsa/Procables";"";"https://cablescolombia.com/producto/cable-cc-tff-n16-morado";"";"https://multimedia02.s3.us-east-2.amazonaws.com/Produccion/tiendas/127/productos/751/49fa1e51bb17f220.webp";"autorizada";"confirmed-by-surtilec-2026-08-03";"pendiente";"IMAGEN GENÉRICA DE FAMILIA (100% familia, material n/d) tomada de ""Cable CC TFF N16 Morado"" en cablescolombia.com. COLOR DISTINTO (blanco vs morado). Reemplazar por foto exacta antes de publicar.";"Pendiente de verificación - Cable CC TFF N16 Blanco"
"SRT-PENDING-688116380EBA";"Cable TFF/GPT 16 AWG Cobre Flexible";"pendiente_investigacion";"Centelsa/Procables";"";"https://cablescolombia.com/producto/cable-cc-tff-n16-morado";"";"https://multimedia02.s3.us-east-2.amazonaws.com/Produccion/tiendas/127/productos/751/49fa1e51bb17f220.webp";"autorizada";"confirmed-by-surtilec-2026-08-03";"pendiente";"IMAGEN GENÉRICA DE FAMILIA (100% familia, material n/d) tomada de ""Cable CC TFF N16 Morado"" en cablescolombia.com. COLOR DISTINTO (cafe vs morado). Reemplazar por foto exacta antes de publicar.";"Pendiente de verificación - Cable CC TFF N16 Café"
"SRT-PENDING-44D02D7CC950";"Cable TFF/GPT 16 AWG Cobre Flexible, Morado";"pendiente_investigacion";"Centelsa/Procables";"";"https://cablescolombia.com/producto/cable-cc-tff-n16-morado";"";"https://multimedia02.s3.us-east-2.amazonaws.com/Produccion/tiendas/127/productos/751/49fa1e51bb17f220.webp";"autorizada";"confirmed-by-surtilec-2026-08-03";"pendiente";"IMAGEN GENÉRICA DE FAMILIA (100% familia/color) tomada de ""Cable CC TFF N16 Morado"" en cablescolombia.com — mismo tipo y color, calibre distinto. Reemplazar por foto exacta antes de publicar.";"Pendiente de verificación - Cable CC TFF N16 Morado"
"SRT-PENDING-C123A9EAC875";"Cable TFF/GPT 16 AWG Cobre Flexible, Naranja";"pendiente_investigacion";"Centelsa/Procables";"";"https://cablescolombia.com/producto/cable-cc-tff-n16-morado";"";"https://multimedia02.s3.us-east-2.amazonaws.com/Produccion/tiendas/127/productos/751/49fa1e51bb17f220.webp";"autorizada";"confirmed-by-surtilec-2026-08-03";"pendiente";"IMAGEN GENÉRICA DE FAMILIA (100% familia, material n/d) tomada de ""Cable CC TFF N16 Morado"" en cablescolombia.com. COLOR DISTINTO (naranja vs morado). Reemplazar por foto exacta antes de publicar.";"Pendiente de verificación - Cable CC TFF N16 Naranja"
"SRT-PENDING-31993EC9DB11";"Cable TFF/GPT 16 AWG Cobre Flexible, Negro";"pendiente_investigacion";"Centelsa/Procables";"";"https://cablescolombia.com/producto/cable-cc-tff-n16-negro";"";"https://multimedia02.s3.us-east-2.amazonaws.com/Produccion/tiendas/127/productos/755/6c73ce409d423d2b.webp";"autorizada";"confirmed-by-surtilec-2026-08-03";"pendiente";"IMAGEN GENÉRICA DE FAMILIA (100% familia/color) tomada de ""Cable CC TFF N16 Negro"" en cablescolombia.com — mismo tipo y color, calibre distinto. Reemplazar por foto exacta antes de publicar.";"Pendiente de verificación - Cable CC TFF N16 Negro"
"SRT-PENDING-33D093F9BD72";"Cable TFF/GPT 16 AWG Cobre Flexible, Rojo";"pendiente_investigacion";"Centelsa/Procables";"";"https://cablescolombia.com/producto/cable-cc-tff-n16-morado";"";"https://multimedia02.s3.us-east-2.amazonaws.com/Produccion/tiendas/127/productos/751/49fa1e51bb17f220.webp";"autorizada";"confirmed-by-surtilec-2026-08-03";"pendiente";"IMAGEN GENÉRICA DE FAMILIA (100% familia, material n/d) tomada de ""Cable CC TFF N16 Morado"" en cablescolombia.com. COLOR DISTINTO (rojo vs morado). Reemplazar por foto exacta antes de publicar.";"Pendiente de verificación - Cable CC TFF N16 Rojo"
"SRT-PENDING-BBD242E8628E";"Cable TFF/GPT 16 AWG Cobre Flexible, Verde";"pendiente_investigacion";"Centelsa/Procables";"";"https://cablescolombia.com/producto/cable-cc-tff-n16-morado";"";"https://multimedia02.s3.us-east-2.amazonaws.com/Produccion/tiendas/127/productos/751/49fa1e51bb17f220.webp";"autorizada";"confirmed-by-surtilec-2026-08-03";"pendiente";"IMAGEN GENÉRICA DE FAMILIA (100% familia, material n/d) tomada de ""Cable CC TFF N16 Morado"" en cablescolombia.com. COLOR DISTINTO (verde vs morado). Reemplazar por foto exacta antes de publicar.";"Pendiente de verificación - Cable CC TFF N16 Verde"
"SRT-PENDING-E2E89C3CDB3C";"Cable TFF/GPT 18 AWG Cobre Flexible, Blanco";"pendiente_investigacion";"Centelsa/Procables";"";"https://cablescolombia.com/producto/cable-cc-tff-n16-morado";"";"https://multimedia02.s3.us-east-2.amazonaws.com/Produccion/tiendas/127/productos/751/49fa1e51bb17f220.webp";"autorizada";"confirmed-by-surtilec-2026-08-03";"pendiente";"IMAGEN GENÉRICA DE FAMILIA (100% familia, material n/d) tomada de ""Cable CC TFF N16 Morado"" en cablescolombia.com. COLOR DISTINTO (blanco vs morado). Reemplazar por foto exacta antes de publicar.";"Pendiente de verificación - Cable CC TFF N18 Blanco"
"SRT-PENDING-E2175E292AD4";"Cable TFF/GPT 18 AWG Cobre Flexible";"pendiente_investigacion";"Centelsa/Procables";"";"https://cablescolombia.com/producto/cable-cc-tff-n16-morado";"";"https://multimedia02.s3.us-east-2.amazonaws.com/Produccion/tiendas/127/productos/751/49fa1e51bb17f220.webp";"autorizada";"confirmed-by-surtilec-2026-08-03";"pendiente";"IMAGEN GENÉRICA DE FAMILIA (100% familia, material n/d) tomada de ""Cable CC TFF N16 Morado"" en cablescolombia.com. COLOR DISTINTO (cafe vs morado). Reemplazar por foto exacta antes de publicar.";"Pendiente de verificación - Cable CC TFF N18 Café"
"SRT-PENDING-C0F95F150525";"Cable TFF/GPT 18 AWG Cobre Flexible, Morado";"pendiente_investigacion";"Centelsa/Procables";"";"https://cablescolombia.com/producto/cable-cc-tff-n16-morado";"";"https://multimedia02.s3.us-east-2.amazonaws.com/Produccion/tiendas/127/productos/751/49fa1e51bb17f220.webp";"autorizada";"confirmed-by-surtilec-2026-08-03";"pendiente";"IMAGEN GENÉRICA DE FAMILIA (100% familia/color) tomada de ""Cable CC TFF N16 Morado"" en cablescolombia.com — mismo tipo y color, calibre distinto. Reemplazar por foto exacta antes de publicar.";"Pendiente de verificación - Cable CC TFF N18 Morado"
"SRT-PENDING-9F727277CC70";"Cable TFF/GPT 18 AWG Cobre Flexible, Naranja";"pendiente_investigacion";"Centelsa/Procables";"";"https://cablescolombia.com/producto/cable-cc-tff-n16-morado";"";"https://multimedia02.s3.us-east-2.amazonaws.com/Produccion/tiendas/127/productos/751/49fa1e51bb17f220.webp";"autorizada";"confirmed-by-surtilec-2026-08-03";"pendiente";"IMAGEN GENÉRICA DE FAMILIA (100% familia, material n/d) tomada de ""Cable CC TFF N16 Morado"" en cablescolombia.com. COLOR DISTINTO (naranja vs morado). Reemplazar por foto exacta antes de publicar.";"Pendiente de verificación - Cable CC TFF N18 Naranja"
"SRT-PENDING-E92B8F867376";"Cable TFF/GPT 18 AWG Cobre Flexible, Negro";"pendiente_investigacion";"Centelsa/Procables";"";"https://cablescolombia.com/producto/cable-cc-tff-n16-negro";"";"https://multimedia02.s3.us-east-2.amazonaws.com/Produccion/tiendas/127/productos/755/6c73ce409d423d2b.webp";"autorizada";"confirmed-by-surtilec-2026-08-03";"pendiente";"IMAGEN GENÉRICA DE FAMILIA (100% familia/color) tomada de ""Cable CC TFF N16 Negro"" en cablescolombia.com — mismo tipo y color, calibre distinto. Reemplazar por foto exacta antes de publicar.";"Pendiente de verificación - Cable CC TFF N18 Negro"
"SRT-PENDING-949BEFDBED1F";"Cable TFF/GPT 18 AWG Cobre Flexible, Rojo";"pendiente_investigacion";"Centelsa/Procables";"";"https://cablescolombia.com/producto/cable-cc-tff-n16-morado";"";"https://multimedia02.s3.us-east-2.amazonaws.com/Produccion/tiendas/127/productos/751/49fa1e51bb17f220.webp";"autorizada";"confirmed-by-surtilec-2026-08-03";"pendiente";"IMAGEN GENÉRICA DE FAMILIA (100% familia, material n/d) tomada de ""Cable CC TFF N16 Morado"" en cablescolombia.com. COLOR DISTINTO (rojo vs morado). Reemplazar por foto exacta antes de publicar.";"Pendiente de verificación - Cable CC TFF N18 Rojo"
"SRT-PENDING-95911EF85308";"Cable TFF/GPT 18 AWG Cobre Flexible, Verde";"pendiente_investigacion";"Centelsa/Procables";"";"https://cablescolombia.com/producto/cable-cc-tff-n16-morado";"";"https://multimedia02.s3.us-east-2.amazonaws.com/Produccion/tiendas/127/productos/751/49fa1e51bb17f220.webp";"autorizada";"confirmed-by-surtilec-2026-08-03";"pendiente";"IMAGEN GENÉRICA DE FAMILIA (100% familia, material n/d) tomada de ""Cable CC TFF N16 Morado"" en cablescolombia.com. COLOR DISTINTO (verde vs morado). Reemplazar por foto exacta antes de publicar.";"Pendiente de verificación - Cable CC TFF N18 Verde"
"SRT-PENDING-1078F0D00E75";"Cable TFF/GPT 6 AWG Cobre Flexible, Amarillo";"pendiente_investigacion";"Centelsa/Procables";"";"https://cablescolombia.com/producto/cable-cc-tff-n16-morado";"";"https://multimedia02.s3.us-east-2.amazonaws.com/Produccion/tiendas/127/productos/751/49fa1e51bb17f220.webp";"autorizada";"confirmed-by-surtilec-2026-08-03";"pendiente";"IMAGEN GENÉRICA DE FAMILIA (100% familia, material n/d) tomada de ""Cable CC TFF N16 Morado"" en cablescolombia.com. COLOR DISTINTO (amarillo vs morado). Reemplazar por foto exacta antes de publicar.";"Pendiente de verificación - Cable CC TFF N6 Amarillo"
"SRT-PENDING-ECEDB4494AD2";"Cable TFF/GPT 8 AWG Cobre Flexible";"pendiente_investigacion";"Centelsa/Procables";"";"https://cablescolombia.com/producto/cable-cc-tff-n16-morado";"";"https://multimedia02.s3.us-east-2.amazonaws.com/Produccion/tiendas/127/productos/751/49fa1e51bb17f220.webp";"autorizada";"confirmed-by-surtilec-2026-08-03";"pendiente";"IMAGEN GENÉRICA DE FAMILIA (100% familia, material n/d) tomada de ""Cable CC TFF N16 Morado"" en cablescolombia.com. COLOR DISTINTO (cafe vs morado). Reemplazar por foto exacta antes de publicar.";"Pendiente de verificación - Cable CC TFF N8 Café"
"SRT-PENDING-5C402979118A";"Cable TFF/GPT 8 AWG Cobre Flexible, Morado";"pendiente_investigacion";"Centelsa/Procables";"";"https://cablescolombia.com/producto/cable-cc-tff-n16-morado";"";"https://multimedia02.s3.us-east-2.amazonaws.com/Produccion/tiendas/127/productos/751/49fa1e51bb17f220.webp";"autorizada";"confirmed-by-surtilec-2026-08-03";"pendiente";"IMAGEN GENÉRICA DE FAMILIA (100% familia/color) tomada de ""Cable CC TFF N16 Morado"" en cablescolombia.com — mismo tipo y color, calibre distinto. Reemplazar por foto exacta antes de publicar.";"Pendiente de verificación - Cable CC TFF N8 Morado"
"SRT-PENDING-1ABE987AF0AC";"Cable TFF/GPT 8 AWG Cobre Flexible, Naranja";"pendiente_investigacion";"Centelsa/Procables";"";"https://cablescolombia.com/producto/cable-cc-tff-n16-morado";"";"https://multimedia02.s3.us-east-2.amazonaws.com/Produccion/tiendas/127/productos/751/49fa1e51bb17f220.webp";"autorizada";"confirmed-by-surtilec-2026-08-03";"pendiente";"IMAGEN GENÉRICA DE FAMILIA (100% familia, material n/d) tomada de ""Cable CC TFF N16 Morado"" en cablescolombia.com. COLOR DISTINTO (naranja vs morado). Reemplazar por foto exacta antes de publicar.";"Pendiente de verificación - Cable CC TFF N8 Naranja"
"SRT-PENDING-5EB5F15D5B6D";"Cable TFF/GPT 8 AWG Cobre Flexible, Negro";"pendiente_investigacion";"Centelsa/Procables";"";"https://cablescolombia.com/producto/cable-cc-tff-n16-negro";"";"https://multimedia02.s3.us-east-2.amazonaws.com/Produccion/tiendas/127/productos/755/6c73ce409d423d2b.webp";"autorizada";"confirmed-by-surtilec-2026-08-03";"pendiente";"IMAGEN GENÉRICA DE FAMILIA (100% familia/color) tomada de ""Cable CC TFF N16 Negro"" en cablescolombia.com — mismo tipo y color, calibre distinto. Reemplazar por foto exacta antes de publicar.";"Pendiente de verificación - Cable CC TFF N8 Negro"
"SRT-PENDING-437A6CFF3C13";"Cable TFF/GPT 8 AWG Cobre Flexible, Rojo";"pendiente_investigacion";"Centelsa/Procables";"";"https://cablescolombia.com/producto/cable-cc-tff-n16-morado";"";"https://multimedia02.s3.us-east-2.amazonaws.com/Produccion/tiendas/127/productos/751/49fa1e51bb17f220.webp";"autorizada";"confirmed-by-surtilec-2026-08-03";"pendiente";"IMAGEN GENÉRICA DE FAMILIA (100% familia, material n/d) tomada de ""Cable CC TFF N16 Morado"" en cablescolombia.com. COLOR DISTINTO (rojo vs morado). Reemplazar por foto exacta antes de publicar.";"Pendiente de verificación - Cable CC TFF N8 Rojo"
"SRT-PENDING-BC90394EFA5C";"Cable TFF/GPT 8 AWG Cobre Flexible, Verde";"pendiente_investigacion";"Centelsa/Procables";"";"https://cablescolombia.com/producto/cable-cc-tff-n16-morado";"";"https://multimedia02.s3.us-east-2.amazonaws.com/Produccion/tiendas/127/productos/751/49fa1e51bb17f220.webp";"autorizada";"confirmed-by-surtilec-2026-08-03";"pendiente";"IMAGEN GENÉRICA DE FAMILIA (100% familia, material n/d) tomada de ""Cable CC TFF N16 Morado"" en cablescolombia.com. COLOR DISTINTO (verde vs morado). Reemplazar por foto exacta antes de publicar.";"Pendiente de verificación - Cable CC TFF N8 Verde"
"SRT-PENDING-75B9E5CEA7C9";"Cable Alumoweld 7x10 AWG";"pendiente_investigacion";"Nacional";"";"https://cablescolombia.com/producto/cable-aluminio-acsr-4awg-desnudo";"";"https://multimedia02.s3.us-east-2.amazonaws.com/Produccion/tiendas/127/productos/39331/thumb/a7772db14653ce23c7f21c2f6fb38711.webp";"autorizada";"confirmed-by-surtilec-2026-08-03";"pendiente";"IMAGEN GENÉRICA DE FAMILIA (regla ""acsr|alumoweld"") tomada de ""Cable Aluminio Acsr 4awg Desnudo"" en cablescolombia.com. Puede diferir en calibre, color y construcción. Reemplazar por foto exacta antes de publicar.";"Pendiente de verificación - Cable Alumoweld 7x10 AWG"
"SRT-PENDING-398F38D306E4";"Cable Alumoweld 7x8 AWG";"pendiente_investigacion";"Nacional";"";"https://cablescolombia.com/producto/cable-aluminio-acsr-4awg-desnudo";"";"https://multimedia02.s3.us-east-2.amazonaws.com/Produccion/tiendas/127/productos/39331/thumb/a7772db14653ce23c7f21c2f6fb38711.webp";"autorizada";"confirmed-by-surtilec-2026-08-03";"pendiente";"IMAGEN GENÉRICA DE FAMILIA (regla ""acsr|alumoweld"") tomada de ""Cable Aluminio Acsr 4awg Desnudo"" en cablescolombia.com. Puede diferir en calibre, color y construcción. Reemplazar por foto exacta antes de publicar.";"Pendiente de verificación - Cable Alumoweld 7x8 AWG"
"SRT-PENDING-C947F80FF333";"Cable de Acero Galvanizado 3/8""";"pendiente_investigacion";"CERT";"";"https://cablescolombia.com/producto/cable-de-acero-galvanizado-3-8";"";"https://multimedia02.s3.us-east-2.amazonaws.com/Produccion/tiendas/127/productos/76659/thumb/7b9156864a70dfa2.webp";"autorizada";"confirmed-by-surtilec-2026-08-03";"pendiente";"Imagen sugerida automáticamente desde cablescolombia.com — similitud 100% con ""Cable De Acero Galvanizado 3/8"". Verificar visualmente y obtener permiso antes de publicar.";"Pendiente de verificación - Cable De Acero Galvanizado 3/8"""
"SRT-PENDING-1DE752DC1C7B";"Cable de Acero Galvanizado 5/16""";"pendiente_investigacion";"CERT";"";"https://cablescolombia.com/producto/cable-de-acero-galvanizado-5-16";"";"https://multimedia02.s3.us-east-2.amazonaws.com/Produccion/tiendas/127/productos/76660/thumb/3b50a720e9bbda0d.webp";"autorizada";"confirmed-by-surtilec-2026-08-03";"pendiente";"Imagen sugerida automáticamente desde cablescolombia.com — similitud 100% con ""Cable De Acero Galvanizado 5/16"". Verificar visualmente y obtener permiso antes de publicar.";"Pendiente de verificación - Cable De Acero Galvanizado 5/16"""
"SRT-PENDING-5AD5CC3ECD2A";"Cable de Acero Galvanizado 1/4""";"pendiente_investigacion";"CERT";"";"https://cablescolombia.com/producto/cable-de-acero-galvanizado-1-4";"";"https://multimedia02.s3.us-east-2.amazonaws.com/Produccion/tiendas/127/productos/76661/thumb/5eb1b80aebf56ec3.webp";"autorizada";"confirmed-by-surtilec-2026-08-03";"pendiente";"Imagen sugerida automáticamente desde cablescolombia.com — similitud 100% con ""Cable De Acero Galvanizado 1/4"". Verificar visualmente y obtener permiso antes de publicar.";"Pendiente de verificación - Cable De Acero Galvanizado 1/4"""
"SRT-PENDING-435471C553C3";"Cable Acero-cobre CCS 7x8 AWG";"pendiente_investigacion";"CERT";"";"https://cablescolombia.com/producto/cable-acero-de-cobre-ccs-7x8awg";"";"https://multimedia02.s3.us-east-2.amazonaws.com/Produccion/tiendas/127/productos/76662/thumb/ea7463920040042c.webp";"autorizada";"confirmed-by-surtilec-2026-08-03";"pendiente";"Imagen sugerida automáticamente desde cablescolombia.com — similitud 100% con ""Cable Acero De Cobre CCS 7x8AWG"". Verificar visualmente y obtener permiso antes de publicar.";"Pendiente de verificación - Cable Acero De Cobre CCS 7x8AWG"
"SRT-PENDING-5A5C7767FB5F";"Cable Acero-cobre CCS 7x10 AWG";"pendiente_investigacion";"CERT";"";"https://cablescolombia.com/producto/cable-acero-de-cobre-ccs-7x10awg";"";"https://multimedia02.s3.us-east-2.amazonaws.com/Produccion/tiendas/127/productos/76663/thumb/9cdbe06632a3569d.webp";"autorizada";"confirmed-by-surtilec-2026-08-03";"pendiente";"Imagen sugerida automáticamente desde cablescolombia.com — similitud 100% con ""Cable Acero De Cobre CCS 7x10AWG"". Verificar visualmente y obtener permiso antes de publicar.";"Pendiente de verificación - Cable Acero De Cobre CCS 7x10AWG"
