sku,nombre_surtilec,nombre_fuente_coincidencia_exacta,producto_url_fuente,imagen_url_fuente,metodo_coincidencia,confianza,estado_imagen_actual,accion_recomendada
SRT-PENDING-70D84407714D,"Alambre THHN/THW 10 AWG Cobre Sólido, Amarillo",Alambre Aislado N10 Amarillo X Metro,https://cablescolombia.com/producto/alambre-aislado-n10-amarillo-x-metro,https://multimedia02.s3.us-east-2.amazonaws.com/Produccion/tiendas/127/productos/419/b7d1416abfad7457.webp,nombre_original_fuente_exacto,alta,revisar_variante_antes_de_publicar,descargar_y_asignar_imagen_exacta
SRT-PENDING-5CF53639D7B1,"Alambre THHN/THW 10 AWG Cobre Sólido, Azul",Alambre Aislado N10 Azul X Metro,https://cablescolombia.com/producto/alambre-aislado-n10-azul-x-metro,https://multimedia02.s3.us-east-2.amazonaws.com/Produccion/tiendas/127/productos/420/bb3d7c4af1f68969.webp,nombre_original_fuente_exacto_y_url_fuente,alta,revisar_variante_antes_de_publicar,descargar_y_asignar_imagen_exacta
SRT-PENDING-5C3DCAA96773,"Alambre THHN/THW 10 AWG Cobre Sólido, Blanco",Alambre Aislado N10 Blanco X Metro,https://cablescolombia.com/producto/alambre-aislado-n10-blanco-x-metro,https://multimedia02.s3.us-east-2.amazonaws.com/Produccion/tiendas/127/productos/422/247c7e6be0f0a1fa.webp,nombre_original_fuente_exacto,alta,revisar_variante_antes_de_publicar,descargar_y_asignar_imagen_exacta
SRT-PENDING-936DED368A99,"Alambre THHN/THW 10 AWG Cobre Sólido, Negro",Alambre Aislado N10 Negro X Metro,https://cablescolombia.com/producto/alambre-aislado-n10-negro-x-metro,https://multimedia02.s3.us-east-2.amazonaws.com/Produccion/tiendas/127/productos/425/9f0c90f2cfd1ae2f.webp,nombre_original_fuente_exacto,alta,revisar_variante_antes_de_publicar,descargar_y_asignar_imagen_exacta
SRT-PENDING-4DB22C8C2B3C,"Alambre THHN/THW 10 AWG Cobre Sólido, Rojo",Alambre Aislado N10 Rojo X Metro,https://cablescolombia.com/producto/alambre-aislado-n10-rojo-x-metro,https://multimedia02.s3.us-east-2.amazonaws.com/Produccion/tiendas/127/productos/426/d4b65a78a230aa5e.webp,nombre_original_fuente_exacto,alta,revisar_variante_antes_de_publicar,descargar_y_asignar_imagen_exacta
SRT-PENDING-884A01319AA2,"Alambre THHN/THW 10 AWG Cobre Sólido, Verde",Alambre Aislado N10 Verde X Metro,https://cablescolombia.com/producto/alambre-aislado-n10-verde-x-metro,https://multimedia02.s3.us-east-2.amazonaws.com/Produccion/tiendas/127/productos/429/ac4b62577fded7da.webp,nombre_original_fuente_exacto,alta,revisar_variante_antes_de_publicar,descargar_y_asignar_imagen_exacta
SRT-PENDING-E1E5B737ED58,"Alambre THHN/THW 8 AWG Cobre Sólido, Amarillo",Alambre Aislado N8 Amarillo X Metro,https://cablescolombia.com/producto/alambre-aislado-n8-amarillo-x-metro,https://multimedia02.s3.us-east-2.amazonaws.com/Produccion/tiendas/127/productos/432/c9f9e40ad8e23d88.webp,nombre_original_fuente_exacto,alta,revisar_variante_antes_de_publicar,descargar_y_asignar_imagen_exacta
SRT-PENDING-66B9A018EE33,"Alambre THHN/THW 8 AWG Cobre Sólido, Azul",Alambre Aislado N8 Azul X Metro,https://cablescolombia.com/producto/alambre-aislado-n8-azul-x-metro,https://multimedia02.s3.us-east-2.amazonaws.com/Produccion/tiendas/127/productos/434/336bb36f8bfd9b23.webp,nombre_original_fuente_exacto,alta,revisar_variante_antes_de_publicar,descargar_y_asignar_imagen_exacta
SRT-PENDING-266DB75795E4,"Alambre THHN/THW 8 AWG Cobre Sólido, Blanco",Alambre Aislado N8 Blanco X Metro,https://cablescolombia.com/producto/alambre-aislado-n8-blanco-x-metro,https://multimedia02.s3.us-east-2.amazonaws.com/Produccion/tiendas/127/productos/436/c0b6f12eeb5be84e.webp,nombre_original_fuente_exacto,alta,revisar_variante_antes_de_publicar,descargar_y_asignar_imagen_exacta
SRT-PENDING-824826305DC2,"Alambre THHN/THW 8 AWG Cobre Sólido, Negro",Alambre Aislado N8 Negro X Metro,https://cablescolombia.com/producto/alambre-aislado-n8-negro-x-metro,https://multimedia02.s3.us-east-2.amazonaws.com/Produccion/tiendas/127/productos/441/b70072516d1e9b64.webp,nombre_original_fuente_exacto,alta,revisar_variante_antes_de_publicar,descargar_y_asignar_imagen_exacta
SRT-PENDING-FBFCC917B264,"Alambre THHN/THW 8 AWG Cobre Sólido, Rojo",Alambre Aislado N8 Rojo X Metro,https://cablescolombia.com/producto/alambre-aislado-n8-rojo-x-metro,https://multimedia02.s3.us-east-2.amazonaws.com/Produccion/tiendas/127/productos/443/f7107075dcea9835.webp,nombre_original_fuente_exacto,alta,revisar_variante_antes_de_publicar,descargar_y_asignar_imagen_exacta
SRT-PENDING-9EECB1397244,"Alambre THHN/THW 8 AWG Cobre Sólido, Verde",Alambre Aislado N8 Verde X Metro,https://cablescolombia.com/producto/alambre-aislado-n8-verde-x-metro,https://multimedia02.s3.us-east-2.amazonaws.com/Produccion/tiendas/127/productos/445/19da91f933ccdb4a.webp,nombre_original_fuente_exacto,alta,revisar_variante_antes_de_publicar,descargar_y_asignar_imagen_exacta
SRT-PENDING-4C332162507B,"Alambre THHN/THW 10 AWG Cobre Sólido, Azul",Alambre Aislado N10 Azul X Metro,https://cablescolombia.com/producto/alambre-aislado-n10-azul-x-metro,https://multimedia02.s3.us-east-2.amazonaws.com/Produccion/tiendas/127/productos/420/bb3d7c4af1f68969.webp,nombre_original_fuente_exacto_y_url_fuente,alta,revisar_variante_antes_de_publicar,descargar_y_asignar_imagen_exacta
SRT-PENDING-C526999CC316,"Cable THHW-LS 14 AWG Cobre Trenzado, Rojo",Cable Aislado Thhw Cu N14 Rojo,https://cablescolombia.com/producto/cable-aislado-thhw-cu-n14-rojo,https://multimedia02.s3.us-east-2.amazonaws.com/Produccion/tiendas/127/productos/678/f86fbbb8dca01dfc.webp,nombre_original_fuente_exacto_y_url_fuente,alta,revisar_variante_antes_de_publicar,descargar_y_asignar_imagen_exacta
SRT-PENDING-0C9C276CC06B,"Cable THHW-LS 14 AWG Cobre Trenzado, Azul",Cable Aislado Thhw Cu N14 Azul,https://cablescolombia.com/producto/cable-aislado-thhw-cu-n14-azul,https://multimedia02.s3.us-east-2.amazonaws.com/Produccion/tiendas/127/productos/684/41ac241c8d6a68b4.webp,nombre_original_fuente_exacto_y_url_fuente,alta,revisar_variante_antes_de_publicar,descargar_y_asignar_imagen_exacta
SRT-PENDING-6CE65FDFB4CD,"Cable THHW-LS 14 AWG Cobre Trenzado, Blanco",Cable Aislado Thhw Cu N14 Blanco,https://cablescolombia.com/producto/cable-aislado-thhw-cu-n14-blanco,https://multimedia02.s3.us-east-2.amazonaws.com/Produccion/tiendas/127/productos/686/7ef2e5c9611d88eb.webp,nombre_original_fuente_exacto_y_url_fuente,alta,revisar_variante_antes_de_publicar,descargar_y_asignar_imagen_exacta
SRT-PENDING-D60273BF0E1F,"Cable THHW-LS 14 AWG Cobre Trenzado, Negro",Cable Aislado Thhw Cu N14 Negro,https://cablescolombia.com/producto/cable-aislado-thhw-cu-n14-negro,https://multimedia02.s3.us-east-2.amazonaws.com/Produccion/tiendas/127/productos/687/865692cc7a482383.webp,nombre_original_fuente_exacto_y_url_fuente,alta,revisar_variante_antes_de_publicar,descargar_y_asignar_imagen_exacta
SRT-PENDING-04E75D17520F,"Cable THHW-LS 14 AWG Cobre Trenzado, Verde",Cable Aislado Thhw Cu N14 Verde,https://cablescolombia.com/producto/cable-aislado-thhw-cu-n14-verde,https://multimedia02.s3.us-east-2.amazonaws.com/Produccion/tiendas/127/productos/689/619c333e58737025.webp,nombre_original_fuente_exacto_y_url_fuente,alta,revisar_variante_antes_de_publicar,descargar_y_asignar_imagen_exacta
SRT-PENDING-1166A4BE4FAB,"Cable THHW-LS 12 AWG Cobre Trenzado, Azul",Cable Aislado Thhw Cu N12 Azul,https://cablescolombia.com/producto/cable-aislado-thhw-cu-n12-azul,https://multimedia02.s3.us-east-2.amazonaws.com/Produccion/tiendas/127/productos/704/4f41b4f40f63e906.webp,nombre_original_fuente_exacto_y_url_fuente,alta,revisar_variante_antes_de_publicar,descargar_y_asignar_imagen_exacta
SRT-PENDING-75C2F07B5EC2,"Cable THHW-LS 12 AWG Cobre Trenzado, Rojo",Cable Aislado Thhw Cu N12 Rojo,https://cablescolombia.com/producto/cable-aislado-thhw-cu-n12-rojo,https://multimedia02.s3.us-east-2.amazonaws.com/Produccion/tiendas/127/productos/706/04e8527e9c6bb72b.webp,nombre_original_fuente_exacto_y_url_fuente,alta,revisar_variante_antes_de_publicar,descargar_y_asignar_imagen_exacta
SRT-PENDING-DFD91AC5C680,"Cable THHW-LS 12 AWG Cobre Trenzado, Negro",Cable Aislado Thhw Cu N12 Negro,https://cablescolombia.com/producto/cable-aislado-thhw-cu-n12-negro,https://multimedia02.s3.us-east-2.amazonaws.com/Produccion/tiendas/127/productos/707/d2b54c00bace8893.webp,nombre_original_fuente_exacto,alta,revisar_variante_antes_de_publicar,descargar_y_asignar_imagen_exacta
SRT-PENDING-6C3361585ADF,"Cable THHW-LS 12 AWG Cobre Trenzado, Blanco",Cable Aislado Thhw Cu N12 Blanco,https://cablescolombia.com/producto/cable-aislado-thhw-cu-n12-blanco,https://multimedia02.s3.us-east-2.amazonaws.com/Produccion/tiendas/127/productos/710/e5a883351c3d1301.webp,nombre_original_fuente_exacto,alta,revisar_variante_antes_de_publicar,descargar_y_asignar_imagen_exacta
SRT-PENDING-756929C8D6E7,"Cable THHW-LS 12 AWG Cobre Trenzado, Amarillo",Cable Aislado Thhw Cu N12 Amarillo,https://cablescolombia.com/producto/cable-aislado-thhw-cu-n12-amarillo,https://multimedia02.s3.us-east-2.amazonaws.com/Produccion/tiendas/127/productos/712/bcc24b6b7d04a1d3.webp,nombre_original_fuente_exacto,alta,revisar_variante_antes_de_publicar,descargar_y_asignar_imagen_exacta
SRT-PENDING-86987D275B9F,"Cable THHW-LS 12 AWG Cobre Trenzado, Verde",Cable Aislado Thhw Cu N12 Verde,https://cablescolombia.com/producto/cable-aislado-thhw-cu-n12-verde,https://multimedia02.s3.us-east-2.amazonaws.com/Produccion/tiendas/127/productos/713/fe3aef3da98e0ab3.webp,nombre_original_fuente_exacto_y_url_fuente,alta,revisar_variante_antes_de_publicar,descargar_y_asignar_imagen_exacta
SRT-PENDING-21FD6C300A41,"Cable THHW-LS 10 AWG Cobre Trenzado, Blanco",Cable Aislado Thhw Cu N10 Blanco,https://cablescolombia.com/producto/cable-aislado-thhw-cu-n10-blanco,https://multimedia02.s3.us-east-2.amazonaws.com/Produccion/tiendas/127/productos/717/93a6fe483e292909.webp,nombre_original_fuente_exacto,alta,revisar_variante_antes_de_publicar,descargar_y_asignar_imagen_exacta
SRT-PENDING-F5A166F079E1,"Cable THHW-LS 10 AWG Cobre Trenzado, Amarillo",Cable Aislado Thhw Cu N10 Amarillo,https://cablescolombia.com/producto/cable-aislado-thhw-cu-n10-amarillo,https://multimedia02.s3.us-east-2.amazonaws.com/Produccion/tiendas/127/productos/719/0ed4783bc6b6b64f.webp,nombre_original_fuente_exacto,alta,revisar_variante_antes_de_publicar,descargar_y_asignar_imagen_exacta
SRT-PENDING-60537BFEA285,"Cable THHW-LS 10 AWG Cobre Trenzado, Rojo",Cable Aislado Thhw Cu N10 Rojo,https://cablescolombia.com/producto/cable-aislado-thhw-cu-n10-rojo,https://multimedia02.s3.us-east-2.amazonaws.com/Produccion/tiendas/127/productos/720/720361f62bee95fc.webp,nombre_original_fuente_exacto,alta,revisar_variante_antes_de_publicar,descargar_y_asignar_imagen_exacta
SRT-PENDING-AD03162171F4,"Cable THHW-LS 10 AWG Cobre Trenzado, Azul",Cable Aislado Thhw Cu N10 Azul,https://cablescolombia.com/producto/cable-aislado-thhw-cu-n10-azul,https://multimedia02.s3.us-east-2.amazonaws.com/Produccion/tiendas/127/productos/722/b6709ef13f1309b6.webp,nombre_original_fuente_exacto,alta,revisar_variante_antes_de_publicar,descargar_y_asignar_imagen_exacta
SRT-PENDING-C19135D919A3,"Cable THHW-LS 10 AWG Cobre Trenzado, Verde",Cable Aislado Thhw Cu N10 Verde,https://cablescolombia.com/producto/cable-aislado-thhw-cu-n10-verde,https://multimedia02.s3.us-east-2.amazonaws.com/Produccion/tiendas/127/productos/725/16776796fd0bd1cc.webp,nombre_original_fuente_exacto,alta,revisar_variante_antes_de_publicar,descargar_y_asignar_imagen_exacta
SRT-PENDING-B4C4339BB418,"Cable THHW-LS 10 AWG Cobre Trenzado, Negro",Cable Aislado Thhw Cu N10 Negro,https://cablescolombia.com/producto/cable-aislado-thhw-cu-n10-negro,https://multimedia02.s3.us-east-2.amazonaws.com/Produccion/tiendas/127/productos/726/fd02ee37d36510bb.webp,nombre_original_fuente_exacto,alta,revisar_variante_antes_de_publicar,descargar_y_asignar_imagen_exacta
SRT-PENDING-BF4F71F6A068,"Cable THHW-LS 8 AWG Cobre Trenzado, Verde",Cable Aislado Thhw Cu N8 Verde,https://cablescolombia.com/producto/cable-aislado-thhw-cu-n8-verde,https://multimedia02.s3.us-east-2.amazonaws.com/Produccion/tiendas/127/productos/727/3328002d9ce85b1c.webp,nombre_original_fuente_exacto,alta,revisar_variante_antes_de_publicar,descargar_y_asignar_imagen_exacta
SRT-PENDING-CCECBBFDD5DE,"Cable THHW-LS 8 AWG Cobre Trenzado, Azul",Cable Aislado Thhw Cu N8 Azul,https://cablescolombia.com/producto/cable-aislado-thhw-cu-n8-azul,https://multimedia02.s3.us-east-2.amazonaws.com/Produccion/tiendas/127/productos/729/7ad76cc281ce8f85.webp,nombre_original_fuente_exacto,alta,revisar_variante_antes_de_publicar,descargar_y_asignar_imagen_exacta
SRT-PENDING-816DD2F59DE2,"Cable THHW-LS 8 AWG Cobre Trenzado, Blanco",Cable Aislado Thhw Cu N8 Blanco,https://cablescolombia.com/producto/cable-aislado-thhw-cu-n8-blanco,https://multimedia02.s3.us-east-2.amazonaws.com/Produccion/tiendas/127/productos/731/01415e15e04ba76d.webp,nombre_original_fuente_exacto,alta,revisar_variante_antes_de_publicar,descargar_y_asignar_imagen_exacta
SRT-PENDING-CB8A583550CE,"Cable THHW-LS 8 AWG Cobre Trenzado, Negro",Cable Aislado Thhw Cu N8 Negro,https://cablescolombia.com/producto/cable-aislado-thhw-cu-n8-negro,https://multimedia02.s3.us-east-2.amazonaws.com/Produccion/tiendas/127/productos/734/0c2e8ef7b0a0f7b8.webp,nombre_original_fuente_exacto,alta,revisar_variante_antes_de_publicar,descargar_y_asignar_imagen_exacta
SRT-PENDING-8F3183B05B49,"Cable THHW-LS 8 AWG Cobre Trenzado, Rojo",Cable Aislado Thhw Cu N8 Rojo,https://cablescolombia.com/producto/cable-aislado-thhw-cu-n8-rojo,https://multimedia02.s3.us-east-2.amazonaws.com/Produccion/tiendas/127/productos/736/fc125d3027ffecb3.webp,nombre_original_fuente_exacto,alta,revisar_variante_antes_de_publicar,descargar_y_asignar_imagen_exacta
SRT-PENDING-073A5AB5611A,"Cable THHW-LS 8 AWG Cobre Trenzado, Amarillo",Cable Aislado Thhw Cu N8 Amarillo,https://cablescolombia.com/producto/cable-aislado-thhw-cu-n8-amarillo,https://multimedia02.s3.us-east-2.amazonaws.com/Produccion/tiendas/127/productos/739/4645a54077c9f9e8.webp,nombre_original_fuente_exacto,alta,revisar_variante_antes_de_publicar,descargar_y_asignar_imagen_exacta
SRT-PENDING-DDE1F397583D,"Cable THHW-LS 3x12 AWG Cobre, Rojo",Cable Aislado Thhw Cu 3X12 Trenzado Rojo,https://cablescolombia.com/producto/cable-aislado-thhw-cu-3x12-trenzado-rojo,https://multimedia02.s3.us-east-2.amazonaws.com/Produccion/tiendas/127/productos/741/851717376fbfacc5.webp,nombre_original_fuente_exacto,alta,revisar_variante_antes_de_publicar,descargar_y_asignar_imagen_exacta
SRT-PENDING-692D488C739A,"Cable THHW-LS 3x12 AWG Cobre, Azul",Cable Aislado Thhw Cu 3X12 Trenzado Azul,https://cablescolombia.com/producto/cable-aislado-thhw-cu-3x12-trenzado-azul,https://multimedia02.s3.us-east-2.amazonaws.com/Produccion/tiendas/127/productos/743/3d89d4513f53e29d.webp,nombre_original_fuente_exacto,alta,revisar_variante_antes_de_publicar,descargar_y_asignar_imagen_exacta
SRT-PENDING-0793CB189B99,"Cable THHW-LS 6 AWG Cobre Trenzado, Amarillo",Cable Aislado Thhw Cu N6 Amarillo,https://cablescolombia.com/producto/cable-aislado-thhw-cu-n6-amarillo,https://multimedia02.s3.us-east-2.amazonaws.com/Produccion/tiendas/127/productos/744/fef77ec712cb76bd.webp,nombre_original_fuente_exacto,alta,revisar_variante_antes_de_publicar,descargar_y_asignar_imagen_exacta
SRT-PENDING-E165E6F74DD3,"Cable THHW-LS 6 AWG Cobre Trenzado, Azul",Cable Aislado Thhw Cu N6 Azul,https://cablescolombia.com/producto/cable-aislado-thhw-cu-n6-azul,https://multimedia02.s3.us-east-2.amazonaws.com/Produccion/tiendas/127/productos/745/6db0a009e08d68cd.webp,nombre_original_fuente_exacto,alta,revisar_variante_antes_de_publicar,descargar_y_asignar_imagen_exacta
SRT-PENDING-92276926BA9C,"Cable THHW-LS 6 AWG Cobre Trenzado, Blanco",Cable Aislado Thhw Cu N6 Blanco,https://cablescolombia.com/producto/cable-aislado-thhw-cu-n6-blanco,https://multimedia02.s3.us-east-2.amazonaws.com/Produccion/tiendas/127/productos/747/4582752fad8a5922.webp,nombre_original_fuente_exacto,alta,revisar_variante_antes_de_publicar,descargar_y_asignar_imagen_exacta
SRT-PENDING-1EE8DD2575A6,"Cable THHW-LS 6 AWG Cobre Trenzado, Negro",Cable Aislado Thhw Cu N6 Negro,https://cablescolombia.com/producto/cable-aislado-thhw-cu-n6-negro,https://multimedia02.s3.us-east-2.amazonaws.com/Produccion/tiendas/127/productos/748/f8b0b8a7e3378afa.webp,nombre_original_fuente_exacto,alta,revisar_variante_antes_de_publicar,descargar_y_asignar_imagen_exacta
SRT-PENDING-6BA5A1DAA2AC,"Cable THHW-LS 6 AWG Cobre Trenzado, Rojo",Cable Aislado Thhw Cu N6 Rojo,https://cablescolombia.com/producto/cable-aislado-thhw-cu-n6-rojo,https://multimedia02.s3.us-east-2.amazonaws.com/Produccion/tiendas/127/productos/752/1caa0c4731911e6c.webp,nombre_original_fuente_exacto,alta,revisar_variante_antes_de_publicar,descargar_y_asignar_imagen_exacta
SRT-PENDING-8B3722E7CB2B,"Cable THHW-LS 6 AWG Cobre Trenzado, Verde",Cable Aislado Thhw Cu N6 Verde,https://cablescolombia.com/producto/cable-aislado-thhw-cu-n6-verde,https://multimedia02.s3.us-east-2.amazonaws.com/Produccion/tiendas/127/productos/754/83d7473503ab5334.webp,nombre_original_fuente_exacto,alta,revisar_variante_antes_de_publicar,descargar_y_asignar_imagen_exacta
SRT-PENDING-0CEB7A30C550,Cable THHW-LS 4 AWG Cobre Trenzado,Cable Aislado Thhw Cu N4,https://cablescolombia.com/producto/cable-aislado-thhw-cu-n4,https://multimedia02.s3.us-east-2.amazonaws.com/Produccion/tiendas/127/productos/757/cea5e11ce2d8c19e.webp,nombre_original_fuente_exacto,alta,revisar_variante_antes_de_publicar,descargar_y_asignar_imagen_exacta
SRT-PENDING-1CEB98D50A52,Cable THHW-LS 2 AWG Cobre Trenzado,Cable Aislado Thhw Cu N2,https://cablescolombia.com/producto/cable-aislado-thhw-cu-n2,https://multimedia02.s3.us-east-2.amazonaws.com/Produccion/tiendas/127/productos/759/4ce3ff103a84741d.webp,nombre_original_fuente_exacto,alta,revisar_variante_antes_de_publicar,descargar_y_asignar_imagen_exacta
SRT-PENDING-CCD73200B6F2,Cable THHW-LS 1/0 AWG Cobre Trenzado,Cable Aislado Thhw Cu 1/0,https://cablescolombia.com/producto/cable-aislado-thhw-cu-1-0,https://multimedia02.s3.us-east-2.amazonaws.com/Produccion/tiendas/127/productos/761/5a0dcd6f9d2dc999.webp,nombre_original_fuente_exacto,alta,revisar_variante_antes_de_publicar,descargar_y_asignar_imagen_exacta
SRT-PENDING-F261807B9900,Cable THHW-LS 2/0 AWG Cobre Trenzado,Cable Aislado Thhw Cu 2/0,https://cablescolombia.com/producto/cable-aislado-thhw-cu-2-0,https://multimedia02.s3.us-east-2.amazonaws.com/Produccion/tiendas/127/productos/764/c1b89d1abd0760bc.webp,nombre_original_fuente_exacto,alta,revisar_variante_antes_de_publicar,descargar_y_asignar_imagen_exacta
SRT-PENDING-4C460F3BCB10,Cable THHW-LS 3/0 AWG Cobre Trenzado,Cable Aislado Thhw Cu 3/0,https://cablescolombia.com/producto/cable-aislado-thhw-cu-3-0,https://multimedia02.s3.us-east-2.amazonaws.com/Produccion/tiendas/127/productos/767/edec87cf0e00f4c9.webp,nombre_original_fuente_exacto,alta,revisar_variante_antes_de_publicar,descargar_y_asignar_imagen_exacta
SRT-PENDING-B03FCD60601B,Cable THHW-LS 4/0 AWG Cobre Trenzado,Cable Aislado Thhw Cu 4/0,https://cablescolombia.com/producto/cable-aislado-thhw-cu-4-0,https://multimedia02.s3.us-east-2.amazonaws.com/Produccion/tiendas/127/productos/771/4d8736fca8a7316e.webp,nombre_original_fuente_exacto,alta,revisar_variante_antes_de_publicar,descargar_y_asignar_imagen_exacta
SRT-PENDING-03893103C5CC,Cable THHW-LS 250 kcmil Cobre Trenzado,Cable Aislado Thhw Cu 250MCM,https://cablescolombia.com/producto/cable-aislado-thhw-cu-250mcm,https://multimedia02.s3.us-east-2.amazonaws.com/Produccion/tiendas/127/productos/772/ce25377245440b41.webp,nombre_original_fuente_exacto,alta,revisar_variante_antes_de_publicar,descargar_y_asignar_imagen_exacta
SRT-PENDING-BB2B59952D1B,Cable THHW-LS 350 kcmil Cobre Trenzado,Cable Aislado Thhw Cu 350MCM,https://cablescolombia.com/producto/cable-aislado-thhw-cu-350mcm,https://multimedia02.s3.us-east-2.amazonaws.com/Produccion/tiendas/127/productos/774/420ac957835b78ac.webp,nombre_original_fuente_exacto,alta,revisar_variante_antes_de_publicar,descargar_y_asignar_imagen_exacta
SRT-PENDING-920AA95588FF,Cable THHW-LS 500 kcmil Cobre Trenzado,Cable Aislado Thhw Cu 500MCM,https://cablescolombia.com/producto/cable-aislado-thhw-cu-500mcm,https://multimedia02.s3.us-east-2.amazonaws.com/Produccion/tiendas/127/productos/775/0e7f196eb5f6dbdb.webp,nombre_original_fuente_exacto,alta,revisar_variante_antes_de_publicar,descargar_y_asignar_imagen_exacta
SRT-PENDING-5D89757874CE,Cable THHW-LS 400 kcmil Cobre Trenzado,Cable Aislado Thhw Cu 400MCM,https://cablescolombia.com/producto/cable-aislado-thhw-cu-400mcm,https://multimedia02.s3.us-east-2.amazonaws.com/Produccion/tiendas/127/productos/776/7d061d879c7e1254.webp,nombre_original_fuente_exacto,alta,revisar_variante_antes_de_publicar,descargar_y_asignar_imagen_exacta
SRT-PENDING-86DB4130DA9A,"Cable THHW-LS 14 AWG Cobre Trenzado, Amarillo",Cable Aislado Thhw Cu N14 Amarillo,https://cablescolombia.com/producto/cable-aislado-thhw-cu-n14-amarillo,https://multimedia02.s3.us-east-2.amazonaws.com/Produccion/tiendas/127/productos/38427/93ddb2136349c41d.webp,nombre_original_fuente_exacto_y_url_fuente,alta,revisar_variante_antes_de_publicar,descargar_y_asignar_imagen_exacta
SRT-PENDING-780ABB517110,Alambre de Cobre Desnudo 14 AWG Sólido,Alambre Desnudo N14 x Metro,https://cablescolombia.com/producto/alambre-desnudo-n14-x-metro,https://multimedia02.s3.us-east-2.amazonaws.com/Produccion/tiendas/127/productos/375/ebe10db747fadd35.webp,nombre_original_fuente_exacto_y_url_fuente,alta,revisar_variante_antes_de_publicar,descargar_y_asignar_imagen_exacta
SRT-PENDING-1804F14F0031,Alambre de Cobre Desnudo 12 AWG Sólido,Alambre Desnudo N12 x Metro,https://cablescolombia.com/producto/alambre-desnudo-n12-x-metro,https://multimedia02.s3.us-east-2.amazonaws.com/Produccion/tiendas/127/productos/377/a9f55eb04c4e257c.webp,nombre_original_fuente_exacto_y_url_fuente,alta,revisar_variante_antes_de_publicar,descargar_y_asignar_imagen_exacta
SRT-PENDING-CCE01012E007,Alambre de Cobre Desnudo 10 AWG Sólido,Alambre Desnudo N10 x Metro,https://cablescolombia.com/producto/alambre-desnudo-n10-x-metro,https://multimedia02.s3.us-east-2.amazonaws.com/Produccion/tiendas/127/productos/379/e52d8b2fb5a80f16.webp,nombre_original_fuente_exacto_y_url_fuente,alta,revisar_variante_antes_de_publicar,descargar_y_asignar_imagen_exacta
SRT-PENDING-E8DD5A6639BC,Alambre de Cobre Desnudo 8 AWG Sólido,Alambre Desnudo N8 x Metro,https://cablescolombia.com/producto/alambre-desnudo-n8-x-metro,https://multimedia02.s3.us-east-2.amazonaws.com/Produccion/tiendas/127/productos/380/9b71a3ee9484c1d1.webp,nombre_original_fuente_exacto_y_url_fuente,alta,revisar_variante_antes_de_publicar,descargar_y_asignar_imagen_exacta
SRT-PENDING-97A4BB65EF11,Cable de Cobre Desnudo 14 AWG Trenzado,Cable Desnudo Cobre N14,https://cablescolombia.com/producto/cable-desnudo-cobre-n14,https://multimedia02.s3.us-east-2.amazonaws.com/Produccion/tiendas/127/productos/402/f292ca41ea42c0b416128eb7309c2ab4.webp,nombre_original_fuente_exacto_y_url_fuente,alta,revisar_variante_antes_de_publicar,descargar_y_asignar_imagen_exacta
SRT-PENDING-62ECCB9CBC7F,Cable de Cobre Desnudo 12 AWG Trenzado,Cable Desnudo Cobre N12,https://cablescolombia.com/producto/cable-desnudo-cobre-n12,https://multimedia02.s3.us-east-2.amazonaws.com/Produccion/tiendas/127/productos/406/2bb04e5250404cbaf8d85390b3b73b31.webp,nombre_original_fuente_exacto_y_url_fuente,alta,revisar_variante_antes_de_publicar,descargar_y_asignar_imagen_exacta
SRT-PENDING-3E3E2E48D6A4,Cable de Cobre Desnudo 10 AWG Trenzado,Cable Desnudo Cobre N10,https://cablescolombia.com/producto/cable-desnudo-cobre-n10,https://multimedia02.s3.us-east-2.amazonaws.com/Produccion/tiendas/127/productos/456/1783b57f0a75c36508473dcf69e35a07.webp,nombre_original_fuente_exacto_y_url_fuente,alta,revisar_variante_antes_de_publicar,descargar_y_asignar_imagen_exacta
SRT-PENDING-54AFC653C391,Cable de Cobre Desnudo 8 AWG Trenzado,Cable Desnudo Cobre N8,https://cablescolombia.com/producto/cable-desnudo-cobre-n8,https://multimedia02.s3.us-east-2.amazonaws.com/Produccion/tiendas/127/productos/458/452313214fe3b6d0e5f8f8ccf8f47e0d.webp,nombre_original_fuente_exacto_y_url_fuente,alta,revisar_variante_antes_de_publicar,descargar_y_asignar_imagen_exacta
SRT-PENDING-77E92A904BC9,Cable de Cobre Desnudo 6 AWG Trenzado,Cable Desnudo Cobre N6,https://cablescolombia.com/producto/cable-desnudo-cobre-n6,https://multimedia02.s3.us-east-2.amazonaws.com/Produccion/tiendas/127/productos/461/9f5f60523a476317ba43689e968f2288.webp,nombre_original_fuente_exacto_y_url_fuente,alta,revisar_variante_antes_de_publicar,descargar_y_asignar_imagen_exacta
SRT-PENDING-84502B5390F0,Cable de Cobre Desnudo 4 AWG Trenzado,Cable Desnudo Cobre N4,https://cablescolombia.com/producto/cable-desnudo-cobre-n4,https://multimedia02.s3.us-east-2.amazonaws.com/Produccion/tiendas/127/productos/462/e38fa0f0335b773cc08621c79cd9ceae.webp,nombre_original_fuente_exacto_y_url_fuente,alta,revisar_variante_antes_de_publicar,descargar_y_asignar_imagen_exacta
SRT-PENDING-8E7EFB9E9172,Cable de Cobre Desnudo 2 AWG Trenzado,Cable Desnudo Cobre N2,https://cablescolombia.com/producto/cable-desnudo-cobre-n2,https://multimedia02.s3.us-east-2.amazonaws.com/Produccion/tiendas/127/productos/463/1ac903fd40ccfffb6782bbbb2e556fc0.webp,nombre_original_fuente_exacto_y_url_fuente,alta,revisar_variante_antes_de_publicar,descargar_y_asignar_imagen_exacta
SRT-PENDING-53E9D5D96B7F,Cable de Cobre Desnudo 1/0 AWG Trenzado,Cable Desnudo Cobre 1/0,https://cablescolombia.com/producto/cable-desnudo-cobre-1-0,https://multimedia02.s3.us-east-2.amazonaws.com/Produccion/tiendas/127/productos/464/e3f23be4e7ceb219b468dc9645970e81.webp,nombre_original_fuente_exacto_y_url_fuente,alta,revisar_variante_antes_de_publicar,descargar_y_asignar_imagen_exacta
SRT-PENDING-8EAF5D9C2C85,Cable de Cobre Desnudo 2/0 AWG Trenzado,Cable Desnudo Cobre 2/0,https://cablescolombia.com/producto/cable-desnudo-cobre-2-0,https://multimedia02.s3.us-east-2.amazonaws.com/Produccion/tiendas/127/productos/465/2b934e0c5c38c63855e2afd14d26ee64.webp,nombre_original_fuente_exacto_y_url_fuente,alta,revisar_variante_antes_de_publicar,descargar_y_asignar_imagen_exacta
SRT-PENDING-54D394A49AB8,Cable de Cobre Desnudo 4/0 AWG Trenzado,Cable Desnudo Cobre 4/0,https://cablescolombia.com/producto/cable-desnudo-cobre-4-0,https://multimedia02.s3.us-east-2.amazonaws.com/Produccion/tiendas/127/productos/467/94a83a466f404dad4c9fceb504b93308.webp,nombre_original_fuente_exacto,alta,revisar_variante_antes_de_publicar,descargar_y_asignar_imagen_exacta
SRT-PENDING-F0425DF85B52,Cable de Cobre Desnudo 3/0 AWG Trenzado,Cable Desnudo Cobre 3/0,https://cablescolombia.com/producto/cable-desnudo-cobre-3-0_3,https://multimedia02.s3.us-east-2.amazonaws.com/Produccion/tiendas/127/productos/468/c87d86ac4f91e430.webp,nombre_original_fuente_exacto,alta,revisar_variante_antes_de_publicar,descargar_y_asignar_imagen_exacta
SRT-PENDING-69E2CF6A9559,"Cable Libre de Halógeno LSZH 14 AWG Cobre Trenzado, Amarillo",Cable Libre de Halógeno N14 Amarillo Cu,https://cablescolombia.com/producto/cable-libre-de-halogeno-n14-amarillo-cu,https://multimedia02.s3.us-east-2.amazonaws.com/Produccion/tiendas/127/productos/593/5af19dab4d2befc5.webp,nombre_original_fuente_exacto_y_url_fuente,alta,revisar_variante_antes_de_publicar,descargar_y_asignar_imagen_exacta
SRT-PENDING-A0314224E766,"Cable Libre de Halógeno LSZH 14 AWG Cobre Trenzado, Azul",Cable Libre de Halógeno N14 Azul Cu,https://cablescolombia.com/producto/cable-libre-de-halogeno-n14-azul-cu,https://multimedia02.s3.us-east-2.amazonaws.com/Produccion/tiendas/127/productos/595/e676143650629eb1.webp,nombre_original_fuente_exacto_y_url_fuente,alta,revisar_variante_antes_de_publicar,descargar_y_asignar_imagen_exacta
SRT-PENDING-C94E1E870A26,"Cable Libre de Halógeno LSZH 14 AWG Cobre Trenzado, Blanco",Cable Libre de Halógeno N14 Blanco Cu,https://cablescolombia.com/producto/cable-libre-de-halogeno-n14-blanco-cu,https://multimedia02.s3.us-east-2.amazonaws.com/Produccion/tiendas/127/productos/597/271160fcb72352fc.webp,nombre_original_fuente_exacto_y_url_fuente,alta,revisar_variante_antes_de_publicar,descargar_y_asignar_imagen_exacta
SRT-PENDING-04ACB9EA61A1,"Cable Libre de Halógeno LSZH 14 AWG Cobre Trenzado, Negro",Cable Libre de Halógeno N14 Negro Cu,https://cablescolombia.com/producto/cable-libre-de-halogeno-n14-negro-cu,https://multimedia02.s3.us-east-2.amazonaws.com/Produccion/tiendas/127/productos/599/b4f68cdc7a04c1d7.webp,nombre_original_fuente_exacto_y_url_fuente,alta,revisar_variante_antes_de_publicar,descargar_y_asignar_imagen_exacta
SRT-PENDING-756CD6407BE0,"Cable Libre de Halógeno LSZH 14 AWG Cobre Trenzado, Rojo",Cable Libre de Halógeno N14 Rojo Cu,https://cablescolombia.com/producto/cable-libre-de-halogeno-n14-rojo-cu,https://multimedia02.s3.us-east-2.amazonaws.com/Produccion/tiendas/127/productos/600/192f6c0dbb8db927.webp,nombre_original_fuente_exacto_y_url_fuente,alta,revisar_variante_antes_de_publicar,descargar_y_asignar_imagen_exacta
SRT-PENDING-4BC064D08D6A,"Cable Libre de Halógeno LSZH 14 AWG Cobre Trenzado, Verde",Cable Libre de Halógeno N14 Verde Cu,https://cablescolombia.com/producto/cable-libre-de-halogeno-n14-verde-cu,https://multimedia02.s3.us-east-2.amazonaws.com/Produccion/tiendas/127/productos/602/3f48c77d0b5b3852.webp,nombre_original_fuente_exacto_y_url_fuente,alta,revisar_variante_antes_de_publicar,descargar_y_asignar_imagen_exacta
SRT-PENDING-7369268D0BC2,"Cable Libre de Halógeno LSZH 12 AWG Cobre Trenzado, Negro",Cable Libre de Halógeno N12 Negro Cu,https://cablescolombia.com/producto/cable-libre-de-halogeno-n12-negro-cu,https://multimedia02.s3.us-east-2.amazonaws.com/Produccion/tiendas/127/productos/603/14ca72c70aa9d723.webp,nombre_original_fuente_exacto,alta,revisar_variante_antes_de_publicar,descargar_y_asignar_imagen_exacta
SRT-PENDING-A0245B1C009E,"Cable Libre de Halógeno LSZH 12 AWG Cobre Trenzado, Amarillo",Cable Libre de Halógeno N12 Amarillo,https://cablescolombia.com/producto/cable-libre-de-halogeno-n12-amarillo,https://multimedia02.s3.us-east-2.amazonaws.com/Produccion/tiendas/127/productos/604/8b92cdd1b3ce8323.webp,nombre_original_fuente_exacto_y_url_fuente,alta,revisar_variante_antes_de_publicar,descargar_y_asignar_imagen_exacta
SRT-PENDING-440FF4D96875,"Cable Libre de Halógeno LSZH 12 AWG Cobre Trenzado, Azul",Cable Libre de Halógeno N12 Azul Cu,https://cablescolombia.com/producto/cable-libre-de-halogeno-n12-azul-cu,https://multimedia02.s3.us-east-2.amazonaws.com/Produccion/tiendas/127/productos/605/126738e82bca49fe.webp,nombre_original_fuente_exacto_y_url_fuente,alta,revisar_variante_antes_de_publicar,descargar_y_asignar_imagen_exacta
SRT-PENDING-10BAA11455B0,"Cable Libre de Halógeno LSZH 12 AWG Cobre Trenzado, Blanco",Cable Libre de Halógeno N12 Blanco Cu,https://cablescolombia.com/producto/cable-libre-de-halogeno-n12-blanco-cu,https://multimedia02.s3.us-east-2.amazonaws.com/Produccion/tiendas/127/productos/606/3fa947a960a76098.webp,nombre_original_fuente_exacto,alta,revisar_variante_antes_de_publicar,descargar_y_asignar_imagen_exacta
SRT-PENDING-243D5EC2CB12,"Cable Libre de Halógeno LSZH 12 AWG Cobre Trenzado, Rojo",Cable Libre de Halógeno N12 Rojo Cu,https://cablescolombia.com/producto/cable-libre-de-halogeno-n12-rojo-cu,https://multimedia02.s3.us-east-2.amazonaws.com/Produccion/tiendas/127/productos/607/4a294cc488349462.webp,nombre_original_fuente_exacto,alta,revisar_variante_antes_de_publicar,descargar_y_asignar_imagen_exacta
SRT-PENDING-754DB4144A5A,"Cable Libre de Halógeno LSZH 12 AWG Cobre Trenzado, Verde",Cable Libre de Halógeno N12 Verde Cu,https://cablescolombia.com/producto/cable-libre-de-halogeno-n12-verde-cu,https://multimedia02.s3.us-east-2.amazonaws.com/Produccion/tiendas/127/productos/608/e99fed4d2bdc9f13.webp,nombre_original_fuente_exacto_y_url_fuente,alta,revisar_variante_antes_de_publicar,descargar_y_asignar_imagen_exacta
SRT-PENDING-FE40981C6EE2,"Cable Libre de Halógeno LSZH 10 AWG Cobre Trenzado, Amarillo",Cable Libre de Halógeno N10 Amarillo Cu,https://cablescolombia.com/producto/cable-libre-de-halogeno-n10-amarillo-cu,https://multimedia02.s3.us-east-2.amazonaws.com/Produccion/tiendas/127/productos/609/4c54606f8239b631.webp,nombre_original_fuente_exacto,alta,revisar_variante_antes_de_publicar,descargar_y_asignar_imagen_exacta
SRT-PENDING-8A5260740314,"Cable Libre de Halógeno LSZH 10 AWG Cobre Trenzado, Azul",Cable Libre de Halógeno N10 Azul Cu,https://cablescolombia.com/producto/cable-libre-de-halogeno-n10-azul-cu,https://multimedia02.s3.us-east-2.amazonaws.com/Produccion/tiendas/127/productos/611/5f1ce5c9e82a07b4.webp,nombre_original_fuente_exacto,alta,revisar_variante_antes_de_publicar,descargar_y_asignar_imagen_exacta
SRT-PENDING-EB924394D412,"Cable Libre de Halógeno LSZH 10 AWG Cobre Trenzado, Blanco",Cable Libre de Halógeno N10 Blanco Cu,https://cablescolombia.com/producto/cable-libre-de-halogeno-n10-blanco-cu_6,https://multimedia02.s3.us-east-2.amazonaws.com/Produccion/tiendas/127/productos/612/6e78b41705aea472.webp,nombre_original_fuente_exacto,alta,revisar_variante_antes_de_publicar,descargar_y_asignar_imagen_exacta
SRT-PENDING-04898B1D8929,"Cable Libre de Halógeno LSZH 10 AWG Cobre Trenzado, Negro",Cable Libre de Halógeno N10 Negro Cu,https://cablescolombia.com/producto/cable-libre-de-halogeno-n10-negro-cu,https://multimedia02.s3.us-east-2.amazonaws.com/Produccion/tiendas/127/productos/614/ea21e4f3cb10163f.webp,nombre_original_fuente_exacto,alta,revisar_variante_antes_de_publicar,descargar_y_asignar_imagen_exacta
SRT-PENDING-CBCDD04A16CB,"Cable Libre de Halógeno LSZH 10 AWG Cobre Trenzado, Rojo",Cable Libre de Halógeno N10 Rojo Cu,https://cablescolombia.com/producto/cable-libre-de-halogeno-n10-rojo-cu,https://multimedia02.s3.us-east-2.amazonaws.com/Produccion/tiendas/127/productos/615/e35cc1069db1a61c.webp,nombre_original_fuente_exacto,alta,revisar_variante_antes_de_publicar,descargar_y_asignar_imagen_exacta
SRT-PENDING-9D1C28539091,"Cable Libre de Halógeno LSZH 10 AWG Cobre Trenzado, Verde",Cable Libre de Halógeno N10 Verde Cu,https://cablescolombia.com/producto/cable-libre-de-halogeno-n10-verde-cu,https://multimedia02.s3.us-east-2.amazonaws.com/Produccion/tiendas/127/productos/616/645899aaddf4495a.webp,nombre_original_fuente_exacto,alta,revisar_variante_antes_de_publicar,descargar_y_asignar_imagen_exacta
SRT-PENDING-B30A4A9CBDD7,"Cable Libre de Halógeno LSZH 8 AWG Cobre Trenzado, Amarillo",Cable Libre de Halógeno N8 Amarillo Cu,https://cablescolombia.com/producto/cable-libre-de-halogeno-n8-amarillo-cu,https://multimedia02.s3.us-east-2.amazonaws.com/Produccion/tiendas/127/productos/617/91c3dd3d84b1a702.webp,nombre_original_fuente_exacto,alta,revisar_variante_antes_de_publicar,descargar_y_asignar_imagen_exacta
SRT-PENDING-1B13B1046562,"Cable Libre de Halógeno LSZH 8 AWG Cobre Trenzado, Azul",Cable Libre de Halógeno N8 Azul Cu,https://cablescolombia.com/producto/cable-libre-de-halogeno-n8-azul-cu,https://multimedia02.s3.us-east-2.amazonaws.com/Produccion/tiendas/127/productos/618/3da45d1906eebee8.webp,nombre_original_fuente_exacto,alta,revisar_variante_antes_de_publicar,descargar_y_asignar_imagen_exacta
SRT-PENDING-35553BFE8787,"Cable Libre de Halógeno LSZH 8 AWG Cobre Trenzado, Blanco",Cable Libre de Halógeno N8 Blanco Cu,https://cablescolombia.com/producto/cable-libre-de-halogeno-n8-blanco-cu,https://multimedia02.s3.us-east-2.amazonaws.com/Produccion/tiendas/127/productos/619/ab20260c3ae0bdaf.webp,nombre_original_fuente_exacto,alta,revisar_variante_antes_de_publicar,descargar_y_asignar_imagen_exacta
SRT-PENDING-D7EDD3DFC08C,"Cable Libre de Halógeno LSZH 8 AWG Cobre Trenzado, Negro",Cable Libre de Halógeno N8 Negro Cu,https://cablescolombia.com/producto/cable-libre-de-halogeno-n8-negro-cu,https://multimedia02.s3.us-east-2.amazonaws.com/Produccion/tiendas/127/productos/622/04174f684ba53cad.webp,nombre_original_fuente_exacto,alta,revisar_variante_antes_de_publicar,descargar_y_asignar_imagen_exacta
SRT-PENDING-A97EFB583217,"Cable Libre de Halógeno LSZH 8 AWG Cobre Trenzado, Rojo",Cable Libre de Halógeno N8 Rojo Cu,https://cablescolombia.com/producto/cable-libre-de-halogeno-n8-rojo-cu,https://multimedia02.s3.us-east-2.amazonaws.com/Produccion/tiendas/127/productos/624/a5b867bcb4612dba.webp,nombre_original_fuente_exacto,alta,revisar_variante_antes_de_publicar,descargar_y_asignar_imagen_exacta
SRT-PENDING-CEC6A01178EF,"Cable Libre de Halógeno LSZH 8 AWG Cobre Trenzado, Verde",Cable Libre de Halógeno N8 Verde Cu,https://cablescolombia.com/producto/cable-libre-de-halogeno-n8-verde-cu,https://multimedia02.s3.us-east-2.amazonaws.com/Produccion/tiendas/127/productos/626/9e9908d6abd6d74b.webp,nombre_original_fuente_exacto,alta,revisar_variante_antes_de_publicar,descargar_y_asignar_imagen_exacta
SRT-PENDING-A046D906ADB0,"Cable Libre de Halógeno LSZH 6 AWG Cobre Trenzado, Amarillo",Cable Libre de Halógeno N6 Amarillo Cu,https://cablescolombia.com/producto/cable-libre-de-halogeno-n6-amarillo-cu,https://multimedia02.s3.us-east-2.amazonaws.com/Produccion/tiendas/127/productos/650/98d764e24d96a3f6.webp,nombre_original_fuente_exacto,alta,revisar_variante_antes_de_publicar,descargar_y_asignar_imagen_exacta
SRT-PENDING-07FA0BD6AEB2,"Cable Libre de Halógeno LSZH 6 AWG Cobre Trenzado, Azul",Cable Libre de Halógeno N6 Azul Cu,https://cablescolombia.com/producto/cable-libre-de-halogeno-n6-azul-cu,https://multimedia02.s3.us-east-2.amazonaws.com/Produccion/tiendas/127/productos/651/102d80e8ab471b49.webp,nombre_original_fuente_exacto,alta,revisar_variante_antes_de_publicar,descargar_y_asignar_imagen_exacta
SRT-PENDING-2089E87C0AAF,"Cable Libre de Halógeno LSZH 6 AWG Cobre Trenzado, Blanco",Cable Libre de Halógeno N6 Blanco Cu,https://cablescolombia.com/producto/cable-libre-de-halogeno-n6-blanco-cu,https://multimedia02.s3.us-east-2.amazonaws.com/Produccion/tiendas/127/productos/652/718c3072fdc524d8.webp,nombre_original_fuente_exacto,alta,revisar_variante_antes_de_publicar,descargar_y_asignar_imagen_exacta
SRT-PENDING-077F4FF8E9DE,"Cable Libre de Halógeno LSZH 6 AWG Cobre Trenzado, Negro",Cable Libre de Halógeno N6 Negro Cu,https://cablescolombia.com/producto/cable-libre-de-halogeno-n6-negro-cu,https://multimedia02.s3.us-east-2.amazonaws.com/Produccion/tiendas/127/productos/654/7638b9a9032229d6.webp,nombre_original_fuente_exacto,alta,revisar_variante_antes_de_publicar,descargar_y_asignar_imagen_exacta
SRT-PENDING-82C171848667,"Cable Libre de Halógeno LSZH 6 AWG Cobre Trenzado, Rojo",Cable Libre de Halógeno N6 Rojo Cu,https://cablescolombia.com/producto/cable-libre-de-halogeno-n6-rojo-cu,https://multimedia02.s3.us-east-2.amazonaws.com/Produccion/tiendas/127/productos/655/43ae719f61707afd.webp,nombre_original_fuente_exacto,alta,revisar_variante_antes_de_publicar,descargar_y_asignar_imagen_exacta
SRT-PENDING-C88FD9CE58CA,"Cable Libre de Halógeno LSZH 6 AWG Cobre Trenzado, Verde",Cable Libre de Halógeno N6 Verde Cu,https://cablescolombia.com/producto/cable-libre-de-halogeno-n6-verde-cu,https://multimedia02.s3.us-east-2.amazonaws.com/Produccion/tiendas/127/productos/657/ad9e548a19fadf23.webp,nombre_original_fuente_exacto,alta,revisar_variante_antes_de_publicar,descargar_y_asignar_imagen_exacta
SRT-PENDING-DB9D247A6425,Cable Libre de Halógeno LSZH 4 AWG Cobre Trenzado,Cable Libre de Halógeno N4 Cu,https://cablescolombia.com/producto/cable-libre-de-halogeno-n4-cu,https://multimedia02.s3.us-east-2.amazonaws.com/Produccion/tiendas/127/productos/660/8714e2b3d77f8fd7.webp,nombre_original_fuente_exacto,alta,revisar_variante_antes_de_publicar,descargar_y_asignar_imagen_exacta
SRT-PENDING-8D8F8E0DCE81,Cable Libre de Halógeno LSZH 2 AWG Cobre Trenzado,Cable Libre de Halógeno N2 Cu,https://cablescolombia.com/producto/cable-libre-de-halogeno-n2-cu,https://multimedia02.s3.us-east-2.amazonaws.com/Produccion/tiendas/127/productos/662/d2cd4d036319d0ec.webp,nombre_original_fuente_exacto,alta,revisar_variante_antes_de_publicar,descargar_y_asignar_imagen_exacta
SRT-PENDING-029EB10AC9CB,Cable Libre de Halógeno LSZH 1/0 AWG Cobre Trenzado,Cable Libre de Halógeno N1/0 Cu,https://cablescolombia.com/producto/cable-libre-de-halogeno-n1-0-cu,https://multimedia02.s3.us-east-2.amazonaws.com/Produccion/tiendas/127/productos/667/14686d1336ac1bef.webp,nombre_original_fuente_exacto,alta,revisar_variante_antes_de_publicar,descargar_y_asignar_imagen_exacta
SRT-PENDING-388A73331D8A,Cable Libre de Halógeno LSZH 2/0 AWG Cobre Trenzado,Cable Libre de Halógeno N2/0 Cu,https://cablescolombia.com/producto/cable-libre-de-halogeno-n2-0-cu,https://multimedia02.s3.us-east-2.amazonaws.com/Produccion/tiendas/127/productos/668/e8efd478e9afbea6.webp,nombre_original_fuente_exacto,alta,revisar_variante_antes_de_publicar,descargar_y_asignar_imagen_exacta
SRT-PENDING-017B0187FD40,Cable Libre de Halógeno LSZH 4/0 AWG Cobre Trenzado,Cable Libre de Halógeno N4/0 Cu,https://cablescolombia.com/producto/cable-libre-de-halogeno-n4-0-cu,https://multimedia02.s3.us-east-2.amazonaws.com/Produccion/tiendas/127/productos/669/0bfc08204a1957a7.webp,nombre_original_fuente_exacto,alta,revisar_variante_antes_de_publicar,descargar_y_asignar_imagen_exacta
SRT-PENDING-AE93C6CB0019,Cable Libre de Halógeno LSZH 3/0 AWG Cobre Trenzado,Cable Libre de Halógeno N3/0 Cu,https://cablescolombia.com/producto/cable-libre-de-halogeno-n3-0-cu,https://multimedia02.s3.us-east-2.amazonaws.com/Produccion/tiendas/127/productos/670/00ceb3644a1a9260.webp,nombre_original_fuente_exacto,alta,revisar_variante_antes_de_publicar,descargar_y_asignar_imagen_exacta
SRT-PENDING-38E9EBE15577,Cable Libre de Halógeno LSZH 250 AWG Cobre Trenzado,Cable Libre de Halógeno N250 Cu,https://cablescolombia.com/producto/cable-libre-de-halogeno-n250-cu,https://multimedia02.s3.us-east-2.amazonaws.com/Produccion/tiendas/127/productos/671/7962fc1432416953.webp,nombre_original_fuente_exacto,alta,revisar_variante_antes_de_publicar,descargar_y_asignar_imagen_exacta
SRT-PENDING-02119178F055,Cable Libre de Halógeno LSZH 300 AWG Cobre Trenzado,Cable Libre de Halógeno N300 Cu,https://cablescolombia.com/producto/cable-libre-de-halogeno-n300-cu,https://multimedia02.s3.us-east-2.amazonaws.com/Produccion/tiendas/127/productos/672/3140616f76e25fe1.webp,nombre_original_fuente_exacto,alta,revisar_variante_antes_de_publicar,descargar_y_asignar_imagen_exacta
SRT-PENDING-971D42F0840C,Cable Libre de Halógeno LSZH 350 AWG Cobre Trenzado,Cable Libre de Halógeno N350 Cu,https://cablescolombia.com/producto/cable-libre-de-halogeno-n350-cu,https://multimedia02.s3.us-east-2.amazonaws.com/Produccion/tiendas/127/productos/673/5db8ec315204d7b5.webp,nombre_original_fuente_exacto,alta,revisar_variante_antes_de_publicar,descargar_y_asignar_imagen_exacta
SRT-PENDING-F7158784A620,Cable Libre de Halógeno LSZH 500 AWG Cobre Trenzado,Cable Libre de Halógeno N500 Cu,https://cablescolombia.com/producto/cable-libre-de-halogeno-n500-cu,https://multimedia02.s3.us-east-2.amazonaws.com/Produccion/tiendas/127/productos/674/a7357f5c0fbdcceb.webp,nombre_original_fuente_exacto,alta,revisar_variante_antes_de_publicar,descargar_y_asignar_imagen_exacta
SRT-ENCAU-7x16AWG-CU,Cable Encauchetado 7x16 AWG Cobre,Cable Encauchetado 7X16 AWG CU,https://cablescolombia.com/producto/cable-encauchetado-7x16-awg-cu,https://multimedia02.s3.us-east-2.amazonaws.com/Produccion/tiendas/127/productos/79724/6769967873007ccf.webp,nombre_original_fuente_exacto_y_url_fuente,alta,revisar_variante_antes_de_publicar,descargar_y_asignar_imagen_exacta
SRT-ENCAU-7x14AWG-CU,Cable Encauchetado 7x14 AWG Cobre,Cable Encauchetado 7X14 AWG CU,https://cablescolombia.com/producto/cable-encauchetado-7x14-awg-cu,https://multimedia02.s3.us-east-2.amazonaws.com/Produccion/tiendas/127/productos/79725/0a4e6ec02ec930c5.webp,nombre_original_fuente_exacto_y_url_fuente,alta,revisar_variante_antes_de_publicar,descargar_y_asignar_imagen_exacta
SRT-ENCAU-7x10AWG-CU,Cable Encauchetado 7x10 AWG Cobre,Cable Encauchetado 7X10 AWG CU,https://cablescolombia.com/producto/cable-encauchetado-7x10-awg-cu,https://multimedia02.s3.us-east-2.amazonaws.com/Produccion/tiendas/127/productos/79726/03f17877938f6f5e.webp,nombre_original_fuente_exacto,alta,revisar_variante_antes_de_publicar,descargar_y_asignar_imagen_exacta
SRT-ENCAU-6x18AWG-CU,Cable Encauchetado 6x18 AWG Cobre,Cable Encauchetado 6X18 AWG CU,https://cablescolombia.com/producto/cable-encauchetado-6x18-awg-cu,https://multimedia02.s3.us-east-2.amazonaws.com/Produccion/tiendas/127/productos/79727/d85fd1cd96c36c04.webp,nombre_original_fuente_exacto,alta,revisar_variante_antes_de_publicar,descargar_y_asignar_imagen_exacta
SRT-ENCAU-6x16AWG-CU,Cable Encauchetado 6x16 AWG Cobre,Cable Encauchetado 6X16 AWG Cu,https://cablescolombia.com/producto/cable-encauchetado-6x16-awg-cu,https://multimedia02.s3.us-east-2.amazonaws.com/Produccion/tiendas/127/productos/79728/1104969f9ea0a56d.webp,nombre_original_fuente_exacto,alta,revisar_variante_antes_de_publicar,descargar_y_asignar_imagen_exacta
SRT-ENCAU-6x14AWG-CU,Cable Encauchetado 6x14 AWG Cobre,Cable Encauchetado 6X14 AWG CU,https://cablescolombia.com/producto/cable-encauchetado-6x14-awg-cu,https://multimedia02.s3.us-east-2.amazonaws.com/Produccion/tiendas/127/productos/79729/1330bb5e8984d089.webp,nombre_original_fuente_exacto,alta,revisar_variante_antes_de_publicar,descargar_y_asignar_imagen_exacta
SRT-ENCAU-6x12AWG-CU,Cable Encauchetado 6x12 AWG Cobre,Cable Encauchetado 6X12 AWG CU,https://cablescolombia.com/producto/cable-encauchetado-6x12-awg-cu,https://multimedia02.s3.us-east-2.amazonaws.com/Produccion/tiendas/127/productos/79730/7ce0417c277d24d9.webp,nombre_original_fuente_exacto,alta,revisar_variante_antes_de_publicar,descargar_y_asignar_imagen_exacta
SRT-ENCAU-5x18AWG-CU,Cable Encauchetado 5x18 AWG Cobre,Cable Encauchetado 5X18 AWG Cu,https://cablescolombia.com/producto/cable-encauchetado-5x18-awg-cu,https://multimedia02.s3.us-east-2.amazonaws.com/Produccion/tiendas/127/productos/79732/35dff716858e08fb.webp,nombre_original_fuente_exacto_y_url_fuente,alta,revisar_variante_antes_de_publicar,descargar_y_asignar_imagen_exacta
SRT-ENCAU-5x16AWG-CU,Cable Encauchetado 5x16 AWG Cobre,Cable Encauchetado 5X16 AWG Cu,https://cablescolombia.com/producto/cable-encauchetado-5x16-awg-cu,https://multimedia02.s3.us-east-2.amazonaws.com/Produccion/tiendas/127/productos/79733/fb58bcc8960ef284.webp,nombre_original_fuente_exacto,alta,revisar_variante_antes_de_publicar,descargar_y_asignar_imagen_exacta
SRT-PENDING-79A2BDF66D2B,Cable Encauchetado 3x10 AWG Cobre,Cable Encauchetado 3X10 Cu,https://cablescolombia.com/producto/cable-encauchetado-3x10-cu,https://multimedia02.s3.us-east-2.amazonaws.com/Produccion/tiendas/127/productos/524/7d587d186c658ac0.webp,nombre_original_fuente_exacto,alta,revisar_variante_antes_de_publicar,descargar_y_asignar_imagen_exacta
SRT-PENDING-93AC5F0F0161,Cable Encauchetado 3x12 AWG Cobre,Cable Encauchetado 3X12 Cu,https://cablescolombia.com/producto/cable-encauchetado-3x12-cu,https://multimedia02.s3.us-east-2.amazonaws.com/Produccion/tiendas/127/productos/525/01a921ddf9c0a11d.webp,nombre_original_fuente_exacto,alta,revisar_variante_antes_de_publicar,descargar_y_asignar_imagen_exacta
SRT-PENDING-E11C429FBC9C,Cable Encauchetado 3x14 AWG Cobre,Cable Encauchetado 3X14 Cu,https://cablescolombia.com/producto/cable-encauchetado-3x14-cu,https://multimedia02.s3.us-east-2.amazonaws.com/Produccion/tiendas/127/productos/526/f8b74c52158697ef.webp,nombre_original_fuente_exacto,alta,revisar_variante_antes_de_publicar,descargar_y_asignar_imagen_exacta
SRT-PENDING-9C954DF4F63F,Cable Encauchetado 3x16 AWG Cobre,Cable Encauchetado 3X16 Cu,https://cablescolombia.com/producto/cable-encauchetado-3x16-cu,https://multimedia02.s3.us-east-2.amazonaws.com/Produccion/tiendas/127/productos/527/e59e289671fe94b0.webp,nombre_original_fuente_exacto,alta,revisar_variante_antes_de_publicar,descargar_y_asignar_imagen_exacta
SRT-PENDING-F5F1E89CBB39,Cable Encauchetado 3x18 AWG Cobre,Cable Encauchetado 3X18 Cu,https://cablescolombia.com/producto/cable-encauchetado-3x18-cu,https://multimedia02.s3.us-east-2.amazonaws.com/Produccion/tiendas/127/productos/528/28e05914bdd2594b.webp,nombre_original_fuente_exacto,alta,revisar_variante_antes_de_publicar,descargar_y_asignar_imagen_exacta
SRT-PENDING-8851C823D3C1,Cable Encauchetado 4x8 AWG Cobre,Cable Encauchetado 4X8 Cu,https://cablescolombia.com/producto/cable-encauchetado-4x8-cu,https://multimedia02.s3.us-east-2.amazonaws.com/Produccion/tiendas/127/productos/533/e59bc0e3e14b58f9.webp,nombre_original_fuente_exacto_y_url_fuente,alta,revisar_variante_antes_de_publicar,descargar_y_asignar_imagen_exacta
SRT-PENDING-9E30CCD48105,Cable Encauchetado 4x10 AWG Cobre,Cable Encauchetado 4X10 Cu,https://cablescolombia.com/producto/cable-encauchetado-4x10-cu,https://multimedia02.s3.us-east-2.amazonaws.com/Produccion/tiendas/127/productos/534/e608a37aa1034d96.webp,nombre_original_fuente_exacto,alta,revisar_variante_antes_de_publicar,descargar_y_asignar_imagen_exacta
SRT-PENDING-69DA3B02F573,Cable Encauchetado 4x12 AWG Cobre,Cable Encauchetado 4X12 Cu,https://cablescolombia.com/producto/cable-encauchetado-4x12-cu,https://multimedia02.s3.us-east-2.amazonaws.com/Produccion/tiendas/127/productos/535/0984c9d8fb2d6130.webp,nombre_original_fuente_exacto_y_url_fuente,alta,revisar_variante_antes_de_publicar,descargar_y_asignar_imagen_exacta
SRT-PENDING-5DC320A76AD7,Cable Encauchetado 4x14 AWG Cobre,Cable Encauchetado 4X14 Cu,https://cablescolombia.com/producto/cable-encauchetado-4x14-cu,https://multimedia02.s3.us-east-2.amazonaws.com/Produccion/tiendas/127/productos/537/e9e2b82b8b3f3628.webp,nombre_original_fuente_exacto,alta,revisar_variante_antes_de_publicar,descargar_y_asignar_imagen_exacta
SRT-PENDING-19640B390520,Cable Encauchetado 4x16 AWG Cobre,Cable Encauchetado 4X16 Cu,https://cablescolombia.com/producto/cable-encauchetado-4x16-cu,https://multimedia02.s3.us-east-2.amazonaws.com/Produccion/tiendas/127/productos/538/b6452519b3ab50fa.webp,nombre_original_fuente_exacto_y_url_fuente,alta,revisar_variante_antes_de_publicar,descargar_y_asignar_imagen_exacta
SRT-PENDING-D23957217C5F,Cable Encauchetado 4x18 AWG Cobre,Cable Encauchetado 4X18 Cu,https://cablescolombia.com/producto/cable-encauchetado-4x18-cu,https://multimedia02.s3.us-east-2.amazonaws.com/Produccion/tiendas/127/productos/540/4133abca9bdfca70.webp,nombre_original_fuente_exacto,alta,revisar_variante_antes_de_publicar,descargar_y_asignar_imagen_exacta
SRT-PENDING-AF3A85B543EB,Cable Encauchetado Libre de Halógeno STF-LS 2x18 AWG,Cable Encauchetado Libre De Halogenos STF LS 2X18AWG,https://cablescolombia.com/producto/cable-encauchetado-libre-de-halogenos-stf-ls-2x18awg,https://multimedia02.s3.us-east-2.amazonaws.com/Produccion/tiendas/127/productos/82084/99bec7e6ab728dcd.webp,nombre_original_fuente_exacto,alta,revisar_variante_antes_de_publicar,descargar_y_asignar_imagen_exacta
SRT-PENDING-5FB84384A44F,Cable Encauchetado Libre de Halógeno STF-LS 3x18 AWG,Cable Encauchetado Libre De Halogenos STF LS 3X18AWG,https://cablescolombia.com/producto/cable-encauchetado-libre-de-halogenos-stf-ls-3x18awg,https://multimedia02.s3.us-east-2.amazonaws.com/Produccion/tiendas/127/productos/82085/cfa4771417a166ea.webp,nombre_original_fuente_exacto,alta,revisar_variante_antes_de_publicar,descargar_y_asignar_imagen_exacta
SRT-PENDING-8BD8E77FFE26,Cable Encauchetado Libre de Halógeno STF-LS 4x18 AWG,Cable Encauchetado Libre De Halogenos STF LS 4X18AWG,https://cablescolombia.com/producto/cable-encauchetado-libre-de-halogenos-stf-ls-4x18awg,https://multimedia02.s3.us-east-2.amazonaws.com/Produccion/tiendas/127/productos/82086/dd4f93666e3c09c2.webp,nombre_original_fuente_exacto,alta,revisar_variante_antes_de_publicar,descargar_y_asignar_imagen_exacta
SRT-PENDING-B33C9EA4395B,Cable Encauchetado Libre de Halógeno STF-LS 2x16 AWG,Cable Encauchetado Libre De Halogenos STF LS 2X16AWG,https://cablescolombia.com/producto/cable-encauchetado-libre-de-halogenos-stf-ls-2x16awg,https://multimedia02.s3.us-east-2.amazonaws.com/Produccion/tiendas/127/productos/82087/086ab7795cb669ff.webp,nombre_original_fuente_exacto,alta,revisar_variante_antes_de_publicar,descargar_y_asignar_imagen_exacta
SRT-PENDING-60380DD3295A,Cable Encauchetado Libre de Halógeno STF-LS 3x16 AWG,Cable Encauchetado Libre De Halogenos STF LS 3X16AWG,https://cablescolombia.com/producto/cable-encauchetado-libre-de-halogenos-stf-ls-3x16awg,https://multimedia02.s3.us-east-2.amazonaws.com/Produccion/tiendas/127/productos/82088/9da4674d8e42a6ae.webp,nombre_original_fuente_exacto,alta,revisar_variante_antes_de_publicar,descargar_y_asignar_imagen_exacta
SRT-PENDING-99CACFBA8491,Cable Encauchetado Libre de Halógeno STF-LS 4x16 AWG,Cable Encauchetado Libre De Halogenos STF LS 4X16AWG,https://cablescolombia.com/producto/cable-encauchetado-libre-de-halogenos-stf-ls-4x16awg,https://multimedia02.s3.us-east-2.amazonaws.com/Produccion/tiendas/127/productos/82089/d77f683d36a211d4.webp,nombre_original_fuente_exacto,alta,revisar_variante_antes_de_publicar,descargar_y_asignar_imagen_exacta
SRT-PENDING-EF31466FE03C,Cable Encauchetado Libre de Halógeno STF-LS 2x14 AWG,Cable Encauchetado Libre De Halogenos STF LS 2X14AWG,https://cablescolombia.com/producto/cable-encauchetado-libre-de-halogenos-stf-ls-2x14awg,https://multimedia02.s3.us-east-2.amazonaws.com/Produccion/tiendas/127/productos/82090/10857f8b9baa33de.webp,nombre_original_fuente_exacto,alta,revisar_variante_antes_de_publicar,descargar_y_asignar_imagen_exacta
SRT-PENDING-5A5C2682E16C,Cable Encauchetado Libre de Halógeno STF-LS 3x14 AWG,Cable Encauchetado Libre De Halogenos STF LS 3X14AWG,https://cablescolombia.com/producto/cable-encauchetado-libre-de-halogenos-stf-ls-3x14awg,https://multimedia02.s3.us-east-2.amazonaws.com/Produccion/tiendas/127/productos/82091/2ef7696bb58cc3b0.webp,nombre_original_fuente_exacto,alta,revisar_variante_antes_de_publicar,descargar_y_asignar_imagen_exacta
SRT-PENDING-F53EF417439D,Cable Encauchetado Libre de Halógeno STF-LS 4x14 AWG,Cable Encauchetado Libre De Halogenos STF LS 4X14AWG,https://cablescolombia.com/producto/cable-encauchetado-libre-de-halogenos-stf-ls-4x14awg,https://multimedia02.s3.us-east-2.amazonaws.com/Produccion/tiendas/127/productos/82092/3d8f04526d36bd28.webp,nombre_original_fuente_exacto,alta,revisar_variante_antes_de_publicar,descargar_y_asignar_imagen_exacta
SRT-PENDING-2FAD996C1713,Cable Encauchetado Libre de Halógeno STF-LS 2x12 AWG,Cable Encauchetado Libre De Halogenos STF LS 2X12AWG,https://cablescolombia.com/producto/cable-encauchetado-libre-de-halogenos-stf-ls-2x12awg,https://multimedia02.s3.us-east-2.amazonaws.com/Produccion/tiendas/127/productos/82093/9efd367ef0cb550f.webp,nombre_original_fuente_exacto,alta,revisar_variante_antes_de_publicar,descargar_y_asignar_imagen_exacta
SRT-PENDING-AB3433A8A279,Cable Encauchetado Libre de Halógeno STF-LS 3x12 AWG,Cable Encauchetado Libre De Halogenos STF LS 3X12AWG,https://cablescolombia.com/producto/cable-encauchetado-libre-de-halogenos-stf-ls-3x12awg,https://multimedia02.s3.us-east-2.amazonaws.com/Produccion/tiendas/127/productos/82094/31c09b1ada410540.webp,nombre_original_fuente_exacto,alta,revisar_variante_antes_de_publicar,descargar_y_asignar_imagen_exacta
SRT-PENDING-64F6D52D1104,Cable Encauchetado Libre de Halógeno STF-LS 4x12 AWG,Cable Encauchetado Libre De Halogenos STF LS 4X12AWG,https://cablescolombia.com/producto/cable-encauchetado-libre-de-halogenos-stf-ls-4x12awg,https://multimedia02.s3.us-east-2.amazonaws.com/Produccion/tiendas/127/productos/82095/7520dde2e4357f9d.webp,nombre_original_fuente_exacto,alta,revisar_variante_antes_de_publicar,descargar_y_asignar_imagen_exacta
SRT-PENDING-F599C358F081,Cable Encauchetado Libre de Halógeno STF-LS 2x10 AWG,Cable Encauchetado Libre De Halogenos STF LS 2X10AWG,https://cablescolombia.com/producto/cable-encauchetado-libre-de-halogenos-stf-ls-2x10awg,https://multimedia02.s3.us-east-2.amazonaws.com/Produccion/tiendas/127/productos/82096/8a08961a40a7b3e7.webp,nombre_original_fuente_exacto,alta,revisar_variante_antes_de_publicar,descargar_y_asignar_imagen_exacta
SRT-PENDING-C11966418B2F,Cable Encauchetado Libre de Halógeno STF-LS 3x10 AWG,Cable Encauchetado Libre De Halogenos STF LS 3X10AWG,https://cablescolombia.com/producto/cable-encauchetado-libre-de-halogenos-stf-ls-3x10awg,https://multimedia02.s3.us-east-2.amazonaws.com/Produccion/tiendas/127/productos/82097/94a38f920552f5ef.webp,nombre_original_fuente_exacto,alta,revisar_variante_antes_de_publicar,descargar_y_asignar_imagen_exacta
SRT-PENDING-54C0621797BA,Cable Encauchetado Libre de Halógeno STF-LS 4x10 AWG,Cable Encauchetado Libre De Halogenos STF LS 4X10AWG,https://cablescolombia.com/producto/cable-encauchetado-libre-de-halogenos-stf-ls-4x10awg,https://multimedia02.s3.us-east-2.amazonaws.com/Produccion/tiendas/127/productos/82098/302b0ab01ecdab93.webp,nombre_original_fuente_exacto,alta,revisar_variante_antes_de_publicar,descargar_y_asignar_imagen_exacta
SRT-PENDING-745B2E9EFC41,Cable Encauchetado Libre de Halógeno STF-LS 2x8 AWG,Cable Encauchetado Libre De Halogenos STF LS 2X8AWG,https://cablescolombia.com/producto/cable-encauchetado-libre-de-halogenos-stf-ls-2x8awg,https://multimedia02.s3.us-east-2.amazonaws.com/Produccion/tiendas/127/productos/82099/35517b3e790d71f1.webp,nombre_original_fuente_exacto,alta,revisar_variante_antes_de_publicar,descargar_y_asignar_imagen_exacta
SRT-PENDING-A23F84BEAF24,Cable Encauchetado Libre de Halógeno STF-LS 3x8 AWG,Cable Encauchetado Libre De Halogenos STF LS 3X8AWG,https://cablescolombia.com/producto/cable-encauchetado-libre-de-halogenos-stf-ls-3x8awg,https://multimedia02.s3.us-east-2.amazonaws.com/Produccion/tiendas/127/productos/82100/af72a1994f10ecb3.webp,nombre_original_fuente_exacto,alta,revisar_variante_antes_de_publicar,descargar_y_asignar_imagen_exacta
SRT-PENDING-48317269D40B,Cable Encauchetado Libre de Halógeno STF-LS 4x8 AWG,Cable Encauchetado Libre De Halogenos STF LS 4X8AWG,https://cablescolombia.com/producto/cable-encauchetado-libre-de-halogenos-stf-ls-4x8awg,https://multimedia02.s3.us-east-2.amazonaws.com/Produccion/tiendas/127/productos/82101/c0e4fc3ea757cc63.webp,nombre_original_fuente_exacto,alta,revisar_variante_antes_de_publicar,descargar_y_asignar_imagen_exacta
SRT-PENDING-23FC537018EE,Cable Dúplex Polarizado 2x10 AWG Cobre,Cable Dúplex Polarizado 2X10 Cu,https://cablescolombia.com/producto/cable-duplex-polarizado-2x10-cu,https://multimedia02.s3.us-east-2.amazonaws.com/Produccion/tiendas/127/productos/504/ef9bfa6f34c36f61.webp,nombre_original_fuente_exacto,alta,revisar_variante_antes_de_publicar,descargar_y_asignar_imagen_exacta
SRT-PENDING-E0C7582D9DF4,Cable Dúplex Polarizado 2x12 AWG Cobre,Cable Dúplex Polarizado 2X12 Cu,https://cablescolombia.com/producto/cable-duplex-polarizado-2x12-cu,https://multimedia02.s3.us-east-2.amazonaws.com/Produccion/tiendas/127/productos/505/b47311ba0c46f3e4.webp,nombre_original_fuente_exacto,alta,revisar_variante_antes_de_publicar,descargar_y_asignar_imagen_exacta
SRT-PENDING-FC14EDD12C47,Cable Dúplex Polarizado 2x14 AWG Cobre,Cable Dúplex Polarizado 2X14 Cu,https://cablescolombia.com/producto/cable-duplex-polarizado-2x14-cu,https://multimedia02.s3.us-east-2.amazonaws.com/Produccion/tiendas/127/productos/506/db1593ca74ca682f.webp,nombre_original_fuente_exacto,alta,revisar_variante_antes_de_publicar,descargar_y_asignar_imagen_exacta
SRT-PENDING-197AD43647B6,Cable Dúplex Polarizado 2x16 AWG Cobre,Cable Duplex Polarizado 2X16 Cu,https://cablescolombia.com/producto/cable-duplex-polarizado-2x16-cu_3,https://multimedia02.s3.us-east-2.amazonaws.com/Produccion/tiendas/127/productos/507/105afa5863081d0f.webp,nombre_original_fuente_exacto,alta,revisar_variante_antes_de_publicar,descargar_y_asignar_imagen_exacta
SRT-PENDING-EAF6D9A252F8,Cable Dúplex Polarizado 2x18 AWG Cobre,Cable Dúplex Polarizado 2X18 Cu,https://cablescolombia.com/producto/cable-duplex-polarizado-2x18-cu,https://multimedia02.s3.us-east-2.amazonaws.com/Produccion/tiendas/127/productos/508/ecb525b8bb9cfd9e.webp,nombre_original_fuente_exacto,alta,revisar_variante_antes_de_publicar,descargar_y_asignar_imagen_exacta
SRT-PENDING-A318A86A3026,Cable Dúplex Polarizado 2x20 AWG Cobre,Cable Dúplex Polarizado 2X20 Cu,https://cablescolombia.com/producto/cable-duplex-polarizado-2x20-cu,https://multimedia02.s3.us-east-2.amazonaws.com/Produccion/tiendas/127/productos/509/d44fa344794a6ef8.webp,nombre_original_fuente_exacto,alta,revisar_variante_antes_de_publicar,descargar_y_asignar_imagen_exacta
SRT-PENDING-AA8592B17B19,Cable Dúplex 2x10 AWG Cobre,Cable Duplex 2X10 Cu,https://cablescolombia.com/producto/cable-duplex-2x10-cu,https://multimedia02.s3.us-east-2.amazonaws.com/Produccion/tiendas/127/productos/490/f4ac2b6acefb1ca3.webp,nombre_original_fuente_exacto,alta,revisar_variante_antes_de_publicar,descargar_y_asignar_imagen_exacta
SRT-PENDING-38D59C99D61B,Cable Dúplex 2x12 AWG Cobre,Cable Duplex 2X12 Cu,https://cablescolombia.com/producto/cable-duplex-2x12-cu,https://multimedia02.s3.us-east-2.amazonaws.com/Produccion/tiendas/127/productos/494/e616f2fe2f3f813a.webp,nombre_original_fuente_exacto,alta,revisar_variante_antes_de_publicar,descargar_y_asignar_imagen_exacta
SRT-PENDING-DA4E2A0F5D22,Cable Dúplex 2x14 AWG Cobre,Cable Duplex 2X14 Cu,https://cablescolombia.com/producto/cable-duplex-2x14-cu,https://multimedia02.s3.us-east-2.amazonaws.com/Produccion/tiendas/127/productos/495/efa6b780d6cdfe4c.webp,nombre_original_fuente_exacto,alta,revisar_variante_antes_de_publicar,descargar_y_asignar_imagen_exacta
SRT-PENDING-A787A4628636,Cable Dúplex 2x16 AWG Cobre,Cable Duplex 2X16 Cu,https://cablescolombia.com/producto/cable-duplex-2x16-cu,https://multimedia02.s3.us-east-2.amazonaws.com/Produccion/tiendas/127/productos/498/a851fa2bec2ec7d7.webp,nombre_original_fuente_exacto,alta,revisar_variante_antes_de_publicar,descargar_y_asignar_imagen_exacta
SRT-PENDING-93FB91870A58,Cable Dúplex 2x18 AWG Cobre,Cable Duplex 2X18 Cu,https://cablescolombia.com/producto/cable-duplex-2x18-cu,https://multimedia02.s3.us-east-2.amazonaws.com/Produccion/tiendas/127/productos/499/be6b5045d2caf4f5.webp,nombre_original_fuente_exacto,alta,revisar_variante_antes_de_publicar,descargar_y_asignar_imagen_exacta
SRT-PENDING-41FBFE6E73E8,"Cable Dúplex 2x14 AWG Cobre, Negro",Cable Duplex 2X14 Negro Cu,https://cablescolombia.com/producto/cable-duplex-2x14-negro-cu,https://multimedia02.s3.us-east-2.amazonaws.com/Produccion/tiendas/127/productos/500/167c27b087ef1dcd.webp,nombre_original_fuente_exacto,alta,revisar_variante_antes_de_publicar,descargar_y_asignar_imagen_exacta
SRT-PENDING-2C19362BAAE5,"Cable Dúplex 2x16 AWG Cobre, Negro",Cable Duplex 2X16 Negro Cu,https://cablescolombia.com/producto/cable-duplex-2x16-negro-cu,https://multimedia02.s3.us-east-2.amazonaws.com/Produccion/tiendas/127/productos/501/f0b94a151dabff40.webp,nombre_original_fuente_exacto,alta,revisar_variante_antes_de_publicar,descargar_y_asignar_imagen_exacta
SRT-PENDING-32E3F97E7A37,Cable Dúplex Desoxigenado 10 AWG Cobre-aluminio,Cable Duplex Desoxigenado N10 Cu - Al,https://cablescolombia.com/producto/cable-duplex-desoxigenado-n10-cu-al,https://multimedia02.s3.us-east-2.amazonaws.com/Produccion/tiendas/127/productos/479/73aeebd575ab2389.webp,nombre_original_fuente_exacto_y_url_fuente,alta,revisar_variante_antes_de_publicar,descargar_y_asignar_imagen_exacta
SRT-PENDING-025FBE5A4E6A,Cable Dúplex Desoxigenado 12 AWG Cobre-aluminio,Cable Duplex Desoxigenado N12 Cu - Al,https://cablescolombia.com/producto/cable-duplex-desoxigenado-n12-cu-al,https://multimedia02.s3.us-east-2.amazonaws.com/Produccion/tiendas/127/productos/480/0910b0af7199b63f.webp,nombre_original_fuente_exacto_y_url_fuente,alta,revisar_variante_antes_de_publicar,descargar_y_asignar_imagen_exacta
SRT-PENDING-9A6072001869,Cable Dúplex Desoxigenado 14 AWG Cobre-aluminio,Cable Duplex Desoxigenado N14 Cu - Al,https://cablescolombia.com/producto/cable-duplex-desoxigenado-n14-cu-al,https://multimedia02.s3.us-east-2.amazonaws.com/Produccion/tiendas/127/productos/481/119d63051d615c1a.webp,nombre_original_fuente_exacto,alta,revisar_variante_antes_de_publicar,descargar_y_asignar_imagen_exacta
SRT-PENDING-BB6C17498CE3,Cable Dúplex Desoxigenado 16 AWG Cobre-aluminio,Cable Duplex Desoxigenado N16 Cu - Al,https://cablescolombia.com/producto/cable-duplex-desoxigenado-n16-cu-al,https://multimedia02.s3.us-east-2.amazonaws.com/Produccion/tiendas/127/productos/482/93df9af4ddba7913.webp,nombre_original_fuente_exacto,alta,revisar_variante_antes_de_publicar,descargar_y_asignar_imagen_exacta
SRT-PENDING-9DE2ECCC6E24,Cable Dúplex Desoxigenado 18 AWG Cobre-aluminio,Cable Duplex Desoxigenado N18 Cu - Al,https://cablescolombia.com/producto/cable-duplex-desoxigenado-n18-cu-al,https://multimedia02.s3.us-east-2.amazonaws.com/Produccion/tiendas/127/productos/483/6b515b3427f3f71b.webp,nombre_original_fuente_exacto,alta,revisar_variante_antes_de_publicar,descargar_y_asignar_imagen_exacta
SRT-PENDING-71B6AC43BD2A,Cable Dúplex Desoxigenado 22 AWG Cobre-aluminio,Cable Duplex Desoxigenado N22 Cu - Al,https://cablescolombia.com/producto/cable-duplex-desoxigenado-n22-cu-al,https://multimedia02.s3.us-east-2.amazonaws.com/Produccion/tiendas/127/productos/485/b7def2a6c3ea2d46.webp,nombre_original_fuente_exacto,alta,revisar_variante_antes_de_publicar,descargar_y_asignar_imagen_exacta
SRT-PENDING-098875622BFE,Cable Dúplex Desoxigenado 20 AWG Cobre-aluminio,Cable Duplex Desoxigenado N20 Cu - Al,https://cablescolombia.com/producto/cable-duplex-desoxigenado-n20-cu-al,https://multimedia02.s3.us-east-2.amazonaws.com/Produccion/tiendas/127/productos/486/dfa2afd2ba8656ea.webp,nombre_original_fuente_exacto,alta,revisar_variante_antes_de_publicar,descargar_y_asignar_imagen_exacta
SRT-PENDING-6D85330E7595,"Cable Dúplex 2x20 AWG Cobre, Cristal",Cable Duplex Cristal 2X20 Cu,https://cablescolombia.com/producto/cable-duplex-cristal-2x20-cu,https://multimedia02.s3.us-east-2.amazonaws.com/Produccion/tiendas/127/productos/472/a73b0be5c16c24ef.webp,nombre_original_fuente_exacto_y_url_fuente,alta,revisar_variante_antes_de_publicar,descargar_y_asignar_imagen_exacta
SRT-PENDING-BE050281F599,"Cable Dúplex 2x16 AWG Cobre, Cristal",Cable Duplex Cristal 2X16 Cu,https://cablescolombia.com/producto/cable-duplex-cristal-2x16-cu,https://multimedia02.s3.us-east-2.amazonaws.com/Produccion/tiendas/127/productos/473/3d155efc78581068.webp,nombre_original_fuente_exacto_y_url_fuente,alta,revisar_variante_antes_de_publicar,descargar_y_asignar_imagen_exacta
SRT-PENDING-DA37AC5700DE,"Cable Dúplex 2x14 AWG Cobre, Cristal",Cable Duplex Cristal 2X14 Cu,https://cablescolombia.com/producto/cable-duplex-cristal-2x14-cu,https://multimedia02.s3.us-east-2.amazonaws.com/Produccion/tiendas/127/productos/474/e1c24184825c1294.webp,nombre_original_fuente_exacto_y_url_fuente,alta,revisar_variante_antes_de_publicar,descargar_y_asignar_imagen_exacta
SRT-PENDING-BD7A7E1B007A,"Cable Dúplex 2x12 AWG Cobre, Cristal",Cable Duplex Cristal 2X12 Cu,https://cablescolombia.com/producto/cable-duplex-cristal-2x12-cu,https://multimedia02.s3.us-east-2.amazonaws.com/Produccion/tiendas/127/productos/475/6c17e742ce286729.webp,nombre_original_fuente_exacto_y_url_fuente,alta,revisar_variante_antes_de_publicar,descargar_y_asignar_imagen_exacta
SRT-PENDING-1F5C990D1A3D,"Cable Dúplex 2x22 AWG Cobre, Cristal",Cable Duplex Cristal 2X22 Cu,https://cablescolombia.com/producto/cable-duplex-cristal-2x22-cu,https://multimedia02.s3.us-east-2.amazonaws.com/Produccion/tiendas/127/productos/476/2c4bfdfdb7e84ee9.webp,nombre_original_fuente_exacto_y_url_fuente,alta,revisar_variante_antes_de_publicar,descargar_y_asignar_imagen_exacta
SRT-PENDING-F6E3F9037813,"Cable Dúplex 2x10 AWG Cobre, Cristal",Cable Duplex Cristal 2X10 Cu,https://cablescolombia.com/producto/cable-duplex-cristal-2x10-cu,https://multimedia02.s3.us-east-2.amazonaws.com/Produccion/tiendas/127/productos/477/27b70d253af13e1c.webp,nombre_original_fuente_exacto_y_url_fuente,alta,revisar_variante_antes_de_publicar,descargar_y_asignar_imagen_exacta
SRT-PENDING-F303325FA0CC,"Cable Dúplex 2x18 AWG Cobre, Cristal",Cable Duplex Cristal 2X18 Cu,https://cablescolombia.com/producto/cable-duplex-cristal-2x18-cu,https://multimedia02.s3.us-east-2.amazonaws.com/Produccion/tiendas/127/productos/478/f9468e40a28521f0.webp,nombre_original_fuente_exacto_y_url_fuente,alta,revisar_variante_antes_de_publicar,descargar_y_asignar_imagen_exacta
SRT-PENDING-618220FAA1AB,Cable de Aluminio Serie 8000 6 AWG Trenzado,Cable Aluminio 6 Awg Serie 8000,https://cablescolombia.com/producto/cable-aluminio-6-awg-serie-8000,https://multimedia02.s3.us-east-2.amazonaws.com/Produccion/tiendas/127/productos/653/7e6ea97a4ad8904b.webp,nombre_original_fuente_exacto_y_url_fuente,alta,revisar_variante_antes_de_publicar,descargar_y_asignar_imagen_exacta
SRT-PENDING-7802C84DE1B3,Cable de Aluminio Serie 8000 4 AWG Trenzado,Cable Aluminio 4 Awg Serie 8000,https://cablescolombia.com/producto/cable-aluminio-4-awg-serie-8000,https://multimedia02.s3.us-east-2.amazonaws.com/Produccion/tiendas/127/productos/656/6d38726803de5ec1.webp,nombre_original_fuente_exacto_y_url_fuente,alta,revisar_variante_antes_de_publicar,descargar_y_asignar_imagen_exacta
SRT-PENDING-BD8088AD9745,Cable de Aluminio Serie 8000 2 AWG Trenzado,Cable Aluminio 2 Awg Serie 8000,https://cablescolombia.com/producto/cable-aluminio-2-awg-serie-8000,https://multimedia02.s3.us-east-2.amazonaws.com/Produccion/tiendas/127/productos/658/c930c22f429e61c4.webp,nombre_original_fuente_exacto_y_url_fuente,alta,revisar_variante_antes_de_publicar,descargar_y_asignar_imagen_exacta
SRT-PENDING-D2AF8D0AFA5B,Cable de Aluminio Serie 8000 1/0 AWG Trenzado,Cable Aluminio 1/0 Awg Serie 8000,https://cablescolombia.com/producto/cable-aluminio-1-0-awg-serie-8000,https://multimedia02.s3.us-east-2.amazonaws.com/Produccion/tiendas/127/productos/659/c11a1df257e8e3cb.webp,nombre_original_fuente_exacto_y_url_fuente,alta,revisar_variante_antes_de_publicar,descargar_y_asignar_imagen_exacta
SRT-PENDING-17B5235302EA,Cable de Aluminio Serie 8000 2/0 AWG Trenzado,Cable Aluminio 2/0 Awg Serie 8000,https://cablescolombia.com/producto/cable-aluminio-2-0-awg-serie-8000,https://multimedia02.s3.us-east-2.amazonaws.com/Produccion/tiendas/127/productos/661/1ea884b04642643d.webp,nombre_original_fuente_exacto_y_url_fuente,alta,revisar_variante_antes_de_publicar,descargar_y_asignar_imagen_exacta
SRT-PENDING-FE68D8389306,Cable de Aluminio Serie 8000 4/0 AWG Trenzado,Cable Aluminio 4/0 Awg Serie 8000,https://cablescolombia.com/producto/cable-aluminio-4-0-awg-serie-8000,https://multimedia02.s3.us-east-2.amazonaws.com/Produccion/tiendas/127/productos/663/7ce4d8569e496ee5.webp,nombre_original_fuente_exacto_y_url_fuente,alta,revisar_variante_antes_de_publicar,descargar_y_asignar_imagen_exacta
SRT-PENDING-E4C3804FAEF6,Cable de Aluminio Serie 8000 250 kcmil Trenzado,Cable Aluminio 250 Kcmil Serie 8000,https://cablescolombia.com/producto/cable-aluminio-250-kcmil-serie-8000,https://multimedia02.s3.us-east-2.amazonaws.com/Produccion/tiendas/127/productos/664/8f964f9cbbb8ce8d.webp,nombre_original_fuente_exacto_y_url_fuente,alta,revisar_variante_antes_de_publicar,descargar_y_asignar_imagen_exacta
SRT-PENDING-08F3829DA7AE,Cable de Aluminio Serie 8000 350 kcmil Trenzado,Cable Aluminio 350 Kcmil Serie 8000,https://cablescolombia.com/producto/cable-aluminio-350-kcmil-serie-8000,https://multimedia02.s3.us-east-2.amazonaws.com/Produccion/tiendas/127/productos/665/06e9a6d0df1db56a.webp,nombre_original_fuente_exacto,alta,revisar_variante_antes_de_publicar,descargar_y_asignar_imagen_exacta
SRT-PENDING-2B93CC066BC7,Cable de Aluminio Serie 8000 500 kcmil Trenzado,Cable Aluminio 500 Kcmil Serie 8000,https://cablescolombia.com/producto/cable-aluminio-500-kcmil-serie-8000,https://multimedia02.s3.us-east-2.amazonaws.com/Produccion/tiendas/127/productos/666/153ea728e845b892.webp,nombre_original_fuente_exacto_y_url_fuente,alta,revisar_variante_antes_de_publicar,descargar_y_asignar_imagen_exacta
SRT-PENDING-B57B2EE1A859,Cable Libre de Halógeno LSZH 6 AWG Aluminio Serie 8000 Trenzado,Cable Aluminio S8000 Libre de Halógeno N6,https://cablescolombia.com/producto/cable-aluminio-s8000-libre-de-halogeno-n6,https://multimedia02.s3.us-east-2.amazonaws.com/Produccion/tiendas/127/productos/384/d481c160d51b90cb.webp,nombre_original_fuente_exacto_y_url_fuente,alta,revisar_variante_antes_de_publicar,descargar_y_asignar_imagen_exacta
SRT-PENDING-B046A49FCC82,Cable Libre de Halógeno LSZH 4 AWG Aluminio Serie 8000 Trenzado,Cable Aluminio S8000 Libre de Halógeno N4,https://cablescolombia.com/producto/cable-aluminio-s8000-libre-de-halogeno-n4,https://multimedia02.s3.us-east-2.amazonaws.com/Produccion/tiendas/127/productos/385/3515b6a6424bae3f.webp,nombre_original_fuente_exacto_y_url_fuente,alta,revisar_variante_antes_de_publicar,descargar_y_asignar_imagen_exacta
SRT-PENDING-7246E8E3A573,Cable Libre de Halógeno LSZH 2 AWG Aluminio Serie 8000 Trenzado,Cable Aluminio Serie 8000 Libre de Halógeno N2,https://cablescolombia.com/producto/cable-aluminio-serie-8000-libre-de-halogeno-n2,https://multimedia02.s3.us-east-2.amazonaws.com/Produccion/tiendas/127/productos/386/0da84473fd4c16a9.webp,nombre_original_fuente_exacto_y_url_fuente,alta,revisar_variante_antes_de_publicar,descargar_y_asignar_imagen_exacta
SRT-PENDING-C775808B3073,Cable Libre de Halógeno LSZH 1/0 AWG Aluminio Serie 8000 Trenzado,Cable Aluminio Serie 8000 Libre de Halógeno 1/0,https://cablescolombia.com/producto/cable-aluminio-serie-8000-libre-de-halogeno-1-0_9,https://multimedia02.s3.us-east-2.amazonaws.com/Produccion/tiendas/127/productos/390/40d53e063d794223.webp,nombre_original_fuente_exacto,alta,revisar_variante_antes_de_publicar,descargar_y_asignar_imagen_exacta
SRT-PENDING-CDB94E717A0C,Cable Libre de Halógeno LSZH 2/0 AWG Aluminio Serie 8000 Trenzado,Cable Aluminio Serie 8000 Libre de Halógeno 2/0,https://cablescolombia.com/producto/cable-aluminio-serie-8000-libre-de-halogeno-2-0_8,https://multimedia02.s3.us-east-2.amazonaws.com/Produccion/tiendas/127/productos/391/29bacacd11f41a44.webp,nombre_original_fuente_exacto,alta,revisar_variante_antes_de_publicar,descargar_y_asignar_imagen_exacta
SRT-PENDING-510C78A9F1D1,Cable Libre de Halógeno LSZH 4/0 AWG Aluminio Serie 8000 Trenzado,Cable Aluminio Serie 8000 Libre de Halógeno 4/0,https://cablescolombia.com/producto/cable-aluminio-serie-8000-libre-de-halogeno-4-0_2,https://multimedia02.s3.us-east-2.amazonaws.com/Produccion/tiendas/127/productos/393/989cacad2f53c805.webp,nombre_original_fuente_exacto,alta,revisar_variante_antes_de_publicar,descargar_y_asignar_imagen_exacta
SRT-PENDING-A0CFFB40DD66,Cable Libre de Halógeno LSZH 250 kcmil Aluminio Serie 8000 Trenzado,Cable Aluminio Serie 8000 Libre de Halógeno 250kcm,https://cablescolombia.com/producto/cable-aluminio-serie-8000-libre-de-halogeno-250kcm,https://multimedia02.s3.us-east-2.amazonaws.com/Produccion/tiendas/127/productos/397/fe2c2be29120e5e1.webp,nombre_original_fuente_exacto,alta,revisar_variante_antes_de_publicar,descargar_y_asignar_imagen_exacta
SRT-PENDING-C395AD6C2B57,Cable Libre de Halógeno LSZH 350 kcmil Aluminio Serie 8000 Trenzado,Cable Aluminio Serie 8000 Libre de Halógeno 350kcm,https://cablescolombia.com/producto/cable-aluminio-serie-8000-libre-de-halogeno-350kcm,https://multimedia02.s3.us-east-2.amazonaws.com/Produccion/tiendas/127/productos/398/a0988979b6135b37.webp,nombre_original_fuente_exacto,alta,revisar_variante_antes_de_publicar,descargar_y_asignar_imagen_exacta
SRT-PENDING-4648B0B0D442,Cable Libre de Halógeno LSZH 500 kcmil Aluminio Serie 8000 Trenzado,Cable Aluminio Serie 8000 Libre de Halógeno 500kcm,https://cablescolombia.com/producto/cable-aluminio-serie-8000-libre-de-halogeno-500kcm,https://multimedia02.s3.us-east-2.amazonaws.com/Produccion/tiendas/127/productos/400/3ce086177c42cc72.webp,nombre_original_fuente_exacto,alta,revisar_variante_antes_de_publicar,descargar_y_asignar_imagen_exacta
SRT-PENDING-263562792023,"Cable ACSR 336,4 kcmil Aluminio con Alma de Acero 26/7 Hilos",Cable Aluminio ACSR 336.4 Kcmil (26/7),https://cablescolombia.com/producto/cable-aluminio-acsr-336-4-kcmil-26-7-,https://multimedia02.s3.us-east-2.amazonaws.com/Produccion/tiendas/127/productos/76670/e427db10997fe122.webp,nombre_original_fuente_exacto,alta,revisar_variante_antes_de_publicar,descargar_y_asignar_imagen_exacta
SRT-PENDING-FEDCA5B2130A,"Cable ACSR 266,8 kcmil Aluminio con Alma de Acero 26/7 Hilos",Cable Aluminio ACSR 266.8 Kcmil (26/7),https://cablescolombia.com/producto/cable-aluminio-acsr-266-8-kcmil-26-7,https://multimedia02.s3.us-east-2.amazonaws.com/Produccion/tiendas/127/productos/76671/1bb2fdeec3723b74.webp,nombre_original_fuente_exacto_y_url_fuente,alta,revisar_variante_antes_de_publicar,descargar_y_asignar_imagen_exacta
SRT-PENDING-FA246626787C,"Cable ACSR 266,8 kcmil Aluminio con Alma de Acero 18/1 Hilos",Cable Aluminio ACSR 266.8 Kcmil (18/1),https://cablescolombia.com/producto/cable-aluminio-acsr-266-8-kcmil-18-1-,https://multimedia02.s3.us-east-2.amazonaws.com/Produccion/tiendas/127/productos/76672/f1da14c536dc9d3f.webp,nombre_original_fuente_exacto,alta,revisar_variante_antes_de_publicar,descargar_y_asignar_imagen_exacta
SRT-PENDING-067154A42972,Cable ACSR 2 AWG Aluminio con Alma de Acero,Cable ACSR 2,https://cablescolombia.com/producto/cable-acsr-2,https://multimedia02.s3.us-east-2.amazonaws.com/Produccion/tiendas/127/productos/376/e02d9a6a03cbbd74.webp,nombre_original_fuente_exacto_y_url_fuente,alta,revisar_variante_antes_de_publicar,descargar_y_asignar_imagen_exacta
SRT-PENDING-0F15D54AACAC,Cable ACSR 1/0 AWG Aluminio con Alma de Acero,Cable ACSR 1/0,https://cablescolombia.com/producto/cable-acsr-1-0,https://multimedia02.s3.us-east-2.amazonaws.com/Produccion/tiendas/127/productos/381/d77a62c9ae895d5e.webp,nombre_original_fuente_exacto_y_url_fuente,alta,revisar_variante_antes_de_publicar,descargar_y_asignar_imagen_exacta
SRT-PENDING-A73CFC9A0727,Cable ACSR 2/0 AWG Aluminio con Alma de Acero,Cable ACSR 2/0,https://cablescolombia.com/producto/cable-acsr-2-0,https://multimedia02.s3.us-east-2.amazonaws.com/Produccion/tiendas/127/productos/382/9b5221660556cff4.webp,nombre_original_fuente_exacto_y_url_fuente,alta,revisar_variante_antes_de_publicar,descargar_y_asignar_imagen_exacta
SRT-PENDING-266E0D610A17,Cable ACSR 4/0 AWG Aluminio con Alma de Acero,Cable ACSR 4/0,https://cablescolombia.com/producto/cable-acsr-4-0,https://multimedia02.s3.us-east-2.amazonaws.com/Produccion/tiendas/127/productos/387/5b655c04b268a8c6.webp,nombre_original_fuente_exacto_y_url_fuente,alta,revisar_variante_antes_de_publicar,descargar_y_asignar_imagen_exacta
SRT-PENDING-5023C4F2A294,Cable ACSR 3/0 AWG Aluminio con Alma de Acero,Cable ACSR 3/0,https://cablescolombia.com/producto/cable-acsr-3-0_5,https://multimedia02.s3.us-east-2.amazonaws.com/Produccion/tiendas/127/productos/389/6fe9c8c5d574c0c0.webp,nombre_original_fuente_exacto_y_url_fuente,alta,revisar_variante_antes_de_publicar,descargar_y_asignar_imagen_exacta
SRT-PENDING-9E98C10B8CED,Cable ACSR 4 AWG Aluminio con Alma de Acero,Cable Aluminio Acsr 4awg Desnudo,https://cablescolombia.com/producto/cable-aluminio-acsr-4awg-desnudo,https://multimedia02.s3.us-east-2.amazonaws.com/Produccion/tiendas/127/productos/39331/33639ec22a85747f.webp,nombre_original_fuente_exacto_y_url_fuente,alta,revisar_variante_antes_de_publicar,descargar_y_asignar_imagen_exacta
SRT-PENDING-A69BDCC48792,"Cable ACSR 266,8 kcmil Aluminio con Alma de Acero",Cable Aluminio Acsr 266.8kcmil,https://cablescolombia.com/producto/cable-aluminio-acsr-266-8kcmil,https://multimedia02.s3.us-east-2.amazonaws.com/Produccion/tiendas/127/productos/39330/cd0c7d41c73d8634.webp,nombre_original_fuente_exacto_y_url_fuente,alta,revisar_variante_antes_de_publicar,descargar_y_asignar_imagen_exacta
SRT-PENDING-8044A4C1B9DC,Cable Cuádruplex de Aluminio 3x4/0+4/0 XLPE Neutro Aislado,Cable Aluminio Cuadruplex Aislado 3x4/0 + 4/0 N.A XLPE,https://cablescolombia.com/producto/cable-aluminio-cuadruplex-aislado-3x4-0-4-0-n-a-xlpe,https://multimedia02.s3.us-east-2.amazonaws.com/Produccion/tiendas/127/productos/76754/774c426148f02063.webp,nombre_original_fuente_exacto_y_url_fuente,alta,revisar_variante_antes_de_publicar,descargar_y_asignar_imagen_exacta
SRT-PENDING-75B78DEB2833,Cable Cuádruplex de Aluminio 3x4/0+2/0 XLPE Neutro Aislado,Cable Aluminio Cuadruplex Aislado 3x4/0 + 2/0 N.A XLPE,https://cablescolombia.com/producto/cable-aluminio-cuadruplex-aislado-3x4-0-2-0-n-a-xlpe,https://multimedia02.s3.us-east-2.amazonaws.com/Produccion/tiendas/127/productos/76755/c779b7963314e864.webp,nombre_original_fuente_exacto,alta,revisar_variante_antes_de_publicar,descargar_y_asignar_imagen_exacta
SRT-PENDING-B1B9FD4A3D6D,Cable Cuádruplex de Aluminio 3x4/0+1/0 XLPE Neutro Aislado,Cable Aluminio Cuadruplex Aislado 3x4/0 + 1/0 N.A XLPE,https://cablescolombia.com/producto/cable-aluminio-cuadruplex-aislado-3x4-0-1-0-n-a-xlpe,https://multimedia02.s3.us-east-2.amazonaws.com/Produccion/tiendas/127/productos/76756/8f5d468901875071.webp,nombre_original_fuente_exacto,alta,revisar_variante_antes_de_publicar,descargar_y_asignar_imagen_exacta
SRT-PENDING-27D8B25958DA,Cable Cuádruplex de Aluminio 3x2/0+2/0 XLPE Neutro Aislado,Cable Aluminio Cuadruplex Aislado 3x2/0 + 2/0 N.A XLPE,https://cablescolombia.com/producto/cable-aluminio-cuadruplex-aislado-3x2-0-2-0-n-a-xlpe,https://multimedia02.s3.us-east-2.amazonaws.com/Produccion/tiendas/127/productos/76757/e6c1d4a59b904ff1.webp,nombre_original_fuente_exacto,alta,revisar_variante_antes_de_publicar,descargar_y_asignar_imagen_exacta
SRT-PENDING-D96DEC8CDC15,Cable Cuádruplex de Aluminio 3x2/0+1/0 XLPE Neutro Aislado,Cable Aluminio Cuadruplex Aislado 3x2/0 + 1/0 N.A XLPE,https://cablescolombia.com/producto/cable-aluminio-cuadruplex-aislado-3x2-0-1-0-n-a-xlpe,https://multimedia02.s3.us-east-2.amazonaws.com/Produccion/tiendas/127/productos/76758/f9ea81b5a058a17d.webp,nombre_original_fuente_exacto_y_url_fuente,alta,revisar_variante_antes_de_publicar,descargar_y_asignar_imagen_exacta
SRT-PENDING-4713A378D085,Cable Cuádruplex de Aluminio 3x1/0+1/0 XLPE Neutro Aislado,Cable Aluminio Cuadruplex Aislado 3x1/0 + 1/0 N.A XLPE,https://cablescolombia.com/producto/cable-aluminio-cuadruplex-aislado-3x1-0-1-0-n-a-xlpe,https://multimedia02.s3.us-east-2.amazonaws.com/Produccion/tiendas/127/productos/76759/5ae0cff83c62c73d.webp,nombre_original_fuente_exacto,alta,revisar_variante_antes_de_publicar,descargar_y_asignar_imagen_exacta
SRT-PENDING-2104A7D24A9E,Cable Cuádruplex de Aluminio 3x1/0+2 XLPE Neutro Aislado,Cable Aluminio Cuadruplex Aislado 3x1/0 + 2 N.A XLPE,https://cablescolombia.com/producto/cable-aluminio-cuadruplex-aislado-3x1-0-2-n-a-xlpe,https://multimedia02.s3.us-east-2.amazonaws.com/Produccion/tiendas/127/productos/76760/ea88e87ddc00e75f.webp,nombre_original_fuente_exacto,alta,revisar_variante_antes_de_publicar,descargar_y_asignar_imagen_exacta
SRT-PENDING-6B93A56C256A,Cable Cuádruplex de Aluminio 3x2+1/0 XLPE Neutro Aislado,Cable Aluminio Cuadruplex Aislado 3x2 + 1/0 N.A XLPE,https://cablescolombia.com/producto/cable-aluminio-cuadruplex-aislado-3x2-1-0-n-a-xlpe,https://multimedia02.s3.us-east-2.amazonaws.com/Produccion/tiendas/127/productos/76761/79fad18da8df1e9d.webp,nombre_original_fuente_exacto,alta,revisar_variante_antes_de_publicar,descargar_y_asignar_imagen_exacta
SRT-PENDING-34D217C09266,Cable Cuádruplex de Aluminio 3x2+2 XLPE Neutro Aislado,Cable Aluminio Cuadruplex Aislado 3x2 + 2 N.A XLPE,https://cablescolombia.com/producto/cable-aluminio-cuadruplex-aislado-3x2-2-n-a-xlpe,https://multimedia02.s3.us-east-2.amazonaws.com/Produccion/tiendas/127/productos/76762/39bd1bd8b924aa90.webp,nombre_original_fuente_exacto,alta,revisar_variante_antes_de_publicar,descargar_y_asignar_imagen_exacta
SRT-PENDING-042EE4D4AB06,Cable Cuádruplex de Aluminio 3x4+4 XLPE Neutro Aislado,Cable Aluminio Cuadruplex Aislado 3x4 + 4 N.A XLPE,https://cablescolombia.com/producto/cable-aluminio-cuadruplex-aislado-3x4-4-n-a-xlpe,https://multimedia02.s3.us-east-2.amazonaws.com/Produccion/tiendas/127/productos/76763/fe78d28a03f85871.webp,nombre_original_fuente_exacto,alta,revisar_variante_antes_de_publicar,descargar_y_asignar_imagen_exacta
SRT-PENDING-196E7A66EC82,Cable Cuádruplex de Aluminio 3x4/0+4/0 XLPE Neutro Desnudo,Cable Aluminio Cuadruplex Desnudo 3x4/0 + 4/0 N.D XLPE,https://cablescolombia.com/producto/cable-aluminio-cuadruplex-desnudo-3x4-0-4-0-n-d-xlpe,https://multimedia02.s3.us-east-2.amazonaws.com/Produccion/tiendas/127/productos/76764/4e2ff80defb3b555.webp,nombre_original_fuente_exacto_y_url_fuente,alta,revisar_variante_antes_de_publicar,descargar_y_asignar_imagen_exacta
SRT-PENDING-6D4A60D14D34,Cable Cuádruplex de Aluminio 3x4/0+2/0 XLPE Neutro Desnudo,Cable Aluminio Cuadruplex Desnudo 3x4/0 + 2/0 N.D XLPE,https://cablescolombia.com/producto/cable-aluminio-cuadruplex-desnudo-3x4-0-2-0-n-d-xlpe,https://multimedia02.s3.us-east-2.amazonaws.com/Produccion/tiendas/127/productos/76765/3dac831918c9b999.webp,nombre_original_fuente_exacto,alta,revisar_variante_antes_de_publicar,descargar_y_asignar_imagen_exacta
SRT-PENDING-84363C00914B,Cable Cuádruplex de Aluminio 3x2/0+2/0 XLPE Neutro Desnudo,Cable Aluminio Cuadruplex Desnudo 3x2/0 + 2/0 N.D XLPE,https://cablescolombia.com/producto/cable-aluminio-cuadruplex-desnudo-3x2-0-2-0-n-d-xlpe,https://multimedia02.s3.us-east-2.amazonaws.com/Produccion/tiendas/127/productos/76766/c043cf73d3c82e22.webp,nombre_original_fuente_exacto,alta,revisar_variante_antes_de_publicar,descargar_y_asignar_imagen_exacta
SRT-PENDING-E00051A36FB6,Cable Cuádruplex de Aluminio 3x2/0+1/0 XLPE Neutro Desnudo,Cable Aluminio Cuadruplex Desnudo 3x2/0 + 1/0 N.D XLPE,https://cablescolombia.com/producto/cable-aluminio-cuadruplex-desnudo-3x2-0-1-0-n-d-xlpe,https://multimedia02.s3.us-east-2.amazonaws.com/Produccion/tiendas/127/productos/76767/258f400fe8175563.webp,nombre_original_fuente_exacto,alta,revisar_variante_antes_de_publicar,descargar_y_asignar_imagen_exacta
SRT-PENDING-FB07F7E9A51B,Cable Cuádruplex de Aluminio 3x1/0+1/0 XLPE Neutro Desnudo,Cable Aluminio Cuadruplex Desnudo 3x1/0 + 1/0 N.D XLPE,https://cablescolombia.com/producto/cable-aluminio-cuadruplex-desnudo-3x1-0-1-0-n-d-xlpe,https://multimedia02.s3.us-east-2.amazonaws.com/Produccion/tiendas/127/productos/76768/645a60c85a25d88e.webp,nombre_original_fuente_exacto,alta,revisar_variante_antes_de_publicar,descargar_y_asignar_imagen_exacta
SRT-PENDING-34CD8C37BC1C,Cable Cuádruplex de Aluminio 3x1/0+2 XLPE Neutro Desnudo,Cable Aluminio Cuadruplex Desnudo 3x1/0 + 2 N.D XLPE,https://cablescolombia.com/producto/cable-aluminio-cuadruplex-desnudo-3x1-0-2-n-d-xlpe,https://multimedia02.s3.us-east-2.amazonaws.com/Produccion/tiendas/127/productos/76769/3e298cd6a3178165.webp,nombre_original_fuente_exacto,alta,revisar_variante_antes_de_publicar,descargar_y_asignar_imagen_exacta
SRT-PENDING-2D1847DB2E7B,Cable Cuádruplex de Aluminio 3x2+2 XLPE Neutro Desnudo,Cable Aluminio Cuadruplex Desnudo 3x2 + 2 N.D XLPE,https://cablescolombia.com/producto/cable-aluminio-cuadruplex-desnudo-3x2-2-n-d-xlpe,https://multimedia02.s3.us-east-2.amazonaws.com/Produccion/tiendas/127/productos/76770/c6064aca6c7c4274.webp,nombre_original_fuente_exacto,alta,revisar_variante_antes_de_publicar,descargar_y_asignar_imagen_exacta
SRT-PENDING-F8A7919373AD,Cable Cuádruplex de Aluminio 3x2+4 XLPE Neutro Desnudo,Cable Aluminio Cuadruplex Desnudo 3x2 + 4 N.D XLPE,https://cablescolombia.com/producto/cable-aluminio-cuadruplex-desnudo-3x2-4-n-d-xlpe,https://multimedia02.s3.us-east-2.amazonaws.com/Produccion/tiendas/127/productos/76771/37581586d306ffdf.webp,nombre_original_fuente_exacto,alta,revisar_variante_antes_de_publicar,descargar_y_asignar_imagen_exacta
SRT-PENDING-3BD5191D4ECE,Cable Cuádruplex de Aluminio 3x4+4 XLPE Neutro Desnudo,Cable Aluminio Cuadruplex Desnudo 3x4 + 4 N.D XLPE,https://cablescolombia.com/producto/cable-aluminio-cuadruplex-desnudo-3x4-4-n-d-xlpe,https://multimedia02.s3.us-east-2.amazonaws.com/Produccion/tiendas/127/productos/76772/b5397196d5f87ce8.webp,nombre_original_fuente_exacto_y_url_fuente,alta,revisar_variante_antes_de_publicar,descargar_y_asignar_imagen_exacta
SRT-PENDING-1FA91735D6F2,Cable Cuádruplex de Aluminio 3x6+6 XLPE Neutro Desnudo,Cable Aluminio Cuadruplex Desnudo 3x6 + 6 N.D XLPE,https://cablescolombia.com/producto/cable-aluminio-cuadruplex-desnudo-3x6-6-n-d-xlpe,https://multimedia02.s3.us-east-2.amazonaws.com/Produccion/tiendas/127/productos/76773/c0e01819709d990a.webp,nombre_original_fuente_exacto,alta,revisar_variante_antes_de_publicar,descargar_y_asignar_imagen_exacta
SRT-PENDING-4667F1459C76,Cable Tríplex de Aluminio 2x4/0+4/0 XLPE Neutro Desnudo,Cable Aluminio Triplex Desnudo 2x4/0 + 4/0 N.D XLPE,https://cablescolombia.com/producto/cable-aluminio-triplex-desnudo-2x4-0-4-0-n-d-xlpe,https://multimedia02.s3.us-east-2.amazonaws.com/Produccion/tiendas/127/productos/76789/365e44c51eac6cb5.webp,nombre_original_fuente_exacto,alta,revisar_variante_antes_de_publicar,descargar_y_asignar_imagen_exacta
SRT-PENDING-A6EB12EB3ABE,Cable Tríplex de Aluminio 2x4/0+2/0 XLPE Neutro Desnudo,Cable Aluminio Triplex Desnudo 2x4/0 + 2/0 N.D XLPE,https://cablescolombia.com/producto/cable-aluminio-triplex-desnudo-2x4-0-2-0-n-d-xlpe,https://multimedia02.s3.us-east-2.amazonaws.com/Produccion/tiendas/127/productos/76790/79e234562eb208b1.webp,nombre_original_fuente_exacto,alta,revisar_variante_antes_de_publicar,descargar_y_asignar_imagen_exacta
SRT-PENDING-98CDD9236AD2,Cable Tríplex de Aluminio 2x2/0+2/0 XLPE Neutro Desnudo,Cable Aluminio Triplex Desnudo 2x2/0 + 2/0 N.D XLPE,https://cablescolombia.com/producto/cable-aluminio-triplex-desnudo-2x2-0-2-0-n-d-xlpe,https://multimedia02.s3.us-east-2.amazonaws.com/Produccion/tiendas/127/productos/76791/9ec7e8d89c4543c1.webp,nombre_original_fuente_exacto,alta,revisar_variante_antes_de_publicar,descargar_y_asignar_imagen_exacta
SRT-PENDING-4316A8FAA999,Cable Tríplex de Aluminio 2x2/0+1/0 XLPE Neutro Desnudo,Cable Aluminio Triplex Desnudo 2x2/0 + 1/0 N.D XLPE,https://cablescolombia.com/producto/cable-aluminio-triplex-desnudo-2x2-0-1-0-n-d-xlpe,https://multimedia02.s3.us-east-2.amazonaws.com/Produccion/tiendas/127/productos/76792/04f5634993ed4aef.webp,nombre_original_fuente_exacto,alta,revisar_variante_antes_de_publicar,descargar_y_asignar_imagen_exacta
SRT-PENDING-9EC49C7A28A9,Cable Tríplex de Aluminio 2x1/0+1/0 XLPE Neutro Desnudo,Cable Aluminio Triplex Desnudo 2x1/0 + 1/0 N.D XLPE,https://cablescolombia.com/producto/cable-aluminio-triplex-desnudo-2x1-0-1-0-n-d-xlpe,https://multimedia02.s3.us-east-2.amazonaws.com/Produccion/tiendas/127/productos/76793/d110b3f873e9be85.webp,nombre_original_fuente_exacto,alta,revisar_variante_antes_de_publicar,descargar_y_asignar_imagen_exacta
SRT-PENDING-3364423C1A92,Cable Tríplex de Aluminio 2x1/0+2 XLPE Neutro Desnudo,Cable Aluminio Triplex Desnudo 2x1/0 + 2 N.D XLPE,https://cablescolombia.com/producto/cable-aluminio-triplex-desnudo-2x1-0-2-n-d-xlpe,https://multimedia02.s3.us-east-2.amazonaws.com/Produccion/tiendas/127/productos/76794/33f0588149d94583.webp,nombre_original_fuente_exacto,alta,revisar_variante_antes_de_publicar,descargar_y_asignar_imagen_exacta
SRT-PENDING-6CB32956DF6E,Cable Tríplex de Aluminio 2x2+2 XLPE Neutro Desnudo,Cable Aluminio Triplex Desnudo 2x2 + 2 N.D XLPE,https://cablescolombia.com/producto/cable-aluminio-triplex-desnudo-2x2-2-n-d-xlpe,https://multimedia02.s3.us-east-2.amazonaws.com/Produccion/tiendas/127/productos/76795/d603cbff899e054a.webp,nombre_original_fuente_exacto,alta,revisar_variante_antes_de_publicar,descargar_y_asignar_imagen_exacta
SRT-PENDING-4F6FC158B6F6,Cable Tríplex de Aluminio 2x2+4 XLPE Neutro Desnudo,Cable Aluminio Triplex Desnudo 2x2 + 4 N.D XLPE,https://cablescolombia.com/producto/cable-aluminio-triplex-desnudo-2x2-4-n-d-xlpe,https://multimedia02.s3.us-east-2.amazonaws.com/Produccion/tiendas/127/productos/76796/a8024e36be74aa4d.webp,nombre_original_fuente_exacto,alta,revisar_variante_antes_de_publicar,descargar_y_asignar_imagen_exacta
SRT-PENDING-B16203A08F0E,Cable Tríplex de Aluminio 2x4+4 XLPE Neutro Desnudo,Cable Aluminio Triplex Desnudo 2x4 + 4 N.D XLPE,https://cablescolombia.com/producto/cable-aluminio-triplex-desnudo-2x4-4-n-d-xlpe,https://multimedia02.s3.us-east-2.amazonaws.com/Produccion/tiendas/127/productos/76797/7a062570e3b72c56.webp,nombre_original_fuente_exacto,alta,revisar_variante_antes_de_publicar,descargar_y_asignar_imagen_exacta
SRT-PENDING-9F87DBDC8A7A,Cable Tríplex de Aluminio 2x6+6 XLPE Neutro Desnudo,Cable Aluminio Triplex Desnudo 2x6 + 6 N.D XLPE,https://cablescolombia.com/producto/cable-aluminio-triplex-desnudo-2x6-6-n-d-xlpe,https://multimedia02.s3.us-east-2.amazonaws.com/Produccion/tiendas/127/productos/76798/729ba49e2d6e6572.webp,nombre_original_fuente_exacto,alta,revisar_variante_antes_de_publicar,descargar_y_asignar_imagen_exacta
SRT-PENDING-97BC9D6F9F20,Cable Tríplex de Aluminio 2x1/0+123 XLPE Neutro Aislado,Cable Aluminio Triplex Aislado 2x1/0 + 123.3 Kcmil AAAC N.A,https://cablescolombia.com/producto/cable-aluminio-triplex-aislado-2x1-0-123-3-kcmil-aaac-n-a,https://multimedia02.s3.us-east-2.amazonaws.com/Produccion/tiendas/127/productos/76778/d0eae5230da7c528.webp,nombre_original_fuente_exacto,alta,revisar_variante_antes_de_publicar,descargar_y_asignar_imagen_exacta
SRT-PENDING-489F09CF9F93,Cable Tríplex de Aluminio 2x4/0+4/0 XLPE Neutro Aislado,Cable Aluminio Triplex Aislado 2x4/0 + 4/0 N.A XLPE,https://cablescolombia.com/producto/cable-aluminio-triplex-aislado-2x4-0-4-0-n-a-xlpe,https://multimedia02.s3.us-east-2.amazonaws.com/Produccion/tiendas/127/productos/76779/8b932497eee902c0.webp,nombre_original_fuente_exacto_y_url_fuente,alta,revisar_variante_antes_de_publicar,descargar_y_asignar_imagen_exacta
SRT-PENDING-A489247D6512,Cable Tríplex de Aluminio 2x4/0+2/0 XLPE Neutro Aislado,Cable Aluminio Triplex Aislado 2x4/0 + 2/0 N.A XLPE,https://cablescolombia.com/producto/cable-aluminio-triplex-aislado-2x4-0-2-0-n-a-xlpe,https://multimedia02.s3.us-east-2.amazonaws.com/Produccion/tiendas/127/productos/76780/9f4ee56f3b66ad50.webp,nombre_original_fuente_exacto,alta,revisar_variante_antes_de_publicar,descargar_y_asignar_imagen_exacta
SRT-PENDING-781A57233F63,Cable Tríplex de Aluminio 2x2/0+2/0 XLPE Neutro Aislado,Cable Aluminio Triplex Aislado 2x2/0 + 2/0 N.A XLPE,https://cablescolombia.com/producto/cable-aluminio-triplex-aislado-2x2-0-2-0-n-a-xlpe,https://multimedia02.s3.us-east-2.amazonaws.com/Produccion/tiendas/127/productos/76781/1b964fc8697df966.webp,nombre_original_fuente_exacto,alta,revisar_variante_antes_de_publicar,descargar_y_asignar_imagen_exacta
SRT-PENDING-4867D6D22AAF,Cable Tríplex de Aluminio 2x2/0+1/0 XLPE Neutro Aislado,Cable Aluminio Triplex Aislado 2x2/0 + 1/0 N.A XLPE,https://cablescolombia.com/producto/cable-aluminio-triplex-aislado-2x2-0-1-0-n-a-xlpe,https://multimedia02.s3.us-east-2.amazonaws.com/Produccion/tiendas/127/productos/76782/e4a49390b456a804.webp,nombre_original_fuente_exacto,alta,revisar_variante_antes_de_publicar,descargar_y_asignar_imagen_exacta
SRT-PENDING-B11AA016E2B8,Cable Tríplex de Aluminio 2x1/0+1/0 XLPE Neutro Aislado,Cable Aluminio Triplex Aislado 2x1/0 + 1/0 N.A XLPE,https://cablescolombia.com/producto/cable-aluminio-triplex-aislado-2x1-0-1-0-n-a-xlpe,https://multimedia02.s3.us-east-2.amazonaws.com/Produccion/tiendas/127/productos/76783/5f3d942b349a715a.webp,nombre_original_fuente_exacto,alta,revisar_variante_antes_de_publicar,descargar_y_asignar_imagen_exacta
SRT-PENDING-BEE533777F39,Cable Tríplex de Aluminio 2x1/0+2 XLPE Neutro Aislado,Cable Aluminio Triplex Aislado 2x1/0 + 2 N.A XLPE,https://cablescolombia.com/producto/cable-aluminio-triplex-aislado-2x1-0-2-n-a-xlpe,https://multimedia02.s3.us-east-2.amazonaws.com/Produccion/tiendas/127/productos/76784/77a5787cfc14df3c.webp,nombre_original_fuente_exacto,alta,revisar_variante_antes_de_publicar,descargar_y_asignar_imagen_exacta
SRT-PENDING-F0C739013C64,Cable Tríplex de Aluminio 2x2+1/0 XLPE Neutro Aislado,Cable Aluminio Triplex Aislado 2x2 + 1/0 N.A XLPE,https://cablescolombia.com/producto/cable-aluminio-triplex-aislado-2x2-1-0-n-a-xlpe,https://multimedia02.s3.us-east-2.amazonaws.com/Produccion/tiendas/127/productos/76785/fcc698f97269fd0e.webp,nombre_original_fuente_exacto,alta,revisar_variante_antes_de_publicar,descargar_y_asignar_imagen_exacta
SRT-PENDING-FEF1B0043135,Cable Tríplex de Aluminio 2x2+2 XLPE Neutro Aislado,Cable Aluminio Triplex Aislado 2x2 + 2 N.A XLPE,https://cablescolombia.com/producto/cable-aluminio-triplex-aislado-2x2-2-n-a-xlpe,https://multimedia02.s3.us-east-2.amazonaws.com/Produccion/tiendas/127/productos/76786/0548fdf10ce8d3b8.webp,nombre_original_fuente_exacto,alta,revisar_variante_antes_de_publicar,descargar_y_asignar_imagen_exacta
SRT-PENDING-9D6BDB0B6AF8,Cable Tríplex de Aluminio 2x4+2 XLPE Neutro Aislado,Cable Aluminio Triplex Aislado 2x4 + 2 N.A XLPE,https://cablescolombia.com/producto/cable-aluminio-triplex-aislado-2x4-2-n-a-xlpe,https://multimedia02.s3.us-east-2.amazonaws.com/Produccion/tiendas/127/productos/76787/8689d6b0209bfbc5.webp,nombre_original_fuente_exacto,alta,revisar_variante_antes_de_publicar,descargar_y_asignar_imagen_exacta
SRT-PENDING-A5F2945A3C24,Cable Tríplex de Aluminio 2x4+4 XLPE Neutro Aislado,Cable Aluminio Triplex Aislado 2x4 + 4 N.A XLPE,https://cablescolombia.com/producto/cable-aluminio-triplex-aislado-2x4-4-n-a-xlpe,https://multimedia02.s3.us-east-2.amazonaws.com/Produccion/tiendas/127/productos/76788/2bf581fa278a444f.webp,nombre_original_fuente_exacto,alta,revisar_variante_antes_de_publicar,descargar_y_asignar_imagen_exacta
SRT-PENDING-8C051F2F5E7C,Cable Dúplex de Aluminio 1x2+2 XLPE Neutro Desnudo,Cable Aluminio Duplex Desnudo 1X2 + 2 N.D XLPE,https://cablescolombia.com/producto/cable-aluminio-duplex-desnudo-1x2-2-n-d-xlpe,https://multimedia02.s3.us-east-2.amazonaws.com/Produccion/tiendas/127/productos/76774/d74d3186c0bd876c.webp,nombre_original_fuente_exacto,alta,revisar_variante_antes_de_publicar,descargar_y_asignar_imagen_exacta
SRT-PENDING-DDC30E095636,Cable Dúplex de Aluminio 1x4+4 XLPE Neutro Desnudo,Cable Aluminio Duplex Desnudo 1X4 + 4 N.D XLPE,https://cablescolombia.com/producto/cable-aluminio-duplex-desnudo-1x4-4-n-d-xlpe,https://multimedia02.s3.us-east-2.amazonaws.com/Produccion/tiendas/127/productos/76775/af4ee589dbf2cd0e.webp,nombre_original_fuente_exacto,alta,revisar_variante_antes_de_publicar,descargar_y_asignar_imagen_exacta
SRT-PENDING-9B3D2F96EFA8,Cable Dúplex de Aluminio 1x2+2 XLPE Neutro Aislado,Cable Aluminio Duplex 1x2+ 2 N.A XLPE,https://cablescolombia.com/producto/cable-aluminio-duplex-1x2-2-n-a-xlpe,https://multimedia02.s3.us-east-2.amazonaws.com/Produccion/tiendas/127/productos/76776/368704ad81642bc4.webp,nombre_original_fuente_exacto,alta,revisar_variante_antes_de_publicar,descargar_y_asignar_imagen_exacta
SRT-PENDING-AD0F27BB25AA,Cable Dúplex de Aluminio 1x4+4 XLPE Neutro Aislado,Cable Aluminio Duplex 1x4+ 4 N.A XLPE,https://cablescolombia.com/producto/cable-aluminio-duplex-1x4-4-n-a-xlpe,https://multimedia02.s3.us-east-2.amazonaws.com/Produccion/tiendas/127/productos/76777/4530f1e4feaeef5d.webp,nombre_original_fuente_exacto,alta,revisar_variante_antes_de_publicar,descargar_y_asignar_imagen_exacta
SRT-PENDING-061EAC97419A,Cable Para Batería 4 AWG Cobre Flexible,Cable Bateria N4,https://cablescolombia.com/producto/cable-bateria-n4,https://multimedia02.s3.us-east-2.amazonaws.com/Produccion/tiendas/127/productos/394/8533ce64745195f7.webp,nombre_original_fuente_exacto_y_url_fuente,alta,revisar_variante_antes_de_publicar,descargar_y_asignar_imagen_exacta
SRT-PENDING-358405226874,Cable Para Batería 2 AWG Cobre Flexible,Cable Bateria N2,https://cablescolombia.com/producto/cable-bateria-n2,https://multimedia02.s3.us-east-2.amazonaws.com/Produccion/tiendas/127/productos/396/6af63cad4886b3bd.webp,nombre_original_fuente_exacto_y_url_fuente,alta,revisar_variante_antes_de_publicar,descargar_y_asignar_imagen_exacta
SRT-CTRL-7x12AWG-CU-PVC,Cable de Control 7x12 AWG Cobre PVC,Cable Control 7x12 AWG PC Cu PVC,https://cablescolombia.com/producto/cable-control-7x12-awg-pc-cu-pvc,https://multimedia02.s3.us-east-2.amazonaws.com/Produccion/tiendas/127/productos/76680/b715465cb0d0048a.webp,nombre_original_fuente_exacto,alta,revisar_variante_antes_de_publicar,descargar_y_asignar_imagen_exacta
SRT-CTRL-2x14-20AWG-CU-PVC-600V,Cable de Control 2x14+20 AWG Cobre PVC,Cable Control 2x14+20 awg cu pvc tc ls 90°c 600v,https://cablescolombia.com/producto/cable-control-2x14-20-awg-cu-pvc-tc-ls-90-c-600v,https://multimedia02.s3.us-east-2.amazonaws.com/Produccion/tiendas/127/productos/415/1988be1f06be85cb.webp,nombre_original_fuente_exacto_y_url_fuente,alta,revisar_variante_antes_de_publicar,descargar_y_asignar_imagen_exacta
SRT-CTRL-4x14-20AWG-CU-PVC-600V,Cable de Control 4x14+20 AWG Cobre PVC,Cable Control 4x14+20 awg cu pvc tc ls 90°c 600v,https://cablescolombia.com/producto/cable-control-4x14-20-awg-cu-pvc-tc-ls-90-c-600v,https://multimedia02.s3.us-east-2.amazonaws.com/Produccion/tiendas/127/productos/421/ac540133bc2e9982.webp,nombre_original_fuente_exacto_y_url_fuente,alta,revisar_variante_antes_de_publicar,descargar_y_asignar_imagen_exacta
SRT-CTRL-6x14-20AWG-CU-PVC-600V,Cable de Control 6x14+20 AWG Cobre PVC,Cable Control 6x14+20 awg cu pvc tc ls 90°c 600v,https://cablescolombia.com/producto/cable-control-6x14-20-awg-cu-pvc-tc-ls-90-c-600v,https://multimedia02.s3.us-east-2.amazonaws.com/Produccion/tiendas/127/productos/423/0809db027d7d89df.webp,nombre_original_fuente_exacto_y_url_fuente,alta,revisar_variante_antes_de_publicar,descargar_y_asignar_imagen_exacta
SRT-CTRL-9x14-20AWG-CU-PVC-600V,Cable de Control 9x14+20 AWG Cobre PVC,Cable Control 9x14+20 awg cu pvc tc ls 90°c 600v,https://cablescolombia.com/producto/cable-control-9x14-20-awg-cu-pvc-tc-ls-90-c-600v,https://multimedia02.s3.us-east-2.amazonaws.com/Produccion/tiendas/127/productos/424/35c44286ce861fec.webp,nombre_original_fuente_exacto_y_url_fuente,alta,revisar_variante_antes_de_publicar,descargar_y_asignar_imagen_exacta
SRT-CTRL-2x12-20AWG-CU-PVC-600V,Cable de Control 2x12+20 AWG Cobre PVC,Cable Control 2x12+20 awg cu pvc tc ls 90°c 600v,https://cablescolombia.com/producto/cable-control-2x12-20-awg-cu-pvc-tc-ls-90-c-600v,https://multimedia02.s3.us-east-2.amazonaws.com/Produccion/tiendas/127/productos/427/627a7b984de569c2.webp,nombre_original_fuente_exacto,alta,revisar_variante_antes_de_publicar,descargar_y_asignar_imagen_exacta
SRT-CTRL-4x12-20AWG-CU-PVC-600V,Cable de Control 4x12+20 AWG Cobre PVC,Cable Control 4x12+20 awg cu pvc tc ls 90°c 600v,https://cablescolombia.com/producto/cable-control-4x12-20-awg-cu-pvc-tc-ls-90-c-600v,https://multimedia02.s3.us-east-2.amazonaws.com/Produccion/tiendas/127/productos/428/8e810da0f826d11e.webp,nombre_original_fuente_exacto_y_url_fuente,alta,revisar_variante_antes_de_publicar,descargar_y_asignar_imagen_exacta
SRT-CTRL-6x12-20AWG-CU-PVC-600V,Cable de Control 6x12+20 AWG Cobre PVC,Cable Control 6x12+20 awg cu pvc tc ls 90°c 600v,https://cablescolombia.com/producto/cable-control-6x12-20-awg-cu-pvc-tc-ls-90-c-600v,https://multimedia02.s3.us-east-2.amazonaws.com/Produccion/tiendas/127/productos/430/1349945d44dbdabc.webp,nombre_original_fuente_exacto_y_url_fuente,alta,revisar_variante_antes_de_publicar,descargar_y_asignar_imagen_exacta
SRT-CTRL-9x12-20AWG-CU-PVC-600V,Cable de Control 9x12+20 AWG Cobre PVC,Cable Control 9x12+20 awg cu pvc tc ls 90°c 600v,https://cablescolombia.com/producto/cable-control-9x12-20-awg-cu-pvc-tc-ls-90-c-600v,https://multimedia02.s3.us-east-2.amazonaws.com/Produccion/tiendas/127/productos/431/eefb284e5a09f7dd.webp,nombre_original_fuente_exacto_y_url_fuente,alta,revisar_variante_antes_de_publicar,descargar_y_asignar_imagen_exacta
SRT-CTRL-2x10-20AWG-CU-PVC-600V,Cable de Control 2x10+20 AWG Cobre PVC,Cable Control 2x10+20 awg cu pvc tc ls 90°c 600v,https://cablescolombia.com/producto/cable-control-2x10-20-awg-cu-pvc-tc-ls-90-c-600v,https://multimedia02.s3.us-east-2.amazonaws.com/Produccion/tiendas/127/productos/433/52e55d75f0cb6057.webp,nombre_original_fuente_exacto,alta,revisar_variante_antes_de_publicar,descargar_y_asignar_imagen_exacta
SRT-CTRL-4x10-20AWG-CU-PVC-600V,Cable de Control 4x10+20 AWG Cobre PVC,Cable Control 4x10+20 awg cu pvc tc ls 90°c 600v,https://cablescolombia.com/producto/cable-control-4x10-20-awg-cu-pvc-tc-ls-90-c-600v,https://multimedia02.s3.us-east-2.amazonaws.com/Produccion/tiendas/127/productos/435/6f63eb7a8dbc5819.webp,nombre_original_fuente_exacto_y_url_fuente,alta,revisar_variante_antes_de_publicar,descargar_y_asignar_imagen_exacta
SRT-CTRL-9x10-20AWG-CU-PVC-600V,Cable de Control 9x10+20 AWG Cobre PVC,Cable Control 9x10+20 awg cu pvc tc ls 90°c 600v,https://cablescolombia.com/producto/cable-control-9x10-20-awg-cu-pvc-tc-ls-90-c-600v,https://multimedia02.s3.us-east-2.amazonaws.com/Produccion/tiendas/127/productos/437/55d96da33d6a57ec.webp,nombre_original_fuente_exacto_y_url_fuente,alta,revisar_variante_antes_de_publicar,descargar_y_asignar_imagen_exacta
SRT-PENDING-D5407E35166B,Cable de Acometida 1x8+8 AWG Cobre,Cable Acometida 1X8+8 Monofasico Cu,https://cablescolombia.com/producto/cable-acometida-1x8-8-monofasico-cu,https://multimedia02.s3.us-east-2.amazonaws.com/Produccion/tiendas/127/productos/455/e86d5d8261b33a99.webp,nombre_original_fuente_exacto_y_url_fuente,alta,revisar_variante_antes_de_publicar,descargar_y_asignar_imagen_exacta
SRT-PENDING-057D58022FDD,Cable de Acometida 2x8+8 AWG Cobre,Cable Acometida 2X8+8 Bifasico Cu,https://cablescolombia.com/producto/cable-acometida-2x8-8-bifasico-cu,https://multimedia02.s3.us-east-2.amazonaws.com/Produccion/tiendas/127/productos/457/9380d77a1b796bd0.webp,nombre_original_fuente_exacto_y_url_fuente,alta,revisar_variante_antes_de_publicar,descargar_y_asignar_imagen_exacta
SRT-PENDING-3A016A2ED5CF,Cable de Acometida 3x8+10 AWG Cobre,Cable Acometida 3X8+10 Trifásico Trébol Cu,https://cablescolombia.com/producto/cable-acometida-3x8-10-trifasico-trebol-cu_2,https://multimedia02.s3.us-east-2.amazonaws.com/Produccion/tiendas/127/productos/487/492c330ea2f7a311.webp,nombre_original_fuente_exacto_y_url_fuente,alta,revisar_variante_antes_de_publicar,descargar_y_asignar_imagen_exacta
SRT-PENDING-4C5E4B9A7608,Cable de Acometida 3x8+8 AWG Cobre,Cable Acometida 3X8+8 Trifásico Cu,https://cablescolombia.com/producto/cable-acometida-3x8-8-trifasico-cu,https://multimedia02.s3.us-east-2.amazonaws.com/Produccion/tiendas/127/productos/488/47668232fd2cb329.webp,nombre_original_fuente_exacto_y_url_fuente,alta,revisar_variante_antes_de_publicar,descargar_y_asignar_imagen_exacta
SRT-PENDING-CB11D6CC147A,Cable de Acometida 3x6+8 AWG Cobre,Cable Acometida 3X6+8 Trifásico Trébol Cu,https://cablescolombia.com/producto/cable-acometida-3x6-8-trifasico-trebol-cu_3,https://multimedia02.s3.us-east-2.amazonaws.com/Produccion/tiendas/127/productos/489/b49f3d812a0d475d.webp,nombre_original_fuente_exacto_y_url_fuente,alta,revisar_variante_antes_de_publicar,descargar_y_asignar_imagen_exacta
SRT-PENDING-82211F992308,Cable de Acometida 3x4+6 AWG Cobre,Cable Acometida 3X4+6 Trifásico Trébol Cu,https://cablescolombia.com/producto/cable-acometida-3x4-6-trifasico-trebol-cu_6,https://multimedia02.s3.us-east-2.amazonaws.com/Produccion/tiendas/127/productos/502/dd37bf9185234dca.webp,nombre_original_fuente_exacto_y_url_fuente,alta,revisar_variante_antes_de_publicar,descargar_y_asignar_imagen_exacta
SRT-PENDING-84C5415A058A,Cable de Acometida 3x2+4 AWG Cobre,Cable Acometida 3X2+4 Trebol Trifasico Cu,https://cablescolombia.com/producto/cable-acometida-3x2-4-trebol-trifasico-cu,https://multimedia02.s3.us-east-2.amazonaws.com/Produccion/tiendas/127/productos/503/5a653a54d604bd0f.webp,nombre_original_fuente_exacto_y_url_fuente,alta,revisar_variante_antes_de_publicar,descargar_y_asignar_imagen_exacta
SRT-PENDING-91D6A3C793FA,Cable de Acometida de Aluminio 1x6+6,Cable Acometida Aluminio 1x6+6 Monofásico,https://cablescolombia.com/producto/cable-acometida-aluminio-1x6-6-monofasico,https://multimedia02.s3.us-east-2.amazonaws.com/Produccion/tiendas/127/productos/38435/80704f26c5ce19d6.webp,nombre_original_fuente_exacto,alta,revisar_variante_antes_de_publicar,descargar_y_asignar_imagen_exacta
SRT-PENDING-8E11A5B06622,"Cable AL-ACSR Ecológico 1/0 AWG 13,2/15 kV",Cable Ecologico AL-ACSR 1/0 13.2KV/15KV,https://cablescolombia.com/producto/cable-ecologico-al-acsr-1-0-13-2kv-15kv_5,https://multimedia02.s3.us-east-2.amazonaws.com/Produccion/tiendas/127/productos/512/d9d923ab4b3d7e30.webp,nombre_original_fuente_exacto,alta,revisar_variante_antes_de_publicar,descargar_y_asignar_imagen_exacta
SRT-PENDING-235E33CBA9A7,"Cable AL-ACSR Ecológico 2/0 AWG 13,2/15 kV",Cable Ecologico AL-ACSR 2/0 13.2KV/15KV,https://cablescolombia.com/producto/cable-ecologico-al-acsr-2-0-13-2kv-15kv_2,https://multimedia02.s3.us-east-2.amazonaws.com/Produccion/tiendas/127/productos/516/abc35cb895b90e0d.webp,nombre_original_fuente_exacto,alta,revisar_variante_antes_de_publicar,descargar_y_asignar_imagen_exacta
SRT-PENDING-4F60E7FF2406,"Cable AL-ACSR Ecológico 4/0 AWG 13,2/15 kV",Cable Ecologico AL-ACSR 4/0 13.2KV/15KV,https://cablescolombia.com/producto/cable-ecologico-al-acsr-4-0-13-2kv-15kv_5,https://multimedia02.s3.us-east-2.amazonaws.com/Produccion/tiendas/127/productos/519/715233eddad861de.webp,nombre_original_fuente_exacto,alta,revisar_variante_antes_de_publicar,descargar_y_asignar_imagen_exacta
SRT-PENDING-5EC7E5DAAF50,"Cable AL-ACSR Ecológico 266,38 kcmil 13,2/15 kV",Cable Ecológico AL-ACSR 266.38 13.2KV/15KV,https://cablescolombia.com/producto/cable-ecologico-al-acsr-266-38-13-2kv-15kv,https://multimedia02.s3.us-east-2.amazonaws.com/Produccion/tiendas/127/productos/520/36c23eb81f566cfd.webp,nombre_original_fuente_exacto,alta,revisar_variante_antes_de_publicar,descargar_y_asignar_imagen_exacta
SRT-PENDING-8FCC4E5B7572,"Cable AL-ACSR Ecológico 1/0 AWG 34,5 kV",Cable Ecologico AL-ACSR 1/0 34.5KV,https://cablescolombia.com/producto/cable-ecologico-al-acsr-1-0-34-5kv_7,https://multimedia02.s3.us-east-2.amazonaws.com/Produccion/tiendas/127/productos/522/2f92d9233d33b1cc.webp,nombre_original_fuente_exacto,alta,revisar_variante_antes_de_publicar,descargar_y_asignar_imagen_exacta
SRT-PENDING-78EE0A2AE0E5,"Cable AL-ACSR Ecológico 2/0 AWG 34,5 kV",Cable Ecologico AL-ACSR 2/0 34.5KV,https://cablescolombia.com/producto/cable-ecologico-al-acsr-2-0-34-5kv_1,https://multimedia02.s3.us-east-2.amazonaws.com/Produccion/tiendas/127/productos/529/6c57c0432a5e7c6e.webp,nombre_original_fuente_exacto,alta,revisar_variante_antes_de_publicar,descargar_y_asignar_imagen_exacta
SRT-PENDING-35EE11579D66,"Cable AL-ACSR Ecológico 4/0 AWG 34,5 kV",Cable Ecologico AL-ACSR 4/0 34.5KV,https://cablescolombia.com/producto/cable-ecologico-al-acsr-4-0-34-5kv_5,https://multimedia02.s3.us-east-2.amazonaws.com/Produccion/tiendas/127/productos/530/07424c430ad663eb.webp,nombre_original_fuente_exacto,alta,revisar_variante_antes_de_publicar,descargar_y_asignar_imagen_exacta
SRT-PENDING-E4258346E928,"Cable AL-ACSR Ecológico 266,8 kcmil 34,5 kV",Cable Ecológico AL-ACSR 266.8 34.5KV,https://cablescolombia.com/producto/cable-ecologico-al-acsr-266-8-34-5kv,https://multimedia02.s3.us-east-2.amazonaws.com/Produccion/tiendas/127/productos/531/e4bc238ca0df7179.webp,nombre_original_fuente_exacto,alta,revisar_variante_antes_de_publicar,descargar_y_asignar_imagen_exacta
SRT-PENDING-8E4A84C51885,Cable de Fibra Óptica LSZH 4 Hilos,Cable Fibra Optica LSZH 4 Núcleos Rollo 100m,https://cablescolombia.com/producto/cable-fibra-optica-lszh-4-nucleos-rollo-100m,https://multimedia02.s3.us-east-2.amazonaws.com/Produccion/tiendas/127/productos/38444/adee143d7ee61df5.webp,nombre_original_fuente_exacto_y_url_fuente,alta,revisar_variante_antes_de_publicar,descargar_y_asignar_imagen_exacta
SRT-PENDING-A6602A7A1353,Cable de Fibra Óptica LSZH 2 Hilos,Cable Fibra Optica LSZH 2 Núcleos Rollo 100m,https://cablescolombia.com/producto/cable-fibra-optica-lszh-2-nucleos-rollo-100m,https://multimedia02.s3.us-east-2.amazonaws.com/Produccion/tiendas/127/productos/38445/4e4ed3f030e3b370.webp,nombre_original_fuente_exacto_y_url_fuente,alta,revisar_variante_antes_de_publicar,descargar_y_asignar_imagen_exacta
SRT-PENDING-99E26045D3D7,Cable de Fibra Óptica LSZH 1 Hilos,Cable Fibra Optica LSZH 1 Núcleo Rollo 100m,https://cablescolombia.com/producto/cable-fibra-optica-lszh-1-nucleo-rollo-100m,https://multimedia02.s3.us-east-2.amazonaws.com/Produccion/tiendas/127/productos/38446/35824caefaddf71d.webp,nombre_original_fuente_exacto_y_url_fuente,alta,revisar_variante_antes_de_publicar,descargar_y_asignar_imagen_exacta
SRT-PENDING-DFC1513D0C3E,Cable de Fibra Óptica ADSS 24 Hilos,Cable Fibra Adss 24 Hilos - *2 Km (Uso Exterior - Span 100),https://cablescolombia.com/producto/cable-fibra-adss-24-hilos-2-km-uso-exterior-span-100,https://multimedia02.s3.us-east-2.amazonaws.com/Produccion/tiendas/127/productos/38447/e08ba5a87efc79c4.webp,nombre_original_fuente_exacto_y_url_fuente,alta,revisar_variante_antes_de_publicar,descargar_y_asignar_imagen_exacta
SRT-PENDING-095A03DF0197,Cable de Fibra Óptica ADSS 12 Hilos,Cable Fibra Adss 12 Hilos - *2 Km (Uso Exterior - Span 100),https://cablescolombia.com/producto/cable-fibra-adss-12-hilos-2-km-uso-exterior-span-100,https://multimedia02.s3.us-east-2.amazonaws.com/Produccion/tiendas/127/productos/38448/97aa5b89536e0ae2.webp,nombre_original_fuente_exacto_y_url_fuente,alta,revisar_variante_antes_de_publicar,descargar_y_asignar_imagen_exacta
SRT-PENDING-28C87BA093A9,Cable de Fibra Óptica ADSS 6 Hilos,Cable Fibra Adss 6 Hilos - *2 Km (Uso Exterior - Span 100),https://cablescolombia.com/producto/cable-fibra-adss-6-hilos-2-km-uso-exterior-span-100,https://multimedia02.s3.us-east-2.amazonaws.com/Produccion/tiendas/127/productos/38449/abe7a09a352eda79.webp,nombre_original_fuente_exacto_y_url_fuente,alta,revisar_variante_antes_de_publicar,descargar_y_asignar_imagen_exacta
SRT-PENDING-AF3507515DDF,Cable de Fibra Óptica Drop 2 Hilos con Mensajero,Cable Fibra Drop 2 Hilos Con Mensajero - * 1Km (Uso Exterior - Lszh),https://cablescolombia.com/producto/cable-fibra-drop-2-hilos-con-mensajero-1km-uso-exterior-lszh,https://multimedia02.s3.us-east-2.amazonaws.com/Produccion/tiendas/127/productos/38450/9bfb6b7a931bc50a.webp,nombre_original_fuente_exacto_y_url_fuente,alta,revisar_variante_antes_de_publicar,descargar_y_asignar_imagen_exacta
SRT-PENDING-9BEC9FA35927,Cable de Fibra Óptica Drop 1 Hilos con Mensajero,Cable Fibra Drop 1 Hilo Con Mensajero - * 1Km (Uso Exterior - Lszh),https://cablescolombia.com/producto/cable-fibra-drop-1-hilo-con-mensajero-1km-uso-exterior-lszh,https://multimedia02.s3.us-east-2.amazonaws.com/Produccion/tiendas/127/productos/38451/b3967f840c0958f6.webp,nombre_original_fuente_exacto_y_url_fuente,alta,revisar_variante_antes_de_publicar,descargar_y_asignar_imagen_exacta
SRT-PENDING-A1412AE78FD3,Cable Solar Fotovoltaico 4 mm_ Cobre Flexible,Cable Solar Fotovoltaico 4Mm2,https://cablescolombia.com/producto/cable-solar-fotovoltaico-4mm2,https://multimedia02.s3.us-east-2.amazonaws.com/Produccion/tiendas/127/productos/536/f8f01558adafeeb8.webp,nombre_original_fuente_exacto_y_url_fuente,alta,coincidencia_exacta_revisada,conservar_imagen_actual
SRT-PENDING-805721FBF6F1,Cable Solar Fotovoltaico 6 mm_ Cobre Flexible,Cable Solar Fotovoltaico 6Mm2,https://cablescolombia.com/producto/cable-solar-fotovoltaico-6mm2,https://multimedia02.s3.us-east-2.amazonaws.com/Produccion/tiendas/127/productos/539/2e05ceb12d244c26.webp,nombre_original_fuente_exacto_y_url_fuente,alta,coincidencia_exacta_revisada,conservar_imagen_actual
SRT-PENDING-9A88679D8AD6,Cable Solar Fotovoltaico 10 mm_ Cobre Flexible,Cable Solar Fotovoltaico 10Mm2,https://cablescolombia.com/producto/cable-solar-fotovoltaico-10mm2,https://multimedia02.s3.us-east-2.amazonaws.com/Produccion/tiendas/127/productos/541/276cfbab44603e08.webp,nombre_original_fuente_exacto_y_url_fuente,alta,coincidencia_exacta_revisada,conservar_imagen_actual
SRT-PENDING-E67A9A1A46DB,Cable Solar Fotovoltaico 35 mm_ Cobre Flexible,Cable Solar Fotovoltaico 35Mm2,https://cablescolombia.com/producto/cable-solar-fotovoltaico-35mm2,https://multimedia02.s3.us-east-2.amazonaws.com/Produccion/tiendas/127/productos/542/6c23f69a0d7ebd03.webp,nombre_original_fuente_exacto_y_url_fuente,alta,coincidencia_exacta_revisada,conservar_imagen_actual
SRT-PENDING-86A1C7E43C49,Cable Solar Fotovoltaico 16 mm_ Cobre Flexible,Cable Solar Fotovoltaico 16Mm2,https://cablescolombia.com/producto/cable-solar-fotovoltaico-16mm2,https://multimedia02.s3.us-east-2.amazonaws.com/Produccion/tiendas/127/productos/543/356b84dac1537b4d.webp,nombre_original_fuente_exacto_y_url_fuente,alta,coincidencia_exacta_revisada,conservar_imagen_actual
SRT-PENDING-03D1945CFA7D,Cable Solar Fotovoltaico 50 mm_ Cobre Flexible,Cable Solar Fotovoltaico 50Mm2,https://cablescolombia.com/producto/cable-solar-fotovoltaico-50mm2,https://multimedia02.s3.us-east-2.amazonaws.com/Produccion/tiendas/127/productos/545/5dafce681e6132d8.webp,nombre_original_fuente_exacto_y_url_fuente,alta,coincidencia_exacta_revisada,conservar_imagen_actual
SRT-PENDING-7D60DB9DFF53,Cable AWM 10 AWG Cobre PVC,Cable Iluminación AWM CC 10 AWG Cu PVC 105°,https://cablescolombia.com/producto/cable-iluminacion-awm-cc-10-awg-cu-pvc-105_9,https://multimedia02.s3.us-east-2.amazonaws.com/Produccion/tiendas/127/productos/544/1bec53286f60fc83.webp,nombre_original_fuente_exacto,alta,revisar_variante_antes_de_publicar,descargar_y_asignar_imagen_exacta
SRT-PENDING-EA778CFDDA9B,Cable AWM 12 AWG Cobre PVC,Cable Iluminación AWM CC 12 AWG Cu PVC 105°,https://cablescolombia.com/producto/cable-iluminacion-awm-cc-12-awg-cu-pvc-105_5,https://multimedia02.s3.us-east-2.amazonaws.com/Produccion/tiendas/127/productos/548/ee2f295f1d1ae258.webp,nombre_original_fuente_exacto,alta,revisar_variante_antes_de_publicar,descargar_y_asignar_imagen_exacta
SRT-PENDING-EAC8A473BFEB,Cable AWM 14 AWG Cobre PVC,Cable Iluminación AWM CC 14 AWG Cu PVC 105°,https://cablescolombia.com/producto/cable-iluminacion-awm-cc-14-awg-cu-pvc-105_1,https://multimedia02.s3.us-east-2.amazonaws.com/Produccion/tiendas/127/productos/551/72f87da0bda726f7.webp,nombre_original_fuente_exacto,alta,revisar_variante_antes_de_publicar,descargar_y_asignar_imagen_exacta
SRT-PENDING-C4114DD1AC80,Cable AWM 16 AWG Cobre PVC,Cable Iluminación AWM CC 16 AWG Cu PVC 105°,https://cablescolombia.com/producto/cable-iluminacion-awm-cc-16-awg-cu-pvc-105_7,https://multimedia02.s3.us-east-2.amazonaws.com/Produccion/tiendas/127/productos/553/6bd9a323a7379520.webp,nombre_original_fuente_exacto,alta,revisar_variante_antes_de_publicar,descargar_y_asignar_imagen_exacta
SRT-PENDING-412FFC5C94B9,Cable AWM 18 AWG Cobre PVC,Cable Iluminación AWM CC 18 AWG Cu PVC 105°,https://cablescolombia.com/producto/cable-iluminacion-awm-cc-18-awg-cu-pvc-105_2,https://multimedia02.s3.us-east-2.amazonaws.com/Produccion/tiendas/127/productos/556/d784b27e74373560.webp,nombre_original_fuente_exacto,alta,revisar_variante_antes_de_publicar,descargar_y_asignar_imagen_exacta
SRT-PENDING-3370646577EB,Cable AWM 20 AWG Cobre PVC,Cable Iluminación AWM CC 20 AWG Cu PVC 105°,https://cablescolombia.com/producto/cable-iluminacion-awm-cc-20-awg-cu-pvc-105_3,https://multimedia02.s3.us-east-2.amazonaws.com/Produccion/tiendas/127/productos/560/536cf79ffebc0791.webp,nombre_original_fuente_exacto,alta,revisar_variante_antes_de_publicar,descargar_y_asignar_imagen_exacta
SRT-PENDING-919E21897BBE,Cable de Instrumentación 2x18+20 AWG Cobre PVC,Cable Instrumentación 2x18+20 awg cu pvc tc 105°c 600v/300v,https://cablescolombia.com/producto/cable-instrumentacion-2x18-20-awg-cu-pvc-tc-105-c-600v-300v,https://multimedia02.s3.us-east-2.amazonaws.com/Produccion/tiendas/127/productos/546/45c21a0d2333ca95.webp,nombre_original_fuente_exacto,alta,revisar_variante_antes_de_publicar,descargar_y_asignar_imagen_exacta
SRT-PENDING-B4AEE6492655,Cable de Instrumentación 3x18+20 AWG Cobre PVC,Cable Instrumentación 3x18+20 awg cu pvc tc 105°c 600v/300v,https://cablescolombia.com/producto/cable-instrumentacion-3x18-20-awg-cu-pvc-tc-105-c-600v-300v,https://multimedia02.s3.us-east-2.amazonaws.com/Produccion/tiendas/127/productos/547/8bb2807b699e9b8b.webp,nombre_original_fuente_exacto,alta,revisar_variante_antes_de_publicar,descargar_y_asignar_imagen_exacta
SRT-PENDING-94AC706D41A6,Cable de Instrumentación 4x18+20 AWG Cobre PVC,Cable Instrumentación 4x18+20 awg cu pvc tc 105°c 600v/300v,https://cablescolombia.com/producto/cable-instrumentacion-4x18-20-awg-cu-pvc-tc-105-c-600v-300v,https://multimedia02.s3.us-east-2.amazonaws.com/Produccion/tiendas/127/productos/549/6a61a58b9e761544.webp,nombre_original_fuente_exacto,alta,revisar_variante_antes_de_publicar,descargar_y_asignar_imagen_exacta
SRT-PENDING-10B212FEBFFE,Cable de Instrumentación 6x18+20 AWG Cobre PVC,Cable Instrumentación 6x18+20 awg cu pvc tc 105°c 600v/300v,https://cablescolombia.com/producto/cable-instrumentacion-6x18-20-awg-cu-pvc-tc-105-c-600v-300v,https://multimedia02.s3.us-east-2.amazonaws.com/Produccion/tiendas/127/productos/550/d8b02671b9214b2f.webp,nombre_original_fuente_exacto,alta,revisar_variante_antes_de_publicar,descargar_y_asignar_imagen_exacta
SRT-PENDING-C1CC25DAE03E,Cable de Instrumentación 12x18+20 AWG Cobre PVC,Cable Instrumentación 12x18+20 awg cu pvc tc 105°c 600v/300v,https://cablescolombia.com/producto/cable-instrumentacion-12x18-20-awg-cu-pvc-tc-105-c-600v-300v,https://multimedia02.s3.us-east-2.amazonaws.com/Produccion/tiendas/127/productos/552/ef01963100cd144b.webp,nombre_original_fuente_exacto,alta,revisar_variante_antes_de_publicar,descargar_y_asignar_imagen_exacta
SRT-PENDING-8D5E569C3F69,Cable de Instrumentación 18x18+20 AWG Cobre PVC,Cable Instrumentación 18x18+20 awg cu pvc tc 105°c 600v/300v,https://cablescolombia.com/producto/cable-instrumentacion-18x18-20-awg-cu-pvc-tc-105-c-600v-300v,https://multimedia02.s3.us-east-2.amazonaws.com/Produccion/tiendas/127/productos/554/2b688fafb3baeca2.webp,nombre_original_fuente_exacto,alta,revisar_variante_antes_de_publicar,descargar_y_asignar_imagen_exacta
SRT-PENDING-F651D769D79D,Cable de Instrumentación 2x16+20 AWG Cobre PVC,Cable Instrumentación 2x16+20 awg cu pvc tc 105°c 600v/300v,https://cablescolombia.com/producto/cable-instrumentacion-2x16-20-awg-cu-pvc-tc-105-c-600v-300v,https://multimedia02.s3.us-east-2.amazonaws.com/Produccion/tiendas/127/productos/555/bb08c8ec687f36bb.webp,nombre_original_fuente_exacto,alta,revisar_variante_antes_de_publicar,descargar_y_asignar_imagen_exacta
SRT-PENDING-A18F6A8F29EA,Cable de Instrumentación 3x16+20 AWG Cobre PVC,Cable Instrumentación 3x16+20 awg cu pvc tc 105°c 600v/300v,https://cablescolombia.com/producto/cable-instrumentacion-3x16-20-awg-cu-pvc-tc-105-c-600v-300v,https://multimedia02.s3.us-east-2.amazonaws.com/Produccion/tiendas/127/productos/557/c690005aa074fe12.webp,nombre_original_fuente_exacto,alta,revisar_variante_antes_de_publicar,descargar_y_asignar_imagen_exacta
SRT-PENDING-C4355DF306F7,Cable de Instrumentación 4x16+20 AWG Cobre PVC,Cable Instrumentación 4x16+20 awg cu pvc tc 105°c 600v/300v,https://cablescolombia.com/producto/cable-instrumentacion-4x16-20-awg-cu-pvc-tc-105-c-600v-300v,https://multimedia02.s3.us-east-2.amazonaws.com/Produccion/tiendas/127/productos/558/623f7491cb6f854f.webp,nombre_original_fuente_exacto,alta,revisar_variante_antes_de_publicar,descargar_y_asignar_imagen_exacta
SRT-PENDING-14AF2C78A875,Cable de Instrumentación 9x18+20 AWG Cobre PVC,Cable Instrumentación 9x18+20 awg cu pvc tc 105°c 600v/300v,https://cablescolombia.com/producto/cable-instrumentacion-9x18-20-awg-cu-pvc-tc-105-c-600v-300v,https://multimedia02.s3.us-east-2.amazonaws.com/Produccion/tiendas/127/productos/559/74fce5911003414b.webp,nombre_original_fuente_exacto,alta,revisar_variante_antes_de_publicar,descargar_y_asignar_imagen_exacta
SRT-PENDING-05B89A5D3499,Cable de Instrumentación 9x16+20 AWG Cobre PVC,Cable Instrumentación 9x16+20 awg cu pvc tc 105°c 600v/300v,https://cablescolombia.com/producto/cable-instrumentacion-9x16-20-awg-cu-pvc-tc-105-c-600v-300v,https://multimedia02.s3.us-east-2.amazonaws.com/Produccion/tiendas/127/productos/561/6972f5ad8cae14d3.webp,nombre_original_fuente_exacto,alta,revisar_variante_antes_de_publicar,descargar_y_asignar_imagen_exacta
SRT-PENDING-9C5726EFF653,Cable de Instrumentación 12x16+20 AWG Cobre PVC,Cable Instrumentación 12x16+20 awg cu pvc tc 105°c 600v/300v,https://cablescolombia.com/producto/cable-instrumentacion-12x16-20-awg-cu-pvc-tc-105-c-600v-300v,https://multimedia02.s3.us-east-2.amazonaws.com/Produccion/tiendas/127/productos/562/1b2190765ac26d84.webp,nombre_original_fuente_exacto,alta,revisar_variante_antes_de_publicar,descargar_y_asignar_imagen_exacta
SRT-PENDING-3772A6900D19,Cable de Instrumentación 18x16+20 AWG Cobre PVC,Cable Instrumentación 18x16+20 awg cu pvc tc 105°c 600v/300v,https://cablescolombia.com/producto/cable-instrumentacion-18x16-20-awg-cu-pvc-tc-105-c-600v-300v,https://multimedia02.s3.us-east-2.amazonaws.com/Produccion/tiendas/127/productos/563/08d25c46c5285b4e.webp,nombre_original_fuente_exacto,alta,revisar_variante_antes_de_publicar,descargar_y_asignar_imagen_exacta
SRT-PENDING-4DB43417FE55,Cable Media Tensión Aluminio XLPE 2 AWG 35 kV 133% Pantalla de Cobre,Media Tensión Aluminio XLPE 35kV 133% PC PVC 2 AWG,https://cablescolombia.com/producto/media-tension-aluminio-xlpe-35kv-133-pc-pvc-2-awg,https://multimedia02.s3.us-east-2.amazonaws.com/Produccion/tiendas/127/productos/40456/0fe518ba4d9c8d97.webp,nombre_original_fuente_exacto,alta,revisar_variante_antes_de_publicar,descargar_y_asignar_imagen_exacta
SRT-PENDING-7C4F0C4F8DDC,Cable Media Tensión Aluminio XLPE 1/0 AWG 35 kV 133% Pantalla de Cobre,Media Tensión Aluminio XLPE 35kV 133% PC PVC 1/0 AWG,https://cablescolombia.com/producto/media-tension-aluminio-xlpe-35kv-133-pc-pvc-1-0-awg,https://multimedia02.s3.us-east-2.amazonaws.com/Produccion/tiendas/127/productos/40458/a1a50d1e07785016.webp,nombre_original_fuente_exacto,alta,revisar_variante_antes_de_publicar,descargar_y_asignar_imagen_exacta
SRT-PENDING-0E4D564DCC73,Cable Media Tensión Aluminio XLPE 2/0 AWG 35 kV 133% Pantalla de Cobre,Media Tensión Aluminio XLPE 35kV 133% PC PVC 2/0 AWG,https://cablescolombia.com/producto/media-tension-aluminio-xlpe-35kv-133-pc-pvc-2-0-awg,https://multimedia02.s3.us-east-2.amazonaws.com/Produccion/tiendas/127/productos/40460/f9584f20f24eda3f.webp,nombre_original_fuente_exacto,alta,revisar_variante_antes_de_publicar,descargar_y_asignar_imagen_exacta
SRT-PENDING-927455C1F75E,Cable Media Tensión Aluminio XLPE 3/0 AWG 35 kV 133% Pantalla de Cobre,Media Tensión Aluminio XLPE 35kV 133% PC PVC 3/0 AWG,https://cablescolombia.com/producto/media-tension-aluminio-xlpe-35kv-133-pc-pvc-3-0-awg,https://multimedia02.s3.us-east-2.amazonaws.com/Produccion/tiendas/127/productos/40462/a8b4d074ab9373eb.webp,nombre_original_fuente_exacto,alta,revisar_variante_antes_de_publicar,descargar_y_asignar_imagen_exacta
SRT-PENDING-DD34CD3E0D87,Cable Media Tensión Aluminio XLPE 4/0 AWG 35 kV 133% Pantalla de Cobre,Media Tensión Aluminio XLPE 35kV 133% PC PVC 4/0 AWG,https://cablescolombia.com/producto/media-tension-aluminio-xlpe-35kv-133-pc-pvc-4-0-awg,https://multimedia02.s3.us-east-2.amazonaws.com/Produccion/tiendas/127/productos/40464/855c293d0e906f3d.webp,nombre_original_fuente_exacto,alta,revisar_variante_antes_de_publicar,descargar_y_asignar_imagen_exacta
SRT-PENDING-0A2A49AD2D7A,Cable Media Tensión Aluminio XLPE 250 kcmil 35 kV 133% Pantalla de Cobre,Media Tensión Aluminio XLPE 35kV 133% PC PVC 250 kcmil,https://cablescolombia.com/producto/media-tension-aluminio-xlpe-35kv-133-pc-pvc-250-kcmil,https://multimedia02.s3.us-east-2.amazonaws.com/Produccion/tiendas/127/productos/40465/4829ab522a6f4423.webp,nombre_original_fuente_exacto,alta,revisar_variante_antes_de_publicar,descargar_y_asignar_imagen_exacta
SRT-PENDING-43D7CB471925,Cable Media Tensión Aluminio XLPE 350 kcmil 35 kV 133% Pantalla de Cobre,Media Tensión Aluminio XLPE 35kV 133% PC PVC 350 kcmil,https://cablescolombia.com/producto/media-tension-aluminio-xlpe-35kv-133-pc-pvc-350-kcmil,https://multimedia02.s3.us-east-2.amazonaws.com/Produccion/tiendas/127/productos/40468/3fc855310facd713.webp,nombre_original_fuente_exacto,alta,revisar_variante_antes_de_publicar,descargar_y_asignar_imagen_exacta
SRT-PENDING-1C231A9009BF,Cable Media Tensión Aluminio XLPE 500 kcmil 35 kV 133% Pantalla de Cobre,Media Tensión Aluminio XLPE 35kV 133% PC PVC 500 kcmil,https://cablescolombia.com/producto/media-tension-aluminio-xlpe-35kv-133-pc-pvc-500-kcmil,https://multimedia02.s3.us-east-2.amazonaws.com/Produccion/tiendas/127/productos/40469/c88b96f5441ce262.webp,nombre_original_fuente_exacto,alta,revisar_variante_antes_de_publicar,descargar_y_asignar_imagen_exacta
SRT-PENDING-4FC9B9A4A075,Cable Media Tensión Aluminio XLPE 1/0 AWG 35 kV 100% Neutro Concéntrico N=1/3,Media Tensión Aluminio 90°C XLPE Hilos 35 kV 100% N=1/3 PVC 1/0 AWG,https://cablescolombia.com/producto/media-tension-aluminio-90-c-xlpe-hilos-35-kv-100-n-1-3-pvc-1-0-awg,https://multimedia02.s3.us-east-2.amazonaws.com/Produccion/tiendas/127/productos/40495/c1fce45b7eb0c83b.webp,nombre_original_fuente_exacto,alta,revisar_variante_antes_de_publicar,descargar_y_asignar_imagen_exacta
SRT-PENDING-21FDEE12A15A,Cable Media Tensión Aluminio XLPE 2/0 AWG 35 kV 100% Neutro Concéntrico N=1/3,Media Tensión Aluminio 90°C XLPE Hilos 35 kV 100% N=1/3 PVC 2/0 AWG,https://cablescolombia.com/producto/media-tension-aluminio-90-c-xlpe-hilos-35-kv-100-n-1-3-pvc-2-0-awg,https://multimedia02.s3.us-east-2.amazonaws.com/Produccion/tiendas/127/productos/40497/8c05f4c0776542f2.webp,nombre_original_fuente_exacto,alta,revisar_variante_antes_de_publicar,descargar_y_asignar_imagen_exacta
SRT-PENDING-4CF105DE30C2,Cable Media Tensión Aluminio XLPE 3/0 AWG 35 kV 100% Neutro Concéntrico N=1/3,Media Tensión Aluminio 90°C XLPE Hilos 35 kV 100% N=1/3 PVC 3/0 AWG,https://cablescolombia.com/producto/media-tension-aluminio-90-c-xlpe-hilos-35-kv-100-n-1-3-pvc-3-0-awg,https://multimedia02.s3.us-east-2.amazonaws.com/Produccion/tiendas/127/productos/40498/43eea0edd77b7d38.webp,nombre_original_fuente_exacto,alta,revisar_variante_antes_de_publicar,descargar_y_asignar_imagen_exacta
SRT-PENDING-5EEA3418D619,Cable Media Tensión Aluminio XLPE 4/0 AWG 35 kV 100% Neutro Concéntrico N=1/3,Media Tensión Aluminio 90°C XLPE Hilos 35 kV 100% N=1/3 PVC 4/0 AWG,https://cablescolombia.com/producto/media-tension-aluminio-90-c-xlpe-hilos-35-kv-100-n-1-3-pvc-4-0-awg,https://multimedia02.s3.us-east-2.amazonaws.com/Produccion/tiendas/127/productos/40499/4b9b27f1afe9f14b.webp,nombre_original_fuente_exacto,alta,revisar_variante_antes_de_publicar,descargar_y_asignar_imagen_exacta
SRT-PENDING-664ADB6569BA,Cable Media Tensión Aluminio XLPE 250 kcmil 35 kV 100% Neutro Concéntrico N=1/3,Media Tensión Aluminio 90°C XLPE Hilos 35 kV 100% N=1/3 PVC 250 kcmil,https://cablescolombia.com/producto/media-tension-aluminio-90-c-xlpe-hilos-35-kv-100-n-1-3-pvc-250-kcmil,https://multimedia02.s3.us-east-2.amazonaws.com/Produccion/tiendas/127/productos/40500/b115fec3449ccdea.webp,nombre_original_fuente_exacto,alta,revisar_variante_antes_de_publicar,descargar_y_asignar_imagen_exacta
SRT-PENDING-24B076CA4A91,Cable Media Tensión Aluminio XLPE 350 kcmil 35 kV 100% Neutro Concéntrico N=1/3,Media Tensión Aluminio 90°C XLPE Hilos 35 kV 100% N=1/3 PVC 350 kcmil,https://cablescolombia.com/producto/media-tension-aluminio-90-c-xlpe-hilos-35-kv-100-n-1-3-pvc-350-kcmil,https://multimedia02.s3.us-east-2.amazonaws.com/Produccion/tiendas/127/productos/40501/149527837de1860f.webp,nombre_original_fuente_exacto,alta,revisar_variante_antes_de_publicar,descargar_y_asignar_imagen_exacta
SRT-PENDING-4D7A8DBC465B,Cable Media Tensión Aluminio XLPE 500 kcmil 35 kV 100% Neutro Concéntrico N=1/3,Media Tensión Aluminio 90°C XLPE Hilos 35 kV 100% N=1/3 PVC 500 kcmil,https://cablescolombia.com/producto/media-tension-aluminio-90-c-xlpe-hilos-35-kv-100-n-1-3-pvc-500-kcmil,https://multimedia02.s3.us-east-2.amazonaws.com/Produccion/tiendas/127/productos/40502/bcf7c9068f46c613.webp,nombre_original_fuente_exacto,alta,revisar_variante_antes_de_publicar,descargar_y_asignar_imagen_exacta
SRT-PENDING-5B87EE556F4F,Cable Media Tensión Aluminio XLPE 1/0 AWG 35 kV 133% Neutro Concéntrico N=1/3,Media Tensión Aluminio 90°C XLPE Hilos 35 kV 133% N=1/3 PVC 1/0 AWG,https://cablescolombia.com/producto/media-tension-aluminio-90-c-xlpe-hilos-35-kv-133-n-1-3-pvc-1-0-awg,https://multimedia02.s3.us-east-2.amazonaws.com/Produccion/tiendas/127/productos/40503/4fba7a9f4a9915e9.webp,nombre_original_fuente_exacto,alta,revisar_variante_antes_de_publicar,descargar_y_asignar_imagen_exacta
SRT-PENDING-36C5EDC88BF4,Cable Media Tensión Aluminio XLPE 2/0 AWG 35 kV 133% Neutro Concéntrico N=1/3,Media Tensión Aluminio 90°C XLPE Hilos 35 kV 133% N=1/3 PVC 2/0 AWG,https://cablescolombia.com/producto/media-tension-aluminio-90-c-xlpe-hilos-35-kv-133-n-1-3-pvc-2-0-awg,https://multimedia02.s3.us-east-2.amazonaws.com/Produccion/tiendas/127/productos/40504/5a0ba0ee2e3a6abf.webp,nombre_original_fuente_exacto,alta,revisar_variante_antes_de_publicar,descargar_y_asignar_imagen_exacta
SRT-PENDING-2805FE222FAB,Cable Media Tensión Aluminio XLPE 3/0 AWG 35 kV 133% Neutro Concéntrico N=1/3,Media Tensión Aluminio 90°C XLPE Hilos 35 kV 133% N=1/3 PVC 3/0 AWG,https://cablescolombia.com/producto/media-tension-aluminio-90-c-xlpe-hilos-35-kv-133-n-1-3-pvc-3-0-awg,https://multimedia02.s3.us-east-2.amazonaws.com/Produccion/tiendas/127/productos/40505/2e21ab1c99dee9b6.webp,nombre_original_fuente_exacto,alta,revisar_variante_antes_de_publicar,descargar_y_asignar_imagen_exacta
SRT-PENDING-7163D24622CF,Cable Media Tensión Aluminio XLPE 4/0 AWG 35 kV 133% Neutro Concéntrico N=1/3,Media Tensión Aluminio 90°C XLPE Hilos 35 kV 133% N=1/3 PVC 4/0 AWG,https://cablescolombia.com/producto/media-tension-aluminio-90-c-xlpe-hilos-35-kv-133-n-1-3-pvc-4-0-awg,https://multimedia02.s3.us-east-2.amazonaws.com/Produccion/tiendas/127/productos/40506/640ab1d9eb4d65d9.webp,nombre_original_fuente_exacto,alta,revisar_variante_antes_de_publicar,descargar_y_asignar_imagen_exacta
SRT-PENDING-FB810094753B,Cable Media Tensión Aluminio XLPE 250 kcmil 35 kV 133% Neutro Concéntrico N=1/3,Media Tensión Aluminio 90°C XLPE Hilos 35 kV 133% N=1/3 PVC 250 kcmil,https://cablescolombia.com/producto/media-tension-aluminio-90-c-xlpe-hilos-35-kv-133-n-1-3-pvc-250-kcmil,https://multimedia02.s3.us-east-2.amazonaws.com/Produccion/tiendas/127/productos/40507/042a3d9cdd2e4e2e.webp,nombre_original_fuente_exacto,alta,revisar_variante_antes_de_publicar,descargar_y_asignar_imagen_exacta
SRT-PENDING-05BE371389F4,Cable Media Tensión Aluminio XLPE 350 kcmil 35 kV 133% Neutro Concéntrico N=1/3,Media Tensión Aluminio 90°C XLPE Hilos 35 kV 133% N=1/3 PVC 350 kcmil,https://cablescolombia.com/producto/media-tension-aluminio-90-c-xlpe-hilos-35-kv-133-n-1-3-pvc-350-kcmil,https://multimedia02.s3.us-east-2.amazonaws.com/Produccion/tiendas/127/productos/40508/da135abec86c1ef6.webp,nombre_original_fuente_exacto,alta,revisar_variante_antes_de_publicar,descargar_y_asignar_imagen_exacta
SRT-PENDING-45A5EB711460,Cable Media Tensión Aluminio XLPE 500 kcmil 35 kV 133% Neutro Concéntrico N=1/3,Media Tensión Aluminio 90°C XLPE Hilos 35 kV 133% N=1/3 PVC 500 kcmil,https://cablescolombia.com/producto/media-tension-aluminio-90-c-xlpe-hilos-35-kv-133-n-1-3-pvc-500-kcmil,https://multimedia02.s3.us-east-2.amazonaws.com/Produccion/tiendas/127/productos/40509/c72911f3d3908054.webp,nombre_original_fuente_exacto,alta,revisar_variante_antes_de_publicar,descargar_y_asignar_imagen_exacta
SRT-PENDING-2B279C123F20,Cable Media Tensión Aluminio XLPE 1/0 AWG 15 kV 100%,Cable Aluminio 1/0 AWG 15kV PH 100% N 100%,https://cablescolombia.com/producto/cable-aluminio-1-0-awg-15kv-ph-100-n-100,https://multimedia02.s3.us-east-2.amazonaws.com/Produccion/tiendas/127/productos/76716/08d0aa011de01c5c.webp,nombre_original_fuente_exacto,alta,revisar_variante_antes_de_publicar,descargar_y_asignar_imagen_exacta
SRT-PENDING-8190551DE932,Cable Media Tensión Aluminio XLPE 1/0 AWG 15 kV 133%,Cable Aluminio 1/0 AWG 15kV PH 133%,https://cablescolombia.com/producto/cable-aluminio-1-0-awg-15kv-ph-133,https://multimedia02.s3.us-east-2.amazonaws.com/Produccion/tiendas/127/productos/76717/43921c0f9b03a029.webp,nombre_original_fuente_exacto,alta,revisar_variante_antes_de_publicar,descargar_y_asignar_imagen_exacta
SRT-PENDING-A6E3F754CE04,Cable Media Tensión Aluminio XLPE 185 mm_ 15 kV 100% Pantalla de Hilos,Cable Aluminio 185mm_ 15kV PH 100%,https://cablescolombia.com/producto/cable-aluminio-185mm-15kv-ph-100,https://multimedia02.s3.us-east-2.amazonaws.com/Produccion/tiendas/127/productos/76718/539b904b82e84a53.webp,nombre_original_fuente_exacto,alta,revisar_variante_antes_de_publicar,descargar_y_asignar_imagen_exacta
SRT-PENDING-5DBBBDA2896B,Cable Media Tensión Aluminio XLPE 240 mm_ 15 kV 100% Pantalla de Hilos,Cable Aluminio 240mm_ 15kV PH 100%,https://cablescolombia.com/producto/cable-aluminio-240mm-15kv-ph-100,https://multimedia02.s3.us-east-2.amazonaws.com/Produccion/tiendas/127/productos/76719/cfa2a176437c2adb.webp,nombre_original_fuente_exacto,alta,revisar_variante_antes_de_publicar,descargar_y_asignar_imagen_exacta
SRT-PENDING-A2FFEA41745E,Cable Media Tensión Aluminio XLPE 95 mm_ 15 kV 100% Pantalla de Hilos,Cable Aluminio 95mm_ 15kV PH 100%,https://cablescolombia.com/producto/cable-aluminio-95mm-15kv-ph-100,https://multimedia02.s3.us-east-2.amazonaws.com/Produccion/tiendas/127/productos/76720/f8fbd93e594c6c51.webp,nombre_original_fuente_exacto,alta,revisar_variante_antes_de_publicar,descargar_y_asignar_imagen_exacta
SRT-PENDING-D5281A627DB0,Cable Media Tensión Aluminio XLPE 70 mm_ 15 kV 100% Pantalla de Hilos,Cable Aluminio 70mm_ 15kV PH 100%,https://cablescolombia.com/producto/cable-aluminio-70mm-15kv-ph-100,https://multimedia02.s3.us-east-2.amazonaws.com/Produccion/tiendas/127/productos/76721/cbdeb4056d9fa95d.webp,nombre_original_fuente_exacto,alta,revisar_variante_antes_de_publicar,descargar_y_asignar_imagen_exacta
SRT-PENDING-34EF4D91B8ED,Cable Media Tensión Aluminio XLPE 240 mm_ 15 kV 133% Pantalla de Hilos,Cable Aluminio 240mm_ 15kV PH 133%,https://cablescolombia.com/producto/cable-aluminio-240mm-15kv-ph-133,https://multimedia02.s3.us-east-2.amazonaws.com/Produccion/tiendas/127/productos/76722/9683886a9cf663be.webp,nombre_original_fuente_exacto,alta,revisar_variante_antes_de_publicar,descargar_y_asignar_imagen_exacta
SRT-PENDING-3FCD38309023,Cable Media Tensión Aluminio XLPE 185 mm_ 15 kV 133% Pantalla de Hilos,Cable Aluminio 185mm_ 15kV PH 133%,https://cablescolombia.com/producto/cable-aluminio-185mm-15kv-ph-133,https://multimedia02.s3.us-east-2.amazonaws.com/Produccion/tiendas/127/productos/76723/479c8c5fdac3feb4.webp,nombre_original_fuente_exacto,alta,revisar_variante_antes_de_publicar,descargar_y_asignar_imagen_exacta
SRT-PENDING-EF8381DEF90E,Cable Media Tensión Aluminio XLPE 120 mm_ 15 kV 133% Pantalla de Hilos,Cable Aluminio 120mm_ 15kV PH 133%,https://cablescolombia.com/producto/cable-aluminio-120mm-15kv-ph-133,https://multimedia02.s3.us-east-2.amazonaws.com/Produccion/tiendas/127/productos/76724/a90d3ad29ec5df81.webp,nombre_original_fuente_exacto,alta,revisar_variante_antes_de_publicar,descargar_y_asignar_imagen_exacta
SRT-PENDING-C474385D0CD5,Cable Media Tensión Aluminio XLPE 95 mm_ 15 kV 133% Pantalla de Hilos,Cable Aluminio 95mm_ 15kV PH 133%,https://cablescolombia.com/producto/cable-aluminio-95mm-15kv-ph-133,https://multimedia02.s3.us-east-2.amazonaws.com/Produccion/tiendas/127/productos/76725/7aaf21f9a4ba3bad.webp,nombre_original_fuente_exacto,alta,revisar_variante_antes_de_publicar,descargar_y_asignar_imagen_exacta
SRT-PENDING-58249E8B06CE,Cable Media Tensión Aluminio XLPE 70 mm_ 15 kV 133% Pantalla de Hilos,Cable Aluminio 70mm_ 15kV PH 133%,https://cablescolombia.com/producto/cable-aluminio-70mm-15kv-ph-133,https://multimedia02.s3.us-east-2.amazonaws.com/Produccion/tiendas/127/productos/76726/1990637700f18c08.webp,nombre_original_fuente_exacto,alta,revisar_variante_antes_de_publicar,descargar_y_asignar_imagen_exacta
SRT-PENDING-BBA3D6BF9EDC,Cable Media Tensión Aluminio XLPE 15 kV 100% Pantalla de Cobre,Cable Media Tensión Aluminio 90°C XLPE 15kV No 2 100% PC PVC,https://cablescolombia.com/producto/cable-media-tension-aluminio-90-c-xlpe-15kv-no-2-100-pc-pvc,https://multimedia02.s3.us-east-2.amazonaws.com/Produccion/tiendas/127/productos/588/b0ab13d5c795461c.webp,nombre_original_fuente_exacto,alta,revisar_variante_antes_de_publicar,descargar_y_asignar_imagen_exacta
SRT-PENDING-A54804483E6B,Cable Media Tensión Aluminio XLPE 350 kcmil 15 kV 100% Pantalla de Cobre,Cable Media Tensión Aluminio 90°C XLPE 15kV No 350 kcmil 100% PC PVC,https://cablescolombia.com/producto/cable-media-tension-aluminio-90-c-xlpe-15kv-no-350-kcmil-100-pc-pvc,https://multimedia02.s3.us-east-2.amazonaws.com/Produccion/tiendas/127/productos/589/b08fba9390361572.webp,nombre_original_fuente_exacto_y_url_fuente,alta,revisar_variante_antes_de_publicar,descargar_y_asignar_imagen_exacta
SRT-PENDING-203BBF52C5D5,Cable Media Tensión Aluminio XLPE 500 kcmil 15 kV 100% Pantalla de Cobre,Cable Media Tensión Aluminio 90°C XLPE 15kV No 500 Kcmil 100% PC PVC,https://cablescolombia.com/producto/cable-media-tension-aluminio-90-c-xlpe-15kv-no-500-kcmil-100-pc-pvc,https://multimedia02.s3.us-east-2.amazonaws.com/Produccion/tiendas/127/productos/590/f0cfb6aec06a3f66.webp,nombre_original_fuente_exacto_y_url_fuente,alta,revisar_variante_antes_de_publicar,descargar_y_asignar_imagen_exacta
SRT-PENDING-CB612095409C,Cable Media Tensión Aluminio XLPE 4/0 AWG 15 kV 100% Pantalla de Cobre,Cable Media Tensión Aluminio 90°C XLPE 15kV No 4/0 100% PC PVC,https://cablescolombia.com/producto/cable-media-tension-aluminio-90-c-xlpe-15kv-no-4-0-100-pc-pvc,https://multimedia02.s3.us-east-2.amazonaws.com/Produccion/tiendas/127/productos/38468/a7b90be46d857340.webp,nombre_original_fuente_exacto_y_url_fuente,alta,revisar_variante_antes_de_publicar,descargar_y_asignar_imagen_exacta
SRT-PENDING-CB6E228A3272,Cable Media Tensión Aluminio XLPE 1/0 AWG 15 kV 100% Pantalla de Cobre,Cable Media Tensión Aluminio 90°C XLPE 15kV No 1/0 100% PC PVC,https://cablescolombia.com/producto/cable-media-tension-aluminio-90-c-xlpe-15kv-no-1-0-100-pc-pvc,https://multimedia02.s3.us-east-2.amazonaws.com/Produccion/tiendas/127/productos/40420/91ea3b7ab683cb6c.webp,nombre_original_fuente_exacto_y_url_fuente,alta,revisar_variante_antes_de_publicar,descargar_y_asignar_imagen_exacta
SRT-PENDING-2929BC6D87A2,Cable Media Tensión Aluminio XLPE 2/0 AWG 15 kV 100% Pantalla de Cobre,Cable Media Tensión Aluminio 90°C XLPE 15kV No 2/0 100% PC PVC,https://cablescolombia.com/producto/cable-media-tension-aluminio-90-c-xlpe-15kv-no-2-0-100-pc-pvc,https://multimedia02.s3.us-east-2.amazonaws.com/Produccion/tiendas/127/productos/40421/aab5b6027711849f.webp,nombre_original_fuente_exacto_y_url_fuente,alta,revisar_variante_antes_de_publicar,descargar_y_asignar_imagen_exacta
SRT-PENDING-AA1D791BFE33,Cable Media Tensión Aluminio XLPE 3/0 AWG 15 kV 100% Pantalla de Cobre,Cable Media Tensión Aluminio 90°C XLPE 15kV No 3/0 100% PC PVC,https://cablescolombia.com/producto/cable-media-tension-aluminio-90-c-xlpe-15kv-no-3-0-100-pc-pvc,https://multimedia02.s3.us-east-2.amazonaws.com/Produccion/tiendas/127/productos/40424/7809c0fe2b5db8a8.webp,nombre_original_fuente_exacto,alta,revisar_variante_antes_de_publicar,descargar_y_asignar_imagen_exacta
SRT-PENDING-C65574C8189E,Cable Media Tensión Aluminio XLPE 250 kcmil 15 kV 100% Pantalla de Cobre,Cable Media Tensión Aluminio 90°C XLPE 15kV No 250 Kcmil 100% PC PVC,https://cablescolombia.com/producto/cable-media-tension-aluminio-90-c-xlpe-15kv-no-250-kcmil-100-pc-pvc,https://multimedia02.s3.us-east-2.amazonaws.com/Produccion/tiendas/127/productos/40425/b3998212387123f8.webp,nombre_original_fuente_exacto_y_url_fuente,alta,revisar_variante_antes_de_publicar,descargar_y_asignar_imagen_exacta
SRT-PENDING-8C1CDD016042,Cable Media Tensión Aluminio XLPE 2 AWG 15 kV 133% Pantalla de Cobre,Media Tensión Aluminio 90°C XLPE 15kV 133% PC PVC 2 AWG,https://cablescolombia.com/producto/media-tension-aluminio-90-c-xlpe-15kv-133-pc-pvc-2-awg,https://multimedia02.s3.us-east-2.amazonaws.com/Produccion/tiendas/127/productos/40444/e5f2f8547c565915.webp,nombre_original_fuente_exacto_y_url_fuente,alta,revisar_variante_antes_de_publicar,descargar_y_asignar_imagen_exacta
SRT-PENDING-D27B33BF98AF,Cable Media Tensión Aluminio XLPE 1/0 AWG 15 kV 133% Pantalla de Cobre,Media Tensión Aluminio 90°C XLPE 15kV 133% PC PVC 1/0 AWG,https://cablescolombia.com/producto/media-tension-aluminio-90-c-xlpe-15kv-133-pc-pvc-1-0-awg,https://multimedia02.s3.us-east-2.amazonaws.com/Produccion/tiendas/127/productos/40445/3542419582f214c3.webp,nombre_original_fuente_exacto,alta,revisar_variante_antes_de_publicar,descargar_y_asignar_imagen_exacta
SRT-PENDING-4C2645D6F44E,Cable Media Tensión Aluminio XLPE 2/0 AWG 15 kV 133% Pantalla de Cobre,Media Tensión Aluminio 90°C XLPE 15kV 133% PC PVC 2/0 AWG,https://cablescolombia.com/producto/media-tension-aluminio-90-c-xlpe-15kv-133-pc-pvc-2-0-awg,https://multimedia02.s3.us-east-2.amazonaws.com/Produccion/tiendas/127/productos/40446/924ba3f4641fb1c9.webp,nombre_original_fuente_exacto_y_url_fuente,alta,revisar_variante_antes_de_publicar,descargar_y_asignar_imagen_exacta
SRT-PENDING-4D475875C29C,Cable Media Tensión Aluminio XLPE 3/0 AWG 15 kV 133% Pantalla de Cobre,Media Tensión Aluminio 90°C XLPE 15kV 133% PC PVC 3/0 AWG,https://cablescolombia.com/producto/media-tension-aluminio-90-c-xlpe-15kv-133-pc-pvc-3-0-awg,https://multimedia02.s3.us-east-2.amazonaws.com/Produccion/tiendas/127/productos/40447/05e8fa54445b08a2.webp,nombre_original_fuente_exacto,alta,revisar_variante_antes_de_publicar,descargar_y_asignar_imagen_exacta
SRT-PENDING-697D8A7D63E2,Cable Media Tensión Aluminio XLPE 4/0 AWG 15 kV 133% Pantalla de Cobre,Media Tensión Aluminio 90°C XLPE 15kV 133% PC PVC 4/0 AWG,https://cablescolombia.com/producto/media-tension-aluminio-90-c-xlpe-15kv-133-pc-pvc-4-0-awg,https://multimedia02.s3.us-east-2.amazonaws.com/Produccion/tiendas/127/productos/40448/58d97a337df020bc.webp,nombre_original_fuente_exacto_y_url_fuente,alta,revisar_variante_antes_de_publicar,descargar_y_asignar_imagen_exacta
SRT-PENDING-EED5A17010C9,Cable Media Tensión Aluminio XLPE 250 kcmil 15 kV 133% Pantalla de Cobre,Media Tensión Aluminio 90°C XLPE 15kV 133% PC PVC 250 kcmil,https://cablescolombia.com/producto/media-tension-aluminio-90-c-xlpe-15kv-133-pc-pvc-250-kcmil,https://multimedia02.s3.us-east-2.amazonaws.com/Produccion/tiendas/127/productos/40449/04118754841165fe.webp,nombre_original_fuente_exacto,alta,revisar_variante_antes_de_publicar,descargar_y_asignar_imagen_exacta
SRT-PENDING-6106DBF723E4,Cable Media Tensión Aluminio XLPE 350 kcmil 15 kV 133% Pantalla de Cobre,Media Tensión Aluminio 90°C XLPE 15kV 133% PC PVC 350 kcmil,https://cablescolombia.com/producto/media-tension-aluminio-90-c-xlpe-15kv-133-pc-pvc-350-kcmil,https://multimedia02.s3.us-east-2.amazonaws.com/Produccion/tiendas/127/productos/40450/6deb7df85bce6b54.webp,nombre_original_fuente_exacto,alta,revisar_variante_antes_de_publicar,descargar_y_asignar_imagen_exacta
SRT-PENDING-41719E3AD7A9,Cable Media Tensión Aluminio XLPE 500 kcmil 15 kV 133% Pantalla de Cobre,Media Tensión Aluminio 90°C XLPE 15kV 133% PC PVC 500 kcmil,https://cablescolombia.com/producto/media-tension-aluminio-90-c-xlpe-15kv-133-pc-pvc-500-kcmil,https://multimedia02.s3.us-east-2.amazonaws.com/Produccion/tiendas/127/productos/40451/50913eb5430a4a81.webp,nombre_original_fuente_exacto,alta,revisar_variante_antes_de_publicar,descargar_y_asignar_imagen_exacta
SRT-PENDING-2E1E744FA0B7,Cable Media Tensión Aluminio XLPE 2 AWG 15 kV 100% Neutro Concéntrico N=1/3,Media Tensión Aluminio 90°C XLPE Hilos 15 kV 100% N=1/3 PVC 2 AWG,https://cablescolombia.com/producto/media-tension-aluminio-90-c-xlpe-hilos-15-kv-100-n-1-3-pvc-2-awg,https://multimedia02.s3.us-east-2.amazonaws.com/Produccion/tiendas/127/productos/40477/3b5a151155735684.webp,nombre_original_fuente_exacto,alta,revisar_variante_antes_de_publicar,descargar_y_asignar_imagen_exacta
SRT-PENDING-A4394BCB4A1A,Cable Media Tensión Aluminio XLPE 1/0 AWG 15 kV 100% Neutro Concéntrico N=1/3,Media Tensión Aluminio 90°C XLPE Hilos 15 kV 100% N=1/3 PVC 1/0 AWG,https://cablescolombia.com/producto/media-tension-aluminio-90-c-xlpe-hilos-15-kv-100-n-1-3-pvc-1-0-awg,https://multimedia02.s3.us-east-2.amazonaws.com/Produccion/tiendas/127/productos/40478/25f3316d6a605634.webp,nombre_original_fuente_exacto,alta,revisar_variante_antes_de_publicar,descargar_y_asignar_imagen_exacta
SRT-PENDING-B957BF39DB5A,Cable Media Tensión Aluminio XLPE 2/0 AWG 15 kV 100% Neutro Concéntrico N=1/3,Media Tensión Aluminio 90°C XLPE Hilos 15 kV 100% N=1/3 PVC 2/0 AWG,https://cablescolombia.com/producto/media-tension-aluminio-90-c-xlpe-hilos-15-kv-100-n-1-3-pvc-2-0-awg,https://multimedia02.s3.us-east-2.amazonaws.com/Produccion/tiendas/127/productos/40479/9ebfc2adcb07edb9.webp,nombre_original_fuente_exacto,alta,revisar_variante_antes_de_publicar,descargar_y_asignar_imagen_exacta
SRT-PENDING-4A63CBD45621,Cable Media Tensión Aluminio XLPE 3/0 AWG 15 kV 100% Neutro Concéntrico N=1/3,Media Tensión Aluminio 90°C XLPE Hilos 15 kV 100% N=1/3 PVC 3/0 AWG,https://cablescolombia.com/producto/media-tension-aluminio-90-c-xlpe-hilos-15-kv-100-n-1-3-pvc-3-0-awg,https://multimedia02.s3.us-east-2.amazonaws.com/Produccion/tiendas/127/productos/40481/33411cab7c9b9e08.webp,nombre_original_fuente_exacto,alta,revisar_variante_antes_de_publicar,descargar_y_asignar_imagen_exacta
SRT-PENDING-C08BCCBE5E8A,Cable Media Tensión Aluminio XLPE 4/0 AWG 15 kV 100% Neutro Concéntrico N=1/3,Media Tensión Aluminio 90°C XLPE Hilos 15 kV 100% N=1/3 PVC 4/0 AWG,https://cablescolombia.com/producto/media-tension-aluminio-90-c-xlpe-hilos-15-kv-100-n-1-3-pvc-4-0-awg,https://multimedia02.s3.us-east-2.amazonaws.com/Produccion/tiendas/127/productos/40482/226e0c058edc47c7.webp,nombre_original_fuente_exacto,alta,revisar_variante_antes_de_publicar,descargar_y_asignar_imagen_exacta
SRT-PENDING-DA1DDA0F1AE4,Cable Media Tensión Aluminio XLPE 350 kcmil 15 kV 100% Neutro Concéntrico N=1/3,Media Tensión Aluminio 90°C XLPE Hilos 15 kV 100% N=1/3 PVC 350 kcmil,https://cablescolombia.com/producto/media-tension-aluminio-90-c-xlpe-hilos-15-kv-100-n-1-3-pvc-350-kcmil,https://multimedia02.s3.us-east-2.amazonaws.com/Produccion/tiendas/127/productos/40484/ab46dede6d5af0aa.webp,nombre_original_fuente_exacto,alta,revisar_variante_antes_de_publicar,descargar_y_asignar_imagen_exacta
SRT-PENDING-FC3EF16AF7AB,Cable Media Tensión Aluminio XLPE 500 kcmil 15 kV 100% Neutro Concéntrico N=1/3,Media Tensión Aluminio 90°C XLPE Hilos 15 kV 100% N=1/3 PVC 500 kcmil,https://cablescolombia.com/producto/media-tension-aluminio-90-c-xlpe-hilos-15-kv-100-n-1-3-pvc-500-kcmil,https://multimedia02.s3.us-east-2.amazonaws.com/Produccion/tiendas/127/productos/40486/51d7535291ae3e66.webp,nombre_original_fuente_exacto,alta,revisar_variante_antes_de_publicar,descargar_y_asignar_imagen_exacta
SRT-PENDING-3D4135D6F164,Cable Media Tensión Aluminio XLPE 2 AWG 15 kV 133% Neutro Concéntrico N=1/3,Media Tensión Aluminio 90°C XLPE Hilos 15 kV 133% N=1/3 PVC 2 AWG,https://cablescolombia.com/producto/media-tension-aluminio-90-c-xlpe-hilos-15-kv-133-n-1-3-pvc-2-awg,https://multimedia02.s3.us-east-2.amazonaws.com/Produccion/tiendas/127/productos/40487/0aaf83683abdd872.webp,nombre_original_fuente_exacto,alta,revisar_variante_antes_de_publicar,descargar_y_asignar_imagen_exacta
SRT-PENDING-27662CB9D45E,Cable Media Tensión Aluminio XLPE 1/0 AWG 15 kV 133% Neutro Concéntrico N=1/3,Media Tensión Aluminio 90°C XLPE Hilos 15 kV 133% N=1/3 PVC 1/0 AWG,https://cablescolombia.com/producto/media-tension-aluminio-90-c-xlpe-hilos-15-kv-133-n-1-3-pvc-1-0-awg,https://multimedia02.s3.us-east-2.amazonaws.com/Produccion/tiendas/127/productos/40488/2b68c8b579d9dfb4.webp,nombre_original_fuente_exacto,alta,revisar_variante_antes_de_publicar,descargar_y_asignar_imagen_exacta
SRT-PENDING-DA11D6041422,Cable Media Tensión Aluminio XLPE 2/0 AWG 15 kV 133% Neutro Concéntrico N=1/3,Media Tensión Aluminio 90°C XLPE Hilos 15 kV 133% N=1/3 PVC 2/0 AWG,https://cablescolombia.com/producto/media-tension-aluminio-90-c-xlpe-hilos-15-kv-133-n-1-3-pvc-2-0-awg,https://multimedia02.s3.us-east-2.amazonaws.com/Produccion/tiendas/127/productos/40489/3115e958a09d5b0b.webp,nombre_original_fuente_exacto,alta,revisar_variante_antes_de_publicar,descargar_y_asignar_imagen_exacta
SRT-PENDING-1DCABF714A1D,Cable Media Tensión Aluminio XLPE 3/0 AWG 15 kV 133% Neutro Concéntrico N=1/3,Media Tensión Aluminio 90°C XLPE Hilos 15 kV 133% N=1/3 PVC 3/0 AWG,https://cablescolombia.com/producto/media-tension-aluminio-90-c-xlpe-hilos-15-kv-133-n-1-3-pvc-3-0-awg,https://multimedia02.s3.us-east-2.amazonaws.com/Produccion/tiendas/127/productos/40490/1a723cfcd0f5542b.webp,nombre_original_fuente_exacto,alta,revisar_variante_antes_de_publicar,descargar_y_asignar_imagen_exacta
SRT-PENDING-36B099E7846C,Cable Media Tensión Aluminio XLPE 4/0 AWG 15 kV 133% Neutro Concéntrico N=1/3,Media Tensión Aluminio 90°C XLPE hilos 15 kV 133% N=1/3 PVC 4/0 AWG,https://cablescolombia.com/producto/media-tension-aluminio-90-c-xlpe-hilos-15-kv-133-n-1-3-pvc-4-0-awg,https://multimedia02.s3.us-east-2.amazonaws.com/Produccion/tiendas/127/productos/40491/762022133bb29786.webp,nombre_original_fuente_exacto,alta,revisar_variante_antes_de_publicar,descargar_y_asignar_imagen_exacta
SRT-PENDING-4DC0746ECBFB,Cable Media Tensión Aluminio XLPE 250 kcmil 15 kV 133% Neutro Concéntrico N=1/3,Media Tensión Aluminio 90°C XLPE Hilos 15 kV 133% N=1/3 PVC 250 kcmil,https://cablescolombia.com/producto/media-tension-aluminio-90-c-xlpe-hilos-15-kv-133-n-1-3-pvc-250-kcmil,https://multimedia02.s3.us-east-2.amazonaws.com/Produccion/tiendas/127/productos/40492/3d6648871709a204.webp,nombre_original_fuente_exacto,alta,revisar_variante_antes_de_publicar,descargar_y_asignar_imagen_exacta
SRT-PENDING-46F0BDD5F53E,Cable Media Tensión Aluminio XLPE 350 kcmil 15 kV 133% Neutro Concéntrico N=1/3,Media Tensión Aluminio 90°C XLPE Hilos 15 kV 133% N=1/3 PVC 350 kcmil,https://cablescolombia.com/producto/media-tension-aluminio-90-c-xlpe-hilos-15-kv-133-n-1-3-pvc-350-kcmil,https://multimedia02.s3.us-east-2.amazonaws.com/Produccion/tiendas/127/productos/40493/8d1073c34a8216ee.webp,nombre_original_fuente_exacto,alta,revisar_variante_antes_de_publicar,descargar_y_asignar_imagen_exacta
SRT-PENDING-A4E8ED35EE7F,Cable Media Tensión Aluminio XLPE 500 kcmil 15 kV 133% Neutro Concéntrico N=1/3,Media Tensión Aluminio 90°C XLPE Hilos 15 kV 133% N=1/3 PVC 500 kcmil,https://cablescolombia.com/producto/media-tension-aluminio-90-c-xlpe-hilos-15-kv-133-n-1-3-pvc-500-kcmil,https://multimedia02.s3.us-east-2.amazonaws.com/Produccion/tiendas/127/productos/40494/4f87fa214439fb3e.webp,nombre_original_fuente_exacto,alta,revisar_variante_antes_de_publicar,descargar_y_asignar_imagen_exacta
SRT-PENDING-2D373E3FD73E,"Cable Media Tensión Aluminio XLPE 70 mm_ 8,7/15 kV 100% Neutro 25 mm_",Media Tensión Aluminio 90°C XLPE Hilos 8.7/15kV N=25mm2 PVC 70 mm2,https://cablescolombia.com/producto/media-tension-aluminio-90-c-xlpe-hilos-8-7-15kv-n-25mm2-pvc-70-mm2,https://multimedia02.s3.us-east-2.amazonaws.com/Produccion/tiendas/127/productos/40510/defb06cf5dfc0e19.webp,nombre_original_fuente_exacto,alta,revisar_variante_antes_de_publicar,descargar_y_asignar_imagen_exacta
SRT-PENDING-DAA55C842BE3,"Cable Media Tensión Aluminio XLPE 95 mm_ 8,7/15 kV 100% Neutro 25 mm_",Media Tensión Aluminio 90°C XLPE Hilos 8.7/15kV N=25mm2 PVC 95 mm2,https://cablescolombia.com/producto/media-tension-aluminio-90-c-xlpe-hilos-8-7-15kv-n-25mm2-pvc-95-mm2,https://multimedia02.s3.us-east-2.amazonaws.com/Produccion/tiendas/127/productos/40511/95349bdba11a0526.webp,nombre_original_fuente_exacto,alta,revisar_variante_antes_de_publicar,descargar_y_asignar_imagen_exacta
SRT-PENDING-590D4330D95C,"Cable Media Tensión Aluminio XLPE 120 mm_ 8,7/15 kV 100% Neutro 25 mm_",Media Tensión Aluminio 90°C XLPE Hilos 8.7/15kV N=25mm2 PVC 120 mm2,https://cablescolombia.com/producto/media-tension-aluminio-90-c-xlpe-hilos-8-7-15kv-n-25mm2-pvc-120-mm2,https://multimedia02.s3.us-east-2.amazonaws.com/Produccion/tiendas/127/productos/40512/e648ae968286d32e.webp,nombre_original_fuente_exacto,alta,revisar_variante_antes_de_publicar,descargar_y_asignar_imagen_exacta
SRT-PENDING-5F2E45451001,"Cable Media Tensión Aluminio XLPE 185 mm_ 8,7/15 kV 100% Neutro 25 mm_",Media Tensión Aluminio 90°C XLPE Hilos 8.7/15kV N=25mm2 PVC 185 mm2,https://cablescolombia.com/producto/media-tension-aluminio-90-c-xlpe-hilos-8-7-15kv-n-25mm2-pvc-185-mm2,https://multimedia02.s3.us-east-2.amazonaws.com/Produccion/tiendas/127/productos/40513/b61fba0ae665b83a.webp,nombre_original_fuente_exacto,alta,revisar_variante_antes_de_publicar,descargar_y_asignar_imagen_exacta
SRT-PENDING-D9FD95B83E59,"Cable Media Tensión Aluminio XLPE 200 mm_ 8,7/15 kV 100% Neutro 25 mm_",Media Tensión Aluminio 90°C XLPE Hilos 8.7/15kV N=25mm 200mm2 PVC,https://cablescolombia.com/producto/media-tension-aluminio-90-c-xlpe-hilos-8-7-15kv-n-25mm-200mm2-pvc,https://multimedia02.s3.us-east-2.amazonaws.com/Produccion/tiendas/127/productos/40514/0010f4e922f70f60.webp,nombre_original_fuente_exacto,alta,revisar_variante_antes_de_publicar,descargar_y_asignar_imagen_exacta
SRT-PENDING-898C94937850,Cable Media Tensión Aluminio XLPE 250 kcmil 15 kV 100% Neutro Concéntrico N=1/3,Media Tensión Aluminio 90°C XLPE Hilos 15 kV 100% N=1/3 PVC 250 kcmil,https://cablescolombia.com/producto/media-tension-aluminio-90-c-xlpe-hilos-15-kv-100-n-1-3-pvc-250-kcmil,https://multimedia02.s3.us-east-2.amazonaws.com/Produccion/tiendas/127/productos/40483/408510f28ad9cbf8.webp,nombre_original_fuente_exacto,alta,revisar_variante_antes_de_publicar,descargar_y_asignar_imagen_exacta
SRT-PENDING-490B7CE2806B,Cable Media Tensión Cobre XLPE 2/0 AWG 35 kV 100% Pantalla de Cobre,Media Tensión Cobre 90°C XLPE 35kV No 2/0 100% PC PVC,https://cablescolombia.com/producto/media-tension-cobre-90-c-xlpe-25kv-no-2-0-100-pc-pvc,https://multimedia02.s3.us-east-2.amazonaws.com/Produccion/tiendas/127/productos/40384/313dac43a1efb354.webp,nombre_original_fuente_exacto,alta,revisar_variante_antes_de_publicar,descargar_y_asignar_imagen_exacta
SRT-PENDING-3222B7A7CFD2,Cable Media Tensión Cobre XLPE 4/0 AWG 35 kV 100% Pantalla de Cobre,Media Tensión Cobre 90°C XLPE 35kV No 4/0 100% PC PVC,https://cablescolombia.com/producto/media-tension-cobre-90-c-xlpe-35kv-no-4-0-100-pc-pvc,https://multimedia02.s3.us-east-2.amazonaws.com/Produccion/tiendas/127/productos/40385/aa3d9e0f85bdca6d.webp,nombre_original_fuente_exacto,alta,revisar_variante_antes_de_publicar,descargar_y_asignar_imagen_exacta
SRT-PENDING-56FC23BAFC07,Cable Media Tensión Cobre XLPE 1/0 AWG 35 kV 133% Pantalla de Cobre,Media Tensión Cobre 90°C XLPE 35kV No 1/0 133% PC PVC,https://cablescolombia.com/producto/media-tension-cobre-90-c-xlpe-35kv-no-1-0-133-pc-pvc,https://multimedia02.s3.us-east-2.amazonaws.com/Produccion/tiendas/127/productos/40386/1e350962118730fe.webp,nombre_original_fuente_exacto,alta,revisar_variante_antes_de_publicar,descargar_y_asignar_imagen_exacta
SRT-PENDING-9204397946C1,Cable Media Tensión Cobre XLPE 2/0 AWG 35 kV 133% Pantalla de Cobre,Media Tensión Cobre 90°C XLPE 35kV No 2/0 133% PC PVC,https://cablescolombia.com/producto/media-tension-cobre-90-c-xlpe-35kv-no-2-0-133-pc-pvc,https://multimedia02.s3.us-east-2.amazonaws.com/Produccion/tiendas/127/productos/40387/869e5060d7d9c9e6.webp,nombre_original_fuente_exacto,alta,revisar_variante_antes_de_publicar,descargar_y_asignar_imagen_exacta
SRT-PENDING-E328104BC9F1,Cable Media Tensión Cobre XLPE 3/0 AWG 35 kV 133% Pantalla de Cobre,Media Tensión Cobre 90°C XLPE 35kV No 3/0 133% PC PVC,https://cablescolombia.com/producto/media-tension-cobre-90-c-xlpe-35kv-no-3-0-133-pc-pvc,https://multimedia02.s3.us-east-2.amazonaws.com/Produccion/tiendas/127/productos/40388/90135d32e22c7619.webp,nombre_original_fuente_exacto,alta,revisar_variante_antes_de_publicar,descargar_y_asignar_imagen_exacta
SRT-PENDING-D48C9ED890D3,Cable Media Tensión Cobre XLPE 4/0 AWG 35 kV 133% Pantalla de Cobre,Media Tensión Cobre 90°C XLPE 35kV No 4/0 133% PC PVC,https://cablescolombia.com/producto/media-tension-cobre-90-c-xlpe-35kv-no-4-0-133-pc-pvc,https://multimedia02.s3.us-east-2.amazonaws.com/Produccion/tiendas/127/productos/40389/1c10a8c5791708cc.webp,nombre_original_fuente_exacto,alta,revisar_variante_antes_de_publicar,descargar_y_asignar_imagen_exacta
SRT-PENDING-BC7AB6C0DB1B,Cable Media Tensión Cobre XLPE 250 kcmil 35 kV 133% Pantalla de Cobre,Media Tensión Cobre 90°C XLPE 35kV No 250 133% PC PVC,https://cablescolombia.com/producto/media-tension-cobre-90-c-xlpe-35kv-no-250-133-pc-pvc,https://multimedia02.s3.us-east-2.amazonaws.com/Produccion/tiendas/127/productos/40390/aa459e42104df907.webp,nombre_original_fuente_exacto,alta,revisar_variante_antes_de_publicar,descargar_y_asignar_imagen_exacta
SRT-PENDING-2D3B75775E4F,Cable Media Tensión Cobre XLPE 350 kcmil 35 kV 133% Pantalla de Cobre,Media Tensión Cobre 90°C XLPE 35kV No 350 133% PC PVC,https://cablescolombia.com/producto/media-tension-cobre-90-c-xlpe-35kv-no-350-133-pc-pvc,https://multimedia02.s3.us-east-2.amazonaws.com/Produccion/tiendas/127/productos/40391/958f561635d76ea3.webp,nombre_original_fuente_exacto,alta,revisar_variante_antes_de_publicar,descargar_y_asignar_imagen_exacta
SRT-PENDING-C5F8C46F6DF4,Cable Media Tensión Cobre XLPE 500 kcmil 35 kV 133% Pantalla de Cobre,Media Tensión Cobre 90°C XLPE 35kV No 500 133% PC PVC,https://cablescolombia.com/producto/media-tension-cobre-90-c-xlpe-35kv-no-500-133-pc-pvc,https://multimedia02.s3.us-east-2.amazonaws.com/Produccion/tiendas/127/productos/40392/1a9ceff02b159a3a.webp,nombre_original_fuente_exacto,alta,revisar_variante_antes_de_publicar,descargar_y_asignar_imagen_exacta
SRT-PENDING-A1EEF1269335,Cable Media Tensión Cobre XLPE 1/0 AWG 15 kV 100%,Cable Media Tensión Cobre XLPE 1/0 AWG 15kV 100% PH,https://cablescolombia.com/producto/cable-media-tension-cobre-xlpe-1-0-awg-15kv-100-ph,https://multimedia02.s3.us-east-2.amazonaws.com/Produccion/tiendas/127/productos/76737/2c08f25a414e86b4.webp,nombre_original_fuente_exacto,alta,revisar_variante_antes_de_publicar,descargar_y_asignar_imagen_exacta
SRT-PENDING-2D40F0A1D1B6,Cable Media Tensión Cobre XLPE 1/0 AWG 15 kV 133% Pantalla de Cobre,Cable Media Tensión Cobre XLPE 1/0 AWG 15kV 133% PC,https://cablescolombia.com/producto/cable-media-tension-cobre-xlpe-1-0-awg-15kv-133-pc,https://multimedia02.s3.us-east-2.amazonaws.com/Produccion/tiendas/127/productos/76738/38173b3291625462.webp,nombre_original_fuente_exacto,alta,revisar_variante_antes_de_publicar,descargar_y_asignar_imagen_exacta
SRT-PENDING-3958B7C0BEF2,Cable Media Tensión Cobre XLPE 1/0 AWG 15 kV 100% Pantalla de Cobre,Cable Media Tensión Cobre XLPE 1/0 AWG 15kV 100% PC,https://cablescolombia.com/producto/cable-media-tension-cobre-xlpe-1-0-awg-15kv-100-pc,https://multimedia02.s3.us-east-2.amazonaws.com/Produccion/tiendas/127/productos/76739/ccdc6b1cead1e46d.webp,nombre_original_fuente_exacto,alta,revisar_variante_antes_de_publicar,descargar_y_asignar_imagen_exacta
SRT-PENDING-BE1B2D69B2D0,Cable Media Tensión Cobre XLPE 2 AWG 15 kV 133%,Cable Media Tensión Cobre XLPE 2 AWG 15kV 133% PH,https://cablescolombia.com/producto/cable-media-tension-cobre-xlpe-2-awg-15kv-133-ph,https://multimedia02.s3.us-east-2.amazonaws.com/Produccion/tiendas/127/productos/76740/e91c4a2a8c32b1aa.webp,nombre_original_fuente_exacto,alta,revisar_variante_antes_de_publicar,descargar_y_asignar_imagen_exacta
SRT-PENDING-39C487C5DE72,Cable Media Tensión Cobre XLPE 2 AWG 15 kV 100%,Cable Media Tensión Cobre XLPE 2 AWG 15kV 100% PH,https://cablescolombia.com/producto/cable-media-tension-cobre-xlpe-2-awg-15kv-100-ph,https://multimedia02.s3.us-east-2.amazonaws.com/Produccion/tiendas/127/productos/76741/197a802f6e21df4a.webp,nombre_original_fuente_exacto,alta,revisar_variante_antes_de_publicar,descargar_y_asignar_imagen_exacta
SRT-PENDING-2F9A9886A1F6,Cable Media Tensión Cobre XLPE 2 AWG 15 kV 133% Pantalla de Cobre,Cable Media Tensión Cobre XLPE 2 AWG 15kV 133% PC,https://cablescolombia.com/producto/cable-media-tension-cobre-xlpe-2-awg-15kv-133-pc,https://multimedia02.s3.us-east-2.amazonaws.com/Produccion/tiendas/127/productos/76742/44c538a8a4e1156b.webp,nombre_original_fuente_exacto,alta,revisar_variante_antes_de_publicar,descargar_y_asignar_imagen_exacta
SRT-PENDING-D9E22C29AF82,Cable Media Tensión Cobre XLPE 2 AWG 15 kV 100% Pantalla de Cobre,Cable Media Tensión Cobre XLPE 2 AWG 15kV 100% PC,https://cablescolombia.com/producto/cable-media-tension-cobre-xlpe-2-awg-15kv-100-pc,https://multimedia02.s3.us-east-2.amazonaws.com/Produccion/tiendas/127/productos/76743/917353ea31eb5ff8.webp,nombre_original_fuente_exacto,alta,revisar_variante_antes_de_publicar,descargar_y_asignar_imagen_exacta
SRT-PENDING-DC66FFA29AB5,Cable Media Tensión Cobre XLPE 2/0 AWG 15 kV 100% Pantalla de Cobre,Media Tensión Cobre 90°C XLPE 15kV No 2/0 100% PC PVC,https://cablescolombia.com/producto/media-tension-cobre-90-c-xlpe-15kv-no-2-0-100-pc-pvc,https://multimedia02.s3.us-east-2.amazonaws.com/Produccion/tiendas/127/productos/596/42a9b38ecc5648bc.webp,nombre_original_fuente_exacto,alta,revisar_variante_antes_de_publicar,descargar_y_asignar_imagen_exacta
SRT-PENDING-47C93D2B1C0F,Cable Media Tensión Cobre XLPE 2 AWG 15 kV 133% Pantalla de Cobre,Media Tensión Cobre 90°C XLPE 15kV No 2 133% PC PVC,https://cablescolombia.com/producto/media-tension-cobre-90-c-xlpe-15kv-no-2-133-pc-pvc,https://multimedia02.s3.us-east-2.amazonaws.com/Produccion/tiendas/127/productos/592/0022cf6b71983686.webp,nombre_original_fuente_exacto_y_url_fuente,alta,revisar_variante_antes_de_publicar,descargar_y_asignar_imagen_exacta
SRT-PENDING-EACAD6DB3991,Cable Media Tensión Cobre XLPE 1/0 AWG 15 kV 100% Pantalla de Cobre,Media Tensión Cobre 90°C XLPE 15kV No 1/0 100% PC PVC,https://cablescolombia.com/producto/media-tension-cobre-90-c-xlpe-15kv-no-1-0-100-pc-pvc,https://multimedia02.s3.us-east-2.amazonaws.com/Produccion/tiendas/127/productos/594/aafece892b2ade73.webp,nombre_original_fuente_exacto_y_url_fuente,alta,revisar_variante_antes_de_publicar,descargar_y_asignar_imagen_exacta
SRT-PENDING-D3F3B43777D8,Cable Media Tensión Cobre XLPE 3/0 AWG 15 kV 133% Pantalla de Cobre,Media Tensión Cobre 90°C XLPE 15kV No 3/0 133% PC PVC,https://cablescolombia.com/producto/media-tension-cobre-90-c-xlpe-15kv-no-3-0-133-pc-pvc,https://multimedia02.s3.us-east-2.amazonaws.com/Produccion/tiendas/127/productos/598/4fa7fa7daf7c1a8b.webp,nombre_original_fuente_exacto_y_url_fuente,alta,revisar_variante_antes_de_publicar,descargar_y_asignar_imagen_exacta
SRT-PENDING-1C8BC0CAAD59,Cable Media Tensión Cobre XLPE 4/0 AWG 15 kV 133% Pantalla de Cobre,Media Tensión Cobre 90°C XLPE 15kV No 4/0 133% PC PVC,https://cablescolombia.com/producto/media-tension-cobre-90-c-xlpe-15kv-no-4-0-133-pc-pvc,https://multimedia02.s3.us-east-2.amazonaws.com/Produccion/tiendas/127/productos/601/2d4acdfda6ae3f2f.webp,nombre_original_fuente_exacto_y_url_fuente,alta,revisar_variante_antes_de_publicar,descargar_y_asignar_imagen_exacta
SRT-PENDING-74A49AEFEA79,Cable Media Tensión Cobre XLPE 1/0 AWG 15 kV 133% Pantalla de Cobre,Media Tensión Cobre 90°C XLPE 15kV No 1/0 133% PC PVC,https://cablescolombia.com/producto/media-tension-cobre-90-c-xlpe-15kv-no-1-0-133-pc-pvc,https://multimedia02.s3.us-east-2.amazonaws.com/Produccion/tiendas/127/productos/38470/9ba62d48d1c902fb.webp,nombre_original_fuente_exacto_y_url_fuente,alta,revisar_variante_antes_de_publicar,descargar_y_asignar_imagen_exacta
SRT-PENDING-12EFE0C7DB3A,Cable Media Tensión Cobre XLPE 250 kcmil 15 kV 133% Pantalla en Cinta,Cable De Cobre XLPE De 15 KV No 250 Kcmil En Cinta 133%,https://cablescolombia.com/producto/cable-de-cobre-xlpe-de-15-kv-no-250-kcmil-en-cinta-133-,https://multimedia02.s3.us-east-2.amazonaws.com/Produccion/tiendas/127/productos/38471/45201905f5d7b920.webp,nombre_original_fuente_exacto_y_url_fuente,alta,revisar_variante_antes_de_publicar,descargar_y_asignar_imagen_exacta
SRT-PENDING-C35BA134FFF6,Cable Media Tensión Cobre XLPE 350 kcmil 15 kV 133% Pantalla de Cobre,Media Tensión Cobre 90°C XLPE 15kV No 350 Kcmil 133% PC PVC,https://cablescolombia.com/producto/media-tension-cobre-90-c-xlpe-15kv-no-350-kcmil-133-pc-pvc,https://multimedia02.s3.us-east-2.amazonaws.com/Produccion/tiendas/127/productos/38472/764c2df6f9015713.webp,nombre_original_fuente_exacto_y_url_fuente,alta,revisar_variante_antes_de_publicar,descargar_y_asignar_imagen_exacta
SRT-PENDING-3ADF260C8695,Cable Media Tensión Cobre XLPE 2/0 AWG 15 kV 133% Pantalla de Cobre,Media Tensión Cobre 90°C XLPE 15kV No 2/0 133% PC PVC,https://cablescolombia.com/producto/media-tension-cobre-90-c-xlpe-15kv-no-2-0-133-pc-pvc,https://multimedia02.s3.us-east-2.amazonaws.com/Produccion/tiendas/127/productos/38473/9c6b6e3477b5ce59.webp,nombre_original_fuente_exacto_y_url_fuente,alta,revisar_variante_antes_de_publicar,descargar_y_asignar_imagen_exacta
SRT-PENDING-ABCAE6062FCC,Cable Media Tensión Cobre XLPE 2 AWG 15 kV 100% Pantalla de Cobre,Media Tensión Cobre 90°C XLPE 15kV No 2 100% PC PVC,https://cablescolombia.com/producto/media-tension-cobre-90-c-xlpe-15kv-no-2-100-pc-pvc,https://multimedia02.s3.us-east-2.amazonaws.com/Produccion/tiendas/127/productos/40278/fb34be332f320d21.webp,nombre_original_fuente_exacto_y_url_fuente,alta,revisar_variante_antes_de_publicar,descargar_y_asignar_imagen_exacta
SRT-PENDING-B7219EB6AB8B,Cable Media Tensión Cobre XLPE 3/0 AWG 15 kV 100% Pantalla de Cobre,Media Tensión Cobre 90°C XLPE 15kV No 3/0 100% PC PVC,https://cablescolombia.com/producto/media-tension-cobre-90-c-xlpe-15kv-no-3-0-100-pc-pvc,https://multimedia02.s3.us-east-2.amazonaws.com/Produccion/tiendas/127/productos/40325/e0538227389ed0ff.webp,nombre_original_fuente_exacto,alta,revisar_variante_antes_de_publicar,descargar_y_asignar_imagen_exacta
SRT-PENDING-40A53F247828,Cable Media Tensión Cobre XLPE 4/0 AWG 15 kV 100% Pantalla de Cobre,Media Tensión Cobre 90°C XLPE 15kV No 4/0 100% PC PVC,https://cablescolombia.com/producto/media-tension-cobre-90-c-xlpe-15kv-no-4-0-100-pc-pvc,https://multimedia02.s3.us-east-2.amazonaws.com/Produccion/tiendas/127/productos/40345/bb822dd5c0657980.webp,nombre_original_fuente_exacto,alta,revisar_variante_antes_de_publicar,descargar_y_asignar_imagen_exacta
SRT-PENDING-54E54ADB17D6,Cable Media Tensión Cobre XLPE 250 kcmil 15 kV 100% Pantalla de Cobre,Media Tensión Cobre 90°C XLPE 15kV No 250 kcmil 100% PC PVC,https://cablescolombia.com/producto/media-tension-cobre-90-c-xlpe-15kv-no-250-kcmil-100-pc-pvc,https://multimedia02.s3.us-east-2.amazonaws.com/Produccion/tiendas/127/productos/40346/2045f20d1e44d2a2.webp,nombre_original_fuente_exacto_y_url_fuente,alta,revisar_variante_antes_de_publicar,descargar_y_asignar_imagen_exacta
SRT-PENDING-3F39F1104F57,Cable Media Tensión Cobre XLPE 350 kcmil 15 kV 100% Pantalla de Cobre,Media Tensión Cobre 90°C XLPE 15kV No 350 kcmil 100% PC PVC,https://cablescolombia.com/producto/media-tension-cobre-90-c-xlpe-15kv-no-350-kcmil-100-pc-pvc,https://multimedia02.s3.us-east-2.amazonaws.com/Produccion/tiendas/127/productos/40354/17f990bc230e13a0.webp,nombre_original_fuente_exacto,alta,revisar_variante_antes_de_publicar,descargar_y_asignar_imagen_exacta
SRT-PENDING-B810509BCD60,Cable Media Tensión Cobre XLPE 500 kcmil 15 kV 100% Pantalla de Cobre,Media Tensión Cobre 90°C XLPE 15kV No 500 kcmil 100% PC PVC,https://cablescolombia.com/producto/media-tension-cobre-90-c-xlpe-15kv-no-500-kcmil-100-pc-pvc,https://multimedia02.s3.us-east-2.amazonaws.com/Produccion/tiendas/127/productos/40356/181bc9e9e7beed3b.webp,nombre_original_fuente_exacto,alta,revisar_variante_antes_de_publicar,descargar_y_asignar_imagen_exacta
SRT-PENDING-1BB7C80490C5,Cable Media Tensión Cobre XLPE 500 kcmil 15 kV 133% Pantalla en Cinta,Cable De Cobre XLPE De 15 KV No 500 Kcmil En Cinta 133%,https://cablescolombia.com/producto/cable-de-cobre-xlpe-de-15-kv-no-500-kcmil-en-cinta-133-,https://multimedia02.s3.us-east-2.amazonaws.com/Produccion/tiendas/127/productos/40383/57564dd990b3f7f4.webp,nombre_original_fuente_exacto,alta,revisar_variante_antes_de_publicar,descargar_y_asignar_imagen_exacta
SRT-PENDING-94F94B9ACBDB,Cable de Semaforización 3x16 AWG Cobre PVC,Cable Semaforización CC 3X16 AWG Cu PVC 90°C 600V,https://cablescolombia.com/producto/cable-semaforizacion-cc-3x16-awg-cu-pvc-90-c-600v,https://multimedia02.s3.us-east-2.amazonaws.com/Produccion/tiendas/127/productos/634/3cc5648d6aa53f7b.webp,nombre_original_fuente_exacto_y_url_fuente,alta,coincidencia_exacta_revisada,conservar_imagen_actual
SRT-PENDING-02BF301AF356,Cable de Semaforización 4x16 AWG Cobre PVC,Cable Semaforización CC 4X16 AWG Cu PVC 90°C 600V,https://cablescolombia.com/producto/cable-semaforizacion-cc-4x16-awg-cu-pvc-90-c-600v,https://multimedia02.s3.us-east-2.amazonaws.com/Produccion/tiendas/127/productos/635/57e71940ee502b2f.webp,nombre_original_fuente_exacto_y_url_fuente,alta,coincidencia_exacta_revisada,conservar_imagen_actual
SRT-PENDING-9F6CAF1AAAE6,Cable de Semaforización 4x18 AWG Cobre PVC,Cable Semaforización CC 4X18 AWG Cu PVC 90°C 600V,https://cablescolombia.com/producto/cable-semaforizacion-cc-4x18-awg-cu-pvc-90-c-600v,https://multimedia02.s3.us-east-2.amazonaws.com/Produccion/tiendas/127/productos/636/aca15e0c38b81531.webp,nombre_original_fuente_exacto_y_url_fuente,alta,coincidencia_exacta_revisada,conservar_imagen_actual
SRT-PENDING-F7C244D2214C,Cable Siliconado FV 6 AWG Flexible,Cable Siliconado FV 6AWG,https://cablescolombia.com/producto/cable-siliconado-fv-6awg,https://multimedia02.s3.us-east-2.amazonaws.com/Produccion/tiendas/127/productos/76807/bf87787ec94aafa9.webp,nombre_original_fuente_exacto,alta,revisar_variante_antes_de_publicar,descargar_y_asignar_imagen_exacta
SRT-PENDING-ECB7765E15A7,Cable Siliconado FV 10 AWG Flexible,Cable Siliconado FV 10Awg,https://cablescolombia.com/producto/cable-siliconado-fv-10awg,https://multimedia02.s3.us-east-2.amazonaws.com/Produccion/tiendas/127/productos/637/34431284373abb69.webp,nombre_original_fuente_exacto,alta,revisar_variante_antes_de_publicar,descargar_y_asignar_imagen_exacta
SRT-PENDING-9521BFEF0CA0,Cable Siliconado FV 8 AWG Flexible,Cable Siliconado FV 8Awg,https://cablescolombia.com/producto/cable-siliconado-fv-8awg,https://multimedia02.s3.us-east-2.amazonaws.com/Produccion/tiendas/127/productos/638/602c9438750e6ae1.webp,nombre_original_fuente_exacto,alta,revisar_variante_antes_de_publicar,descargar_y_asignar_imagen_exacta
SRT-PENDING-5EDB0B93C63C,Cable Siliconado FV 12 AWG Flexible,Cable Siliconado FV 12Awg,https://cablescolombia.com/producto/cable-siliconado-fv-12awg,https://multimedia02.s3.us-east-2.amazonaws.com/Produccion/tiendas/127/productos/639/6f2438f2a1842113.webp,nombre_original_fuente_exacto,alta,revisar_variante_antes_de_publicar,descargar_y_asignar_imagen_exacta
SRT-PENDING-8989A0255528,Cable Siliconado FV 14 AWG Flexible,Cable Siliconado FV 14Awg,https://cablescolombia.com/producto/cable-siliconado-fv-14awg,https://multimedia02.s3.us-east-2.amazonaws.com/Produccion/tiendas/127/productos/640/409dcbe7f99fe012.webp,nombre_original_fuente_exacto,alta,revisar_variante_antes_de_publicar,descargar_y_asignar_imagen_exacta
SRT-PENDING-13717C18F00D,Cable Siliconado FV 16 AWG Flexible,Cable Siliconado FV 16AWG,https://cablescolombia.com/producto/cable-siliconado-fv-16awg,https://multimedia02.s3.us-east-2.amazonaws.com/Produccion/tiendas/127/productos/641/19815d3c81d1ba16.webp,nombre_original_fuente_exacto,alta,revisar_variante_antes_de_publicar,descargar_y_asignar_imagen_exacta
SRT-PENDING-A6276C788A3C,Cable Siliconado FV 18 AWG Flexible,Cable Siliconado FV 18Awg,https://cablescolombia.com/producto/cable-siliconado-fv-18awg,https://multimedia02.s3.us-east-2.amazonaws.com/Produccion/tiendas/127/productos/642/85e4efecceb15016.webp,nombre_original_fuente_exacto,alta,revisar_variante_antes_de_publicar,descargar_y_asignar_imagen_exacta
SRT-PENDING-75D2D2B06C60,Cable Para Soldadura 6 AWG Cobre Flexible,Cable Soldador N6,https://cablescolombia.com/producto/cable-soldador-n6,https://multimedia02.s3.us-east-2.amazonaws.com/Produccion/tiendas/127/productos/643/f2f11fbaffad801a.webp,nombre_original_fuente_exacto_y_url_fuente,alta,revisar_variante_antes_de_publicar,descargar_y_asignar_imagen_exacta
SRT-PENDING-139187864D52,Cable Para Soldadura 4 AWG Cobre Flexible,Cable Soldador N4,https://cablescolombia.com/producto/cable-soldador-n4,https://multimedia02.s3.us-east-2.amazonaws.com/Produccion/tiendas/127/productos/644/1bd7eb99e96ad78c.webp,nombre_original_fuente_exacto_y_url_fuente,alta,revisar_variante_antes_de_publicar,descargar_y_asignar_imagen_exacta
SRT-PENDING-9871FB242991,Cable Para Soldadura 2 AWG Cobre Flexible,Cable Soldador N2,https://cablescolombia.com/producto/cable-soldador-n2,https://multimedia02.s3.us-east-2.amazonaws.com/Produccion/tiendas/127/productos/645/2536ea2601b7524b.webp,nombre_original_fuente_exacto_y_url_fuente,alta,revisar_variante_antes_de_publicar,descargar_y_asignar_imagen_exacta
SRT-PENDING-07BC28A592EE,Cable Para Soldadura 1/0 AWG Cobre Flexible,Cable Soldador 1/0 AWG,https://cablescolombia.com/producto/cable-soldador-1-0-awg,https://multimedia02.s3.us-east-2.amazonaws.com/Produccion/tiendas/127/productos/646/8cf8262159da2495.webp,nombre_original_fuente_exacto_y_url_fuente,alta,revisar_variante_antes_de_publicar,descargar_y_asignar_imagen_exacta
SRT-PENDING-C41FBFD2E592,Cable Para Soldadura 2/0 AWG Cobre Flexible,Cable Soldador 2/0 AWG,https://cablescolombia.com/producto/cable-soldador-2-0-awg,https://multimedia02.s3.us-east-2.amazonaws.com/Produccion/tiendas/127/productos/647/142d393de279f8ce.webp,nombre_original_fuente_exacto_y_url_fuente,alta,revisar_variante_antes_de_publicar,descargar_y_asignar_imagen_exacta
SRT-PENDING-93137BE075F2,Cable Para Soldadura 3/0 AWG Cobre Flexible,Cable Soldador 3/0 AWG,https://cablescolombia.com/producto/cable-soldador-3-0-awg,https://multimedia02.s3.us-east-2.amazonaws.com/Produccion/tiendas/127/productos/648/978e247e979e9045.webp,nombre_original_fuente_exacto_y_url_fuente,alta,revisar_variante_antes_de_publicar,descargar_y_asignar_imagen_exacta
SRT-PENDING-EE0E03761529,Cable Para Soldadura 4/0 AWG Cobre Flexible,Cable Soldador 4/0 AWG,https://cablescolombia.com/producto/cable-soldador-4-0-awg,https://multimedia02.s3.us-east-2.amazonaws.com/Produccion/tiendas/127/productos/649/129cf874341a952c.webp,nombre_original_fuente_exacto_y_url_fuente,alta,revisar_variante_antes_de_publicar,descargar_y_asignar_imagen_exacta
SRT-PENDING-5B5B243A0F59,"Cable UTP Cat 5E Aleación, Interior",Cable UTP Aleacion Cat 5E Carrete Interior,https://cablescolombia.com/producto/cable-utp-aleacion-cat-5e-carrete-interior,https://multimedia02.s3.us-east-2.amazonaws.com/Produccion/tiendas/127/productos/675/30914456999f0f8a.webp,nombre_original_fuente_exacto_y_url_fuente,alta,coincidencia_exacta_revisada,conservar_imagen_actual
SRT-PENDING-8BE2DC733DE4,"Cable UTP Cat 5E Aleación, Exterior",Cable Utp Aleacion Cat 5E Carrete Exterior,https://cablescolombia.com/producto/cable-utp-aleacion-cat-5e-carrete-exterior,https://multimedia02.s3.us-east-2.amazonaws.com/Produccion/tiendas/127/productos/676/99131d9c96dd622f.webp,nombre_original_fuente_exacto,alta,revisar_variante_antes_de_publicar,descargar_y_asignar_imagen_exacta
SRT-PENDING-97ED39B116A4,"Cable UTP Cat 6 Aleación, Interior",Cable Utp Aleacion Cat 6 Carrete Interior,https://cablescolombia.com/producto/cable-utp-aleacion-cat-6-carrete-interior,https://multimedia02.s3.us-east-2.amazonaws.com/Produccion/tiendas/127/productos/677/959189983afd9b67.webp,nombre_original_fuente_exacto,alta,revisar_variante_antes_de_publicar,descargar_y_asignar_imagen_exacta
SRT-PENDING-5570BB222E81,"Cable UTP Cat 6 Aleación, Exterior",Cable Utp Aleacion Cat 6 Carrete Exterior,https://cablescolombia.com/producto/cable-utp-aleacion-cat-6-carrete-exterior,https://multimedia02.s3.us-east-2.amazonaws.com/Produccion/tiendas/127/productos/679/f70df09ff8ee59c0.webp,nombre_original_fuente_exacto,alta,revisar_variante_antes_de_publicar,descargar_y_asignar_imagen_exacta
SRT-PENDING-7119E708949F,"Cable UTP Cat 5E 100% Cobre, Interior",Cable Utp 100% Cobre Cat 5E Carrete Interior,https://cablescolombia.com/producto/cable-utp-100-cobre-cat-5e-carrete-interior,https://multimedia02.s3.us-east-2.amazonaws.com/Produccion/tiendas/127/productos/680/3b745ccc41d4f554.webp,nombre_original_fuente_exacto_y_url_fuente,alta,coincidencia_exacta_revisada,conservar_imagen_actual
SRT-PENDING-0CBC5FB456EB,"Cable UTP Cat 5E 100% Cobre, Exterior",Cable Utp 100% Cobre Cat 5E Carrete Exterior,https://cablescolombia.com/producto/cable-utp-100-cobre-cat-5e-carrete-exterior,https://multimedia02.s3.us-east-2.amazonaws.com/Produccion/tiendas/127/productos/681/bebbf9a9328982ed.webp,nombre_original_fuente_exacto_y_url_fuente,alta,coincidencia_exacta_revisada,conservar_imagen_actual
SRT-PENDING-E6F06CC40DD7,"Cable UTP Cat 6 100% Cobre, Interior",Cable Utp 100% Cobre Cat 6 Carrete Interior,https://cablescolombia.com/producto/cable-utp-100-cobre-cat-6-carrete-interior,https://multimedia02.s3.us-east-2.amazonaws.com/Produccion/tiendas/127/productos/682/ad168bee6517d2a7.webp,nombre_original_fuente_exacto,alta,revisar_variante_antes_de_publicar,descargar_y_asignar_imagen_exacta
SRT-PENDING-A09C5E947671,"Cable UTP Cat 6 100% Cobre, Exterior",Cable Utp 100% Cobre Cat 6 Carrete Exterior,https://cablescolombia.com/producto/cable-utp-100-cobre-cat-6-carrete-exterior,https://multimedia02.s3.us-east-2.amazonaws.com/Produccion/tiendas/127/productos/683/9704c88d6c1b6d86.webp,nombre_original_fuente_exacto,alta,revisar_variante_antes_de_publicar,descargar_y_asignar_imagen_exacta
SRT-PENDING-BF708A70F703,"Cable UTP Cat 6A 100% Cobre, Interior",Cable Utp 100% Cobre Cat 6A Carrete Interior,https://cablescolombia.com/producto/cable-utp-100-cobre-cat-6a-carrete-interior,https://multimedia02.s3.us-east-2.amazonaws.com/Produccion/tiendas/127/productos/685/3e249e03a549279c.webp,nombre_original_fuente_exacto,alta,revisar_variante_antes_de_publicar,descargar_y_asignar_imagen_exacta
SRT-PENDING-935994F7A6A5,"Cable UTP Cat 6A 100% Cobre, Exterior",Cable Utp 100% Cobre Cat 6A Carrete Exterior,https://cablescolombia.com/producto/cable-utp-100-cobre-cat-6a-carrete-exterior,https://multimedia02.s3.us-east-2.amazonaws.com/Produccion/tiendas/127/productos/688/c949e4646d377439.webp,nombre_original_fuente_exacto,alta,revisar_variante_antes_de_publicar,descargar_y_asignar_imagen_exacta
SRT-PENDING-7D36590B02AB,"Cable de Baja Tensión 6 AWG Cobre, Blanco",Cable Baja N6 Blanco,https://cablescolombia.com/producto/cable-baja-n6-blanco,https://multimedia02.s3.us-east-2.amazonaws.com/Produccion/tiendas/127/productos/692/b7a9d10471d4944c.webp,nombre_original_fuente_exacto,alta,revisar_variante_antes_de_publicar,descargar_y_asignar_imagen_exacta
SRT-PENDING-BA004FF6990E,Cable de Baja Tensión 6 AWG Cobre Café,Cable Baja N6 Cafe,https://cablescolombia.com/producto/cable-baja-n6-cafe,https://multimedia02.s3.us-east-2.amazonaws.com/Produccion/tiendas/127/productos/693/ce2f61136d5e0e0d.webp,nombre_original_fuente_exacto,alta,revisar_variante_antes_de_publicar,descargar_y_asignar_imagen_exacta
SRT-PENDING-7CF7206D973D,"Cable de Baja Tensión 6 AWG Cobre, Morado",Cable Baja N6 Morado,https://cablescolombia.com/producto/cable-baja-n6-morado,https://multimedia02.s3.us-east-2.amazonaws.com/Produccion/tiendas/127/productos/694/b440f9d2d72cab20.webp,nombre_original_fuente_exacto,alta,revisar_variante_antes_de_publicar,descargar_y_asignar_imagen_exacta
SRT-PENDING-A128B8CB6FEB,"Cable de Baja Tensión 6 AWG Cobre, Naranja",Cable Baja N6 Naranja,https://cablescolombia.com/producto/cable-baja-n6-naranja,https://multimedia02.s3.us-east-2.amazonaws.com/Produccion/tiendas/127/productos/695/c3d4ce67ff4fa628.webp,nombre_original_fuente_exacto,alta,revisar_variante_antes_de_publicar,descargar_y_asignar_imagen_exacta
SRT-PENDING-BD76EEB13459,"Cable de Baja Tensión 6 AWG Cobre, Negro",Cable Baja N6 Negro,https://cablescolombia.com/producto/cable-baja-n6-negro,https://multimedia02.s3.us-east-2.amazonaws.com/Produccion/tiendas/127/productos/696/1a997eee22878f08.webp,nombre_original_fuente_exacto,alta,revisar_variante_antes_de_publicar,descargar_y_asignar_imagen_exacta
SRT-PENDING-3981093FFAFD,"Cable de Baja Tensión 6 AWG Cobre, Rojo",Cable Baja N6 Rojo,https://cablescolombia.com/producto/cable-baja-n6-rojo,https://multimedia02.s3.us-east-2.amazonaws.com/Produccion/tiendas/127/productos/697/56c8ad262ce54f65.webp,nombre_original_fuente_exacto,alta,revisar_variante_antes_de_publicar,descargar_y_asignar_imagen_exacta
SRT-PENDING-9D58BFB37CD8,"Cable de Baja Tensión 6 AWG Cobre, Verde",Cable Baja N6 Verde,https://cablescolombia.com/producto/cable-baja-n6-verde,https://multimedia02.s3.us-east-2.amazonaws.com/Produccion/tiendas/127/productos/698/1b958ca9d21e1b26.webp,nombre_original_fuente_exacto,alta,revisar_variante_antes_de_publicar,descargar_y_asignar_imagen_exacta
SRT-PENDING-F21AB4BAC8CA,"Cable MTW/TWK 10 AWG Cobre Flexible, Amarillo",Cable CC MTW(TWK) N10 Amarillo,https://cablescolombia.com/producto/cable-cc-mtw-twk-n10-amarillo,https://multimedia02.s3.us-east-2.amazonaws.com/Produccion/tiendas/127/productos/699/411681c755f9b867.webp,nombre_original_fuente_exacto,alta,revisar_variante_antes_de_publicar,descargar_y_asignar_imagen_exacta
SRT-PENDING-682C5D0A0934,"Cable MTW/TWK 10 AWG Cobre Flexible, Blanco",Cable CC MTW(TWK) N10 Blanco,https://cablescolombia.com/producto/cable-cc-mtw-twk-n10-blanco,https://multimedia02.s3.us-east-2.amazonaws.com/Produccion/tiendas/127/productos/701/cbadb9d202199392.webp,nombre_original_fuente_exacto,alta,revisar_variante_antes_de_publicar,descargar_y_asignar_imagen_exacta
SRT-PENDING-40DFD3223D4A,Cable MTW/TWK 10 AWG Cobre Flexible,Cable CC MTW(TWK) N10 Café,https://cablescolombia.com/producto/cable-cc-mtw-twk-n10-cafe,https://multimedia02.s3.us-east-2.amazonaws.com/Produccion/tiendas/127/productos/702/b2630623c8a55fd2.webp,nombre_original_fuente_exacto,alta,revisar_variante_antes_de_publicar,descargar_y_asignar_imagen_exacta
SRT-PENDING-F2CBCC65C867,"Cable MTW/TWK 10 AWG Cobre Flexible, Morado",Cable CC MTW(TWK) N10 Morado,https://cablescolombia.com/producto/cable-cc-mtw-twk-n10-morado,https://multimedia02.s3.us-east-2.amazonaws.com/Produccion/tiendas/127/productos/703/38a9b856f3350d9e.webp,nombre_original_fuente_exacto,alta,revisar_variante_antes_de_publicar,descargar_y_asignar_imagen_exacta
SRT-PENDING-620D2F87780B,"Cable MTW/TWK 10 AWG Cobre Flexible, Naranja",Cable CC MTW(TWK) N10 Naranja,https://cablescolombia.com/producto/cable-cc-mtw-twk-n10-naranja,https://multimedia02.s3.us-east-2.amazonaws.com/Produccion/tiendas/127/productos/705/1766c4ddbd059d83.webp,nombre_original_fuente_exacto,alta,revisar_variante_antes_de_publicar,descargar_y_asignar_imagen_exacta
SRT-PENDING-FD5791B9A534,"Cable MTW/TWK 10 AWG Cobre Flexible, Negro",Cable CC MTW(TWK) N10 Negro,https://cablescolombia.com/producto/cable-cc-mtw-twk-n10-negro,https://multimedia02.s3.us-east-2.amazonaws.com/Produccion/tiendas/127/productos/708/c702baa2e34ae367.webp,nombre_original_fuente_exacto,alta,revisar_variante_antes_de_publicar,descargar_y_asignar_imagen_exacta
SRT-PENDING-3548BD6A674E,"Cable MTW/TWK 10 AWG Cobre Flexible, Rojo",Cable CC MTW(TWK) N10 Rojo,https://cablescolombia.com/producto/cable-cc-mtw-twk-n10-rojo,https://multimedia02.s3.us-east-2.amazonaws.com/Produccion/tiendas/127/productos/709/0cf2fc4f96d31a2f.webp,nombre_original_fuente_exacto_y_url_fuente,alta,revisar_variante_antes_de_publicar,descargar_y_asignar_imagen_exacta
SRT-PENDING-2E3F9AC5B117,"Cable MTW/TWK 10 AWG Cobre Flexible, Verde",Cable CC MTW(TWK) N10 Verde,https://cablescolombia.com/producto/cable-cc-mtw-twk-n10-verde,https://multimedia02.s3.us-east-2.amazonaws.com/Produccion/tiendas/127/productos/711/1505d451da949621.webp,nombre_original_fuente_exacto_y_url_fuente,alta,revisar_variante_antes_de_publicar,descargar_y_asignar_imagen_exacta
SRT-PENDING-5CACE114CA4F,"Cable MTW/TWK 12 AWG Cobre Flexible, Amarillo",Cable CC MTW(TWK) N12 Amarillo,https://cablescolombia.com/producto/cable-cc-mtw-twk-n12-amarillo,https://multimedia02.s3.us-east-2.amazonaws.com/Produccion/tiendas/127/productos/714/10e9b7558dccbd41.webp,nombre_original_fuente_exacto_y_url_fuente,alta,revisar_variante_antes_de_publicar,descargar_y_asignar_imagen_exacta
SRT-PENDING-298B449092F0,"Cable MTW/TWK 12 AWG Cobre Flexible, Blanco",Cable CC MTW(TWK) N12 Blanco,https://cablescolombia.com/producto/cable-cc-mtw-twk-n12-blanco,https://multimedia02.s3.us-east-2.amazonaws.com/Produccion/tiendas/127/productos/715/2855471f04e40607.webp,nombre_original_fuente_exacto,alta,revisar_variante_antes_de_publicar,descargar_y_asignar_imagen_exacta
SRT-PENDING-B846373BFADD,Cable MTW/TWK 12 AWG Cobre Flexible,Cable CC MTW(TWK) N12 Café,https://cablescolombia.com/producto/cable-cc-mtw-twk-n12-cafe,https://multimedia02.s3.us-east-2.amazonaws.com/Produccion/tiendas/127/productos/716/7b701a9d2b0359b9.webp,nombre_original_fuente_exacto,alta,revisar_variante_antes_de_publicar,descargar_y_asignar_imagen_exacta
SRT-PENDING-04070B3FE12A,"Cable MTW/TWK 12 AWG Cobre Flexible, Naranja",Cable CC MTW(TWK) N12 Naranja,https://cablescolombia.com/producto/cable-cc-mtw-twk-n12-naranja,https://multimedia02.s3.us-east-2.amazonaws.com/Produccion/tiendas/127/productos/721/c9e006224560386d.webp,nombre_original_fuente_exacto,alta,revisar_variante_antes_de_publicar,descargar_y_asignar_imagen_exacta
SRT-PENDING-0B27149FA8A1,"Cable MTW/TWK 12 AWG Cobre Flexible, Negro",Cable CC MTW(TWK) N12 Negro,https://cablescolombia.com/producto/cable-cc-mtw-twk-n12-negro,https://multimedia02.s3.us-east-2.amazonaws.com/Produccion/tiendas/127/productos/723/2f0f9ab0e2095bb7.webp,nombre_original_fuente_exacto,alta,revisar_variante_antes_de_publicar,descargar_y_asignar_imagen_exacta
SRT-PENDING-BCBD7F3EB86D,"Cable MTW/TWK 12 AWG Cobre Flexible, Rojo",Cable CC MTW(TWK) N12 Rojo,https://cablescolombia.com/producto/cable-cc-mtw-twk-n12-rojo,https://multimedia02.s3.us-east-2.amazonaws.com/Produccion/tiendas/127/productos/724/834fdd0d488050d7.webp,nombre_original_fuente_exacto,alta,revisar_variante_antes_de_publicar,descargar_y_asignar_imagen_exacta
SRT-PENDING-4DFBA15EF4AC,"Cable MTW/TWK 12 AWG Cobre Flexible, Verde",Cable CC MTW(TWK) N12 Verde,https://cablescolombia.com/producto/cable-cc-mtw-twk-n12-verde,https://multimedia02.s3.us-east-2.amazonaws.com/Produccion/tiendas/127/productos/728/dbb3b4fa8d0a0b86.webp,nombre_original_fuente_exacto,alta,revisar_variante_antes_de_publicar,descargar_y_asignar_imagen_exacta
SRT-PENDING-00D52A324A7A,"Cable MTW/TWK 14 AWG Cobre Flexible, Amarillo",Cable CC MTW(TWK) N14 Amarillo,https://cablescolombia.com/producto/cable-cc-mtw-twk-n14-amarillo,https://multimedia02.s3.us-east-2.amazonaws.com/Produccion/tiendas/127/productos/730/9b04ec4bc3c5f25e.webp,nombre_original_fuente_exacto,alta,revisar_variante_antes_de_publicar,descargar_y_asignar_imagen_exacta
SRT-PENDING-7AC3712CEA7C,"Cable MTW/TWK 14 AWG Cobre Flexible, Blanco",Cable CC MTW(TWK) N14 Blanco,https://cablescolombia.com/producto/cable-cc-mtw-twk-n14-blanco,https://multimedia02.s3.us-east-2.amazonaws.com/Produccion/tiendas/127/productos/732/53f3a1998eea00d5.webp,nombre_original_fuente_exacto,alta,revisar_variante_antes_de_publicar,descargar_y_asignar_imagen_exacta
SRT-PENDING-D2B91FEDDE51,Cable MTW/TWK 14 AWG Cobre Flexible,Cable CC MTW(TWK) N14 Café,https://cablescolombia.com/producto/cable-cc-mtw-twk-n14-cafe,https://multimedia02.s3.us-east-2.amazonaws.com/Produccion/tiendas/127/productos/733/8b5744444ece9514.webp,nombre_original_fuente_exacto,alta,revisar_variante_antes_de_publicar,descargar_y_asignar_imagen_exacta
SRT-PENDING-C1987586D8D0,"Cable MTW/TWK 14 AWG Cobre Flexible, Morado",Cable CC MTW(TWK) N14 Morado,https://cablescolombia.com/producto/cable-cc-mtw-twk-n14-morado,https://multimedia02.s3.us-east-2.amazonaws.com/Produccion/tiendas/127/productos/735/64739fa33d3f1af6.webp,nombre_original_fuente_exacto,alta,revisar_variante_antes_de_publicar,descargar_y_asignar_imagen_exacta
SRT-PENDING-A22DB63FDD13,"Cable MTW/TWK 14 AWG Cobre Flexible, Naranja",Cable CC MTW(TWK) N14 Naranja,https://cablescolombia.com/producto/cable-cc-mtw-twk-n14-naranja,https://multimedia02.s3.us-east-2.amazonaws.com/Produccion/tiendas/127/productos/737/d6300d62a2273294.webp,nombre_original_fuente_exacto,alta,revisar_variante_antes_de_publicar,descargar_y_asignar_imagen_exacta
SRT-PENDING-14A0AC62DB1B,"Cable MTW/TWK 14 AWG Cobre Flexible, Negro",Cable CC MTW(TWK) N14 Negro,https://cablescolombia.com/producto/cable-cc-mtw-twk-n14-negro,https://multimedia02.s3.us-east-2.amazonaws.com/Produccion/tiendas/127/productos/738/76e795cd0264a45f.webp,nombre_original_fuente_exacto,alta,revisar_variante_antes_de_publicar,descargar_y_asignar_imagen_exacta
SRT-PENDING-85704BD3B4F2,"Cable MTW/TWK 14 AWG Cobre Flexible, Rojo",Cable CC MTW(TWK) N14 Rojo,https://cablescolombia.com/producto/cable-cc-mtw-twk-n14-rojo,https://multimedia02.s3.us-east-2.amazonaws.com/Produccion/tiendas/127/productos/740/3df9d09914991bc8.webp,nombre_original_fuente_exacto,alta,revisar_variante_antes_de_publicar,descargar_y_asignar_imagen_exacta
SRT-PENDING-97509E130001,"Cable MTW/TWK 14 AWG Cobre Flexible, Verde",Cable CC MTW(TWK) N14 Verde,https://cablescolombia.com/producto/cable-cc-mtw-twk-n14-verde,https://multimedia02.s3.us-east-2.amazonaws.com/Produccion/tiendas/127/productos/742/3f5fc6b5811276ef.webp,nombre_original_fuente_exacto,alta,revisar_variante_antes_de_publicar,descargar_y_asignar_imagen_exacta
SRT-PENDING-35A3D3D63657,"Cable TFF/GPT 16 AWG Cobre Flexible, Amarillo",Cable CC TFF N16 Amarillo,https://cablescolombia.com/producto/cable-cc-tff-n16-amarillo,https://multimedia02.s3.us-east-2.amazonaws.com/Produccion/tiendas/127/productos/746/0d0c93e5f62a5dc8.webp,nombre_original_fuente_exacto,alta,revisar_variante_antes_de_publicar,descargar_y_asignar_imagen_exacta
SRT-PENDING-6E4411427ED4,"Cable TFF/GPT 16 AWG Cobre Flexible, Blanco",Cable CC TFF N16 Blanco,https://cablescolombia.com/producto/cable-cc-tff-n16-blanco,https://multimedia02.s3.us-east-2.amazonaws.com/Produccion/tiendas/127/productos/749/5b56c2d12c6630da.webp,nombre_original_fuente_exacto,alta,revisar_variante_antes_de_publicar,descargar_y_asignar_imagen_exacta
SRT-PENDING-688116380EBA,Cable TFF/GPT 16 AWG Cobre Flexible,Cable CC TFF N16 Café,https://cablescolombia.com/producto/cable-cc-tff-n16-cafe,https://multimedia02.s3.us-east-2.amazonaws.com/Produccion/tiendas/127/productos/750/cf261174d0b3eaa5.webp,nombre_original_fuente_exacto,alta,revisar_variante_antes_de_publicar,descargar_y_asignar_imagen_exacta
SRT-PENDING-44D02D7CC950,"Cable TFF/GPT 16 AWG Cobre Flexible, Morado",Cable CC TFF N16 Morado,https://cablescolombia.com/producto/cable-cc-tff-n16-morado,https://multimedia02.s3.us-east-2.amazonaws.com/Produccion/tiendas/127/productos/751/49fa1e51bb17f220.webp,nombre_original_fuente_exacto_y_url_fuente,alta,revisar_variante_antes_de_publicar,descargar_y_asignar_imagen_exacta
SRT-PENDING-C123A9EAC875,"Cable TFF/GPT 16 AWG Cobre Flexible, Naranja",Cable CC TFF N16 Naranja,https://cablescolombia.com/producto/cable-cc-tff-n16-naranja,https://multimedia02.s3.us-east-2.amazonaws.com/Produccion/tiendas/127/productos/753/9bbe07a7880c9572.webp,nombre_original_fuente_exacto,alta,revisar_variante_antes_de_publicar,descargar_y_asignar_imagen_exacta
SRT-PENDING-31993EC9DB11,"Cable TFF/GPT 16 AWG Cobre Flexible, Negro",Cable CC TFF N16 Negro,https://cablescolombia.com/producto/cable-cc-tff-n16-negro,https://multimedia02.s3.us-east-2.amazonaws.com/Produccion/tiendas/127/productos/755/6c73ce409d423d2b.webp,nombre_original_fuente_exacto_y_url_fuente,alta,revisar_variante_antes_de_publicar,descargar_y_asignar_imagen_exacta
SRT-PENDING-33D093F9BD72,"Cable TFF/GPT 16 AWG Cobre Flexible, Rojo",Cable CC TFF N16 Rojo,https://cablescolombia.com/producto/cable-cc-tff-n16-rojo,https://multimedia02.s3.us-east-2.amazonaws.com/Produccion/tiendas/127/productos/756/03bd07005fd14e07.webp,nombre_original_fuente_exacto,alta,revisar_variante_antes_de_publicar,descargar_y_asignar_imagen_exacta
SRT-PENDING-BBD242E8628E,"Cable TFF/GPT 16 AWG Cobre Flexible, Verde",Cable CC TFF N16 Verde,https://cablescolombia.com/producto/cable-cc-tff-n16-verde,https://multimedia02.s3.us-east-2.amazonaws.com/Produccion/tiendas/127/productos/758/d08cd99e9c45af4e.webp,nombre_original_fuente_exacto,alta,revisar_variante_antes_de_publicar,descargar_y_asignar_imagen_exacta
SRT-PENDING-E2E89C3CDB3C,"Cable TFF/GPT 18 AWG Cobre Flexible, Blanco",Cable CC TFF N18 Blanco,https://cablescolombia.com/producto/cable-cc-tff-n18-blanco,https://multimedia02.s3.us-east-2.amazonaws.com/Produccion/tiendas/127/productos/760/809cbdc5020bf699.webp,nombre_original_fuente_exacto,alta,revisar_variante_antes_de_publicar,descargar_y_asignar_imagen_exacta
SRT-PENDING-E2175E292AD4,Cable TFF/GPT 18 AWG Cobre Flexible,Cable CC TFF N18 Café,https://cablescolombia.com/producto/cable-cc-tff-n18-cafe,https://multimedia02.s3.us-east-2.amazonaws.com/Produccion/tiendas/127/productos/762/e5bb7cfc48e2a6bc.webp,nombre_original_fuente_exacto,alta,revisar_variante_antes_de_publicar,descargar_y_asignar_imagen_exacta
SRT-PENDING-C0F95F150525,"Cable TFF/GPT 18 AWG Cobre Flexible, Morado",Cable CC TFF N18 Morado,https://cablescolombia.com/producto/cable-cc-tff-n18-morado,https://multimedia02.s3.us-east-2.amazonaws.com/Produccion/tiendas/127/productos/763/f29ad177f9abca93.webp,nombre_original_fuente_exacto,alta,revisar_variante_antes_de_publicar,descargar_y_asignar_imagen_exacta
SRT-PENDING-9F727277CC70,"Cable TFF/GPT 18 AWG Cobre Flexible, Naranja",Cable CC TFF N18 Naranja,https://cablescolombia.com/producto/cable-cc-tff-n18-naranja,https://multimedia02.s3.us-east-2.amazonaws.com/Produccion/tiendas/127/productos/765/7b5a02a8097ccf38.webp,nombre_original_fuente_exacto,alta,revisar_variante_antes_de_publicar,descargar_y_asignar_imagen_exacta
SRT-PENDING-E92B8F867376,"Cable TFF/GPT 18 AWG Cobre Flexible, Negro",Cable CC TFF N18 Negro,https://cablescolombia.com/producto/cable-cc-tff-n18-negro,https://multimedia02.s3.us-east-2.amazonaws.com/Produccion/tiendas/127/productos/766/458568755a59d0b5.webp,nombre_original_fuente_exacto,alta,revisar_variante_antes_de_publicar,descargar_y_asignar_imagen_exacta
SRT-PENDING-949BEFDBED1F,"Cable TFF/GPT 18 AWG Cobre Flexible, Rojo",Cable CC TFF N18 Rojo,https://cablescolombia.com/producto/cable-cc-tff-n18-rojo,https://multimedia02.s3.us-east-2.amazonaws.com/Produccion/tiendas/127/productos/768/e53381ebd3109de2.webp,nombre_original_fuente_exacto,alta,revisar_variante_antes_de_publicar,descargar_y_asignar_imagen_exacta
SRT-PENDING-95911EF85308,"Cable TFF/GPT 18 AWG Cobre Flexible, Verde",Cable CC TFF N18 Verde,https://cablescolombia.com/producto/cable-cc-tff-n18-verde,https://multimedia02.s3.us-east-2.amazonaws.com/Produccion/tiendas/127/productos/769/1be6fc4bc0b05501.webp,nombre_original_fuente_exacto,alta,revisar_variante_antes_de_publicar,descargar_y_asignar_imagen_exacta
SRT-PENDING-1078F0D00E75,"Cable TFF/GPT 6 AWG Cobre Flexible, Amarillo",Cable CC TFF N6 Amarillo,https://cablescolombia.com/producto/cable-cc-tff-n6-amarillo,https://multimedia02.s3.us-east-2.amazonaws.com/Produccion/tiendas/127/productos/770/02969e5907ec8adb.webp,nombre_original_fuente_exacto,alta,revisar_variante_antes_de_publicar,descargar_y_asignar_imagen_exacta
SRT-PENDING-ECEDB4494AD2,Cable TFF/GPT 8 AWG Cobre Flexible,Cable CC TFF N8 Café,https://cablescolombia.com/producto/cable-cc-tff-n8-cafe,https://multimedia02.s3.us-east-2.amazonaws.com/Produccion/tiendas/127/productos/778/ea7faf5cb5bd927e.webp,nombre_original_fuente_exacto,alta,revisar_variante_antes_de_publicar,descargar_y_asignar_imagen_exacta
SRT-PENDING-5C402979118A,"Cable TFF/GPT 8 AWG Cobre Flexible, Morado",Cable CC TFF N8 Morado,https://cablescolombia.com/producto/cable-cc-tff-n8-morado,https://multimedia02.s3.us-east-2.amazonaws.com/Produccion/tiendas/127/productos/779/3b20f105491c23df.webp,nombre_original_fuente_exacto,alta,revisar_variante_antes_de_publicar,descargar_y_asignar_imagen_exacta
SRT-PENDING-1ABE987AF0AC,"Cable TFF/GPT 8 AWG Cobre Flexible, Naranja",Cable CC TFF N8 Naranja,https://cablescolombia.com/producto/cable-cc-tff-n8-naranja,https://multimedia02.s3.us-east-2.amazonaws.com/Produccion/tiendas/127/productos/780/d02511446ae00d5e.webp,nombre_original_fuente_exacto,alta,revisar_variante_antes_de_publicar,descargar_y_asignar_imagen_exacta
SRT-PENDING-5EB5F15D5B6D,"Cable TFF/GPT 8 AWG Cobre Flexible, Negro",Cable CC TFF N8 Negro,https://cablescolombia.com/producto/cable-cc-tff-n8-negro,https://multimedia02.s3.us-east-2.amazonaws.com/Produccion/tiendas/127/productos/781/4063e6dabde5edf6.webp,nombre_original_fuente_exacto,alta,revisar_variante_antes_de_publicar,descargar_y_asignar_imagen_exacta
SRT-PENDING-437A6CFF3C13,"Cable TFF/GPT 8 AWG Cobre Flexible, Rojo",Cable CC TFF N8 Rojo,https://cablescolombia.com/producto/cable-cc-tff-n8-rojo,https://multimedia02.s3.us-east-2.amazonaws.com/Produccion/tiendas/127/productos/782/8d5972865d7b85be.webp,nombre_original_fuente_exacto,alta,revisar_variante_antes_de_publicar,descargar_y_asignar_imagen_exacta
SRT-PENDING-BC90394EFA5C,"Cable TFF/GPT 8 AWG Cobre Flexible, Verde",Cable CC TFF N8 Verde,https://cablescolombia.com/producto/cable-cc-tff-n8-verde,https://multimedia02.s3.us-east-2.amazonaws.com/Produccion/tiendas/127/productos/783/36f6d25fc9207bf7.webp,nombre_original_fuente_exacto,alta,revisar_variante_antes_de_publicar,descargar_y_asignar_imagen_exacta
SRT-PENDING-75B9E5CEA7C9,Cable Alumoweld 7x10 AWG,Cable Alumoweld 7x10 AWG,https://cablescolombia.com/producto/cable-alumoweld-7x10-awg,https://multimedia02.s3.us-east-2.amazonaws.com/Produccion/tiendas/127/productos/76678/b6b313313c4ea727.webp,nombre_original_fuente_exacto,alta,revisar_variante_antes_de_publicar,descargar_y_asignar_imagen_exacta
SRT-PENDING-398F38D306E4,Cable Alumoweld 7x8 AWG,Cable Alumoweld 7x8 AWG,https://cablescolombia.com/producto/cable-alumoweld-7x8-awg,https://multimedia02.s3.us-east-2.amazonaws.com/Produccion/tiendas/127/productos/76679/172b99fec1355635.webp,nombre_original_fuente_exacto,alta,revisar_variante_antes_de_publicar,descargar_y_asignar_imagen_exacta
SRT-PENDING-C947F80FF333,"Cable de Acero Galvanizado 3/8""","Cable De Acero Galvanizado 3/8""",https://cablescolombia.com/producto/cable-de-acero-galvanizado-3-8,https://multimedia02.s3.us-east-2.amazonaws.com/Produccion/tiendas/127/productos/76659/7b9156864a70dfa2.webp,nombre_original_fuente_exacto_y_url_fuente,alta,revisar_variante_antes_de_publicar,descargar_y_asignar_imagen_exacta
SRT-PENDING-1DE752DC1C7B,"Cable de Acero Galvanizado 5/16""","Cable De Acero Galvanizado 5/16""",https://cablescolombia.com/producto/cable-de-acero-galvanizado-5-16,https://multimedia02.s3.us-east-2.amazonaws.com/Produccion/tiendas/127/productos/76660/3b50a720e9bbda0d.webp,nombre_original_fuente_exacto_y_url_fuente,alta,revisar_variante_antes_de_publicar,descargar_y_asignar_imagen_exacta
SRT-PENDING-5AD5CC3ECD2A,"Cable de Acero Galvanizado 1/4""","Cable De Acero Galvanizado 1/4""",https://cablescolombia.com/producto/cable-de-acero-galvanizado-1-4,https://multimedia02.s3.us-east-2.amazonaws.com/Produccion/tiendas/127/productos/76661/5eb1b80aebf56ec3.webp,nombre_original_fuente_exacto_y_url_fuente,alta,revisar_variante_antes_de_publicar,descargar_y_asignar_imagen_exacta
SRT-PENDING-435471C553C3,Cable Acero-cobre CCS 7x8 AWG,Cable Acero De Cobre CCS 7x8AWG,https://cablescolombia.com/producto/cable-acero-de-cobre-ccs-7x8awg,https://multimedia02.s3.us-east-2.amazonaws.com/Produccion/tiendas/127/productos/76662/ea7463920040042c.webp,nombre_original_fuente_exacto_y_url_fuente,alta,revisar_variante_antes_de_publicar,descargar_y_asignar_imagen_exacta
SRT-PENDING-5A5C7767FB5F,Cable Acero-cobre CCS 7x10 AWG,Cable Acero De Cobre CCS 7x10AWG,https://cablescolombia.com/producto/cable-acero-de-cobre-ccs-7x10awg,https://multimedia02.s3.us-east-2.amazonaws.com/Produccion/tiendas/127/productos/76663/9cdbe06632a3569d.webp,nombre_original_fuente_exacto_y_url_fuente,alta,revisar_variante_antes_de_publicar,descargar_y_asignar_imagen_exacta
