sku,referencia_fabricante,marca,proveedor,fuente_datos_url,ficha_tecnica_url,fuente_imagen_url,estado_fuente,estado_imagen,verificado_en,notas
SRT-PENDING-70D84407714D,,Producto genérico Surtilec,Surtilec - investigación técnica de familia,https://www.nexans.co/es/products/Construcci%C3%B3n/Cables-de-Cobre-de-Baja-Tensi%C3%B3n-Aislados/Cable-THHN-THWN-2/Cable-Type24144.html,https://www.nexans.co/es/products/Construcci%C3%B3n/Cables-de-Cobre-de-Baja-Tensi%C3%B3n-Aislados/Cable-THHN-THWN-2/Cable-Type24144.html,,generica_verificada,autorizada,2026-08-03,Se contrastó la familia técnica Alambre/cable THHN/THWN-2 600 V. No se asigna una referencia ni marca de fabricante por semejanza. El SKU interno SRT-PENDING-70D84407714D es la referencia comercial de Surtilec hasta confirmar la referencia suministrada.
SRT-PENDING-5CF53639D7B1,,Producto genérico Surtilec,Surtilec - investigación técnica de familia,https://www.nexans.co/es/products/Construcci%C3%B3n/Cables-de-Cobre-de-Baja-Tensi%C3%B3n-Aislados/Cable-THHN-THWN-2/Cable-Type24144.html,https://www.nexans.co/es/products/Construcci%C3%B3n/Cables-de-Cobre-de-Baja-Tensi%C3%B3n-Aislados/Cable-THHN-THWN-2/Cable-Type24144.html,,generica_verificada,autorizada,2026-08-03,Se contrastó la familia técnica Alambre/cable THHN/THWN-2 600 V. No se asigna una referencia ni marca de fabricante por semejanza. El SKU interno SRT-PENDING-5CF53639D7B1 es la referencia comercial de Surtilec hasta confirmar la referencia suministrada.
SRT-PENDING-5C3DCAA96773,,Producto genérico Surtilec,Surtilec - investigación técnica de familia,https://www.nexans.co/es/products/Construcci%C3%B3n/Cables-de-Cobre-de-Baja-Tensi%C3%B3n-Aislados/Cable-THHN-THWN-2/Cable-Type24144.html,https://www.nexans.co/es/products/Construcci%C3%B3n/Cables-de-Cobre-de-Baja-Tensi%C3%B3n-Aislados/Cable-THHN-THWN-2/Cable-Type24144.html,,generica_verificada,autorizada,2026-08-03,Se contrastó la familia técnica Alambre/cable THHN/THWN-2 600 V. No se asigna una referencia ni marca de fabricante por semejanza. El SKU interno SRT-PENDING-5C3DCAA96773 es la referencia comercial de Surtilec hasta confirmar la referencia suministrada.
SRT-PENDING-936DED368A99,,Producto genérico Surtilec,Surtilec - investigación técnica de familia,https://www.nexans.co/es/products/Construcci%C3%B3n/Cables-de-Cobre-de-Baja-Tensi%C3%B3n-Aislados/Cable-THHN-THWN-2/Cable-Type24144.html,https://www.nexans.co/es/products/Construcci%C3%B3n/Cables-de-Cobre-de-Baja-Tensi%C3%B3n-Aislados/Cable-THHN-THWN-2/Cable-Type24144.html,,generica_verificada,autorizada,2026-08-03,Se contrastó la familia técnica Alambre/cable THHN/THWN-2 600 V. No se asigna una referencia ni marca de fabricante por semejanza. El SKU interno SRT-PENDING-936DED368A99 es la referencia comercial de Surtilec hasta confirmar la referencia suministrada.
SRT-PENDING-4DB22C8C2B3C,,Producto genérico Surtilec,Surtilec - investigación técnica de familia,https://www.nexans.co/es/products/Construcci%C3%B3n/Cables-de-Cobre-de-Baja-Tensi%C3%B3n-Aislados/Cable-THHN-THWN-2/Cable-Type24144.html,https://www.nexans.co/es/products/Construcci%C3%B3n/Cables-de-Cobre-de-Baja-Tensi%C3%B3n-Aislados/Cable-THHN-THWN-2/Cable-Type24144.html,,generica_verificada,autorizada,2026-08-03,Se contrastó la familia técnica Alambre/cable THHN/THWN-2 600 V. No se asigna una referencia ni marca de fabricante por semejanza. El SKU interno SRT-PENDING-4DB22C8C2B3C es la referencia comercial de Surtilec hasta confirmar la referencia suministrada.
SRT-PENDING-884A01319AA2,,Producto genérico Surtilec,Surtilec - investigación técnica de familia,https://www.nexans.co/es/products/Construcci%C3%B3n/Cables-de-Cobre-de-Baja-Tensi%C3%B3n-Aislados/Cable-THHN-THWN-2/Cable-Type24144.html,https://www.nexans.co/es/products/Construcci%C3%B3n/Cables-de-Cobre-de-Baja-Tensi%C3%B3n-Aislados/Cable-THHN-THWN-2/Cable-Type24144.html,,generica_verificada,autorizada,2026-08-03,Se contrastó la familia técnica Alambre/cable THHN/THWN-2 600 V. No se asigna una referencia ni marca de fabricante por semejanza. El SKU interno SRT-PENDING-884A01319AA2 es la referencia comercial de Surtilec hasta confirmar la referencia suministrada.
SRT-PENDING-E1E5B737ED58,,Producto genérico Surtilec,Surtilec - investigación técnica de familia,https://www.nexans.co/es/products/Construcci%C3%B3n/Cables-de-Cobre-de-Baja-Tensi%C3%B3n-Aislados/Cable-THHN-THWN-2/Cable-Type24144.html,https://www.nexans.co/es/products/Construcci%C3%B3n/Cables-de-Cobre-de-Baja-Tensi%C3%B3n-Aislados/Cable-THHN-THWN-2/Cable-Type24144.html,,generica_verificada,autorizada,2026-08-03,Se contrastó la familia técnica Alambre/cable THHN/THWN-2 600 V. No se asigna una referencia ni marca de fabricante por semejanza. El SKU interno SRT-PENDING-E1E5B737ED58 es la referencia comercial de Surtilec hasta confirmar la referencia suministrada.
SRT-PENDING-66B9A018EE33,,Producto genérico Surtilec,Surtilec - investigación técnica de familia,https://www.nexans.co/es/products/Construcci%C3%B3n/Cables-de-Cobre-de-Baja-Tensi%C3%B3n-Aislados/Cable-THHN-THWN-2/Cable-Type24144.html,https://www.nexans.co/es/products/Construcci%C3%B3n/Cables-de-Cobre-de-Baja-Tensi%C3%B3n-Aislados/Cable-THHN-THWN-2/Cable-Type24144.html,,generica_verificada,autorizada,2026-08-03,Se contrastó la familia técnica Alambre/cable THHN/THWN-2 600 V. No se asigna una referencia ni marca de fabricante por semejanza. El SKU interno SRT-PENDING-66B9A018EE33 es la referencia comercial de Surtilec hasta confirmar la referencia suministrada.
SRT-PENDING-266DB75795E4,,Producto genérico Surtilec,Surtilec - investigación técnica de familia,https://www.nexans.co/es/products/Construcci%C3%B3n/Cables-de-Cobre-de-Baja-Tensi%C3%B3n-Aislados/Cable-THHN-THWN-2/Cable-Type24144.html,https://www.nexans.co/es/products/Construcci%C3%B3n/Cables-de-Cobre-de-Baja-Tensi%C3%B3n-Aislados/Cable-THHN-THWN-2/Cable-Type24144.html,,generica_verificada,autorizada,2026-08-03,Se contrastó la familia técnica Alambre/cable THHN/THWN-2 600 V. No se asigna una referencia ni marca de fabricante por semejanza. El SKU interno SRT-PENDING-266DB75795E4 es la referencia comercial de Surtilec hasta confirmar la referencia suministrada.
SRT-PENDING-824826305DC2,,Producto genérico Surtilec,Surtilec - investigación técnica de familia,https://www.nexans.co/es/products/Construcci%C3%B3n/Cables-de-Cobre-de-Baja-Tensi%C3%B3n-Aislados/Cable-THHN-THWN-2/Cable-Type24144.html,https://www.nexans.co/es/products/Construcci%C3%B3n/Cables-de-Cobre-de-Baja-Tensi%C3%B3n-Aislados/Cable-THHN-THWN-2/Cable-Type24144.html,,generica_verificada,autorizada,2026-08-03,Se contrastó la familia técnica Alambre/cable THHN/THWN-2 600 V. No se asigna una referencia ni marca de fabricante por semejanza. El SKU interno SRT-PENDING-824826305DC2 es la referencia comercial de Surtilec hasta confirmar la referencia suministrada.
SRT-PENDING-FBFCC917B264,,Producto genérico Surtilec,Surtilec - investigación técnica de familia,https://www.nexans.co/es/products/Construcci%C3%B3n/Cables-de-Cobre-de-Baja-Tensi%C3%B3n-Aislados/Cable-THHN-THWN-2/Cable-Type24144.html,https://www.nexans.co/es/products/Construcci%C3%B3n/Cables-de-Cobre-de-Baja-Tensi%C3%B3n-Aislados/Cable-THHN-THWN-2/Cable-Type24144.html,,generica_verificada,autorizada,2026-08-03,Se contrastó la familia técnica Alambre/cable THHN/THWN-2 600 V. No se asigna una referencia ni marca de fabricante por semejanza. El SKU interno SRT-PENDING-FBFCC917B264 es la referencia comercial de Surtilec hasta confirmar la referencia suministrada.
SRT-PENDING-9EECB1397244,,Producto genérico Surtilec,Surtilec - investigación técnica de familia,https://www.nexans.co/es/products/Construcci%C3%B3n/Cables-de-Cobre-de-Baja-Tensi%C3%B3n-Aislados/Cable-THHN-THWN-2/Cable-Type24144.html,https://www.nexans.co/es/products/Construcci%C3%B3n/Cables-de-Cobre-de-Baja-Tensi%C3%B3n-Aislados/Cable-THHN-THWN-2/Cable-Type24144.html,,generica_verificada,autorizada,2026-08-03,Se contrastó la familia técnica Alambre/cable THHN/THWN-2 600 V. No se asigna una referencia ni marca de fabricante por semejanza. El SKU interno SRT-PENDING-9EECB1397244 es la referencia comercial de Surtilec hasta confirmar la referencia suministrada.
SRT-PENDING-4C332162507B,,Producto genérico Surtilec,Surtilec - investigación técnica de familia,https://www.nexans.co/es/products/Construcci%C3%B3n/Cables-de-Cobre-de-Baja-Tensi%C3%B3n-Aislados/Cable-THHN-THWN-2/Cable-Type24144.html,https://www.nexans.co/es/products/Construcci%C3%B3n/Cables-de-Cobre-de-Baja-Tensi%C3%B3n-Aislados/Cable-THHN-THWN-2/Cable-Type24144.html,,generica_verificada,autorizada,2026-08-03,Se contrastó la familia técnica Alambre/cable THHN/THWN-2 600 V. No se asigna una referencia ni marca de fabricante por semejanza. El SKU interno SRT-PENDING-4C332162507B es la referencia comercial de Surtilec hasta confirmar la referencia suministrada.
SRT-PENDING-C526999CC316,,Producto genérico Surtilec,Surtilec - investigación técnica de familia,https://www.nexans.co/es/products/Construcci%C3%B3n/Cables-de-Cobre-de-Baja-Tensi%C3%B3n-Aislados/Cable-THHN-THWN-2/Cable-Type24144.html,https://www.nexans.co/es/products/Construcci%C3%B3n/Cables-de-Cobre-de-Baja-Tensi%C3%B3n-Aislados/Cable-THHN-THWN-2/Cable-Type24144.html,,generica_verificada,autorizada,2026-08-03,Se contrastó la familia técnica Alambre/cable THHN/THWN-2 600 V. No se asigna una referencia ni marca de fabricante por semejanza. El SKU interno SRT-PENDING-C526999CC316 es la referencia comercial de Surtilec hasta confirmar la referencia suministrada.
SRT-PENDING-0C9C276CC06B,,Producto genérico Surtilec,Surtilec - investigación técnica de familia,https://www.nexans.co/es/products/Construcci%C3%B3n/Cables-de-Cobre-de-Baja-Tensi%C3%B3n-Aislados/Cable-THHN-THWN-2/Cable-Type24144.html,https://www.nexans.co/es/products/Construcci%C3%B3n/Cables-de-Cobre-de-Baja-Tensi%C3%B3n-Aislados/Cable-THHN-THWN-2/Cable-Type24144.html,,generica_verificada,autorizada,2026-08-03,Se contrastó la familia técnica Alambre/cable THHN/THWN-2 600 V. No se asigna una referencia ni marca de fabricante por semejanza. El SKU interno SRT-PENDING-0C9C276CC06B es la referencia comercial de Surtilec hasta confirmar la referencia suministrada.
SRT-PENDING-6CE65FDFB4CD,,Producto genérico Surtilec,Surtilec - investigación técnica de familia,https://www.nexans.co/es/products/Construcci%C3%B3n/Cables-de-Cobre-de-Baja-Tensi%C3%B3n-Aislados/Cable-THHN-THWN-2/Cable-Type24144.html,https://www.nexans.co/es/products/Construcci%C3%B3n/Cables-de-Cobre-de-Baja-Tensi%C3%B3n-Aislados/Cable-THHN-THWN-2/Cable-Type24144.html,,generica_verificada,autorizada,2026-08-03,Se contrastó la familia técnica Alambre/cable THHN/THWN-2 600 V. No se asigna una referencia ni marca de fabricante por semejanza. El SKU interno SRT-PENDING-6CE65FDFB4CD es la referencia comercial de Surtilec hasta confirmar la referencia suministrada.
SRT-PENDING-D60273BF0E1F,,Producto genérico Surtilec,Surtilec - investigación técnica de familia,https://www.nexans.co/es/products/Construcci%C3%B3n/Cables-de-Cobre-de-Baja-Tensi%C3%B3n-Aislados/Cable-THHN-THWN-2/Cable-Type24144.html,https://www.nexans.co/es/products/Construcci%C3%B3n/Cables-de-Cobre-de-Baja-Tensi%C3%B3n-Aislados/Cable-THHN-THWN-2/Cable-Type24144.html,,generica_verificada,autorizada,2026-08-03,Se contrastó la familia técnica Alambre/cable THHN/THWN-2 600 V. No se asigna una referencia ni marca de fabricante por semejanza. El SKU interno SRT-PENDING-D60273BF0E1F es la referencia comercial de Surtilec hasta confirmar la referencia suministrada.
SRT-PENDING-04E75D17520F,,Producto genérico Surtilec,Surtilec - investigación técnica de familia,https://www.nexans.co/es/products/Construcci%C3%B3n/Cables-de-Cobre-de-Baja-Tensi%C3%B3n-Aislados/Cable-THHN-THWN-2/Cable-Type24144.html,https://www.nexans.co/es/products/Construcci%C3%B3n/Cables-de-Cobre-de-Baja-Tensi%C3%B3n-Aislados/Cable-THHN-THWN-2/Cable-Type24144.html,,generica_verificada,autorizada,2026-08-03,Se contrastó la familia técnica Alambre/cable THHN/THWN-2 600 V. No se asigna una referencia ni marca de fabricante por semejanza. El SKU interno SRT-PENDING-04E75D17520F es la referencia comercial de Surtilec hasta confirmar la referencia suministrada.
SRT-PENDING-1166A4BE4FAB,,Producto genérico Surtilec,Surtilec - investigación técnica de familia,https://www.nexans.co/es/products/Construcci%C3%B3n/Cables-de-Cobre-de-Baja-Tensi%C3%B3n-Aislados/Cable-THHN-THWN-2/Cable-Type24144.html,https://www.nexans.co/es/products/Construcci%C3%B3n/Cables-de-Cobre-de-Baja-Tensi%C3%B3n-Aislados/Cable-THHN-THWN-2/Cable-Type24144.html,,generica_verificada,autorizada,2026-08-03,Se contrastó la familia técnica Alambre/cable THHN/THWN-2 600 V. No se asigna una referencia ni marca de fabricante por semejanza. El SKU interno SRT-PENDING-1166A4BE4FAB es la referencia comercial de Surtilec hasta confirmar la referencia suministrada.
SRT-PENDING-75C2F07B5EC2,,Producto genérico Surtilec,Surtilec - investigación técnica de familia,https://www.nexans.co/es/products/Construcci%C3%B3n/Cables-de-Cobre-de-Baja-Tensi%C3%B3n-Aislados/Cable-THHN-THWN-2/Cable-Type24144.html,https://www.nexans.co/es/products/Construcci%C3%B3n/Cables-de-Cobre-de-Baja-Tensi%C3%B3n-Aislados/Cable-THHN-THWN-2/Cable-Type24144.html,,generica_verificada,autorizada,2026-08-03,Se contrastó la familia técnica Alambre/cable THHN/THWN-2 600 V. No se asigna una referencia ni marca de fabricante por semejanza. El SKU interno SRT-PENDING-75C2F07B5EC2 es la referencia comercial de Surtilec hasta confirmar la referencia suministrada.
SRT-PENDING-DFD91AC5C680,,Producto genérico Surtilec,Surtilec - investigación técnica de familia,https://www.nexans.co/es/products/Construcci%C3%B3n/Cables-de-Cobre-de-Baja-Tensi%C3%B3n-Aislados/Cable-THHN-THWN-2/Cable-Type24144.html,https://www.nexans.co/es/products/Construcci%C3%B3n/Cables-de-Cobre-de-Baja-Tensi%C3%B3n-Aislados/Cable-THHN-THWN-2/Cable-Type24144.html,,generica_verificada,autorizada,2026-08-03,Se contrastó la familia técnica Alambre/cable THHN/THWN-2 600 V. No se asigna una referencia ni marca de fabricante por semejanza. El SKU interno SRT-PENDING-DFD91AC5C680 es la referencia comercial de Surtilec hasta confirmar la referencia suministrada.
SRT-PENDING-6C3361585ADF,,Producto genérico Surtilec,Surtilec - investigación técnica de familia,https://www.nexans.co/es/products/Construcci%C3%B3n/Cables-de-Cobre-de-Baja-Tensi%C3%B3n-Aislados/Cable-THHN-THWN-2/Cable-Type24144.html,https://www.nexans.co/es/products/Construcci%C3%B3n/Cables-de-Cobre-de-Baja-Tensi%C3%B3n-Aislados/Cable-THHN-THWN-2/Cable-Type24144.html,,generica_verificada,autorizada,2026-08-03,Se contrastó la familia técnica Alambre/cable THHN/THWN-2 600 V. No se asigna una referencia ni marca de fabricante por semejanza. El SKU interno SRT-PENDING-6C3361585ADF es la referencia comercial de Surtilec hasta confirmar la referencia suministrada.
SRT-PENDING-756929C8D6E7,,Producto genérico Surtilec,Surtilec - investigación técnica de familia,https://www.nexans.co/es/products/Construcci%C3%B3n/Cables-de-Cobre-de-Baja-Tensi%C3%B3n-Aislados/Cable-THHN-THWN-2/Cable-Type24144.html,https://www.nexans.co/es/products/Construcci%C3%B3n/Cables-de-Cobre-de-Baja-Tensi%C3%B3n-Aislados/Cable-THHN-THWN-2/Cable-Type24144.html,,generica_verificada,autorizada,2026-08-03,Se contrastó la familia técnica Alambre/cable THHN/THWN-2 600 V. No se asigna una referencia ni marca de fabricante por semejanza. El SKU interno SRT-PENDING-756929C8D6E7 es la referencia comercial de Surtilec hasta confirmar la referencia suministrada.
SRT-PENDING-86987D275B9F,,Producto genérico Surtilec,Surtilec - investigación técnica de familia,https://www.nexans.co/es/products/Construcci%C3%B3n/Cables-de-Cobre-de-Baja-Tensi%C3%B3n-Aislados/Cable-THHN-THWN-2/Cable-Type24144.html,https://www.nexans.co/es/products/Construcci%C3%B3n/Cables-de-Cobre-de-Baja-Tensi%C3%B3n-Aislados/Cable-THHN-THWN-2/Cable-Type24144.html,,generica_verificada,autorizada,2026-08-03,Se contrastó la familia técnica Alambre/cable THHN/THWN-2 600 V. No se asigna una referencia ni marca de fabricante por semejanza. El SKU interno SRT-PENDING-86987D275B9F es la referencia comercial de Surtilec hasta confirmar la referencia suministrada.
SRT-PENDING-21FD6C300A41,,Producto genérico Surtilec,Surtilec - investigación técnica de familia,https://www.nexans.co/es/products/Construcci%C3%B3n/Cables-de-Cobre-de-Baja-Tensi%C3%B3n-Aislados/Cable-THHN-THWN-2/Cable-Type24144.html,https://www.nexans.co/es/products/Construcci%C3%B3n/Cables-de-Cobre-de-Baja-Tensi%C3%B3n-Aislados/Cable-THHN-THWN-2/Cable-Type24144.html,,generica_verificada,autorizada,2026-08-03,Se contrastó la familia técnica Alambre/cable THHN/THWN-2 600 V. No se asigna una referencia ni marca de fabricante por semejanza. El SKU interno SRT-PENDING-21FD6C300A41 es la referencia comercial de Surtilec hasta confirmar la referencia suministrada.
SRT-PENDING-F5A166F079E1,,Producto genérico Surtilec,Surtilec - investigación técnica de familia,https://www.nexans.co/es/products/Construcci%C3%B3n/Cables-de-Cobre-de-Baja-Tensi%C3%B3n-Aislados/Cable-THHN-THWN-2/Cable-Type24144.html,https://www.nexans.co/es/products/Construcci%C3%B3n/Cables-de-Cobre-de-Baja-Tensi%C3%B3n-Aislados/Cable-THHN-THWN-2/Cable-Type24144.html,,generica_verificada,autorizada,2026-08-03,Se contrastó la familia técnica Alambre/cable THHN/THWN-2 600 V. No se asigna una referencia ni marca de fabricante por semejanza. El SKU interno SRT-PENDING-F5A166F079E1 es la referencia comercial de Surtilec hasta confirmar la referencia suministrada.
SRT-PENDING-60537BFEA285,,Producto genérico Surtilec,Surtilec - investigación técnica de familia,https://www.nexans.co/es/products/Construcci%C3%B3n/Cables-de-Cobre-de-Baja-Tensi%C3%B3n-Aislados/Cable-THHN-THWN-2/Cable-Type24144.html,https://www.nexans.co/es/products/Construcci%C3%B3n/Cables-de-Cobre-de-Baja-Tensi%C3%B3n-Aislados/Cable-THHN-THWN-2/Cable-Type24144.html,,generica_verificada,autorizada,2026-08-03,Se contrastó la familia técnica Alambre/cable THHN/THWN-2 600 V. No se asigna una referencia ni marca de fabricante por semejanza. El SKU interno SRT-PENDING-60537BFEA285 es la referencia comercial de Surtilec hasta confirmar la referencia suministrada.
SRT-PENDING-AD03162171F4,,Producto genérico Surtilec,Surtilec - investigación técnica de familia,https://www.nexans.co/es/products/Construcci%C3%B3n/Cables-de-Cobre-de-Baja-Tensi%C3%B3n-Aislados/Cable-THHN-THWN-2/Cable-Type24144.html,https://www.nexans.co/es/products/Construcci%C3%B3n/Cables-de-Cobre-de-Baja-Tensi%C3%B3n-Aislados/Cable-THHN-THWN-2/Cable-Type24144.html,,generica_verificada,autorizada,2026-08-03,Se contrastó la familia técnica Alambre/cable THHN/THWN-2 600 V. No se asigna una referencia ni marca de fabricante por semejanza. El SKU interno SRT-PENDING-AD03162171F4 es la referencia comercial de Surtilec hasta confirmar la referencia suministrada.
SRT-PENDING-C19135D919A3,,Producto genérico Surtilec,Surtilec - investigación técnica de familia,https://www.nexans.co/es/products/Construcci%C3%B3n/Cables-de-Cobre-de-Baja-Tensi%C3%B3n-Aislados/Cable-THHN-THWN-2/Cable-Type24144.html,https://www.nexans.co/es/products/Construcci%C3%B3n/Cables-de-Cobre-de-Baja-Tensi%C3%B3n-Aislados/Cable-THHN-THWN-2/Cable-Type24144.html,,generica_verificada,autorizada,2026-08-03,Se contrastó la familia técnica Alambre/cable THHN/THWN-2 600 V. No se asigna una referencia ni marca de fabricante por semejanza. El SKU interno SRT-PENDING-C19135D919A3 es la referencia comercial de Surtilec hasta confirmar la referencia suministrada.
SRT-PENDING-B4C4339BB418,,Producto genérico Surtilec,Surtilec - investigación técnica de familia,https://www.nexans.co/es/products/Construcci%C3%B3n/Cables-de-Cobre-de-Baja-Tensi%C3%B3n-Aislados/Cable-THHN-THWN-2/Cable-Type24144.html,https://www.nexans.co/es/products/Construcci%C3%B3n/Cables-de-Cobre-de-Baja-Tensi%C3%B3n-Aislados/Cable-THHN-THWN-2/Cable-Type24144.html,,generica_verificada,autorizada,2026-08-03,Se contrastó la familia técnica Alambre/cable THHN/THWN-2 600 V. No se asigna una referencia ni marca de fabricante por semejanza. El SKU interno SRT-PENDING-B4C4339BB418 es la referencia comercial de Surtilec hasta confirmar la referencia suministrada.
SRT-PENDING-BF4F71F6A068,,Producto genérico Surtilec,Surtilec - investigación técnica de familia,https://www.nexans.co/es/products/Construcci%C3%B3n/Cables-de-Cobre-de-Baja-Tensi%C3%B3n-Aislados/Cable-THHN-THWN-2/Cable-Type24144.html,https://www.nexans.co/es/products/Construcci%C3%B3n/Cables-de-Cobre-de-Baja-Tensi%C3%B3n-Aislados/Cable-THHN-THWN-2/Cable-Type24144.html,,generica_verificada,autorizada,2026-08-03,Se contrastó la familia técnica Alambre/cable THHN/THWN-2 600 V. No se asigna una referencia ni marca de fabricante por semejanza. El SKU interno SRT-PENDING-BF4F71F6A068 es la referencia comercial de Surtilec hasta confirmar la referencia suministrada.
SRT-PENDING-CCECBBFDD5DE,,Producto genérico Surtilec,Surtilec - investigación técnica de familia,https://www.nexans.co/es/products/Construcci%C3%B3n/Cables-de-Cobre-de-Baja-Tensi%C3%B3n-Aislados/Cable-THHN-THWN-2/Cable-Type24144.html,https://www.nexans.co/es/products/Construcci%C3%B3n/Cables-de-Cobre-de-Baja-Tensi%C3%B3n-Aislados/Cable-THHN-THWN-2/Cable-Type24144.html,,generica_verificada,autorizada,2026-08-03,Se contrastó la familia técnica Alambre/cable THHN/THWN-2 600 V. No se asigna una referencia ni marca de fabricante por semejanza. El SKU interno SRT-PENDING-CCECBBFDD5DE es la referencia comercial de Surtilec hasta confirmar la referencia suministrada.
SRT-PENDING-816DD2F59DE2,,Producto genérico Surtilec,Surtilec - investigación técnica de familia,https://www.nexans.co/es/products/Construcci%C3%B3n/Cables-de-Cobre-de-Baja-Tensi%C3%B3n-Aislados/Cable-THHN-THWN-2/Cable-Type24144.html,https://www.nexans.co/es/products/Construcci%C3%B3n/Cables-de-Cobre-de-Baja-Tensi%C3%B3n-Aislados/Cable-THHN-THWN-2/Cable-Type24144.html,,generica_verificada,autorizada,2026-08-03,Se contrastó la familia técnica Alambre/cable THHN/THWN-2 600 V. No se asigna una referencia ni marca de fabricante por semejanza. El SKU interno SRT-PENDING-816DD2F59DE2 es la referencia comercial de Surtilec hasta confirmar la referencia suministrada.
SRT-PENDING-CB8A583550CE,,Producto genérico Surtilec,Surtilec - investigación técnica de familia,https://www.nexans.co/es/products/Construcci%C3%B3n/Cables-de-Cobre-de-Baja-Tensi%C3%B3n-Aislados/Cable-THHN-THWN-2/Cable-Type24144.html,https://www.nexans.co/es/products/Construcci%C3%B3n/Cables-de-Cobre-de-Baja-Tensi%C3%B3n-Aislados/Cable-THHN-THWN-2/Cable-Type24144.html,,generica_verificada,autorizada,2026-08-03,Se contrastó la familia técnica Alambre/cable THHN/THWN-2 600 V. No se asigna una referencia ni marca de fabricante por semejanza. El SKU interno SRT-PENDING-CB8A583550CE es la referencia comercial de Surtilec hasta confirmar la referencia suministrada.
SRT-PENDING-8F3183B05B49,,Producto genérico Surtilec,Surtilec - investigación técnica de familia,https://www.nexans.co/es/products/Construcci%C3%B3n/Cables-de-Cobre-de-Baja-Tensi%C3%B3n-Aislados/Cable-THHN-THWN-2/Cable-Type24144.html,https://www.nexans.co/es/products/Construcci%C3%B3n/Cables-de-Cobre-de-Baja-Tensi%C3%B3n-Aislados/Cable-THHN-THWN-2/Cable-Type24144.html,,generica_verificada,autorizada,2026-08-03,Se contrastó la familia técnica Alambre/cable THHN/THWN-2 600 V. No se asigna una referencia ni marca de fabricante por semejanza. El SKU interno SRT-PENDING-8F3183B05B49 es la referencia comercial de Surtilec hasta confirmar la referencia suministrada.
SRT-PENDING-073A5AB5611A,,Producto genérico Surtilec,Surtilec - investigación técnica de familia,https://www.nexans.co/es/products/Construcci%C3%B3n/Cables-de-Cobre-de-Baja-Tensi%C3%B3n-Aislados/Cable-THHN-THWN-2/Cable-Type24144.html,https://www.nexans.co/es/products/Construcci%C3%B3n/Cables-de-Cobre-de-Baja-Tensi%C3%B3n-Aislados/Cable-THHN-THWN-2/Cable-Type24144.html,,generica_verificada,autorizada,2026-08-03,Se contrastó la familia técnica Alambre/cable THHN/THWN-2 600 V. No se asigna una referencia ni marca de fabricante por semejanza. El SKU interno SRT-PENDING-073A5AB5611A es la referencia comercial de Surtilec hasta confirmar la referencia suministrada.
SRT-PENDING-DDE1F397583D,,Producto genérico Surtilec,Surtilec - investigación técnica de familia,https://www.nexans.co/es/products/Construcci%C3%B3n/Cables-de-Cobre-de-Baja-Tensi%C3%B3n-Aislados/Cable-THHN-THWN-2/Cable-Type24144.html,https://www.nexans.co/es/products/Construcci%C3%B3n/Cables-de-Cobre-de-Baja-Tensi%C3%B3n-Aislados/Cable-THHN-THWN-2/Cable-Type24144.html,,generica_verificada,autorizada,2026-08-03,Se contrastó la familia técnica Alambre/cable THHN/THWN-2 600 V. No se asigna una referencia ni marca de fabricante por semejanza. El SKU interno SRT-PENDING-DDE1F397583D es la referencia comercial de Surtilec hasta confirmar la referencia suministrada.
SRT-PENDING-692D488C739A,,Producto genérico Surtilec,Surtilec - investigación técnica de familia,https://www.nexans.co/es/products/Construcci%C3%B3n/Cables-de-Cobre-de-Baja-Tensi%C3%B3n-Aislados/Cable-THHN-THWN-2/Cable-Type24144.html,https://www.nexans.co/es/products/Construcci%C3%B3n/Cables-de-Cobre-de-Baja-Tensi%C3%B3n-Aislados/Cable-THHN-THWN-2/Cable-Type24144.html,,generica_verificada,autorizada,2026-08-03,Se contrastó la familia técnica Alambre/cable THHN/THWN-2 600 V. No se asigna una referencia ni marca de fabricante por semejanza. El SKU interno SRT-PENDING-692D488C739A es la referencia comercial de Surtilec hasta confirmar la referencia suministrada.
SRT-PENDING-0793CB189B99,,Producto genérico Surtilec,Surtilec - investigación técnica de familia,https://www.nexans.co/es/products/Construcci%C3%B3n/Cables-de-Cobre-de-Baja-Tensi%C3%B3n-Aislados/Cable-THHN-THWN-2/Cable-Type24144.html,https://www.nexans.co/es/products/Construcci%C3%B3n/Cables-de-Cobre-de-Baja-Tensi%C3%B3n-Aislados/Cable-THHN-THWN-2/Cable-Type24144.html,,generica_verificada,autorizada,2026-08-03,Se contrastó la familia técnica Alambre/cable THHN/THWN-2 600 V. No se asigna una referencia ni marca de fabricante por semejanza. El SKU interno SRT-PENDING-0793CB189B99 es la referencia comercial de Surtilec hasta confirmar la referencia suministrada.
SRT-PENDING-E165E6F74DD3,,Producto genérico Surtilec,Surtilec - investigación técnica de familia,https://www.nexans.co/es/products/Construcci%C3%B3n/Cables-de-Cobre-de-Baja-Tensi%C3%B3n-Aislados/Cable-THHN-THWN-2/Cable-Type24144.html,https://www.nexans.co/es/products/Construcci%C3%B3n/Cables-de-Cobre-de-Baja-Tensi%C3%B3n-Aislados/Cable-THHN-THWN-2/Cable-Type24144.html,,generica_verificada,autorizada,2026-08-03,Se contrastó la familia técnica Alambre/cable THHN/THWN-2 600 V. No se asigna una referencia ni marca de fabricante por semejanza. El SKU interno SRT-PENDING-E165E6F74DD3 es la referencia comercial de Surtilec hasta confirmar la referencia suministrada.
SRT-PENDING-92276926BA9C,,Producto genérico Surtilec,Surtilec - investigación técnica de familia,https://www.nexans.co/es/products/Construcci%C3%B3n/Cables-de-Cobre-de-Baja-Tensi%C3%B3n-Aislados/Cable-THHN-THWN-2/Cable-Type24144.html,https://www.nexans.co/es/products/Construcci%C3%B3n/Cables-de-Cobre-de-Baja-Tensi%C3%B3n-Aislados/Cable-THHN-THWN-2/Cable-Type24144.html,,generica_verificada,autorizada,2026-08-03,Se contrastó la familia técnica Alambre/cable THHN/THWN-2 600 V. No se asigna una referencia ni marca de fabricante por semejanza. El SKU interno SRT-PENDING-92276926BA9C es la referencia comercial de Surtilec hasta confirmar la referencia suministrada.
SRT-PENDING-1EE8DD2575A6,,Producto genérico Surtilec,Surtilec - investigación técnica de familia,https://www.nexans.co/es/products/Construcci%C3%B3n/Cables-de-Cobre-de-Baja-Tensi%C3%B3n-Aislados/Cable-THHN-THWN-2/Cable-Type24144.html,https://www.nexans.co/es/products/Construcci%C3%B3n/Cables-de-Cobre-de-Baja-Tensi%C3%B3n-Aislados/Cable-THHN-THWN-2/Cable-Type24144.html,,generica_verificada,autorizada,2026-08-03,Se contrastó la familia técnica Alambre/cable THHN/THWN-2 600 V. No se asigna una referencia ni marca de fabricante por semejanza. El SKU interno SRT-PENDING-1EE8DD2575A6 es la referencia comercial de Surtilec hasta confirmar la referencia suministrada.
SRT-PENDING-6BA5A1DAA2AC,,Producto genérico Surtilec,Surtilec - investigación técnica de familia,https://www.nexans.co/es/products/Construcci%C3%B3n/Cables-de-Cobre-de-Baja-Tensi%C3%B3n-Aislados/Cable-THHN-THWN-2/Cable-Type24144.html,https://www.nexans.co/es/products/Construcci%C3%B3n/Cables-de-Cobre-de-Baja-Tensi%C3%B3n-Aislados/Cable-THHN-THWN-2/Cable-Type24144.html,,generica_verificada,autorizada,2026-08-03,Se contrastó la familia técnica Alambre/cable THHN/THWN-2 600 V. No se asigna una referencia ni marca de fabricante por semejanza. El SKU interno SRT-PENDING-6BA5A1DAA2AC es la referencia comercial de Surtilec hasta confirmar la referencia suministrada.
SRT-PENDING-8B3722E7CB2B,,Producto genérico Surtilec,Surtilec - investigación técnica de familia,https://www.nexans.co/es/products/Construcci%C3%B3n/Cables-de-Cobre-de-Baja-Tensi%C3%B3n-Aislados/Cable-THHN-THWN-2/Cable-Type24144.html,https://www.nexans.co/es/products/Construcci%C3%B3n/Cables-de-Cobre-de-Baja-Tensi%C3%B3n-Aislados/Cable-THHN-THWN-2/Cable-Type24144.html,,generica_verificada,autorizada,2026-08-03,Se contrastó la familia técnica Alambre/cable THHN/THWN-2 600 V. No se asigna una referencia ni marca de fabricante por semejanza. El SKU interno SRT-PENDING-8B3722E7CB2B es la referencia comercial de Surtilec hasta confirmar la referencia suministrada.
SRT-PENDING-0CEB7A30C550,,Producto genérico Surtilec,Surtilec - investigación técnica de familia,https://www.nexans.co/es/products/Construcci%C3%B3n/Cables-de-Cobre-de-Baja-Tensi%C3%B3n-Aislados/Cable-THHN-THWN-2/Cable-Type24144.html,https://www.nexans.co/es/products/Construcci%C3%B3n/Cables-de-Cobre-de-Baja-Tensi%C3%B3n-Aislados/Cable-THHN-THWN-2/Cable-Type24144.html,,generica_verificada,autorizada,2026-08-03,Se contrastó la familia técnica Alambre/cable THHN/THWN-2 600 V. No se asigna una referencia ni marca de fabricante por semejanza. El SKU interno SRT-PENDING-0CEB7A30C550 es la referencia comercial de Surtilec hasta confirmar la referencia suministrada.
SRT-PENDING-1CEB98D50A52,,Producto genérico Surtilec,Surtilec - investigación técnica de familia,https://www.nexans.co/es/products/Construcci%C3%B3n/Cables-de-Cobre-de-Baja-Tensi%C3%B3n-Aislados/Cable-THHN-THWN-2/Cable-Type24144.html,https://www.nexans.co/es/products/Construcci%C3%B3n/Cables-de-Cobre-de-Baja-Tensi%C3%B3n-Aislados/Cable-THHN-THWN-2/Cable-Type24144.html,,generica_verificada,autorizada,2026-08-03,Se contrastó la familia técnica Alambre/cable THHN/THWN-2 600 V. No se asigna una referencia ni marca de fabricante por semejanza. El SKU interno SRT-PENDING-1CEB98D50A52 es la referencia comercial de Surtilec hasta confirmar la referencia suministrada.
SRT-PENDING-CCD73200B6F2,,Producto genérico Surtilec,Surtilec - investigación técnica de familia,https://www.nexans.co/es/products/Construcci%C3%B3n/Cables-de-Cobre-de-Baja-Tensi%C3%B3n-Aislados/Cable-THHN-THWN-2/Cable-Type24144.html,https://www.nexans.co/es/products/Construcci%C3%B3n/Cables-de-Cobre-de-Baja-Tensi%C3%B3n-Aislados/Cable-THHN-THWN-2/Cable-Type24144.html,,generica_verificada,autorizada,2026-08-03,Se contrastó la familia técnica Alambre/cable THHN/THWN-2 600 V. No se asigna una referencia ni marca de fabricante por semejanza. El SKU interno SRT-PENDING-CCD73200B6F2 es la referencia comercial de Surtilec hasta confirmar la referencia suministrada.
SRT-PENDING-F261807B9900,,Producto genérico Surtilec,Surtilec - investigación técnica de familia,https://www.nexans.co/es/products/Construcci%C3%B3n/Cables-de-Cobre-de-Baja-Tensi%C3%B3n-Aislados/Cable-THHN-THWN-2/Cable-Type24144.html,https://www.nexans.co/es/products/Construcci%C3%B3n/Cables-de-Cobre-de-Baja-Tensi%C3%B3n-Aislados/Cable-THHN-THWN-2/Cable-Type24144.html,,generica_verificada,autorizada,2026-08-03,Se contrastó la familia técnica Alambre/cable THHN/THWN-2 600 V. No se asigna una referencia ni marca de fabricante por semejanza. El SKU interno SRT-PENDING-F261807B9900 es la referencia comercial de Surtilec hasta confirmar la referencia suministrada.
SRT-PENDING-4C460F3BCB10,,Producto genérico Surtilec,Surtilec - investigación técnica de familia,https://www.nexans.co/es/products/Construcci%C3%B3n/Cables-de-Cobre-de-Baja-Tensi%C3%B3n-Aislados/Cable-THHN-THWN-2/Cable-Type24144.html,https://www.nexans.co/es/products/Construcci%C3%B3n/Cables-de-Cobre-de-Baja-Tensi%C3%B3n-Aislados/Cable-THHN-THWN-2/Cable-Type24144.html,,generica_verificada,autorizada,2026-08-03,Se contrastó la familia técnica Alambre/cable THHN/THWN-2 600 V. No se asigna una referencia ni marca de fabricante por semejanza. El SKU interno SRT-PENDING-4C460F3BCB10 es la referencia comercial de Surtilec hasta confirmar la referencia suministrada.
SRT-PENDING-B03FCD60601B,,Producto genérico Surtilec,Surtilec - investigación técnica de familia,https://www.nexans.co/es/products/Construcci%C3%B3n/Cables-de-Cobre-de-Baja-Tensi%C3%B3n-Aislados/Cable-THHN-THWN-2/Cable-Type24144.html,https://www.nexans.co/es/products/Construcci%C3%B3n/Cables-de-Cobre-de-Baja-Tensi%C3%B3n-Aislados/Cable-THHN-THWN-2/Cable-Type24144.html,,generica_verificada,autorizada,2026-08-03,Se contrastó la familia técnica Alambre/cable THHN/THWN-2 600 V. No se asigna una referencia ni marca de fabricante por semejanza. El SKU interno SRT-PENDING-B03FCD60601B es la referencia comercial de Surtilec hasta confirmar la referencia suministrada.
SRT-PENDING-03893103C5CC,,Producto genérico Surtilec,Surtilec - investigación técnica de familia,https://www.nexans.co/es/products/Construcci%C3%B3n/Cables-de-Cobre-de-Baja-Tensi%C3%B3n-Aislados/Cable-THHN-THWN-2/Cable-Type24144.html,https://www.nexans.co/es/products/Construcci%C3%B3n/Cables-de-Cobre-de-Baja-Tensi%C3%B3n-Aislados/Cable-THHN-THWN-2/Cable-Type24144.html,,generica_verificada,autorizada,2026-08-03,Se contrastó la familia técnica Alambre/cable THHN/THWN-2 600 V. No se asigna una referencia ni marca de fabricante por semejanza. El SKU interno SRT-PENDING-03893103C5CC es la referencia comercial de Surtilec hasta confirmar la referencia suministrada.
SRT-PENDING-BB2B59952D1B,,Producto genérico Surtilec,Surtilec - investigación técnica de familia,https://www.nexans.co/es/products/Construcci%C3%B3n/Cables-de-Cobre-de-Baja-Tensi%C3%B3n-Aislados/Cable-THHN-THWN-2/Cable-Type24144.html,https://www.nexans.co/es/products/Construcci%C3%B3n/Cables-de-Cobre-de-Baja-Tensi%C3%B3n-Aislados/Cable-THHN-THWN-2/Cable-Type24144.html,,generica_verificada,autorizada,2026-08-03,Se contrastó la familia técnica Alambre/cable THHN/THWN-2 600 V. No se asigna una referencia ni marca de fabricante por semejanza. El SKU interno SRT-PENDING-BB2B59952D1B es la referencia comercial de Surtilec hasta confirmar la referencia suministrada.
SRT-PENDING-920AA95588FF,,Producto genérico Surtilec,Surtilec - investigación técnica de familia,https://www.nexans.co/es/products/Construcci%C3%B3n/Cables-de-Cobre-de-Baja-Tensi%C3%B3n-Aislados/Cable-THHN-THWN-2/Cable-Type24144.html,https://www.nexans.co/es/products/Construcci%C3%B3n/Cables-de-Cobre-de-Baja-Tensi%C3%B3n-Aislados/Cable-THHN-THWN-2/Cable-Type24144.html,,generica_verificada,autorizada,2026-08-03,Se contrastó la familia técnica Alambre/cable THHN/THWN-2 600 V. No se asigna una referencia ni marca de fabricante por semejanza. El SKU interno SRT-PENDING-920AA95588FF es la referencia comercial de Surtilec hasta confirmar la referencia suministrada.
SRT-PENDING-5D89757874CE,,Producto genérico Surtilec,Surtilec - investigación técnica de familia,https://www.nexans.co/es/products/Construcci%C3%B3n/Cables-de-Cobre-de-Baja-Tensi%C3%B3n-Aislados/Cable-THHN-THWN-2/Cable-Type24144.html,https://www.nexans.co/es/products/Construcci%C3%B3n/Cables-de-Cobre-de-Baja-Tensi%C3%B3n-Aislados/Cable-THHN-THWN-2/Cable-Type24144.html,,generica_verificada,autorizada,2026-08-03,Se contrastó la familia técnica Alambre/cable THHN/THWN-2 600 V. No se asigna una referencia ni marca de fabricante por semejanza. El SKU interno SRT-PENDING-5D89757874CE es la referencia comercial de Surtilec hasta confirmar la referencia suministrada.
SRT-PENDING-86DB4130DA9A,,Producto genérico Surtilec,Surtilec - investigación técnica de familia,https://www.nexans.co/es/products/Construcci%C3%B3n/Cables-de-Cobre-de-Baja-Tensi%C3%B3n-Aislados/Cable-THHN-THWN-2/Cable-Type24144.html,https://www.nexans.co/es/products/Construcci%C3%B3n/Cables-de-Cobre-de-Baja-Tensi%C3%B3n-Aislados/Cable-THHN-THWN-2/Cable-Type24144.html,,generica_verificada,autorizada,2026-08-03,Se contrastó la familia técnica Alambre/cable THHN/THWN-2 600 V. No se asigna una referencia ni marca de fabricante por semejanza. El SKU interno SRT-PENDING-86DB4130DA9A es la referencia comercial de Surtilec hasta confirmar la referencia suministrada.
SRT-PENDING-780ABB517110,,Producto genérico Surtilec,Surtilec - investigación técnica de familia,https://co.prysmian.com/en/products,https://co.prysmian.com/en/products,,generica_verificada,autorizada,2026-08-03,Se contrastó la familia técnica Conductor de cobre desnudo. No se asigna una referencia ni marca de fabricante por semejanza. El SKU interno SRT-PENDING-780ABB517110 es la referencia comercial de Surtilec hasta confirmar la referencia suministrada.
SRT-PENDING-1804F14F0031,,Producto genérico Surtilec,Surtilec - investigación técnica de familia,https://co.prysmian.com/en/products,https://co.prysmian.com/en/products,,generica_verificada,autorizada,2026-08-03,Se contrastó la familia técnica Conductor de cobre desnudo. No se asigna una referencia ni marca de fabricante por semejanza. El SKU interno SRT-PENDING-1804F14F0031 es la referencia comercial de Surtilec hasta confirmar la referencia suministrada.
SRT-PENDING-CCE01012E007,,Producto genérico Surtilec,Surtilec - investigación técnica de familia,https://co.prysmian.com/en/products,https://co.prysmian.com/en/products,,generica_verificada,autorizada,2026-08-03,Se contrastó la familia técnica Conductor de cobre desnudo. No se asigna una referencia ni marca de fabricante por semejanza. El SKU interno SRT-PENDING-CCE01012E007 es la referencia comercial de Surtilec hasta confirmar la referencia suministrada.
SRT-PENDING-E8DD5A6639BC,,Producto genérico Surtilec,Surtilec - investigación técnica de familia,https://co.prysmian.com/en/products,https://co.prysmian.com/en/products,,generica_verificada,autorizada,2026-08-03,Se contrastó la familia técnica Conductor de cobre desnudo. No se asigna una referencia ni marca de fabricante por semejanza. El SKU interno SRT-PENDING-E8DD5A6639BC es la referencia comercial de Surtilec hasta confirmar la referencia suministrada.
SRT-PENDING-97A4BB65EF11,,Producto genérico Surtilec,Surtilec - investigación técnica de familia,https://co.prysmian.com/en/products,https://co.prysmian.com/en/products,,generica_verificada,autorizada,2026-08-03,Se contrastó la familia técnica Conductor de cobre desnudo. No se asigna una referencia ni marca de fabricante por semejanza. El SKU interno SRT-PENDING-97A4BB65EF11 es la referencia comercial de Surtilec hasta confirmar la referencia suministrada.
SRT-PENDING-62ECCB9CBC7F,,Producto genérico Surtilec,Surtilec - investigación técnica de familia,https://co.prysmian.com/en/products,https://co.prysmian.com/en/products,,generica_verificada,autorizada,2026-08-03,Se contrastó la familia técnica Conductor de cobre desnudo. No se asigna una referencia ni marca de fabricante por semejanza. El SKU interno SRT-PENDING-62ECCB9CBC7F es la referencia comercial de Surtilec hasta confirmar la referencia suministrada.
SRT-PENDING-3E3E2E48D6A4,,Producto genérico Surtilec,Surtilec - investigación técnica de familia,https://co.prysmian.com/en/products,https://co.prysmian.com/en/products,,generica_verificada,autorizada,2026-08-03,Se contrastó la familia técnica Conductor de cobre desnudo. No se asigna una referencia ni marca de fabricante por semejanza. El SKU interno SRT-PENDING-3E3E2E48D6A4 es la referencia comercial de Surtilec hasta confirmar la referencia suministrada.
SRT-PENDING-54AFC653C391,,Producto genérico Surtilec,Surtilec - investigación técnica de familia,https://co.prysmian.com/en/products,https://co.prysmian.com/en/products,,generica_verificada,autorizada,2026-08-03,Se contrastó la familia técnica Conductor de cobre desnudo. No se asigna una referencia ni marca de fabricante por semejanza. El SKU interno SRT-PENDING-54AFC653C391 es la referencia comercial de Surtilec hasta confirmar la referencia suministrada.
SRT-PENDING-77E92A904BC9,,Producto genérico Surtilec,Surtilec - investigación técnica de familia,https://co.prysmian.com/en/products,https://co.prysmian.com/en/products,,generica_verificada,autorizada,2026-08-03,Se contrastó la familia técnica Conductor de cobre desnudo. No se asigna una referencia ni marca de fabricante por semejanza. El SKU interno SRT-PENDING-77E92A904BC9 es la referencia comercial de Surtilec hasta confirmar la referencia suministrada.
SRT-PENDING-84502B5390F0,,Producto genérico Surtilec,Surtilec - investigación técnica de familia,https://co.prysmian.com/en/products,https://co.prysmian.com/en/products,,generica_verificada,autorizada,2026-08-03,Se contrastó la familia técnica Conductor de cobre desnudo. No se asigna una referencia ni marca de fabricante por semejanza. El SKU interno SRT-PENDING-84502B5390F0 es la referencia comercial de Surtilec hasta confirmar la referencia suministrada.
SRT-PENDING-8E7EFB9E9172,,Producto genérico Surtilec,Surtilec - investigación técnica de familia,https://co.prysmian.com/en/products,https://co.prysmian.com/en/products,,generica_verificada,autorizada,2026-08-03,Se contrastó la familia técnica Conductor de cobre desnudo. No se asigna una referencia ni marca de fabricante por semejanza. El SKU interno SRT-PENDING-8E7EFB9E9172 es la referencia comercial de Surtilec hasta confirmar la referencia suministrada.
SRT-PENDING-53E9D5D96B7F,,Producto genérico Surtilec,Surtilec - investigación técnica de familia,https://co.prysmian.com/en/products,https://co.prysmian.com/en/products,,generica_verificada,autorizada,2026-08-03,Se contrastó la familia técnica Conductor de cobre desnudo. No se asigna una referencia ni marca de fabricante por semejanza. El SKU interno SRT-PENDING-53E9D5D96B7F es la referencia comercial de Surtilec hasta confirmar la referencia suministrada.
SRT-PENDING-8EAF5D9C2C85,,Producto genérico Surtilec,Surtilec - investigación técnica de familia,https://co.prysmian.com/en/products,https://co.prysmian.com/en/products,,generica_verificada,autorizada,2026-08-03,Se contrastó la familia técnica Conductor de cobre desnudo. No se asigna una referencia ni marca de fabricante por semejanza. El SKU interno SRT-PENDING-8EAF5D9C2C85 es la referencia comercial de Surtilec hasta confirmar la referencia suministrada.
SRT-PENDING-54D394A49AB8,,Producto genérico Surtilec,Surtilec - investigación técnica de familia,https://co.prysmian.com/en/products,https://co.prysmian.com/en/products,,generica_verificada,autorizada,2026-08-03,Se contrastó la familia técnica Conductor de cobre desnudo. No se asigna una referencia ni marca de fabricante por semejanza. El SKU interno SRT-PENDING-54D394A49AB8 es la referencia comercial de Surtilec hasta confirmar la referencia suministrada.
SRT-PENDING-F0425DF85B52,,Producto genérico Surtilec,Surtilec - investigación técnica de familia,https://co.prysmian.com/en/products,https://co.prysmian.com/en/products,,generica_verificada,autorizada,2026-08-03,Se contrastó la familia técnica Conductor de cobre desnudo. No se asigna una referencia ni marca de fabricante por semejanza. El SKU interno SRT-PENDING-F0425DF85B52 es la referencia comercial de Surtilec hasta confirmar la referencia suministrada.
SRT-PENDING-69E2CF6A9559,,Producto genérico Surtilec,Surtilec - investigación técnica de familia,https://co.prysmian.com/sites/co.prysmian.com/files/media/documents/30%20FT_EXZHELLENT_GREEN_COBRE.pdf,https://co.prysmian.com/sites/co.prysmian.com/files/media/documents/30%20FT_EXZHELLENT_GREEN_COBRE.pdf,,generica_verificada,autorizada,2026-08-03,Se contrastó la familia técnica Cable de baja emisión de humos y halógenos. No se asigna una referencia ni marca de fabricante por semejanza. El SKU interno SRT-PENDING-69E2CF6A9559 es la referencia comercial de Surtilec hasta confirmar la referencia suministrada.
SRT-PENDING-A0314224E766,,Producto genérico Surtilec,Surtilec - investigación técnica de familia,https://co.prysmian.com/sites/co.prysmian.com/files/media/documents/30%20FT_EXZHELLENT_GREEN_COBRE.pdf,https://co.prysmian.com/sites/co.prysmian.com/files/media/documents/30%20FT_EXZHELLENT_GREEN_COBRE.pdf,,generica_verificada,autorizada,2026-08-03,Se contrastó la familia técnica Cable de baja emisión de humos y halógenos. No se asigna una referencia ni marca de fabricante por semejanza. El SKU interno SRT-PENDING-A0314224E766 es la referencia comercial de Surtilec hasta confirmar la referencia suministrada.
SRT-PENDING-C94E1E870A26,,Producto genérico Surtilec,Surtilec - investigación técnica de familia,https://co.prysmian.com/sites/co.prysmian.com/files/media/documents/30%20FT_EXZHELLENT_GREEN_COBRE.pdf,https://co.prysmian.com/sites/co.prysmian.com/files/media/documents/30%20FT_EXZHELLENT_GREEN_COBRE.pdf,,generica_verificada,autorizada,2026-08-03,Se contrastó la familia técnica Cable de baja emisión de humos y halógenos. No se asigna una referencia ni marca de fabricante por semejanza. El SKU interno SRT-PENDING-C94E1E870A26 es la referencia comercial de Surtilec hasta confirmar la referencia suministrada.
SRT-PENDING-04ACB9EA61A1,,Producto genérico Surtilec,Surtilec - investigación técnica de familia,https://co.prysmian.com/sites/co.prysmian.com/files/media/documents/30%20FT_EXZHELLENT_GREEN_COBRE.pdf,https://co.prysmian.com/sites/co.prysmian.com/files/media/documents/30%20FT_EXZHELLENT_GREEN_COBRE.pdf,,generica_verificada,autorizada,2026-08-03,Se contrastó la familia técnica Cable de baja emisión de humos y halógenos. No se asigna una referencia ni marca de fabricante por semejanza. El SKU interno SRT-PENDING-04ACB9EA61A1 es la referencia comercial de Surtilec hasta confirmar la referencia suministrada.
SRT-PENDING-756CD6407BE0,,Producto genérico Surtilec,Surtilec - investigación técnica de familia,https://co.prysmian.com/sites/co.prysmian.com/files/media/documents/30%20FT_EXZHELLENT_GREEN_COBRE.pdf,https://co.prysmian.com/sites/co.prysmian.com/files/media/documents/30%20FT_EXZHELLENT_GREEN_COBRE.pdf,,generica_verificada,autorizada,2026-08-03,Se contrastó la familia técnica Cable de baja emisión de humos y halógenos. No se asigna una referencia ni marca de fabricante por semejanza. El SKU interno SRT-PENDING-756CD6407BE0 es la referencia comercial de Surtilec hasta confirmar la referencia suministrada.
SRT-PENDING-4BC064D08D6A,,Producto genérico Surtilec,Surtilec - investigación técnica de familia,https://co.prysmian.com/sites/co.prysmian.com/files/media/documents/30%20FT_EXZHELLENT_GREEN_COBRE.pdf,https://co.prysmian.com/sites/co.prysmian.com/files/media/documents/30%20FT_EXZHELLENT_GREEN_COBRE.pdf,,generica_verificada,autorizada,2026-08-03,Se contrastó la familia técnica Cable de baja emisión de humos y halógenos. No se asigna una referencia ni marca de fabricante por semejanza. El SKU interno SRT-PENDING-4BC064D08D6A es la referencia comercial de Surtilec hasta confirmar la referencia suministrada.
SRT-PENDING-7369268D0BC2,,Producto genérico Surtilec,Surtilec - investigación técnica de familia,https://co.prysmian.com/sites/co.prysmian.com/files/media/documents/30%20FT_EXZHELLENT_GREEN_COBRE.pdf,https://co.prysmian.com/sites/co.prysmian.com/files/media/documents/30%20FT_EXZHELLENT_GREEN_COBRE.pdf,,generica_verificada,autorizada,2026-08-03,Se contrastó la familia técnica Cable de baja emisión de humos y halógenos. No se asigna una referencia ni marca de fabricante por semejanza. El SKU interno SRT-PENDING-7369268D0BC2 es la referencia comercial de Surtilec hasta confirmar la referencia suministrada.
SRT-PENDING-A0245B1C009E,,Producto genérico Surtilec,Surtilec - investigación técnica de familia,https://co.prysmian.com/sites/co.prysmian.com/files/media/documents/30%20FT_EXZHELLENT_GREEN_COBRE.pdf,https://co.prysmian.com/sites/co.prysmian.com/files/media/documents/30%20FT_EXZHELLENT_GREEN_COBRE.pdf,,generica_verificada,autorizada,2026-08-03,Se contrastó la familia técnica Cable de baja emisión de humos y halógenos. No se asigna una referencia ni marca de fabricante por semejanza. El SKU interno SRT-PENDING-A0245B1C009E es la referencia comercial de Surtilec hasta confirmar la referencia suministrada.
SRT-PENDING-440FF4D96875,,Producto genérico Surtilec,Surtilec - investigación técnica de familia,https://co.prysmian.com/sites/co.prysmian.com/files/media/documents/30%20FT_EXZHELLENT_GREEN_COBRE.pdf,https://co.prysmian.com/sites/co.prysmian.com/files/media/documents/30%20FT_EXZHELLENT_GREEN_COBRE.pdf,,generica_verificada,autorizada,2026-08-03,Se contrastó la familia técnica Cable de baja emisión de humos y halógenos. No se asigna una referencia ni marca de fabricante por semejanza. El SKU interno SRT-PENDING-440FF4D96875 es la referencia comercial de Surtilec hasta confirmar la referencia suministrada.
SRT-PENDING-10BAA11455B0,,Producto genérico Surtilec,Surtilec - investigación técnica de familia,https://co.prysmian.com/sites/co.prysmian.com/files/media/documents/30%20FT_EXZHELLENT_GREEN_COBRE.pdf,https://co.prysmian.com/sites/co.prysmian.com/files/media/documents/30%20FT_EXZHELLENT_GREEN_COBRE.pdf,,generica_verificada,autorizada,2026-08-03,Se contrastó la familia técnica Cable de baja emisión de humos y halógenos. No se asigna una referencia ni marca de fabricante por semejanza. El SKU interno SRT-PENDING-10BAA11455B0 es la referencia comercial de Surtilec hasta confirmar la referencia suministrada.
SRT-PENDING-243D5EC2CB12,,Producto genérico Surtilec,Surtilec - investigación técnica de familia,https://co.prysmian.com/sites/co.prysmian.com/files/media/documents/30%20FT_EXZHELLENT_GREEN_COBRE.pdf,https://co.prysmian.com/sites/co.prysmian.com/files/media/documents/30%20FT_EXZHELLENT_GREEN_COBRE.pdf,,generica_verificada,autorizada,2026-08-03,Se contrastó la familia técnica Cable de baja emisión de humos y halógenos. No se asigna una referencia ni marca de fabricante por semejanza. El SKU interno SRT-PENDING-243D5EC2CB12 es la referencia comercial de Surtilec hasta confirmar la referencia suministrada.
SRT-PENDING-754DB4144A5A,,Producto genérico Surtilec,Surtilec - investigación técnica de familia,https://co.prysmian.com/sites/co.prysmian.com/files/media/documents/30%20FT_EXZHELLENT_GREEN_COBRE.pdf,https://co.prysmian.com/sites/co.prysmian.com/files/media/documents/30%20FT_EXZHELLENT_GREEN_COBRE.pdf,,generica_verificada,autorizada,2026-08-03,Se contrastó la familia técnica Cable de baja emisión de humos y halógenos. No se asigna una referencia ni marca de fabricante por semejanza. El SKU interno SRT-PENDING-754DB4144A5A es la referencia comercial de Surtilec hasta confirmar la referencia suministrada.
SRT-PENDING-FE40981C6EE2,,Producto genérico Surtilec,Surtilec - investigación técnica de familia,https://co.prysmian.com/sites/co.prysmian.com/files/media/documents/30%20FT_EXZHELLENT_GREEN_COBRE.pdf,https://co.prysmian.com/sites/co.prysmian.com/files/media/documents/30%20FT_EXZHELLENT_GREEN_COBRE.pdf,,generica_verificada,autorizada,2026-08-03,Se contrastó la familia técnica Cable de baja emisión de humos y halógenos. No se asigna una referencia ni marca de fabricante por semejanza. El SKU interno SRT-PENDING-FE40981C6EE2 es la referencia comercial de Surtilec hasta confirmar la referencia suministrada.
SRT-PENDING-8A5260740314,,Producto genérico Surtilec,Surtilec - investigación técnica de familia,https://co.prysmian.com/sites/co.prysmian.com/files/media/documents/30%20FT_EXZHELLENT_GREEN_COBRE.pdf,https://co.prysmian.com/sites/co.prysmian.com/files/media/documents/30%20FT_EXZHELLENT_GREEN_COBRE.pdf,,generica_verificada,autorizada,2026-08-03,Se contrastó la familia técnica Cable de baja emisión de humos y halógenos. No se asigna una referencia ni marca de fabricante por semejanza. El SKU interno SRT-PENDING-8A5260740314 es la referencia comercial de Surtilec hasta confirmar la referencia suministrada.
SRT-PENDING-EB924394D412,,Producto genérico Surtilec,Surtilec - investigación técnica de familia,https://co.prysmian.com/sites/co.prysmian.com/files/media/documents/30%20FT_EXZHELLENT_GREEN_COBRE.pdf,https://co.prysmian.com/sites/co.prysmian.com/files/media/documents/30%20FT_EXZHELLENT_GREEN_COBRE.pdf,,generica_verificada,autorizada,2026-08-03,Se contrastó la familia técnica Cable de baja emisión de humos y halógenos. No se asigna una referencia ni marca de fabricante por semejanza. El SKU interno SRT-PENDING-EB924394D412 es la referencia comercial de Surtilec hasta confirmar la referencia suministrada.
SRT-PENDING-04898B1D8929,,Producto genérico Surtilec,Surtilec - investigación técnica de familia,https://co.prysmian.com/sites/co.prysmian.com/files/media/documents/30%20FT_EXZHELLENT_GREEN_COBRE.pdf,https://co.prysmian.com/sites/co.prysmian.com/files/media/documents/30%20FT_EXZHELLENT_GREEN_COBRE.pdf,,generica_verificada,autorizada,2026-08-03,Se contrastó la familia técnica Cable de baja emisión de humos y halógenos. No se asigna una referencia ni marca de fabricante por semejanza. El SKU interno SRT-PENDING-04898B1D8929 es la referencia comercial de Surtilec hasta confirmar la referencia suministrada.
SRT-PENDING-CBCDD04A16CB,,Producto genérico Surtilec,Surtilec - investigación técnica de familia,https://co.prysmian.com/sites/co.prysmian.com/files/media/documents/30%20FT_EXZHELLENT_GREEN_COBRE.pdf,https://co.prysmian.com/sites/co.prysmian.com/files/media/documents/30%20FT_EXZHELLENT_GREEN_COBRE.pdf,,generica_verificada,autorizada,2026-08-03,Se contrastó la familia técnica Cable de baja emisión de humos y halógenos. No se asigna una referencia ni marca de fabricante por semejanza. El SKU interno SRT-PENDING-CBCDD04A16CB es la referencia comercial de Surtilec hasta confirmar la referencia suministrada.
SRT-PENDING-9D1C28539091,,Producto genérico Surtilec,Surtilec - investigación técnica de familia,https://co.prysmian.com/sites/co.prysmian.com/files/media/documents/30%20FT_EXZHELLENT_GREEN_COBRE.pdf,https://co.prysmian.com/sites/co.prysmian.com/files/media/documents/30%20FT_EXZHELLENT_GREEN_COBRE.pdf,,generica_verificada,autorizada,2026-08-03,Se contrastó la familia técnica Cable de baja emisión de humos y halógenos. No se asigna una referencia ni marca de fabricante por semejanza. El SKU interno SRT-PENDING-9D1C28539091 es la referencia comercial de Surtilec hasta confirmar la referencia suministrada.
SRT-PENDING-B30A4A9CBDD7,,Producto genérico Surtilec,Surtilec - investigación técnica de familia,https://co.prysmian.com/sites/co.prysmian.com/files/media/documents/30%20FT_EXZHELLENT_GREEN_COBRE.pdf,https://co.prysmian.com/sites/co.prysmian.com/files/media/documents/30%20FT_EXZHELLENT_GREEN_COBRE.pdf,,generica_verificada,autorizada,2026-08-03,Se contrastó la familia técnica Cable de baja emisión de humos y halógenos. No se asigna una referencia ni marca de fabricante por semejanza. El SKU interno SRT-PENDING-B30A4A9CBDD7 es la referencia comercial de Surtilec hasta confirmar la referencia suministrada.
SRT-PENDING-1B13B1046562,,Producto genérico Surtilec,Surtilec - investigación técnica de familia,https://co.prysmian.com/sites/co.prysmian.com/files/media/documents/30%20FT_EXZHELLENT_GREEN_COBRE.pdf,https://co.prysmian.com/sites/co.prysmian.com/files/media/documents/30%20FT_EXZHELLENT_GREEN_COBRE.pdf,,generica_verificada,autorizada,2026-08-03,Se contrastó la familia técnica Cable de baja emisión de humos y halógenos. No se asigna una referencia ni marca de fabricante por semejanza. El SKU interno SRT-PENDING-1B13B1046562 es la referencia comercial de Surtilec hasta confirmar la referencia suministrada.
SRT-PENDING-35553BFE8787,,Producto genérico Surtilec,Surtilec - investigación técnica de familia,https://co.prysmian.com/sites/co.prysmian.com/files/media/documents/30%20FT_EXZHELLENT_GREEN_COBRE.pdf,https://co.prysmian.com/sites/co.prysmian.com/files/media/documents/30%20FT_EXZHELLENT_GREEN_COBRE.pdf,,generica_verificada,autorizada,2026-08-03,Se contrastó la familia técnica Cable de baja emisión de humos y halógenos. No se asigna una referencia ni marca de fabricante por semejanza. El SKU interno SRT-PENDING-35553BFE8787 es la referencia comercial de Surtilec hasta confirmar la referencia suministrada.
SRT-PENDING-D7EDD3DFC08C,,Producto genérico Surtilec,Surtilec - investigación técnica de familia,https://co.prysmian.com/sites/co.prysmian.com/files/media/documents/30%20FT_EXZHELLENT_GREEN_COBRE.pdf,https://co.prysmian.com/sites/co.prysmian.com/files/media/documents/30%20FT_EXZHELLENT_GREEN_COBRE.pdf,,generica_verificada,autorizada,2026-08-03,Se contrastó la familia técnica Cable de baja emisión de humos y halógenos. No se asigna una referencia ni marca de fabricante por semejanza. El SKU interno SRT-PENDING-D7EDD3DFC08C es la referencia comercial de Surtilec hasta confirmar la referencia suministrada.
SRT-PENDING-A97EFB583217,,Producto genérico Surtilec,Surtilec - investigación técnica de familia,https://co.prysmian.com/sites/co.prysmian.com/files/media/documents/30%20FT_EXZHELLENT_GREEN_COBRE.pdf,https://co.prysmian.com/sites/co.prysmian.com/files/media/documents/30%20FT_EXZHELLENT_GREEN_COBRE.pdf,,generica_verificada,autorizada,2026-08-03,Se contrastó la familia técnica Cable de baja emisión de humos y halógenos. No se asigna una referencia ni marca de fabricante por semejanza. El SKU interno SRT-PENDING-A97EFB583217 es la referencia comercial de Surtilec hasta confirmar la referencia suministrada.
SRT-PENDING-CEC6A01178EF,,Producto genérico Surtilec,Surtilec - investigación técnica de familia,https://co.prysmian.com/sites/co.prysmian.com/files/media/documents/30%20FT_EXZHELLENT_GREEN_COBRE.pdf,https://co.prysmian.com/sites/co.prysmian.com/files/media/documents/30%20FT_EXZHELLENT_GREEN_COBRE.pdf,,generica_verificada,autorizada,2026-08-03,Se contrastó la familia técnica Cable de baja emisión de humos y halógenos. No se asigna una referencia ni marca de fabricante por semejanza. El SKU interno SRT-PENDING-CEC6A01178EF es la referencia comercial de Surtilec hasta confirmar la referencia suministrada.
SRT-PENDING-A046D906ADB0,,Producto genérico Surtilec,Surtilec - investigación técnica de familia,https://co.prysmian.com/sites/co.prysmian.com/files/media/documents/30%20FT_EXZHELLENT_GREEN_COBRE.pdf,https://co.prysmian.com/sites/co.prysmian.com/files/media/documents/30%20FT_EXZHELLENT_GREEN_COBRE.pdf,,generica_verificada,autorizada,2026-08-03,Se contrastó la familia técnica Cable de baja emisión de humos y halógenos. No se asigna una referencia ni marca de fabricante por semejanza. El SKU interno SRT-PENDING-A046D906ADB0 es la referencia comercial de Surtilec hasta confirmar la referencia suministrada.
SRT-PENDING-07FA0BD6AEB2,,Producto genérico Surtilec,Surtilec - investigación técnica de familia,https://co.prysmian.com/sites/co.prysmian.com/files/media/documents/30%20FT_EXZHELLENT_GREEN_COBRE.pdf,https://co.prysmian.com/sites/co.prysmian.com/files/media/documents/30%20FT_EXZHELLENT_GREEN_COBRE.pdf,,generica_verificada,autorizada,2026-08-03,Se contrastó la familia técnica Cable de baja emisión de humos y halógenos. No se asigna una referencia ni marca de fabricante por semejanza. El SKU interno SRT-PENDING-07FA0BD6AEB2 es la referencia comercial de Surtilec hasta confirmar la referencia suministrada.
SRT-PENDING-2089E87C0AAF,,Producto genérico Surtilec,Surtilec - investigación técnica de familia,https://co.prysmian.com/sites/co.prysmian.com/files/media/documents/30%20FT_EXZHELLENT_GREEN_COBRE.pdf,https://co.prysmian.com/sites/co.prysmian.com/files/media/documents/30%20FT_EXZHELLENT_GREEN_COBRE.pdf,,generica_verificada,autorizada,2026-08-03,Se contrastó la familia técnica Cable de baja emisión de humos y halógenos. No se asigna una referencia ni marca de fabricante por semejanza. El SKU interno SRT-PENDING-2089E87C0AAF es la referencia comercial de Surtilec hasta confirmar la referencia suministrada.
SRT-PENDING-077F4FF8E9DE,,Producto genérico Surtilec,Surtilec - investigación técnica de familia,https://co.prysmian.com/sites/co.prysmian.com/files/media/documents/30%20FT_EXZHELLENT_GREEN_COBRE.pdf,https://co.prysmian.com/sites/co.prysmian.com/files/media/documents/30%20FT_EXZHELLENT_GREEN_COBRE.pdf,,generica_verificada,autorizada,2026-08-03,Se contrastó la familia técnica Cable de baja emisión de humos y halógenos. No se asigna una referencia ni marca de fabricante por semejanza. El SKU interno SRT-PENDING-077F4FF8E9DE es la referencia comercial de Surtilec hasta confirmar la referencia suministrada.
SRT-PENDING-82C171848667,,Producto genérico Surtilec,Surtilec - investigación técnica de familia,https://co.prysmian.com/sites/co.prysmian.com/files/media/documents/30%20FT_EXZHELLENT_GREEN_COBRE.pdf,https://co.prysmian.com/sites/co.prysmian.com/files/media/documents/30%20FT_EXZHELLENT_GREEN_COBRE.pdf,,generica_verificada,autorizada,2026-08-03,Se contrastó la familia técnica Cable de baja emisión de humos y halógenos. No se asigna una referencia ni marca de fabricante por semejanza. El SKU interno SRT-PENDING-82C171848667 es la referencia comercial de Surtilec hasta confirmar la referencia suministrada.
SRT-PENDING-C88FD9CE58CA,,Producto genérico Surtilec,Surtilec - investigación técnica de familia,https://co.prysmian.com/sites/co.prysmian.com/files/media/documents/30%20FT_EXZHELLENT_GREEN_COBRE.pdf,https://co.prysmian.com/sites/co.prysmian.com/files/media/documents/30%20FT_EXZHELLENT_GREEN_COBRE.pdf,,generica_verificada,autorizada,2026-08-03,Se contrastó la familia técnica Cable de baja emisión de humos y halógenos. No se asigna una referencia ni marca de fabricante por semejanza. El SKU interno SRT-PENDING-C88FD9CE58CA es la referencia comercial de Surtilec hasta confirmar la referencia suministrada.
SRT-PENDING-DB9D247A6425,,Producto genérico Surtilec,Surtilec - investigación técnica de familia,https://co.prysmian.com/sites/co.prysmian.com/files/media/documents/30%20FT_EXZHELLENT_GREEN_COBRE.pdf,https://co.prysmian.com/sites/co.prysmian.com/files/media/documents/30%20FT_EXZHELLENT_GREEN_COBRE.pdf,,generica_verificada,autorizada,2026-08-03,Se contrastó la familia técnica Cable de baja emisión de humos y halógenos. No se asigna una referencia ni marca de fabricante por semejanza. El SKU interno SRT-PENDING-DB9D247A6425 es la referencia comercial de Surtilec hasta confirmar la referencia suministrada.
SRT-PENDING-8D8F8E0DCE81,,Producto genérico Surtilec,Surtilec - investigación técnica de familia,https://co.prysmian.com/sites/co.prysmian.com/files/media/documents/30%20FT_EXZHELLENT_GREEN_COBRE.pdf,https://co.prysmian.com/sites/co.prysmian.com/files/media/documents/30%20FT_EXZHELLENT_GREEN_COBRE.pdf,,generica_verificada,autorizada,2026-08-03,Se contrastó la familia técnica Cable de baja emisión de humos y halógenos. No se asigna una referencia ni marca de fabricante por semejanza. El SKU interno SRT-PENDING-8D8F8E0DCE81 es la referencia comercial de Surtilec hasta confirmar la referencia suministrada.
SRT-PENDING-029EB10AC9CB,,Producto genérico Surtilec,Surtilec - investigación técnica de familia,https://co.prysmian.com/sites/co.prysmian.com/files/media/documents/30%20FT_EXZHELLENT_GREEN_COBRE.pdf,https://co.prysmian.com/sites/co.prysmian.com/files/media/documents/30%20FT_EXZHELLENT_GREEN_COBRE.pdf,,generica_verificada,autorizada,2026-08-03,Se contrastó la familia técnica Cable de baja emisión de humos y halógenos. No se asigna una referencia ni marca de fabricante por semejanza. El SKU interno SRT-PENDING-029EB10AC9CB es la referencia comercial de Surtilec hasta confirmar la referencia suministrada.
SRT-PENDING-388A73331D8A,,Producto genérico Surtilec,Surtilec - investigación técnica de familia,https://co.prysmian.com/sites/co.prysmian.com/files/media/documents/30%20FT_EXZHELLENT_GREEN_COBRE.pdf,https://co.prysmian.com/sites/co.prysmian.com/files/media/documents/30%20FT_EXZHELLENT_GREEN_COBRE.pdf,,generica_verificada,autorizada,2026-08-03,Se contrastó la familia técnica Cable de baja emisión de humos y halógenos. No se asigna una referencia ni marca de fabricante por semejanza. El SKU interno SRT-PENDING-388A73331D8A es la referencia comercial de Surtilec hasta confirmar la referencia suministrada.
SRT-PENDING-017B0187FD40,,Producto genérico Surtilec,Surtilec - investigación técnica de familia,https://co.prysmian.com/sites/co.prysmian.com/files/media/documents/30%20FT_EXZHELLENT_GREEN_COBRE.pdf,https://co.prysmian.com/sites/co.prysmian.com/files/media/documents/30%20FT_EXZHELLENT_GREEN_COBRE.pdf,,generica_verificada,autorizada,2026-08-03,Se contrastó la familia técnica Cable de baja emisión de humos y halógenos. No se asigna una referencia ni marca de fabricante por semejanza. El SKU interno SRT-PENDING-017B0187FD40 es la referencia comercial de Surtilec hasta confirmar la referencia suministrada.
SRT-PENDING-AE93C6CB0019,,Producto genérico Surtilec,Surtilec - investigación técnica de familia,https://co.prysmian.com/sites/co.prysmian.com/files/media/documents/30%20FT_EXZHELLENT_GREEN_COBRE.pdf,https://co.prysmian.com/sites/co.prysmian.com/files/media/documents/30%20FT_EXZHELLENT_GREEN_COBRE.pdf,,generica_verificada,autorizada,2026-08-03,Se contrastó la familia técnica Cable de baja emisión de humos y halógenos. No se asigna una referencia ni marca de fabricante por semejanza. El SKU interno SRT-PENDING-AE93C6CB0019 es la referencia comercial de Surtilec hasta confirmar la referencia suministrada.
SRT-PENDING-38E9EBE15577,,Producto genérico Surtilec,Surtilec - investigación técnica de familia,https://co.prysmian.com/sites/co.prysmian.com/files/media/documents/30%20FT_EXZHELLENT_GREEN_COBRE.pdf,https://co.prysmian.com/sites/co.prysmian.com/files/media/documents/30%20FT_EXZHELLENT_GREEN_COBRE.pdf,,generica_verificada,autorizada,2026-08-03,Se contrastó la familia técnica Cable de baja emisión de humos y halógenos. No se asigna una referencia ni marca de fabricante por semejanza. El SKU interno SRT-PENDING-38E9EBE15577 es la referencia comercial de Surtilec hasta confirmar la referencia suministrada.
SRT-PENDING-02119178F055,,Producto genérico Surtilec,Surtilec - investigación técnica de familia,https://co.prysmian.com/sites/co.prysmian.com/files/media/documents/30%20FT_EXZHELLENT_GREEN_COBRE.pdf,https://co.prysmian.com/sites/co.prysmian.com/files/media/documents/30%20FT_EXZHELLENT_GREEN_COBRE.pdf,,generica_verificada,autorizada,2026-08-03,Se contrastó la familia técnica Cable de baja emisión de humos y halógenos. No se asigna una referencia ni marca de fabricante por semejanza. El SKU interno SRT-PENDING-02119178F055 es la referencia comercial de Surtilec hasta confirmar la referencia suministrada.
SRT-PENDING-971D42F0840C,,Producto genérico Surtilec,Surtilec - investigación técnica de familia,https://co.prysmian.com/sites/co.prysmian.com/files/media/documents/30%20FT_EXZHELLENT_GREEN_COBRE.pdf,https://co.prysmian.com/sites/co.prysmian.com/files/media/documents/30%20FT_EXZHELLENT_GREEN_COBRE.pdf,,generica_verificada,autorizada,2026-08-03,Se contrastó la familia técnica Cable de baja emisión de humos y halógenos. No se asigna una referencia ni marca de fabricante por semejanza. El SKU interno SRT-PENDING-971D42F0840C es la referencia comercial de Surtilec hasta confirmar la referencia suministrada.
SRT-PENDING-F7158784A620,,Producto genérico Surtilec,Surtilec - investigación técnica de familia,https://co.prysmian.com/sites/co.prysmian.com/files/media/documents/30%20FT_EXZHELLENT_GREEN_COBRE.pdf,https://co.prysmian.com/sites/co.prysmian.com/files/media/documents/30%20FT_EXZHELLENT_GREEN_COBRE.pdf,,generica_verificada,autorizada,2026-08-03,Se contrastó la familia técnica Cable de baja emisión de humos y halógenos. No se asigna una referencia ni marca de fabricante por semejanza. El SKU interno SRT-PENDING-F7158784A620 es la referencia comercial de Surtilec hasta confirmar la referencia suministrada.
SRT-ENCAU-7x16AWG-CU,,Producto genérico Surtilec,Surtilec - investigación técnica de familia,https://co.prysmian.com/es/termoflex-y-termoflex-multiprop%C3%B3sito,https://co.prysmian.com/es/termoflex-y-termoflex-multiprop%C3%B3sito,,generica_verificada,autorizada,2026-08-03,Se contrastó la familia técnica Cable flexible de cobre. No se asigna una referencia ni marca de fabricante por semejanza. El SKU interno SRT-ENCAU-7x16AWG-CU es la referencia comercial de Surtilec hasta confirmar la referencia suministrada.
SRT-ENCAU-7x14AWG-CU,,Producto genérico Surtilec,Surtilec - investigación técnica de familia,https://co.prysmian.com/es/termoflex-y-termoflex-multiprop%C3%B3sito,https://co.prysmian.com/es/termoflex-y-termoflex-multiprop%C3%B3sito,,generica_verificada,autorizada,2026-08-03,Se contrastó la familia técnica Cable flexible de cobre. No se asigna una referencia ni marca de fabricante por semejanza. El SKU interno SRT-ENCAU-7x14AWG-CU es la referencia comercial de Surtilec hasta confirmar la referencia suministrada.
SRT-ENCAU-7x10AWG-CU,,Producto genérico Surtilec,Surtilec - investigación técnica de familia,https://co.prysmian.com/es/termoflex-y-termoflex-multiprop%C3%B3sito,https://co.prysmian.com/es/termoflex-y-termoflex-multiprop%C3%B3sito,,generica_verificada,autorizada,2026-08-03,Se contrastó la familia técnica Cable flexible de cobre. No se asigna una referencia ni marca de fabricante por semejanza. El SKU interno SRT-ENCAU-7x10AWG-CU es la referencia comercial de Surtilec hasta confirmar la referencia suministrada.
SRT-ENCAU-6x18AWG-CU,,Producto genérico Surtilec,Surtilec - investigación técnica de familia,https://co.prysmian.com/es/termoflex-y-termoflex-multiprop%C3%B3sito,https://co.prysmian.com/es/termoflex-y-termoflex-multiprop%C3%B3sito,,generica_verificada,autorizada,2026-08-03,Se contrastó la familia técnica Cable flexible de cobre. No se asigna una referencia ni marca de fabricante por semejanza. El SKU interno SRT-ENCAU-6x18AWG-CU es la referencia comercial de Surtilec hasta confirmar la referencia suministrada.
SRT-ENCAU-6x16AWG-CU,,Producto genérico Surtilec,Surtilec - investigación técnica de familia,https://co.prysmian.com/es/termoflex-y-termoflex-multiprop%C3%B3sito,https://co.prysmian.com/es/termoflex-y-termoflex-multiprop%C3%B3sito,,generica_verificada,autorizada,2026-08-03,Se contrastó la familia técnica Cable flexible de cobre. No se asigna una referencia ni marca de fabricante por semejanza. El SKU interno SRT-ENCAU-6x16AWG-CU es la referencia comercial de Surtilec hasta confirmar la referencia suministrada.
SRT-ENCAU-6x14AWG-CU,,Producto genérico Surtilec,Surtilec - investigación técnica de familia,https://co.prysmian.com/es/termoflex-y-termoflex-multiprop%C3%B3sito,https://co.prysmian.com/es/termoflex-y-termoflex-multiprop%C3%B3sito,,generica_verificada,autorizada,2026-08-03,Se contrastó la familia técnica Cable flexible de cobre. No se asigna una referencia ni marca de fabricante por semejanza. El SKU interno SRT-ENCAU-6x14AWG-CU es la referencia comercial de Surtilec hasta confirmar la referencia suministrada.
SRT-ENCAU-6x12AWG-CU,,Producto genérico Surtilec,Surtilec - investigación técnica de familia,https://co.prysmian.com/es/termoflex-y-termoflex-multiprop%C3%B3sito,https://co.prysmian.com/es/termoflex-y-termoflex-multiprop%C3%B3sito,,generica_verificada,autorizada,2026-08-03,Se contrastó la familia técnica Cable flexible de cobre. No se asigna una referencia ni marca de fabricante por semejanza. El SKU interno SRT-ENCAU-6x12AWG-CU es la referencia comercial de Surtilec hasta confirmar la referencia suministrada.
SRT-ENCAU-5x18AWG-CU,,Producto genérico Surtilec,Surtilec - investigación técnica de familia,https://co.prysmian.com/es/termoflex-y-termoflex-multiprop%C3%B3sito,https://co.prysmian.com/es/termoflex-y-termoflex-multiprop%C3%B3sito,,generica_verificada,autorizada,2026-08-03,Se contrastó la familia técnica Cable flexible de cobre. No se asigna una referencia ni marca de fabricante por semejanza. El SKU interno SRT-ENCAU-5x18AWG-CU es la referencia comercial de Surtilec hasta confirmar la referencia suministrada.
SRT-ENCAU-5x16AWG-CU,,Producto genérico Surtilec,Surtilec - investigación técnica de familia,https://co.prysmian.com/es/termoflex-y-termoflex-multiprop%C3%B3sito,https://co.prysmian.com/es/termoflex-y-termoflex-multiprop%C3%B3sito,,generica_verificada,autorizada,2026-08-03,Se contrastó la familia técnica Cable flexible de cobre. No se asigna una referencia ni marca de fabricante por semejanza. El SKU interno SRT-ENCAU-5x16AWG-CU es la referencia comercial de Surtilec hasta confirmar la referencia suministrada.
SRT-PENDING-79A2BDF66D2B,,Producto genérico Surtilec,Surtilec - investigación técnica de familia,https://co.prysmian.com/es/termoflex-y-termoflex-multiprop%C3%B3sito,https://co.prysmian.com/es/termoflex-y-termoflex-multiprop%C3%B3sito,,generica_verificada,autorizada,2026-08-03,Se contrastó la familia técnica Cable flexible de cobre. No se asigna una referencia ni marca de fabricante por semejanza. El SKU interno SRT-PENDING-79A2BDF66D2B es la referencia comercial de Surtilec hasta confirmar la referencia suministrada.
SRT-PENDING-93AC5F0F0161,,Producto genérico Surtilec,Surtilec - investigación técnica de familia,https://co.prysmian.com/es/termoflex-y-termoflex-multiprop%C3%B3sito,https://co.prysmian.com/es/termoflex-y-termoflex-multiprop%C3%B3sito,,generica_verificada,autorizada,2026-08-03,Se contrastó la familia técnica Cable flexible de cobre. No se asigna una referencia ni marca de fabricante por semejanza. El SKU interno SRT-PENDING-93AC5F0F0161 es la referencia comercial de Surtilec hasta confirmar la referencia suministrada.
SRT-PENDING-E11C429FBC9C,,Producto genérico Surtilec,Surtilec - investigación técnica de familia,https://co.prysmian.com/es/termoflex-y-termoflex-multiprop%C3%B3sito,https://co.prysmian.com/es/termoflex-y-termoflex-multiprop%C3%B3sito,,generica_verificada,autorizada,2026-08-03,Se contrastó la familia técnica Cable flexible de cobre. No se asigna una referencia ni marca de fabricante por semejanza. El SKU interno SRT-PENDING-E11C429FBC9C es la referencia comercial de Surtilec hasta confirmar la referencia suministrada.
SRT-PENDING-9C954DF4F63F,,Producto genérico Surtilec,Surtilec - investigación técnica de familia,https://co.prysmian.com/es/termoflex-y-termoflex-multiprop%C3%B3sito,https://co.prysmian.com/es/termoflex-y-termoflex-multiprop%C3%B3sito,,generica_verificada,autorizada,2026-08-03,Se contrastó la familia técnica Cable flexible de cobre. No se asigna una referencia ni marca de fabricante por semejanza. El SKU interno SRT-PENDING-9C954DF4F63F es la referencia comercial de Surtilec hasta confirmar la referencia suministrada.
SRT-PENDING-F5F1E89CBB39,,Producto genérico Surtilec,Surtilec - investigación técnica de familia,https://co.prysmian.com/es/termoflex-y-termoflex-multiprop%C3%B3sito,https://co.prysmian.com/es/termoflex-y-termoflex-multiprop%C3%B3sito,,generica_verificada,autorizada,2026-08-03,Se contrastó la familia técnica Cable flexible de cobre. No se asigna una referencia ni marca de fabricante por semejanza. El SKU interno SRT-PENDING-F5F1E89CBB39 es la referencia comercial de Surtilec hasta confirmar la referencia suministrada.
SRT-PENDING-8851C823D3C1,,Producto genérico Surtilec,Surtilec - investigación técnica de familia,https://co.prysmian.com/es/termoflex-y-termoflex-multiprop%C3%B3sito,https://co.prysmian.com/es/termoflex-y-termoflex-multiprop%C3%B3sito,,generica_verificada,autorizada,2026-08-03,Se contrastó la familia técnica Cable flexible de cobre. No se asigna una referencia ni marca de fabricante por semejanza. El SKU interno SRT-PENDING-8851C823D3C1 es la referencia comercial de Surtilec hasta confirmar la referencia suministrada.
SRT-PENDING-9E30CCD48105,,Producto genérico Surtilec,Surtilec - investigación técnica de familia,https://co.prysmian.com/es/termoflex-y-termoflex-multiprop%C3%B3sito,https://co.prysmian.com/es/termoflex-y-termoflex-multiprop%C3%B3sito,,generica_verificada,autorizada,2026-08-03,Se contrastó la familia técnica Cable flexible de cobre. No se asigna una referencia ni marca de fabricante por semejanza. El SKU interno SRT-PENDING-9E30CCD48105 es la referencia comercial de Surtilec hasta confirmar la referencia suministrada.
SRT-PENDING-69DA3B02F573,,Producto genérico Surtilec,Surtilec - investigación técnica de familia,https://co.prysmian.com/es/termoflex-y-termoflex-multiprop%C3%B3sito,https://co.prysmian.com/es/termoflex-y-termoflex-multiprop%C3%B3sito,,generica_verificada,autorizada,2026-08-03,Se contrastó la familia técnica Cable flexible de cobre. No se asigna una referencia ni marca de fabricante por semejanza. El SKU interno SRT-PENDING-69DA3B02F573 es la referencia comercial de Surtilec hasta confirmar la referencia suministrada.
SRT-PENDING-5DC320A76AD7,,Producto genérico Surtilec,Surtilec - investigación técnica de familia,https://co.prysmian.com/es/termoflex-y-termoflex-multiprop%C3%B3sito,https://co.prysmian.com/es/termoflex-y-termoflex-multiprop%C3%B3sito,,generica_verificada,autorizada,2026-08-03,Se contrastó la familia técnica Cable flexible de cobre. No se asigna una referencia ni marca de fabricante por semejanza. El SKU interno SRT-PENDING-5DC320A76AD7 es la referencia comercial de Surtilec hasta confirmar la referencia suministrada.
SRT-PENDING-19640B390520,,Producto genérico Surtilec,Surtilec - investigación técnica de familia,https://co.prysmian.com/es/termoflex-y-termoflex-multiprop%C3%B3sito,https://co.prysmian.com/es/termoflex-y-termoflex-multiprop%C3%B3sito,,generica_verificada,autorizada,2026-08-03,Se contrastó la familia técnica Cable flexible de cobre. No se asigna una referencia ni marca de fabricante por semejanza. El SKU interno SRT-PENDING-19640B390520 es la referencia comercial de Surtilec hasta confirmar la referencia suministrada.
SRT-PENDING-D23957217C5F,,Producto genérico Surtilec,Surtilec - investigación técnica de familia,https://co.prysmian.com/es/termoflex-y-termoflex-multiprop%C3%B3sito,https://co.prysmian.com/es/termoflex-y-termoflex-multiprop%C3%B3sito,,generica_verificada,autorizada,2026-08-03,Se contrastó la familia técnica Cable flexible de cobre. No se asigna una referencia ni marca de fabricante por semejanza. El SKU interno SRT-PENDING-D23957217C5F es la referencia comercial de Surtilec hasta confirmar la referencia suministrada.
SRT-PENDING-AF3A85B543EB,,Producto genérico Surtilec,Surtilec - investigación técnica de familia,https://co.prysmian.com/es/termoflex-y-termoflex-multiprop%C3%B3sito,https://co.prysmian.com/es/termoflex-y-termoflex-multiprop%C3%B3sito,,generica_verificada,autorizada,2026-08-03,Se contrastó la familia técnica Cable flexible de cobre. No se asigna una referencia ni marca de fabricante por semejanza. El SKU interno SRT-PENDING-AF3A85B543EB es la referencia comercial de Surtilec hasta confirmar la referencia suministrada.
SRT-PENDING-5FB84384A44F,,Producto genérico Surtilec,Surtilec - investigación técnica de familia,https://co.prysmian.com/es/termoflex-y-termoflex-multiprop%C3%B3sito,https://co.prysmian.com/es/termoflex-y-termoflex-multiprop%C3%B3sito,,generica_verificada,autorizada,2026-08-03,Se contrastó la familia técnica Cable flexible de cobre. No se asigna una referencia ni marca de fabricante por semejanza. El SKU interno SRT-PENDING-5FB84384A44F es la referencia comercial de Surtilec hasta confirmar la referencia suministrada.
SRT-PENDING-8BD8E77FFE26,,Producto genérico Surtilec,Surtilec - investigación técnica de familia,https://co.prysmian.com/es/termoflex-y-termoflex-multiprop%C3%B3sito,https://co.prysmian.com/es/termoflex-y-termoflex-multiprop%C3%B3sito,,generica_verificada,autorizada,2026-08-03,Se contrastó la familia técnica Cable flexible de cobre. No se asigna una referencia ni marca de fabricante por semejanza. El SKU interno SRT-PENDING-8BD8E77FFE26 es la referencia comercial de Surtilec hasta confirmar la referencia suministrada.
SRT-PENDING-B33C9EA4395B,,Producto genérico Surtilec,Surtilec - investigación técnica de familia,https://co.prysmian.com/es/termoflex-y-termoflex-multiprop%C3%B3sito,https://co.prysmian.com/es/termoflex-y-termoflex-multiprop%C3%B3sito,,generica_verificada,autorizada,2026-08-03,Se contrastó la familia técnica Cable flexible de cobre. No se asigna una referencia ni marca de fabricante por semejanza. El SKU interno SRT-PENDING-B33C9EA4395B es la referencia comercial de Surtilec hasta confirmar la referencia suministrada.
SRT-PENDING-60380DD3295A,,Producto genérico Surtilec,Surtilec - investigación técnica de familia,https://co.prysmian.com/es/termoflex-y-termoflex-multiprop%C3%B3sito,https://co.prysmian.com/es/termoflex-y-termoflex-multiprop%C3%B3sito,,generica_verificada,autorizada,2026-08-03,Se contrastó la familia técnica Cable flexible de cobre. No se asigna una referencia ni marca de fabricante por semejanza. El SKU interno SRT-PENDING-60380DD3295A es la referencia comercial de Surtilec hasta confirmar la referencia suministrada.
SRT-PENDING-99CACFBA8491,,Producto genérico Surtilec,Surtilec - investigación técnica de familia,https://co.prysmian.com/es/termoflex-y-termoflex-multiprop%C3%B3sito,https://co.prysmian.com/es/termoflex-y-termoflex-multiprop%C3%B3sito,,generica_verificada,autorizada,2026-08-03,Se contrastó la familia técnica Cable flexible de cobre. No se asigna una referencia ni marca de fabricante por semejanza. El SKU interno SRT-PENDING-99CACFBA8491 es la referencia comercial de Surtilec hasta confirmar la referencia suministrada.
SRT-PENDING-EF31466FE03C,,Producto genérico Surtilec,Surtilec - investigación técnica de familia,https://co.prysmian.com/es/termoflex-y-termoflex-multiprop%C3%B3sito,https://co.prysmian.com/es/termoflex-y-termoflex-multiprop%C3%B3sito,,generica_verificada,autorizada,2026-08-03,Se contrastó la familia técnica Cable flexible de cobre. No se asigna una referencia ni marca de fabricante por semejanza. El SKU interno SRT-PENDING-EF31466FE03C es la referencia comercial de Surtilec hasta confirmar la referencia suministrada.
SRT-PENDING-5A5C2682E16C,,Producto genérico Surtilec,Surtilec - investigación técnica de familia,https://co.prysmian.com/es/termoflex-y-termoflex-multiprop%C3%B3sito,https://co.prysmian.com/es/termoflex-y-termoflex-multiprop%C3%B3sito,,generica_verificada,autorizada,2026-08-03,Se contrastó la familia técnica Cable flexible de cobre. No se asigna una referencia ni marca de fabricante por semejanza. El SKU interno SRT-PENDING-5A5C2682E16C es la referencia comercial de Surtilec hasta confirmar la referencia suministrada.
SRT-PENDING-F53EF417439D,,Producto genérico Surtilec,Surtilec - investigación técnica de familia,https://co.prysmian.com/es/termoflex-y-termoflex-multiprop%C3%B3sito,https://co.prysmian.com/es/termoflex-y-termoflex-multiprop%C3%B3sito,,generica_verificada,autorizada,2026-08-03,Se contrastó la familia técnica Cable flexible de cobre. No se asigna una referencia ni marca de fabricante por semejanza. El SKU interno SRT-PENDING-F53EF417439D es la referencia comercial de Surtilec hasta confirmar la referencia suministrada.
SRT-PENDING-2FAD996C1713,,Producto genérico Surtilec,Surtilec - investigación técnica de familia,https://co.prysmian.com/es/termoflex-y-termoflex-multiprop%C3%B3sito,https://co.prysmian.com/es/termoflex-y-termoflex-multiprop%C3%B3sito,,generica_verificada,autorizada,2026-08-03,Se contrastó la familia técnica Cable flexible de cobre. No se asigna una referencia ni marca de fabricante por semejanza. El SKU interno SRT-PENDING-2FAD996C1713 es la referencia comercial de Surtilec hasta confirmar la referencia suministrada.
SRT-PENDING-AB3433A8A279,,Producto genérico Surtilec,Surtilec - investigación técnica de familia,https://co.prysmian.com/es/termoflex-y-termoflex-multiprop%C3%B3sito,https://co.prysmian.com/es/termoflex-y-termoflex-multiprop%C3%B3sito,,generica_verificada,autorizada,2026-08-03,Se contrastó la familia técnica Cable flexible de cobre. No se asigna una referencia ni marca de fabricante por semejanza. El SKU interno SRT-PENDING-AB3433A8A279 es la referencia comercial de Surtilec hasta confirmar la referencia suministrada.
SRT-PENDING-64F6D52D1104,,Producto genérico Surtilec,Surtilec - investigación técnica de familia,https://co.prysmian.com/es/termoflex-y-termoflex-multiprop%C3%B3sito,https://co.prysmian.com/es/termoflex-y-termoflex-multiprop%C3%B3sito,,generica_verificada,autorizada,2026-08-03,Se contrastó la familia técnica Cable flexible de cobre. No se asigna una referencia ni marca de fabricante por semejanza. El SKU interno SRT-PENDING-64F6D52D1104 es la referencia comercial de Surtilec hasta confirmar la referencia suministrada.
SRT-PENDING-F599C358F081,,Producto genérico Surtilec,Surtilec - investigación técnica de familia,https://co.prysmian.com/es/termoflex-y-termoflex-multiprop%C3%B3sito,https://co.prysmian.com/es/termoflex-y-termoflex-multiprop%C3%B3sito,,generica_verificada,autorizada,2026-08-03,Se contrastó la familia técnica Cable flexible de cobre. No se asigna una referencia ni marca de fabricante por semejanza. El SKU interno SRT-PENDING-F599C358F081 es la referencia comercial de Surtilec hasta confirmar la referencia suministrada.
SRT-PENDING-C11966418B2F,,Producto genérico Surtilec,Surtilec - investigación técnica de familia,https://co.prysmian.com/es/termoflex-y-termoflex-multiprop%C3%B3sito,https://co.prysmian.com/es/termoflex-y-termoflex-multiprop%C3%B3sito,,generica_verificada,autorizada,2026-08-03,Se contrastó la familia técnica Cable flexible de cobre. No se asigna una referencia ni marca de fabricante por semejanza. El SKU interno SRT-PENDING-C11966418B2F es la referencia comercial de Surtilec hasta confirmar la referencia suministrada.
SRT-PENDING-54C0621797BA,,Producto genérico Surtilec,Surtilec - investigación técnica de familia,https://co.prysmian.com/es/termoflex-y-termoflex-multiprop%C3%B3sito,https://co.prysmian.com/es/termoflex-y-termoflex-multiprop%C3%B3sito,,generica_verificada,autorizada,2026-08-03,Se contrastó la familia técnica Cable flexible de cobre. No se asigna una referencia ni marca de fabricante por semejanza. El SKU interno SRT-PENDING-54C0621797BA es la referencia comercial de Surtilec hasta confirmar la referencia suministrada.
SRT-PENDING-745B2E9EFC41,,Producto genérico Surtilec,Surtilec - investigación técnica de familia,https://co.prysmian.com/es/termoflex-y-termoflex-multiprop%C3%B3sito,https://co.prysmian.com/es/termoflex-y-termoflex-multiprop%C3%B3sito,,generica_verificada,autorizada,2026-08-03,Se contrastó la familia técnica Cable flexible de cobre. No se asigna una referencia ni marca de fabricante por semejanza. El SKU interno SRT-PENDING-745B2E9EFC41 es la referencia comercial de Surtilec hasta confirmar la referencia suministrada.
SRT-PENDING-A23F84BEAF24,,Producto genérico Surtilec,Surtilec - investigación técnica de familia,https://co.prysmian.com/es/termoflex-y-termoflex-multiprop%C3%B3sito,https://co.prysmian.com/es/termoflex-y-termoflex-multiprop%C3%B3sito,,generica_verificada,autorizada,2026-08-03,Se contrastó la familia técnica Cable flexible de cobre. No se asigna una referencia ni marca de fabricante por semejanza. El SKU interno SRT-PENDING-A23F84BEAF24 es la referencia comercial de Surtilec hasta confirmar la referencia suministrada.
SRT-PENDING-48317269D40B,,Producto genérico Surtilec,Surtilec - investigación técnica de familia,https://co.prysmian.com/es/termoflex-y-termoflex-multiprop%C3%B3sito,https://co.prysmian.com/es/termoflex-y-termoflex-multiprop%C3%B3sito,,generica_verificada,autorizada,2026-08-03,Se contrastó la familia técnica Cable flexible de cobre. No se asigna una referencia ni marca de fabricante por semejanza. El SKU interno SRT-PENDING-48317269D40B es la referencia comercial de Surtilec hasta confirmar la referencia suministrada.
SRT-PENDING-23FC537018EE,,Producto genérico Surtilec,Surtilec - investigación técnica de familia,https://co.prysmian.com/en/products,https://co.prysmian.com/en/products,,generica_verificada,autorizada,2026-08-03,Se contrastó la familia técnica Cable industrial de construcción. No se asigna una referencia ni marca de fabricante por semejanza. El SKU interno SRT-PENDING-23FC537018EE es la referencia comercial de Surtilec hasta confirmar la referencia suministrada.
SRT-PENDING-E0C7582D9DF4,,Producto genérico Surtilec,Surtilec - investigación técnica de familia,https://co.prysmian.com/en/products,https://co.prysmian.com/en/products,,generica_verificada,autorizada,2026-08-03,Se contrastó la familia técnica Cable industrial de construcción. No se asigna una referencia ni marca de fabricante por semejanza. El SKU interno SRT-PENDING-E0C7582D9DF4 es la referencia comercial de Surtilec hasta confirmar la referencia suministrada.
SRT-PENDING-FC14EDD12C47,,Producto genérico Surtilec,Surtilec - investigación técnica de familia,https://co.prysmian.com/en/products,https://co.prysmian.com/en/products,,generica_verificada,autorizada,2026-08-03,Se contrastó la familia técnica Cable industrial de construcción. No se asigna una referencia ni marca de fabricante por semejanza. El SKU interno SRT-PENDING-FC14EDD12C47 es la referencia comercial de Surtilec hasta confirmar la referencia suministrada.
SRT-PENDING-197AD43647B6,,Producto genérico Surtilec,Surtilec - investigación técnica de familia,https://co.prysmian.com/en/products,https://co.prysmian.com/en/products,,generica_verificada,autorizada,2026-08-03,Se contrastó la familia técnica Cable industrial de construcción. No se asigna una referencia ni marca de fabricante por semejanza. El SKU interno SRT-PENDING-197AD43647B6 es la referencia comercial de Surtilec hasta confirmar la referencia suministrada.
SRT-PENDING-EAF6D9A252F8,,Producto genérico Surtilec,Surtilec - investigación técnica de familia,https://co.prysmian.com/en/products,https://co.prysmian.com/en/products,,generica_verificada,autorizada,2026-08-03,Se contrastó la familia técnica Cable industrial de construcción. No se asigna una referencia ni marca de fabricante por semejanza. El SKU interno SRT-PENDING-EAF6D9A252F8 es la referencia comercial de Surtilec hasta confirmar la referencia suministrada.
SRT-PENDING-A318A86A3026,,Producto genérico Surtilec,Surtilec - investigación técnica de familia,https://co.prysmian.com/en/products,https://co.prysmian.com/en/products,,generica_verificada,autorizada,2026-08-03,Se contrastó la familia técnica Cable industrial de construcción. No se asigna una referencia ni marca de fabricante por semejanza. El SKU interno SRT-PENDING-A318A86A3026 es la referencia comercial de Surtilec hasta confirmar la referencia suministrada.
SRT-PENDING-AA8592B17B19,,Producto genérico Surtilec,Surtilec - investigación técnica de familia,https://co.prysmian.com/en/products,https://co.prysmian.com/en/products,,generica_verificada,autorizada,2026-08-03,Se contrastó la familia técnica Cable industrial de construcción. No se asigna una referencia ni marca de fabricante por semejanza. El SKU interno SRT-PENDING-AA8592B17B19 es la referencia comercial de Surtilec hasta confirmar la referencia suministrada.
SRT-PENDING-38D59C99D61B,,Producto genérico Surtilec,Surtilec - investigación técnica de familia,https://co.prysmian.com/en/products,https://co.prysmian.com/en/products,,generica_verificada,autorizada,2026-08-03,Se contrastó la familia técnica Cable industrial de construcción. No se asigna una referencia ni marca de fabricante por semejanza. El SKU interno SRT-PENDING-38D59C99D61B es la referencia comercial de Surtilec hasta confirmar la referencia suministrada.
SRT-PENDING-DA4E2A0F5D22,,Producto genérico Surtilec,Surtilec - investigación técnica de familia,https://co.prysmian.com/en/products,https://co.prysmian.com/en/products,,generica_verificada,autorizada,2026-08-03,Se contrastó la familia técnica Cable industrial de construcción. No se asigna una referencia ni marca de fabricante por semejanza. El SKU interno SRT-PENDING-DA4E2A0F5D22 es la referencia comercial de Surtilec hasta confirmar la referencia suministrada.
SRT-PENDING-A787A4628636,,Producto genérico Surtilec,Surtilec - investigación técnica de familia,https://co.prysmian.com/en/products,https://co.prysmian.com/en/products,,generica_verificada,autorizada,2026-08-03,Se contrastó la familia técnica Cable industrial de construcción. No se asigna una referencia ni marca de fabricante por semejanza. El SKU interno SRT-PENDING-A787A4628636 es la referencia comercial de Surtilec hasta confirmar la referencia suministrada.
SRT-PENDING-93FB91870A58,,Producto genérico Surtilec,Surtilec - investigación técnica de familia,https://co.prysmian.com/en/products,https://co.prysmian.com/en/products,,generica_verificada,autorizada,2026-08-03,Se contrastó la familia técnica Cable industrial de construcción. No se asigna una referencia ni marca de fabricante por semejanza. El SKU interno SRT-PENDING-93FB91870A58 es la referencia comercial de Surtilec hasta confirmar la referencia suministrada.
SRT-PENDING-41FBFE6E73E8,,Producto genérico Surtilec,Surtilec - investigación técnica de familia,https://co.prysmian.com/en/products,https://co.prysmian.com/en/products,,generica_verificada,autorizada,2026-08-03,Se contrastó la familia técnica Cable industrial de construcción. No se asigna una referencia ni marca de fabricante por semejanza. El SKU interno SRT-PENDING-41FBFE6E73E8 es la referencia comercial de Surtilec hasta confirmar la referencia suministrada.
SRT-PENDING-2C19362BAAE5,,Producto genérico Surtilec,Surtilec - investigación técnica de familia,https://co.prysmian.com/en/products,https://co.prysmian.com/en/products,,generica_verificada,autorizada,2026-08-03,Se contrastó la familia técnica Cable industrial de construcción. No se asigna una referencia ni marca de fabricante por semejanza. El SKU interno SRT-PENDING-2C19362BAAE5 es la referencia comercial de Surtilec hasta confirmar la referencia suministrada.
SRT-PENDING-32E3F97E7A37,,Producto genérico Surtilec,Surtilec - investigación técnica de familia,https://www.nexans.co/es/products/Construcci%C3%B3n/Cables-de-Aluminio-de-Baja-Tensi%C3%B3n-Aislados.html,https://www.nexans.co/es/products/Construcci%C3%B3n/Cables-de-Aluminio-de-Baja-Tensi%C3%B3n-Aislados.html,,generica_verificada,autorizada,2026-08-03,Se contrastó la familia técnica Conductor de aluminio o ACSR. No se asigna una referencia ni marca de fabricante por semejanza. El SKU interno SRT-PENDING-32E3F97E7A37 es la referencia comercial de Surtilec hasta confirmar la referencia suministrada.
SRT-PENDING-025FBE5A4E6A,,Producto genérico Surtilec,Surtilec - investigación técnica de familia,https://www.nexans.co/es/products/Construcci%C3%B3n/Cables-de-Aluminio-de-Baja-Tensi%C3%B3n-Aislados.html,https://www.nexans.co/es/products/Construcci%C3%B3n/Cables-de-Aluminio-de-Baja-Tensi%C3%B3n-Aislados.html,,generica_verificada,autorizada,2026-08-03,Se contrastó la familia técnica Conductor de aluminio o ACSR. No se asigna una referencia ni marca de fabricante por semejanza. El SKU interno SRT-PENDING-025FBE5A4E6A es la referencia comercial de Surtilec hasta confirmar la referencia suministrada.
SRT-PENDING-9A6072001869,,Producto genérico Surtilec,Surtilec - investigación técnica de familia,https://www.nexans.co/es/products/Construcci%C3%B3n/Cables-de-Aluminio-de-Baja-Tensi%C3%B3n-Aislados.html,https://www.nexans.co/es/products/Construcci%C3%B3n/Cables-de-Aluminio-de-Baja-Tensi%C3%B3n-Aislados.html,,generica_verificada,autorizada,2026-08-03,Se contrastó la familia técnica Conductor de aluminio o ACSR. No se asigna una referencia ni marca de fabricante por semejanza. El SKU interno SRT-PENDING-9A6072001869 es la referencia comercial de Surtilec hasta confirmar la referencia suministrada.
SRT-PENDING-BB6C17498CE3,,Producto genérico Surtilec,Surtilec - investigación técnica de familia,https://www.nexans.co/es/products/Construcci%C3%B3n/Cables-de-Aluminio-de-Baja-Tensi%C3%B3n-Aislados.html,https://www.nexans.co/es/products/Construcci%C3%B3n/Cables-de-Aluminio-de-Baja-Tensi%C3%B3n-Aislados.html,,generica_verificada,autorizada,2026-08-03,Se contrastó la familia técnica Conductor de aluminio o ACSR. No se asigna una referencia ni marca de fabricante por semejanza. El SKU interno SRT-PENDING-BB6C17498CE3 es la referencia comercial de Surtilec hasta confirmar la referencia suministrada.
SRT-PENDING-9DE2ECCC6E24,,Producto genérico Surtilec,Surtilec - investigación técnica de familia,https://www.nexans.co/es/products/Construcci%C3%B3n/Cables-de-Aluminio-de-Baja-Tensi%C3%B3n-Aislados.html,https://www.nexans.co/es/products/Construcci%C3%B3n/Cables-de-Aluminio-de-Baja-Tensi%C3%B3n-Aislados.html,,generica_verificada,autorizada,2026-08-03,Se contrastó la familia técnica Conductor de aluminio o ACSR. No se asigna una referencia ni marca de fabricante por semejanza. El SKU interno SRT-PENDING-9DE2ECCC6E24 es la referencia comercial de Surtilec hasta confirmar la referencia suministrada.
SRT-PENDING-71B6AC43BD2A,,Producto genérico Surtilec,Surtilec - investigación técnica de familia,https://www.nexans.co/es/products/Construcci%C3%B3n/Cables-de-Aluminio-de-Baja-Tensi%C3%B3n-Aislados.html,https://www.nexans.co/es/products/Construcci%C3%B3n/Cables-de-Aluminio-de-Baja-Tensi%C3%B3n-Aislados.html,,generica_verificada,autorizada,2026-08-03,Se contrastó la familia técnica Conductor de aluminio o ACSR. No se asigna una referencia ni marca de fabricante por semejanza. El SKU interno SRT-PENDING-71B6AC43BD2A es la referencia comercial de Surtilec hasta confirmar la referencia suministrada.
SRT-PENDING-098875622BFE,,Producto genérico Surtilec,Surtilec - investigación técnica de familia,https://www.nexans.co/es/products/Construcci%C3%B3n/Cables-de-Aluminio-de-Baja-Tensi%C3%B3n-Aislados.html,https://www.nexans.co/es/products/Construcci%C3%B3n/Cables-de-Aluminio-de-Baja-Tensi%C3%B3n-Aislados.html,,generica_verificada,autorizada,2026-08-03,Se contrastó la familia técnica Conductor de aluminio o ACSR. No se asigna una referencia ni marca de fabricante por semejanza. El SKU interno SRT-PENDING-098875622BFE es la referencia comercial de Surtilec hasta confirmar la referencia suministrada.
SRT-PENDING-6D85330E7595,,Producto genérico Surtilec,Surtilec - investigación técnica de familia,https://co.prysmian.com/en/products,https://co.prysmian.com/en/products,,generica_verificada,autorizada,2026-08-03,Se contrastó la familia técnica Cable industrial de construcción. No se asigna una referencia ni marca de fabricante por semejanza. El SKU interno SRT-PENDING-6D85330E7595 es la referencia comercial de Surtilec hasta confirmar la referencia suministrada.
SRT-PENDING-BE050281F599,,Producto genérico Surtilec,Surtilec - investigación técnica de familia,https://co.prysmian.com/en/products,https://co.prysmian.com/en/products,,generica_verificada,autorizada,2026-08-03,Se contrastó la familia técnica Cable industrial de construcción. No se asigna una referencia ni marca de fabricante por semejanza. El SKU interno SRT-PENDING-BE050281F599 es la referencia comercial de Surtilec hasta confirmar la referencia suministrada.
SRT-PENDING-DA37AC5700DE,,Producto genérico Surtilec,Surtilec - investigación técnica de familia,https://co.prysmian.com/en/products,https://co.prysmian.com/en/products,,generica_verificada,autorizada,2026-08-03,Se contrastó la familia técnica Cable industrial de construcción. No se asigna una referencia ni marca de fabricante por semejanza. El SKU interno SRT-PENDING-DA37AC5700DE es la referencia comercial de Surtilec hasta confirmar la referencia suministrada.
SRT-PENDING-BD7A7E1B007A,,Producto genérico Surtilec,Surtilec - investigación técnica de familia,https://co.prysmian.com/en/products,https://co.prysmian.com/en/products,,generica_verificada,autorizada,2026-08-03,Se contrastó la familia técnica Cable industrial de construcción. No se asigna una referencia ni marca de fabricante por semejanza. El SKU interno SRT-PENDING-BD7A7E1B007A es la referencia comercial de Surtilec hasta confirmar la referencia suministrada.
SRT-PENDING-1F5C990D1A3D,,Producto genérico Surtilec,Surtilec - investigación técnica de familia,https://co.prysmian.com/en/products,https://co.prysmian.com/en/products,,generica_verificada,autorizada,2026-08-03,Se contrastó la familia técnica Cable industrial de construcción. No se asigna una referencia ni marca de fabricante por semejanza. El SKU interno SRT-PENDING-1F5C990D1A3D es la referencia comercial de Surtilec hasta confirmar la referencia suministrada.
SRT-PENDING-F6E3F9037813,,Producto genérico Surtilec,Surtilec - investigación técnica de familia,https://co.prysmian.com/en/products,https://co.prysmian.com/en/products,,generica_verificada,autorizada,2026-08-03,Se contrastó la familia técnica Cable industrial de construcción. No se asigna una referencia ni marca de fabricante por semejanza. El SKU interno SRT-PENDING-F6E3F9037813 es la referencia comercial de Surtilec hasta confirmar la referencia suministrada.
SRT-PENDING-F303325FA0CC,,Producto genérico Surtilec,Surtilec - investigación técnica de familia,https://co.prysmian.com/en/products,https://co.prysmian.com/en/products,,generica_verificada,autorizada,2026-08-03,Se contrastó la familia técnica Cable industrial de construcción. No se asigna una referencia ni marca de fabricante por semejanza. El SKU interno SRT-PENDING-F303325FA0CC es la referencia comercial de Surtilec hasta confirmar la referencia suministrada.
SRT-PENDING-618220FAA1AB,,Producto genérico Surtilec,Surtilec - investigación técnica de familia,https://www.nexans.co/es/products/Construcci%C3%B3n/Cables-de-Aluminio-de-Baja-Tensi%C3%B3n-Aislados/Cable-Aluminio-S8000-THWN-2/Single-Cor24584.html,https://www.nexans.co/es/products/Construcci%C3%B3n/Cables-de-Aluminio-de-Baja-Tensi%C3%B3n-Aislados/Cable-Aluminio-S8000-THWN-2/Single-Cor24584.html,,generica_verificada,autorizada,2026-08-03,Se contrastó la familia técnica Aluminio serie 8000 THHN/THWN-2. No se asigna una referencia ni marca de fabricante por semejanza. El SKU interno SRT-PENDING-618220FAA1AB es la referencia comercial de Surtilec hasta confirmar la referencia suministrada.
SRT-PENDING-7802C84DE1B3,,Producto genérico Surtilec,Surtilec - investigación técnica de familia,https://www.nexans.co/es/products/Construcci%C3%B3n/Cables-de-Aluminio-de-Baja-Tensi%C3%B3n-Aislados/Cable-Aluminio-S8000-THWN-2/Single-Cor24584.html,https://www.nexans.co/es/products/Construcci%C3%B3n/Cables-de-Aluminio-de-Baja-Tensi%C3%B3n-Aislados/Cable-Aluminio-S8000-THWN-2/Single-Cor24584.html,,generica_verificada,autorizada,2026-08-03,Se contrastó la familia técnica Aluminio serie 8000 THHN/THWN-2. No se asigna una referencia ni marca de fabricante por semejanza. El SKU interno SRT-PENDING-7802C84DE1B3 es la referencia comercial de Surtilec hasta confirmar la referencia suministrada.
SRT-PENDING-BD8088AD9745,,Producto genérico Surtilec,Surtilec - investigación técnica de familia,https://www.nexans.co/es/products/Construcci%C3%B3n/Cables-de-Aluminio-de-Baja-Tensi%C3%B3n-Aislados/Cable-Aluminio-S8000-THWN-2/Single-Cor24584.html,https://www.nexans.co/es/products/Construcci%C3%B3n/Cables-de-Aluminio-de-Baja-Tensi%C3%B3n-Aislados/Cable-Aluminio-S8000-THWN-2/Single-Cor24584.html,,generica_verificada,autorizada,2026-08-03,Se contrastó la familia técnica Aluminio serie 8000 THHN/THWN-2. No se asigna una referencia ni marca de fabricante por semejanza. El SKU interno SRT-PENDING-BD8088AD9745 es la referencia comercial de Surtilec hasta confirmar la referencia suministrada.
SRT-PENDING-D2AF8D0AFA5B,,Producto genérico Surtilec,Surtilec - investigación técnica de familia,https://www.nexans.co/es/products/Construcci%C3%B3n/Cables-de-Aluminio-de-Baja-Tensi%C3%B3n-Aislados/Cable-Aluminio-S8000-THWN-2/Single-Cor24584.html,https://www.nexans.co/es/products/Construcci%C3%B3n/Cables-de-Aluminio-de-Baja-Tensi%C3%B3n-Aislados/Cable-Aluminio-S8000-THWN-2/Single-Cor24584.html,,generica_verificada,autorizada,2026-08-03,Se contrastó la familia técnica Aluminio serie 8000 THHN/THWN-2. No se asigna una referencia ni marca de fabricante por semejanza. El SKU interno SRT-PENDING-D2AF8D0AFA5B es la referencia comercial de Surtilec hasta confirmar la referencia suministrada.
SRT-PENDING-17B5235302EA,,Producto genérico Surtilec,Surtilec - investigación técnica de familia,https://www.nexans.co/es/products/Construcci%C3%B3n/Cables-de-Aluminio-de-Baja-Tensi%C3%B3n-Aislados/Cable-Aluminio-S8000-THWN-2/Single-Cor24584.html,https://www.nexans.co/es/products/Construcci%C3%B3n/Cables-de-Aluminio-de-Baja-Tensi%C3%B3n-Aislados/Cable-Aluminio-S8000-THWN-2/Single-Cor24584.html,,generica_verificada,autorizada,2026-08-03,Se contrastó la familia técnica Aluminio serie 8000 THHN/THWN-2. No se asigna una referencia ni marca de fabricante por semejanza. El SKU interno SRT-PENDING-17B5235302EA es la referencia comercial de Surtilec hasta confirmar la referencia suministrada.
SRT-PENDING-FE68D8389306,,Producto genérico Surtilec,Surtilec - investigación técnica de familia,https://www.nexans.co/es/products/Construcci%C3%B3n/Cables-de-Aluminio-de-Baja-Tensi%C3%B3n-Aislados/Cable-Aluminio-S8000-THWN-2/Single-Cor24584.html,https://www.nexans.co/es/products/Construcci%C3%B3n/Cables-de-Aluminio-de-Baja-Tensi%C3%B3n-Aislados/Cable-Aluminio-S8000-THWN-2/Single-Cor24584.html,,generica_verificada,autorizada,2026-08-03,Se contrastó la familia técnica Aluminio serie 8000 THHN/THWN-2. No se asigna una referencia ni marca de fabricante por semejanza. El SKU interno SRT-PENDING-FE68D8389306 es la referencia comercial de Surtilec hasta confirmar la referencia suministrada.
SRT-PENDING-E4C3804FAEF6,,Producto genérico Surtilec,Surtilec - investigación técnica de familia,https://www.nexans.co/es/products/Construcci%C3%B3n/Cables-de-Aluminio-de-Baja-Tensi%C3%B3n-Aislados/Cable-Aluminio-S8000-THWN-2/Single-Cor24584.html,https://www.nexans.co/es/products/Construcci%C3%B3n/Cables-de-Aluminio-de-Baja-Tensi%C3%B3n-Aislados/Cable-Aluminio-S8000-THWN-2/Single-Cor24584.html,,generica_verificada,autorizada,2026-08-03,Se contrastó la familia técnica Aluminio serie 8000 THHN/THWN-2. No se asigna una referencia ni marca de fabricante por semejanza. El SKU interno SRT-PENDING-E4C3804FAEF6 es la referencia comercial de Surtilec hasta confirmar la referencia suministrada.
SRT-PENDING-08F3829DA7AE,,Producto genérico Surtilec,Surtilec - investigación técnica de familia,https://www.nexans.co/es/products/Construcci%C3%B3n/Cables-de-Aluminio-de-Baja-Tensi%C3%B3n-Aislados/Cable-Aluminio-S8000-THWN-2/Single-Cor24584.html,https://www.nexans.co/es/products/Construcci%C3%B3n/Cables-de-Aluminio-de-Baja-Tensi%C3%B3n-Aislados/Cable-Aluminio-S8000-THWN-2/Single-Cor24584.html,,generica_verificada,autorizada,2026-08-03,Se contrastó la familia técnica Aluminio serie 8000 THHN/THWN-2. No se asigna una referencia ni marca de fabricante por semejanza. El SKU interno SRT-PENDING-08F3829DA7AE es la referencia comercial de Surtilec hasta confirmar la referencia suministrada.
SRT-PENDING-2B93CC066BC7,,Producto genérico Surtilec,Surtilec - investigación técnica de familia,https://www.nexans.co/es/products/Construcci%C3%B3n/Cables-de-Aluminio-de-Baja-Tensi%C3%B3n-Aislados/Cable-Aluminio-S8000-THWN-2/Single-Cor24584.html,https://www.nexans.co/es/products/Construcci%C3%B3n/Cables-de-Aluminio-de-Baja-Tensi%C3%B3n-Aislados/Cable-Aluminio-S8000-THWN-2/Single-Cor24584.html,,generica_verificada,autorizada,2026-08-03,Se contrastó la familia técnica Aluminio serie 8000 THHN/THWN-2. No se asigna una referencia ni marca de fabricante por semejanza. El SKU interno SRT-PENDING-2B93CC066BC7 es la referencia comercial de Surtilec hasta confirmar la referencia suministrada.
SRT-PENDING-B57B2EE1A859,,Producto genérico Surtilec,Surtilec - investigación técnica de familia,https://www.nexans.co/es/products/Construcci%C3%B3n/Cables-de-Aluminio-de-Baja-Tensi%C3%B3n-Aislados/Cable-Aluminio-S8000-THWN-2/Single-Cor24584.html,https://www.nexans.co/es/products/Construcci%C3%B3n/Cables-de-Aluminio-de-Baja-Tensi%C3%B3n-Aislados/Cable-Aluminio-S8000-THWN-2/Single-Cor24584.html,,generica_verificada,autorizada,2026-08-03,Se contrastó la familia técnica Aluminio serie 8000 THHN/THWN-2. No se asigna una referencia ni marca de fabricante por semejanza. El SKU interno SRT-PENDING-B57B2EE1A859 es la referencia comercial de Surtilec hasta confirmar la referencia suministrada.
SRT-PENDING-B046A49FCC82,,Producto genérico Surtilec,Surtilec - investigación técnica de familia,https://www.nexans.co/es/products/Construcci%C3%B3n/Cables-de-Aluminio-de-Baja-Tensi%C3%B3n-Aislados/Cable-Aluminio-S8000-THWN-2/Single-Cor24584.html,https://www.nexans.co/es/products/Construcci%C3%B3n/Cables-de-Aluminio-de-Baja-Tensi%C3%B3n-Aislados/Cable-Aluminio-S8000-THWN-2/Single-Cor24584.html,,generica_verificada,autorizada,2026-08-03,Se contrastó la familia técnica Aluminio serie 8000 THHN/THWN-2. No se asigna una referencia ni marca de fabricante por semejanza. El SKU interno SRT-PENDING-B046A49FCC82 es la referencia comercial de Surtilec hasta confirmar la referencia suministrada.
SRT-PENDING-7246E8E3A573,,Producto genérico Surtilec,Surtilec - investigación técnica de familia,https://www.nexans.co/es/products/Construcci%C3%B3n/Cables-de-Aluminio-de-Baja-Tensi%C3%B3n-Aislados/Cable-Aluminio-S8000-THWN-2/Single-Cor24584.html,https://www.nexans.co/es/products/Construcci%C3%B3n/Cables-de-Aluminio-de-Baja-Tensi%C3%B3n-Aislados/Cable-Aluminio-S8000-THWN-2/Single-Cor24584.html,,generica_verificada,autorizada,2026-08-03,Se contrastó la familia técnica Aluminio serie 8000 THHN/THWN-2. No se asigna una referencia ni marca de fabricante por semejanza. El SKU interno SRT-PENDING-7246E8E3A573 es la referencia comercial de Surtilec hasta confirmar la referencia suministrada.
SRT-PENDING-C775808B3073,,Producto genérico Surtilec,Surtilec - investigación técnica de familia,https://www.nexans.co/es/products/Construcci%C3%B3n/Cables-de-Aluminio-de-Baja-Tensi%C3%B3n-Aislados/Cable-Aluminio-S8000-THWN-2/Single-Cor24584.html,https://www.nexans.co/es/products/Construcci%C3%B3n/Cables-de-Aluminio-de-Baja-Tensi%C3%B3n-Aislados/Cable-Aluminio-S8000-THWN-2/Single-Cor24584.html,,generica_verificada,autorizada,2026-08-03,Se contrastó la familia técnica Aluminio serie 8000 THHN/THWN-2. No se asigna una referencia ni marca de fabricante por semejanza. El SKU interno SRT-PENDING-C775808B3073 es la referencia comercial de Surtilec hasta confirmar la referencia suministrada.
SRT-PENDING-CDB94E717A0C,,Producto genérico Surtilec,Surtilec - investigación técnica de familia,https://www.nexans.co/es/products/Construcci%C3%B3n/Cables-de-Aluminio-de-Baja-Tensi%C3%B3n-Aislados/Cable-Aluminio-S8000-THWN-2/Single-Cor24584.html,https://www.nexans.co/es/products/Construcci%C3%B3n/Cables-de-Aluminio-de-Baja-Tensi%C3%B3n-Aislados/Cable-Aluminio-S8000-THWN-2/Single-Cor24584.html,,generica_verificada,autorizada,2026-08-03,Se contrastó la familia técnica Aluminio serie 8000 THHN/THWN-2. No se asigna una referencia ni marca de fabricante por semejanza. El SKU interno SRT-PENDING-CDB94E717A0C es la referencia comercial de Surtilec hasta confirmar la referencia suministrada.
SRT-PENDING-510C78A9F1D1,,Producto genérico Surtilec,Surtilec - investigación técnica de familia,https://www.nexans.co/es/products/Construcci%C3%B3n/Cables-de-Aluminio-de-Baja-Tensi%C3%B3n-Aislados/Cable-Aluminio-S8000-THWN-2/Single-Cor24584.html,https://www.nexans.co/es/products/Construcci%C3%B3n/Cables-de-Aluminio-de-Baja-Tensi%C3%B3n-Aislados/Cable-Aluminio-S8000-THWN-2/Single-Cor24584.html,,generica_verificada,autorizada,2026-08-03,Se contrastó la familia técnica Aluminio serie 8000 THHN/THWN-2. No se asigna una referencia ni marca de fabricante por semejanza. El SKU interno SRT-PENDING-510C78A9F1D1 es la referencia comercial de Surtilec hasta confirmar la referencia suministrada.
SRT-PENDING-A0CFFB40DD66,,Producto genérico Surtilec,Surtilec - investigación técnica de familia,https://www.nexans.co/es/products/Construcci%C3%B3n/Cables-de-Aluminio-de-Baja-Tensi%C3%B3n-Aislados/Cable-Aluminio-S8000-THWN-2/Single-Cor24584.html,https://www.nexans.co/es/products/Construcci%C3%B3n/Cables-de-Aluminio-de-Baja-Tensi%C3%B3n-Aislados/Cable-Aluminio-S8000-THWN-2/Single-Cor24584.html,,generica_verificada,autorizada,2026-08-03,Se contrastó la familia técnica Aluminio serie 8000 THHN/THWN-2. No se asigna una referencia ni marca de fabricante por semejanza. El SKU interno SRT-PENDING-A0CFFB40DD66 es la referencia comercial de Surtilec hasta confirmar la referencia suministrada.
SRT-PENDING-C395AD6C2B57,,Producto genérico Surtilec,Surtilec - investigación técnica de familia,https://www.nexans.co/es/products/Construcci%C3%B3n/Cables-de-Aluminio-de-Baja-Tensi%C3%B3n-Aislados/Cable-Aluminio-S8000-THWN-2/Single-Cor24584.html,https://www.nexans.co/es/products/Construcci%C3%B3n/Cables-de-Aluminio-de-Baja-Tensi%C3%B3n-Aislados/Cable-Aluminio-S8000-THWN-2/Single-Cor24584.html,,generica_verificada,autorizada,2026-08-03,Se contrastó la familia técnica Aluminio serie 8000 THHN/THWN-2. No se asigna una referencia ni marca de fabricante por semejanza. El SKU interno SRT-PENDING-C395AD6C2B57 es la referencia comercial de Surtilec hasta confirmar la referencia suministrada.
SRT-PENDING-4648B0B0D442,,Producto genérico Surtilec,Surtilec - investigación técnica de familia,https://www.nexans.co/es/products/Construcci%C3%B3n/Cables-de-Aluminio-de-Baja-Tensi%C3%B3n-Aislados/Cable-Aluminio-S8000-THWN-2/Single-Cor24584.html,https://www.nexans.co/es/products/Construcci%C3%B3n/Cables-de-Aluminio-de-Baja-Tensi%C3%B3n-Aislados/Cable-Aluminio-S8000-THWN-2/Single-Cor24584.html,,generica_verificada,autorizada,2026-08-03,Se contrastó la familia técnica Aluminio serie 8000 THHN/THWN-2. No se asigna una referencia ni marca de fabricante por semejanza. El SKU interno SRT-PENDING-4648B0B0D442 es la referencia comercial de Surtilec hasta confirmar la referencia suministrada.
SRT-PENDING-263562792023,,Producto genérico Surtilec,Surtilec - investigación técnica de familia,https://www.nexans.co/es/products/Construcci%C3%B3n/Cables-de-Aluminio-de-Baja-Tensi%C3%B3n-Aislados.html,https://www.nexans.co/es/products/Construcci%C3%B3n/Cables-de-Aluminio-de-Baja-Tensi%C3%B3n-Aislados.html,,generica_verificada,autorizada,2026-08-03,Se contrastó la familia técnica Conductor de aluminio o ACSR. No se asigna una referencia ni marca de fabricante por semejanza. El SKU interno SRT-PENDING-263562792023 es la referencia comercial de Surtilec hasta confirmar la referencia suministrada.
SRT-PENDING-FEDCA5B2130A,,Producto genérico Surtilec,Surtilec - investigación técnica de familia,https://www.nexans.co/es/products/Construcci%C3%B3n/Cables-de-Aluminio-de-Baja-Tensi%C3%B3n-Aislados.html,https://www.nexans.co/es/products/Construcci%C3%B3n/Cables-de-Aluminio-de-Baja-Tensi%C3%B3n-Aislados.html,,generica_verificada,autorizada,2026-08-03,Se contrastó la familia técnica Conductor de aluminio o ACSR. No se asigna una referencia ni marca de fabricante por semejanza. El SKU interno SRT-PENDING-FEDCA5B2130A es la referencia comercial de Surtilec hasta confirmar la referencia suministrada.
SRT-PENDING-FA246626787C,,Producto genérico Surtilec,Surtilec - investigación técnica de familia,https://www.nexans.co/es/products/Construcci%C3%B3n/Cables-de-Aluminio-de-Baja-Tensi%C3%B3n-Aislados.html,https://www.nexans.co/es/products/Construcci%C3%B3n/Cables-de-Aluminio-de-Baja-Tensi%C3%B3n-Aislados.html,,generica_verificada,autorizada,2026-08-03,Se contrastó la familia técnica Conductor de aluminio o ACSR. No se asigna una referencia ni marca de fabricante por semejanza. El SKU interno SRT-PENDING-FA246626787C es la referencia comercial de Surtilec hasta confirmar la referencia suministrada.
SRT-PENDING-067154A42972,,Producto genérico Surtilec,Surtilec - investigación técnica de familia,https://www.nexans.co/es/products/Construcci%C3%B3n/Cables-de-Aluminio-de-Baja-Tensi%C3%B3n-Aislados.html,https://www.nexans.co/es/products/Construcci%C3%B3n/Cables-de-Aluminio-de-Baja-Tensi%C3%B3n-Aislados.html,,generica_verificada,autorizada,2026-08-03,Se contrastó la familia técnica Conductor de aluminio o ACSR. No se asigna una referencia ni marca de fabricante por semejanza. El SKU interno SRT-PENDING-067154A42972 es la referencia comercial de Surtilec hasta confirmar la referencia suministrada.
SRT-PENDING-0F15D54AACAC,,Producto genérico Surtilec,Surtilec - investigación técnica de familia,https://www.nexans.co/es/products/Construcci%C3%B3n/Cables-de-Aluminio-de-Baja-Tensi%C3%B3n-Aislados.html,https://www.nexans.co/es/products/Construcci%C3%B3n/Cables-de-Aluminio-de-Baja-Tensi%C3%B3n-Aislados.html,,generica_verificada,autorizada,2026-08-03,Se contrastó la familia técnica Conductor de aluminio o ACSR. No se asigna una referencia ni marca de fabricante por semejanza. El SKU interno SRT-PENDING-0F15D54AACAC es la referencia comercial de Surtilec hasta confirmar la referencia suministrada.
SRT-PENDING-A73CFC9A0727,,Producto genérico Surtilec,Surtilec - investigación técnica de familia,https://www.nexans.co/es/products/Construcci%C3%B3n/Cables-de-Aluminio-de-Baja-Tensi%C3%B3n-Aislados.html,https://www.nexans.co/es/products/Construcci%C3%B3n/Cables-de-Aluminio-de-Baja-Tensi%C3%B3n-Aislados.html,,generica_verificada,autorizada,2026-08-03,Se contrastó la familia técnica Conductor de aluminio o ACSR. No se asigna una referencia ni marca de fabricante por semejanza. El SKU interno SRT-PENDING-A73CFC9A0727 es la referencia comercial de Surtilec hasta confirmar la referencia suministrada.
SRT-PENDING-266E0D610A17,,Producto genérico Surtilec,Surtilec - investigación técnica de familia,https://www.nexans.co/es/products/Construcci%C3%B3n/Cables-de-Aluminio-de-Baja-Tensi%C3%B3n-Aislados.html,https://www.nexans.co/es/products/Construcci%C3%B3n/Cables-de-Aluminio-de-Baja-Tensi%C3%B3n-Aislados.html,,generica_verificada,autorizada,2026-08-03,Se contrastó la familia técnica Conductor de aluminio o ACSR. No se asigna una referencia ni marca de fabricante por semejanza. El SKU interno SRT-PENDING-266E0D610A17 es la referencia comercial de Surtilec hasta confirmar la referencia suministrada.
SRT-PENDING-5023C4F2A294,,Producto genérico Surtilec,Surtilec - investigación técnica de familia,https://www.nexans.co/es/products/Construcci%C3%B3n/Cables-de-Aluminio-de-Baja-Tensi%C3%B3n-Aislados.html,https://www.nexans.co/es/products/Construcci%C3%B3n/Cables-de-Aluminio-de-Baja-Tensi%C3%B3n-Aislados.html,,generica_verificada,autorizada,2026-08-03,Se contrastó la familia técnica Conductor de aluminio o ACSR. No se asigna una referencia ni marca de fabricante por semejanza. El SKU interno SRT-PENDING-5023C4F2A294 es la referencia comercial de Surtilec hasta confirmar la referencia suministrada.
SRT-PENDING-9E98C10B8CED,,Producto genérico Surtilec,Surtilec - investigación técnica de familia,https://www.nexans.co/es/products/Construcci%C3%B3n/Cables-de-Aluminio-de-Baja-Tensi%C3%B3n-Aislados.html,https://www.nexans.co/es/products/Construcci%C3%B3n/Cables-de-Aluminio-de-Baja-Tensi%C3%B3n-Aislados.html,,generica_verificada,autorizada,2026-08-03,Se contrastó la familia técnica Conductor de aluminio o ACSR. No se asigna una referencia ni marca de fabricante por semejanza. El SKU interno SRT-PENDING-9E98C10B8CED es la referencia comercial de Surtilec hasta confirmar la referencia suministrada.
SRT-PENDING-A69BDCC48792,,Producto genérico Surtilec,Surtilec - investigación técnica de familia,https://www.nexans.co/es/products/Construcci%C3%B3n/Cables-de-Aluminio-de-Baja-Tensi%C3%B3n-Aislados.html,https://www.nexans.co/es/products/Construcci%C3%B3n/Cables-de-Aluminio-de-Baja-Tensi%C3%B3n-Aislados.html,,generica_verificada,autorizada,2026-08-03,Se contrastó la familia técnica Conductor de aluminio o ACSR. No se asigna una referencia ni marca de fabricante por semejanza. El SKU interno SRT-PENDING-A69BDCC48792 es la referencia comercial de Surtilec hasta confirmar la referencia suministrada.
SRT-PENDING-8044A4C1B9DC,,Producto genérico Surtilec,Surtilec - investigación técnica de familia,https://www.nexans.co/es/products/Construcci%C3%B3n/Cables-de-Cobre-de-Baja-Tensi%C3%B3n-Aislados/Cable-THHN-THWN-2/Cable-Type24144.html,https://www.nexans.co/es/products/Construcci%C3%B3n/Cables-de-Cobre-de-Baja-Tensi%C3%B3n-Aislados/Cable-THHN-THWN-2/Cable-Type24144.html,,generica_verificada,autorizada,2026-08-03,Se contrastó la familia técnica Alambre/cable THHN/THWN-2 600 V. No se asigna una referencia ni marca de fabricante por semejanza. El SKU interno SRT-PENDING-8044A4C1B9DC es la referencia comercial de Surtilec hasta confirmar la referencia suministrada.
SRT-PENDING-75B78DEB2833,,Producto genérico Surtilec,Surtilec - investigación técnica de familia,https://www.nexans.co/es/products/Construcci%C3%B3n/Cables-de-Cobre-de-Baja-Tensi%C3%B3n-Aislados/Cable-THHN-THWN-2/Cable-Type24144.html,https://www.nexans.co/es/products/Construcci%C3%B3n/Cables-de-Cobre-de-Baja-Tensi%C3%B3n-Aislados/Cable-THHN-THWN-2/Cable-Type24144.html,,generica_verificada,autorizada,2026-08-03,Se contrastó la familia técnica Alambre/cable THHN/THWN-2 600 V. No se asigna una referencia ni marca de fabricante por semejanza. El SKU interno SRT-PENDING-75B78DEB2833 es la referencia comercial de Surtilec hasta confirmar la referencia suministrada.
SRT-PENDING-B1B9FD4A3D6D,,Producto genérico Surtilec,Surtilec - investigación técnica de familia,https://www.nexans.co/es/products/Construcci%C3%B3n/Cables-de-Cobre-de-Baja-Tensi%C3%B3n-Aislados/Cable-THHN-THWN-2/Cable-Type24144.html,https://www.nexans.co/es/products/Construcci%C3%B3n/Cables-de-Cobre-de-Baja-Tensi%C3%B3n-Aislados/Cable-THHN-THWN-2/Cable-Type24144.html,,generica_verificada,autorizada,2026-08-03,Se contrastó la familia técnica Alambre/cable THHN/THWN-2 600 V. No se asigna una referencia ni marca de fabricante por semejanza. El SKU interno SRT-PENDING-B1B9FD4A3D6D es la referencia comercial de Surtilec hasta confirmar la referencia suministrada.
SRT-PENDING-27D8B25958DA,,Producto genérico Surtilec,Surtilec - investigación técnica de familia,https://www.nexans.co/es/products/Construcci%C3%B3n/Cables-de-Cobre-de-Baja-Tensi%C3%B3n-Aislados/Cable-THHN-THWN-2/Cable-Type24144.html,https://www.nexans.co/es/products/Construcci%C3%B3n/Cables-de-Cobre-de-Baja-Tensi%C3%B3n-Aislados/Cable-THHN-THWN-2/Cable-Type24144.html,,generica_verificada,autorizada,2026-08-03,Se contrastó la familia técnica Alambre/cable THHN/THWN-2 600 V. No se asigna una referencia ni marca de fabricante por semejanza. El SKU interno SRT-PENDING-27D8B25958DA es la referencia comercial de Surtilec hasta confirmar la referencia suministrada.
SRT-PENDING-D96DEC8CDC15,,Producto genérico Surtilec,Surtilec - investigación técnica de familia,https://www.nexans.co/es/products/Construcci%C3%B3n/Cables-de-Cobre-de-Baja-Tensi%C3%B3n-Aislados/Cable-THHN-THWN-2/Cable-Type24144.html,https://www.nexans.co/es/products/Construcci%C3%B3n/Cables-de-Cobre-de-Baja-Tensi%C3%B3n-Aislados/Cable-THHN-THWN-2/Cable-Type24144.html,,generica_verificada,autorizada,2026-08-03,Se contrastó la familia técnica Alambre/cable THHN/THWN-2 600 V. No se asigna una referencia ni marca de fabricante por semejanza. El SKU interno SRT-PENDING-D96DEC8CDC15 es la referencia comercial de Surtilec hasta confirmar la referencia suministrada.
SRT-PENDING-4713A378D085,,Producto genérico Surtilec,Surtilec - investigación técnica de familia,https://www.nexans.co/es/products/Construcci%C3%B3n/Cables-de-Cobre-de-Baja-Tensi%C3%B3n-Aislados/Cable-THHN-THWN-2/Cable-Type24144.html,https://www.nexans.co/es/products/Construcci%C3%B3n/Cables-de-Cobre-de-Baja-Tensi%C3%B3n-Aislados/Cable-THHN-THWN-2/Cable-Type24144.html,,generica_verificada,autorizada,2026-08-03,Se contrastó la familia técnica Alambre/cable THHN/THWN-2 600 V. No se asigna una referencia ni marca de fabricante por semejanza. El SKU interno SRT-PENDING-4713A378D085 es la referencia comercial de Surtilec hasta confirmar la referencia suministrada.
SRT-PENDING-2104A7D24A9E,,Producto genérico Surtilec,Surtilec - investigación técnica de familia,https://www.nexans.co/es/products/Construcci%C3%B3n/Cables-de-Cobre-de-Baja-Tensi%C3%B3n-Aislados/Cable-THHN-THWN-2/Cable-Type24144.html,https://www.nexans.co/es/products/Construcci%C3%B3n/Cables-de-Cobre-de-Baja-Tensi%C3%B3n-Aislados/Cable-THHN-THWN-2/Cable-Type24144.html,,generica_verificada,autorizada,2026-08-03,Se contrastó la familia técnica Alambre/cable THHN/THWN-2 600 V. No se asigna una referencia ni marca de fabricante por semejanza. El SKU interno SRT-PENDING-2104A7D24A9E es la referencia comercial de Surtilec hasta confirmar la referencia suministrada.
SRT-PENDING-6B93A56C256A,,Producto genérico Surtilec,Surtilec - investigación técnica de familia,https://www.nexans.co/es/products/Construcci%C3%B3n/Cables-de-Cobre-de-Baja-Tensi%C3%B3n-Aislados/Cable-THHN-THWN-2/Cable-Type24144.html,https://www.nexans.co/es/products/Construcci%C3%B3n/Cables-de-Cobre-de-Baja-Tensi%C3%B3n-Aislados/Cable-THHN-THWN-2/Cable-Type24144.html,,generica_verificada,autorizada,2026-08-03,Se contrastó la familia técnica Alambre/cable THHN/THWN-2 600 V. No se asigna una referencia ni marca de fabricante por semejanza. El SKU interno SRT-PENDING-6B93A56C256A es la referencia comercial de Surtilec hasta confirmar la referencia suministrada.
SRT-PENDING-34D217C09266,,Producto genérico Surtilec,Surtilec - investigación técnica de familia,https://www.nexans.co/es/products/Construcci%C3%B3n/Cables-de-Cobre-de-Baja-Tensi%C3%B3n-Aislados/Cable-THHN-THWN-2/Cable-Type24144.html,https://www.nexans.co/es/products/Construcci%C3%B3n/Cables-de-Cobre-de-Baja-Tensi%C3%B3n-Aislados/Cable-THHN-THWN-2/Cable-Type24144.html,,generica_verificada,autorizada,2026-08-03,Se contrastó la familia técnica Alambre/cable THHN/THWN-2 600 V. No se asigna una referencia ni marca de fabricante por semejanza. El SKU interno SRT-PENDING-34D217C09266 es la referencia comercial de Surtilec hasta confirmar la referencia suministrada.
SRT-PENDING-042EE4D4AB06,,Producto genérico Surtilec,Surtilec - investigación técnica de familia,https://www.nexans.co/es/products/Construcci%C3%B3n/Cables-de-Cobre-de-Baja-Tensi%C3%B3n-Aislados/Cable-THHN-THWN-2/Cable-Type24144.html,https://www.nexans.co/es/products/Construcci%C3%B3n/Cables-de-Cobre-de-Baja-Tensi%C3%B3n-Aislados/Cable-THHN-THWN-2/Cable-Type24144.html,,generica_verificada,autorizada,2026-08-03,Se contrastó la familia técnica Alambre/cable THHN/THWN-2 600 V. No se asigna una referencia ni marca de fabricante por semejanza. El SKU interno SRT-PENDING-042EE4D4AB06 es la referencia comercial de Surtilec hasta confirmar la referencia suministrada.
SRT-PENDING-196E7A66EC82,,Producto genérico Surtilec,Surtilec - investigación técnica de familia,https://www.nexans.co/es/products/Construcci%C3%B3n/Cables-de-Aluminio-de-Baja-Tensi%C3%B3n-Aislados.html,https://www.nexans.co/es/products/Construcci%C3%B3n/Cables-de-Aluminio-de-Baja-Tensi%C3%B3n-Aislados.html,,generica_verificada,autorizada,2026-08-03,Se contrastó la familia técnica Conductor de aluminio o ACSR. No se asigna una referencia ni marca de fabricante por semejanza. El SKU interno SRT-PENDING-196E7A66EC82 es la referencia comercial de Surtilec hasta confirmar la referencia suministrada.
SRT-PENDING-6D4A60D14D34,,Producto genérico Surtilec,Surtilec - investigación técnica de familia,https://www.nexans.co/es/products/Construcci%C3%B3n/Cables-de-Aluminio-de-Baja-Tensi%C3%B3n-Aislados.html,https://www.nexans.co/es/products/Construcci%C3%B3n/Cables-de-Aluminio-de-Baja-Tensi%C3%B3n-Aislados.html,,generica_verificada,autorizada,2026-08-03,Se contrastó la familia técnica Conductor de aluminio o ACSR. No se asigna una referencia ni marca de fabricante por semejanza. El SKU interno SRT-PENDING-6D4A60D14D34 es la referencia comercial de Surtilec hasta confirmar la referencia suministrada.
SRT-PENDING-84363C00914B,,Producto genérico Surtilec,Surtilec - investigación técnica de familia,https://www.nexans.co/es/products/Construcci%C3%B3n/Cables-de-Aluminio-de-Baja-Tensi%C3%B3n-Aislados.html,https://www.nexans.co/es/products/Construcci%C3%B3n/Cables-de-Aluminio-de-Baja-Tensi%C3%B3n-Aislados.html,,generica_verificada,autorizada,2026-08-03,Se contrastó la familia técnica Conductor de aluminio o ACSR. No se asigna una referencia ni marca de fabricante por semejanza. El SKU interno SRT-PENDING-84363C00914B es la referencia comercial de Surtilec hasta confirmar la referencia suministrada.
SRT-PENDING-E00051A36FB6,,Producto genérico Surtilec,Surtilec - investigación técnica de familia,https://www.nexans.co/es/products/Construcci%C3%B3n/Cables-de-Aluminio-de-Baja-Tensi%C3%B3n-Aislados.html,https://www.nexans.co/es/products/Construcci%C3%B3n/Cables-de-Aluminio-de-Baja-Tensi%C3%B3n-Aislados.html,,generica_verificada,autorizada,2026-08-03,Se contrastó la familia técnica Conductor de aluminio o ACSR. No se asigna una referencia ni marca de fabricante por semejanza. El SKU interno SRT-PENDING-E00051A36FB6 es la referencia comercial de Surtilec hasta confirmar la referencia suministrada.
SRT-PENDING-FB07F7E9A51B,,Producto genérico Surtilec,Surtilec - investigación técnica de familia,https://www.nexans.co/es/products/Construcci%C3%B3n/Cables-de-Aluminio-de-Baja-Tensi%C3%B3n-Aislados.html,https://www.nexans.co/es/products/Construcci%C3%B3n/Cables-de-Aluminio-de-Baja-Tensi%C3%B3n-Aislados.html,,generica_verificada,autorizada,2026-08-03,Se contrastó la familia técnica Conductor de aluminio o ACSR. No se asigna una referencia ni marca de fabricante por semejanza. El SKU interno SRT-PENDING-FB07F7E9A51B es la referencia comercial de Surtilec hasta confirmar la referencia suministrada.
SRT-PENDING-34CD8C37BC1C,,Producto genérico Surtilec,Surtilec - investigación técnica de familia,https://www.nexans.co/es/products/Construcci%C3%B3n/Cables-de-Aluminio-de-Baja-Tensi%C3%B3n-Aislados.html,https://www.nexans.co/es/products/Construcci%C3%B3n/Cables-de-Aluminio-de-Baja-Tensi%C3%B3n-Aislados.html,,generica_verificada,autorizada,2026-08-03,Se contrastó la familia técnica Conductor de aluminio o ACSR. No se asigna una referencia ni marca de fabricante por semejanza. El SKU interno SRT-PENDING-34CD8C37BC1C es la referencia comercial de Surtilec hasta confirmar la referencia suministrada.
SRT-PENDING-2D1847DB2E7B,,Producto genérico Surtilec,Surtilec - investigación técnica de familia,https://www.nexans.co/es/products/Construcci%C3%B3n/Cables-de-Aluminio-de-Baja-Tensi%C3%B3n-Aislados.html,https://www.nexans.co/es/products/Construcci%C3%B3n/Cables-de-Aluminio-de-Baja-Tensi%C3%B3n-Aislados.html,,generica_verificada,autorizada,2026-08-03,Se contrastó la familia técnica Conductor de aluminio o ACSR. No se asigna una referencia ni marca de fabricante por semejanza. El SKU interno SRT-PENDING-2D1847DB2E7B es la referencia comercial de Surtilec hasta confirmar la referencia suministrada.
SRT-PENDING-F8A7919373AD,,Producto genérico Surtilec,Surtilec - investigación técnica de familia,https://www.nexans.co/es/products/Construcci%C3%B3n/Cables-de-Aluminio-de-Baja-Tensi%C3%B3n-Aislados.html,https://www.nexans.co/es/products/Construcci%C3%B3n/Cables-de-Aluminio-de-Baja-Tensi%C3%B3n-Aislados.html,,generica_verificada,autorizada,2026-08-03,Se contrastó la familia técnica Conductor de aluminio o ACSR. No se asigna una referencia ni marca de fabricante por semejanza. El SKU interno SRT-PENDING-F8A7919373AD es la referencia comercial de Surtilec hasta confirmar la referencia suministrada.
SRT-PENDING-3BD5191D4ECE,,Producto genérico Surtilec,Surtilec - investigación técnica de familia,https://www.nexans.co/es/products/Construcci%C3%B3n/Cables-de-Aluminio-de-Baja-Tensi%C3%B3n-Aislados.html,https://www.nexans.co/es/products/Construcci%C3%B3n/Cables-de-Aluminio-de-Baja-Tensi%C3%B3n-Aislados.html,,generica_verificada,autorizada,2026-08-03,Se contrastó la familia técnica Conductor de aluminio o ACSR. No se asigna una referencia ni marca de fabricante por semejanza. El SKU interno SRT-PENDING-3BD5191D4ECE es la referencia comercial de Surtilec hasta confirmar la referencia suministrada.
SRT-PENDING-1FA91735D6F2,,Producto genérico Surtilec,Surtilec - investigación técnica de familia,https://www.nexans.co/es/products/Construcci%C3%B3n/Cables-de-Aluminio-de-Baja-Tensi%C3%B3n-Aislados.html,https://www.nexans.co/es/products/Construcci%C3%B3n/Cables-de-Aluminio-de-Baja-Tensi%C3%B3n-Aislados.html,,generica_verificada,autorizada,2026-08-03,Se contrastó la familia técnica Conductor de aluminio o ACSR. No se asigna una referencia ni marca de fabricante por semejanza. El SKU interno SRT-PENDING-1FA91735D6F2 es la referencia comercial de Surtilec hasta confirmar la referencia suministrada.
SRT-PENDING-4667F1459C76,,Producto genérico Surtilec,Surtilec - investigación técnica de familia,https://www.nexans.co/es/products/Construcci%C3%B3n/Cables-de-Aluminio-de-Baja-Tensi%C3%B3n-Aislados.html,https://www.nexans.co/es/products/Construcci%C3%B3n/Cables-de-Aluminio-de-Baja-Tensi%C3%B3n-Aislados.html,,generica_verificada,autorizada,2026-08-03,Se contrastó la familia técnica Conductor de aluminio o ACSR. No se asigna una referencia ni marca de fabricante por semejanza. El SKU interno SRT-PENDING-4667F1459C76 es la referencia comercial de Surtilec hasta confirmar la referencia suministrada.
SRT-PENDING-A6EB12EB3ABE,,Producto genérico Surtilec,Surtilec - investigación técnica de familia,https://www.nexans.co/es/products/Construcci%C3%B3n/Cables-de-Aluminio-de-Baja-Tensi%C3%B3n-Aislados.html,https://www.nexans.co/es/products/Construcci%C3%B3n/Cables-de-Aluminio-de-Baja-Tensi%C3%B3n-Aislados.html,,generica_verificada,autorizada,2026-08-03,Se contrastó la familia técnica Conductor de aluminio o ACSR. No se asigna una referencia ni marca de fabricante por semejanza. El SKU interno SRT-PENDING-A6EB12EB3ABE es la referencia comercial de Surtilec hasta confirmar la referencia suministrada.
SRT-PENDING-98CDD9236AD2,,Producto genérico Surtilec,Surtilec - investigación técnica de familia,https://www.nexans.co/es/products/Construcci%C3%B3n/Cables-de-Aluminio-de-Baja-Tensi%C3%B3n-Aislados.html,https://www.nexans.co/es/products/Construcci%C3%B3n/Cables-de-Aluminio-de-Baja-Tensi%C3%B3n-Aislados.html,,generica_verificada,autorizada,2026-08-03,Se contrastó la familia técnica Conductor de aluminio o ACSR. No se asigna una referencia ni marca de fabricante por semejanza. El SKU interno SRT-PENDING-98CDD9236AD2 es la referencia comercial de Surtilec hasta confirmar la referencia suministrada.
SRT-PENDING-4316A8FAA999,,Producto genérico Surtilec,Surtilec - investigación técnica de familia,https://www.nexans.co/es/products/Construcci%C3%B3n/Cables-de-Aluminio-de-Baja-Tensi%C3%B3n-Aislados.html,https://www.nexans.co/es/products/Construcci%C3%B3n/Cables-de-Aluminio-de-Baja-Tensi%C3%B3n-Aislados.html,,generica_verificada,autorizada,2026-08-03,Se contrastó la familia técnica Conductor de aluminio o ACSR. No se asigna una referencia ni marca de fabricante por semejanza. El SKU interno SRT-PENDING-4316A8FAA999 es la referencia comercial de Surtilec hasta confirmar la referencia suministrada.
SRT-PENDING-9EC49C7A28A9,,Producto genérico Surtilec,Surtilec - investigación técnica de familia,https://www.nexans.co/es/products/Construcci%C3%B3n/Cables-de-Aluminio-de-Baja-Tensi%C3%B3n-Aislados.html,https://www.nexans.co/es/products/Construcci%C3%B3n/Cables-de-Aluminio-de-Baja-Tensi%C3%B3n-Aislados.html,,generica_verificada,autorizada,2026-08-03,Se contrastó la familia técnica Conductor de aluminio o ACSR. No se asigna una referencia ni marca de fabricante por semejanza. El SKU interno SRT-PENDING-9EC49C7A28A9 es la referencia comercial de Surtilec hasta confirmar la referencia suministrada.
SRT-PENDING-3364423C1A92,,Producto genérico Surtilec,Surtilec - investigación técnica de familia,https://www.nexans.co/es/products/Construcci%C3%B3n/Cables-de-Aluminio-de-Baja-Tensi%C3%B3n-Aislados.html,https://www.nexans.co/es/products/Construcci%C3%B3n/Cables-de-Aluminio-de-Baja-Tensi%C3%B3n-Aislados.html,,generica_verificada,autorizada,2026-08-03,Se contrastó la familia técnica Conductor de aluminio o ACSR. No se asigna una referencia ni marca de fabricante por semejanza. El SKU interno SRT-PENDING-3364423C1A92 es la referencia comercial de Surtilec hasta confirmar la referencia suministrada.
SRT-PENDING-6CB32956DF6E,,Producto genérico Surtilec,Surtilec - investigación técnica de familia,https://www.nexans.co/es/products/Construcci%C3%B3n/Cables-de-Aluminio-de-Baja-Tensi%C3%B3n-Aislados.html,https://www.nexans.co/es/products/Construcci%C3%B3n/Cables-de-Aluminio-de-Baja-Tensi%C3%B3n-Aislados.html,,generica_verificada,autorizada,2026-08-03,Se contrastó la familia técnica Conductor de aluminio o ACSR. No se asigna una referencia ni marca de fabricante por semejanza. El SKU interno SRT-PENDING-6CB32956DF6E es la referencia comercial de Surtilec hasta confirmar la referencia suministrada.
SRT-PENDING-4F6FC158B6F6,,Producto genérico Surtilec,Surtilec - investigación técnica de familia,https://www.nexans.co/es/products/Construcci%C3%B3n/Cables-de-Aluminio-de-Baja-Tensi%C3%B3n-Aislados.html,https://www.nexans.co/es/products/Construcci%C3%B3n/Cables-de-Aluminio-de-Baja-Tensi%C3%B3n-Aislados.html,,generica_verificada,autorizada,2026-08-03,Se contrastó la familia técnica Conductor de aluminio o ACSR. No se asigna una referencia ni marca de fabricante por semejanza. El SKU interno SRT-PENDING-4F6FC158B6F6 es la referencia comercial de Surtilec hasta confirmar la referencia suministrada.
SRT-PENDING-B16203A08F0E,,Producto genérico Surtilec,Surtilec - investigación técnica de familia,https://www.nexans.co/es/products/Construcci%C3%B3n/Cables-de-Aluminio-de-Baja-Tensi%C3%B3n-Aislados.html,https://www.nexans.co/es/products/Construcci%C3%B3n/Cables-de-Aluminio-de-Baja-Tensi%C3%B3n-Aislados.html,,generica_verificada,autorizada,2026-08-03,Se contrastó la familia técnica Conductor de aluminio o ACSR. No se asigna una referencia ni marca de fabricante por semejanza. El SKU interno SRT-PENDING-B16203A08F0E es la referencia comercial de Surtilec hasta confirmar la referencia suministrada.
SRT-PENDING-9F87DBDC8A7A,,Producto genérico Surtilec,Surtilec - investigación técnica de familia,https://www.nexans.co/es/products/Construcci%C3%B3n/Cables-de-Aluminio-de-Baja-Tensi%C3%B3n-Aislados.html,https://www.nexans.co/es/products/Construcci%C3%B3n/Cables-de-Aluminio-de-Baja-Tensi%C3%B3n-Aislados.html,,generica_verificada,autorizada,2026-08-03,Se contrastó la familia técnica Conductor de aluminio o ACSR. No se asigna una referencia ni marca de fabricante por semejanza. El SKU interno SRT-PENDING-9F87DBDC8A7A es la referencia comercial de Surtilec hasta confirmar la referencia suministrada.
SRT-PENDING-97BC9D6F9F20,,Producto genérico Surtilec,Surtilec - investigación técnica de familia,https://www.nexans.co/es/products/Construcci%C3%B3n/Cables-de-Cobre-de-Baja-Tensi%C3%B3n-Aislados/Cable-THHN-THWN-2/Cable-Type24144.html,https://www.nexans.co/es/products/Construcci%C3%B3n/Cables-de-Cobre-de-Baja-Tensi%C3%B3n-Aislados/Cable-THHN-THWN-2/Cable-Type24144.html,,generica_verificada,autorizada,2026-08-03,Se contrastó la familia técnica Alambre/cable THHN/THWN-2 600 V. No se asigna una referencia ni marca de fabricante por semejanza. El SKU interno SRT-PENDING-97BC9D6F9F20 es la referencia comercial de Surtilec hasta confirmar la referencia suministrada.
SRT-PENDING-489F09CF9F93,,Producto genérico Surtilec,Surtilec - investigación técnica de familia,https://www.nexans.co/es/products/Construcci%C3%B3n/Cables-de-Cobre-de-Baja-Tensi%C3%B3n-Aislados/Cable-THHN-THWN-2/Cable-Type24144.html,https://www.nexans.co/es/products/Construcci%C3%B3n/Cables-de-Cobre-de-Baja-Tensi%C3%B3n-Aislados/Cable-THHN-THWN-2/Cable-Type24144.html,,generica_verificada,autorizada,2026-08-03,Se contrastó la familia técnica Alambre/cable THHN/THWN-2 600 V. No se asigna una referencia ni marca de fabricante por semejanza. El SKU interno SRT-PENDING-489F09CF9F93 es la referencia comercial de Surtilec hasta confirmar la referencia suministrada.
SRT-PENDING-A489247D6512,,Producto genérico Surtilec,Surtilec - investigación técnica de familia,https://www.nexans.co/es/products/Construcci%C3%B3n/Cables-de-Cobre-de-Baja-Tensi%C3%B3n-Aislados/Cable-THHN-THWN-2/Cable-Type24144.html,https://www.nexans.co/es/products/Construcci%C3%B3n/Cables-de-Cobre-de-Baja-Tensi%C3%B3n-Aislados/Cable-THHN-THWN-2/Cable-Type24144.html,,generica_verificada,autorizada,2026-08-03,Se contrastó la familia técnica Alambre/cable THHN/THWN-2 600 V. No se asigna una referencia ni marca de fabricante por semejanza. El SKU interno SRT-PENDING-A489247D6512 es la referencia comercial de Surtilec hasta confirmar la referencia suministrada.
SRT-PENDING-781A57233F63,,Producto genérico Surtilec,Surtilec - investigación técnica de familia,https://www.nexans.co/es/products/Construcci%C3%B3n/Cables-de-Cobre-de-Baja-Tensi%C3%B3n-Aislados/Cable-THHN-THWN-2/Cable-Type24144.html,https://www.nexans.co/es/products/Construcci%C3%B3n/Cables-de-Cobre-de-Baja-Tensi%C3%B3n-Aislados/Cable-THHN-THWN-2/Cable-Type24144.html,,generica_verificada,autorizada,2026-08-03,Se contrastó la familia técnica Alambre/cable THHN/THWN-2 600 V. No se asigna una referencia ni marca de fabricante por semejanza. El SKU interno SRT-PENDING-781A57233F63 es la referencia comercial de Surtilec hasta confirmar la referencia suministrada.
SRT-PENDING-4867D6D22AAF,,Producto genérico Surtilec,Surtilec - investigación técnica de familia,https://www.nexans.co/es/products/Construcci%C3%B3n/Cables-de-Cobre-de-Baja-Tensi%C3%B3n-Aislados/Cable-THHN-THWN-2/Cable-Type24144.html,https://www.nexans.co/es/products/Construcci%C3%B3n/Cables-de-Cobre-de-Baja-Tensi%C3%B3n-Aislados/Cable-THHN-THWN-2/Cable-Type24144.html,,generica_verificada,autorizada,2026-08-03,Se contrastó la familia técnica Alambre/cable THHN/THWN-2 600 V. No se asigna una referencia ni marca de fabricante por semejanza. El SKU interno SRT-PENDING-4867D6D22AAF es la referencia comercial de Surtilec hasta confirmar la referencia suministrada.
SRT-PENDING-B11AA016E2B8,,Producto genérico Surtilec,Surtilec - investigación técnica de familia,https://www.nexans.co/es/products/Construcci%C3%B3n/Cables-de-Cobre-de-Baja-Tensi%C3%B3n-Aislados/Cable-THHN-THWN-2/Cable-Type24144.html,https://www.nexans.co/es/products/Construcci%C3%B3n/Cables-de-Cobre-de-Baja-Tensi%C3%B3n-Aislados/Cable-THHN-THWN-2/Cable-Type24144.html,,generica_verificada,autorizada,2026-08-03,Se contrastó la familia técnica Alambre/cable THHN/THWN-2 600 V. No se asigna una referencia ni marca de fabricante por semejanza. El SKU interno SRT-PENDING-B11AA016E2B8 es la referencia comercial de Surtilec hasta confirmar la referencia suministrada.
SRT-PENDING-BEE533777F39,,Producto genérico Surtilec,Surtilec - investigación técnica de familia,https://www.nexans.co/es/products/Construcci%C3%B3n/Cables-de-Cobre-de-Baja-Tensi%C3%B3n-Aislados/Cable-THHN-THWN-2/Cable-Type24144.html,https://www.nexans.co/es/products/Construcci%C3%B3n/Cables-de-Cobre-de-Baja-Tensi%C3%B3n-Aislados/Cable-THHN-THWN-2/Cable-Type24144.html,,generica_verificada,autorizada,2026-08-03,Se contrastó la familia técnica Alambre/cable THHN/THWN-2 600 V. No se asigna una referencia ni marca de fabricante por semejanza. El SKU interno SRT-PENDING-BEE533777F39 es la referencia comercial de Surtilec hasta confirmar la referencia suministrada.
SRT-PENDING-F0C739013C64,,Producto genérico Surtilec,Surtilec - investigación técnica de familia,https://www.nexans.co/es/products/Construcci%C3%B3n/Cables-de-Cobre-de-Baja-Tensi%C3%B3n-Aislados/Cable-THHN-THWN-2/Cable-Type24144.html,https://www.nexans.co/es/products/Construcci%C3%B3n/Cables-de-Cobre-de-Baja-Tensi%C3%B3n-Aislados/Cable-THHN-THWN-2/Cable-Type24144.html,,generica_verificada,autorizada,2026-08-03,Se contrastó la familia técnica Alambre/cable THHN/THWN-2 600 V. No se asigna una referencia ni marca de fabricante por semejanza. El SKU interno SRT-PENDING-F0C739013C64 es la referencia comercial de Surtilec hasta confirmar la referencia suministrada.
SRT-PENDING-FEF1B0043135,,Producto genérico Surtilec,Surtilec - investigación técnica de familia,https://www.nexans.co/es/products/Construcci%C3%B3n/Cables-de-Cobre-de-Baja-Tensi%C3%B3n-Aislados/Cable-THHN-THWN-2/Cable-Type24144.html,https://www.nexans.co/es/products/Construcci%C3%B3n/Cables-de-Cobre-de-Baja-Tensi%C3%B3n-Aislados/Cable-THHN-THWN-2/Cable-Type24144.html,,generica_verificada,autorizada,2026-08-03,Se contrastó la familia técnica Alambre/cable THHN/THWN-2 600 V. No se asigna una referencia ni marca de fabricante por semejanza. El SKU interno SRT-PENDING-FEF1B0043135 es la referencia comercial de Surtilec hasta confirmar la referencia suministrada.
SRT-PENDING-9D6BDB0B6AF8,,Producto genérico Surtilec,Surtilec - investigación técnica de familia,https://www.nexans.co/es/products/Construcci%C3%B3n/Cables-de-Cobre-de-Baja-Tensi%C3%B3n-Aislados/Cable-THHN-THWN-2/Cable-Type24144.html,https://www.nexans.co/es/products/Construcci%C3%B3n/Cables-de-Cobre-de-Baja-Tensi%C3%B3n-Aislados/Cable-THHN-THWN-2/Cable-Type24144.html,,generica_verificada,autorizada,2026-08-03,Se contrastó la familia técnica Alambre/cable THHN/THWN-2 600 V. No se asigna una referencia ni marca de fabricante por semejanza. El SKU interno SRT-PENDING-9D6BDB0B6AF8 es la referencia comercial de Surtilec hasta confirmar la referencia suministrada.
SRT-PENDING-A5F2945A3C24,,Producto genérico Surtilec,Surtilec - investigación técnica de familia,https://www.nexans.co/es/products/Construcci%C3%B3n/Cables-de-Cobre-de-Baja-Tensi%C3%B3n-Aislados/Cable-THHN-THWN-2/Cable-Type24144.html,https://www.nexans.co/es/products/Construcci%C3%B3n/Cables-de-Cobre-de-Baja-Tensi%C3%B3n-Aislados/Cable-THHN-THWN-2/Cable-Type24144.html,,generica_verificada,autorizada,2026-08-03,Se contrastó la familia técnica Alambre/cable THHN/THWN-2 600 V. No se asigna una referencia ni marca de fabricante por semejanza. El SKU interno SRT-PENDING-A5F2945A3C24 es la referencia comercial de Surtilec hasta confirmar la referencia suministrada.
SRT-PENDING-8C051F2F5E7C,,Producto genérico Surtilec,Surtilec - investigación técnica de familia,https://www.nexans.co/es/products/Construcci%C3%B3n/Cables-de-Aluminio-de-Baja-Tensi%C3%B3n-Aislados.html,https://www.nexans.co/es/products/Construcci%C3%B3n/Cables-de-Aluminio-de-Baja-Tensi%C3%B3n-Aislados.html,,generica_verificada,autorizada,2026-08-03,Se contrastó la familia técnica Conductor de aluminio o ACSR. No se asigna una referencia ni marca de fabricante por semejanza. El SKU interno SRT-PENDING-8C051F2F5E7C es la referencia comercial de Surtilec hasta confirmar la referencia suministrada.
SRT-PENDING-DDC30E095636,,Producto genérico Surtilec,Surtilec - investigación técnica de familia,https://www.nexans.co/es/products/Construcci%C3%B3n/Cables-de-Aluminio-de-Baja-Tensi%C3%B3n-Aislados.html,https://www.nexans.co/es/products/Construcci%C3%B3n/Cables-de-Aluminio-de-Baja-Tensi%C3%B3n-Aislados.html,,generica_verificada,autorizada,2026-08-03,Se contrastó la familia técnica Conductor de aluminio o ACSR. No se asigna una referencia ni marca de fabricante por semejanza. El SKU interno SRT-PENDING-DDC30E095636 es la referencia comercial de Surtilec hasta confirmar la referencia suministrada.
SRT-PENDING-9B3D2F96EFA8,,Producto genérico Surtilec,Surtilec - investigación técnica de familia,https://www.nexans.co/es/products/Construcci%C3%B3n/Cables-de-Cobre-de-Baja-Tensi%C3%B3n-Aislados/Cable-THHN-THWN-2/Cable-Type24144.html,https://www.nexans.co/es/products/Construcci%C3%B3n/Cables-de-Cobre-de-Baja-Tensi%C3%B3n-Aislados/Cable-THHN-THWN-2/Cable-Type24144.html,,generica_verificada,autorizada,2026-08-03,Se contrastó la familia técnica Alambre/cable THHN/THWN-2 600 V. No se asigna una referencia ni marca de fabricante por semejanza. El SKU interno SRT-PENDING-9B3D2F96EFA8 es la referencia comercial de Surtilec hasta confirmar la referencia suministrada.
SRT-PENDING-AD0F27BB25AA,,Producto genérico Surtilec,Surtilec - investigación técnica de familia,https://www.nexans.co/es/products/Construcci%C3%B3n/Cables-de-Cobre-de-Baja-Tensi%C3%B3n-Aislados/Cable-THHN-THWN-2/Cable-Type24144.html,https://www.nexans.co/es/products/Construcci%C3%B3n/Cables-de-Cobre-de-Baja-Tensi%C3%B3n-Aislados/Cable-THHN-THWN-2/Cable-Type24144.html,,generica_verificada,autorizada,2026-08-03,Se contrastó la familia técnica Alambre/cable THHN/THWN-2 600 V. No se asigna una referencia ni marca de fabricante por semejanza. El SKU interno SRT-PENDING-AD0F27BB25AA es la referencia comercial de Surtilec hasta confirmar la referencia suministrada.
SRT-PENDING-061EAC97419A,,Producto genérico Surtilec,Surtilec - investigación técnica de familia,https://co.prysmian.com/en/products,https://co.prysmian.com/en/products,,generica_verificada,autorizada,2026-08-03,Se contrastó la familia técnica Cable industrial de construcción. No se asigna una referencia ni marca de fabricante por semejanza. El SKU interno SRT-PENDING-061EAC97419A es la referencia comercial de Surtilec hasta confirmar la referencia suministrada.
SRT-PENDING-358405226874,,Producto genérico Surtilec,Surtilec - investigación técnica de familia,https://co.prysmian.com/en/products,https://co.prysmian.com/en/products,,generica_verificada,autorizada,2026-08-03,Se contrastó la familia técnica Cable industrial de construcción. No se asigna una referencia ni marca de fabricante por semejanza. El SKU interno SRT-PENDING-358405226874 es la referencia comercial de Surtilec hasta confirmar la referencia suministrada.
SRT-CTRL-7x12AWG-CU-PVC,,Producto genérico Surtilec,Surtilec - investigación técnica de familia,https://co.prysmian.com/es/termoflex-y-termoflex-multiprop%C3%B3sito,https://co.prysmian.com/es/termoflex-y-termoflex-multiprop%C3%B3sito,,generica_verificada,autorizada,2026-08-03,Se contrastó la familia técnica Cable de control Termoflex MP. No se asigna una referencia ni marca de fabricante por semejanza. El SKU interno SRT-CTRL-7x12AWG-CU-PVC es la referencia comercial de Surtilec hasta confirmar la referencia suministrada.
SRT-CTRL-2x14-20AWG-CU-PVC-600V,,Producto genérico Surtilec,Surtilec - investigación técnica de familia,https://co.prysmian.com/es/termoflex-y-termoflex-multiprop%C3%B3sito,https://co.prysmian.com/es/termoflex-y-termoflex-multiprop%C3%B3sito,,generica_verificada,autorizada,2026-08-03,Se contrastó la familia técnica Cable de control Termoflex MP. No se asigna una referencia ni marca de fabricante por semejanza. El SKU interno SRT-CTRL-2x14-20AWG-CU-PVC-600V es la referencia comercial de Surtilec hasta confirmar la referencia suministrada.
SRT-CTRL-4x14-20AWG-CU-PVC-600V,,Producto genérico Surtilec,Surtilec - investigación técnica de familia,https://co.prysmian.com/es/termoflex-y-termoflex-multiprop%C3%B3sito,https://co.prysmian.com/es/termoflex-y-termoflex-multiprop%C3%B3sito,,generica_verificada,autorizada,2026-08-03,Se contrastó la familia técnica Cable de control Termoflex MP. No se asigna una referencia ni marca de fabricante por semejanza. El SKU interno SRT-CTRL-4x14-20AWG-CU-PVC-600V es la referencia comercial de Surtilec hasta confirmar la referencia suministrada.
SRT-CTRL-6x14-20AWG-CU-PVC-600V,,Producto genérico Surtilec,Surtilec - investigación técnica de familia,https://co.prysmian.com/es/termoflex-y-termoflex-multiprop%C3%B3sito,https://co.prysmian.com/es/termoflex-y-termoflex-multiprop%C3%B3sito,,generica_verificada,autorizada,2026-08-03,Se contrastó la familia técnica Cable de control Termoflex MP. No se asigna una referencia ni marca de fabricante por semejanza. El SKU interno SRT-CTRL-6x14-20AWG-CU-PVC-600V es la referencia comercial de Surtilec hasta confirmar la referencia suministrada.
SRT-CTRL-9x14-20AWG-CU-PVC-600V,,Producto genérico Surtilec,Surtilec - investigación técnica de familia,https://co.prysmian.com/es/termoflex-y-termoflex-multiprop%C3%B3sito,https://co.prysmian.com/es/termoflex-y-termoflex-multiprop%C3%B3sito,,generica_verificada,autorizada,2026-08-03,Se contrastó la familia técnica Cable de control Termoflex MP. No se asigna una referencia ni marca de fabricante por semejanza. El SKU interno SRT-CTRL-9x14-20AWG-CU-PVC-600V es la referencia comercial de Surtilec hasta confirmar la referencia suministrada.
SRT-CTRL-2x12-20AWG-CU-PVC-600V,,Producto genérico Surtilec,Surtilec - investigación técnica de familia,https://co.prysmian.com/es/termoflex-y-termoflex-multiprop%C3%B3sito,https://co.prysmian.com/es/termoflex-y-termoflex-multiprop%C3%B3sito,,generica_verificada,autorizada,2026-08-03,Se contrastó la familia técnica Cable de control Termoflex MP. No se asigna una referencia ni marca de fabricante por semejanza. El SKU interno SRT-CTRL-2x12-20AWG-CU-PVC-600V es la referencia comercial de Surtilec hasta confirmar la referencia suministrada.
SRT-CTRL-4x12-20AWG-CU-PVC-600V,,Producto genérico Surtilec,Surtilec - investigación técnica de familia,https://co.prysmian.com/es/termoflex-y-termoflex-multiprop%C3%B3sito,https://co.prysmian.com/es/termoflex-y-termoflex-multiprop%C3%B3sito,,generica_verificada,autorizada,2026-08-03,Se contrastó la familia técnica Cable de control Termoflex MP. No se asigna una referencia ni marca de fabricante por semejanza. El SKU interno SRT-CTRL-4x12-20AWG-CU-PVC-600V es la referencia comercial de Surtilec hasta confirmar la referencia suministrada.
SRT-CTRL-6x12-20AWG-CU-PVC-600V,,Producto genérico Surtilec,Surtilec - investigación técnica de familia,https://co.prysmian.com/es/termoflex-y-termoflex-multiprop%C3%B3sito,https://co.prysmian.com/es/termoflex-y-termoflex-multiprop%C3%B3sito,,generica_verificada,autorizada,2026-08-03,Se contrastó la familia técnica Cable de control Termoflex MP. No se asigna una referencia ni marca de fabricante por semejanza. El SKU interno SRT-CTRL-6x12-20AWG-CU-PVC-600V es la referencia comercial de Surtilec hasta confirmar la referencia suministrada.
SRT-CTRL-9x12-20AWG-CU-PVC-600V,,Producto genérico Surtilec,Surtilec - investigación técnica de familia,https://co.prysmian.com/es/termoflex-y-termoflex-multiprop%C3%B3sito,https://co.prysmian.com/es/termoflex-y-termoflex-multiprop%C3%B3sito,,generica_verificada,autorizada,2026-08-03,Se contrastó la familia técnica Cable de control Termoflex MP. No se asigna una referencia ni marca de fabricante por semejanza. El SKU interno SRT-CTRL-9x12-20AWG-CU-PVC-600V es la referencia comercial de Surtilec hasta confirmar la referencia suministrada.
SRT-CTRL-2x10-20AWG-CU-PVC-600V,,Producto genérico Surtilec,Surtilec - investigación técnica de familia,https://co.prysmian.com/es/termoflex-y-termoflex-multiprop%C3%B3sito,https://co.prysmian.com/es/termoflex-y-termoflex-multiprop%C3%B3sito,,generica_verificada,autorizada,2026-08-03,Se contrastó la familia técnica Cable de control Termoflex MP. No se asigna una referencia ni marca de fabricante por semejanza. El SKU interno SRT-CTRL-2x10-20AWG-CU-PVC-600V es la referencia comercial de Surtilec hasta confirmar la referencia suministrada.
SRT-CTRL-4x10-20AWG-CU-PVC-600V,,Producto genérico Surtilec,Surtilec - investigación técnica de familia,https://co.prysmian.com/es/termoflex-y-termoflex-multiprop%C3%B3sito,https://co.prysmian.com/es/termoflex-y-termoflex-multiprop%C3%B3sito,,generica_verificada,autorizada,2026-08-03,Se contrastó la familia técnica Cable de control Termoflex MP. No se asigna una referencia ni marca de fabricante por semejanza. El SKU interno SRT-CTRL-4x10-20AWG-CU-PVC-600V es la referencia comercial de Surtilec hasta confirmar la referencia suministrada.
SRT-CTRL-9x10-20AWG-CU-PVC-600V,,Producto genérico Surtilec,Surtilec - investigación técnica de familia,https://co.prysmian.com/es/termoflex-y-termoflex-multiprop%C3%B3sito,https://co.prysmian.com/es/termoflex-y-termoflex-multiprop%C3%B3sito,,generica_verificada,autorizada,2026-08-03,Se contrastó la familia técnica Cable de control Termoflex MP. No se asigna una referencia ni marca de fabricante por semejanza. El SKU interno SRT-CTRL-9x10-20AWG-CU-PVC-600V es la referencia comercial de Surtilec hasta confirmar la referencia suministrada.
SRT-PENDING-D5407E35166B,,Producto genérico Surtilec,Surtilec - investigación técnica de familia,https://co.prysmian.com/en/products,https://co.prysmian.com/en/products,,generica_verificada,autorizada,2026-08-03,Se contrastó la familia técnica Cable industrial de construcción. No se asigna una referencia ni marca de fabricante por semejanza. El SKU interno SRT-PENDING-D5407E35166B es la referencia comercial de Surtilec hasta confirmar la referencia suministrada.
SRT-PENDING-057D58022FDD,,Producto genérico Surtilec,Surtilec - investigación técnica de familia,https://co.prysmian.com/en/products,https://co.prysmian.com/en/products,,generica_verificada,autorizada,2026-08-03,Se contrastó la familia técnica Cable industrial de construcción. No se asigna una referencia ni marca de fabricante por semejanza. El SKU interno SRT-PENDING-057D58022FDD es la referencia comercial de Surtilec hasta confirmar la referencia suministrada.
SRT-PENDING-3A016A2ED5CF,,Producto genérico Surtilec,Surtilec - investigación técnica de familia,https://co.prysmian.com/en/products,https://co.prysmian.com/en/products,,generica_verificada,autorizada,2026-08-03,Se contrastó la familia técnica Cable industrial de construcción. No se asigna una referencia ni marca de fabricante por semejanza. El SKU interno SRT-PENDING-3A016A2ED5CF es la referencia comercial de Surtilec hasta confirmar la referencia suministrada.
SRT-PENDING-4C5E4B9A7608,,Producto genérico Surtilec,Surtilec - investigación técnica de familia,https://co.prysmian.com/en/products,https://co.prysmian.com/en/products,,generica_verificada,autorizada,2026-08-03,Se contrastó la familia técnica Cable industrial de construcción. No se asigna una referencia ni marca de fabricante por semejanza. El SKU interno SRT-PENDING-4C5E4B9A7608 es la referencia comercial de Surtilec hasta confirmar la referencia suministrada.
SRT-PENDING-CB11D6CC147A,,Producto genérico Surtilec,Surtilec - investigación técnica de familia,https://co.prysmian.com/en/products,https://co.prysmian.com/en/products,,generica_verificada,autorizada,2026-08-03,Se contrastó la familia técnica Cable industrial de construcción. No se asigna una referencia ni marca de fabricante por semejanza. El SKU interno SRT-PENDING-CB11D6CC147A es la referencia comercial de Surtilec hasta confirmar la referencia suministrada.
SRT-PENDING-82211F992308,,Producto genérico Surtilec,Surtilec - investigación técnica de familia,https://co.prysmian.com/en/products,https://co.prysmian.com/en/products,,generica_verificada,autorizada,2026-08-03,Se contrastó la familia técnica Cable industrial de construcción. No se asigna una referencia ni marca de fabricante por semejanza. El SKU interno SRT-PENDING-82211F992308 es la referencia comercial de Surtilec hasta confirmar la referencia suministrada.
SRT-PENDING-84C5415A058A,,Producto genérico Surtilec,Surtilec - investigación técnica de familia,https://co.prysmian.com/en/products,https://co.prysmian.com/en/products,,generica_verificada,autorizada,2026-08-03,Se contrastó la familia técnica Cable industrial de construcción. No se asigna una referencia ni marca de fabricante por semejanza. El SKU interno SRT-PENDING-84C5415A058A es la referencia comercial de Surtilec hasta confirmar la referencia suministrada.
SRT-PENDING-91D6A3C793FA,,Producto genérico Surtilec,Surtilec - investigación técnica de familia,https://www.nexans.co/es/products/Construcci%C3%B3n/Cables-de-Aluminio-de-Baja-Tensi%C3%B3n-Aislados.html,https://www.nexans.co/es/products/Construcci%C3%B3n/Cables-de-Aluminio-de-Baja-Tensi%C3%B3n-Aislados.html,,generica_verificada,autorizada,2026-08-03,Se contrastó la familia técnica Conductor de aluminio o ACSR. No se asigna una referencia ni marca de fabricante por semejanza. El SKU interno SRT-PENDING-91D6A3C793FA es la referencia comercial de Surtilec hasta confirmar la referencia suministrada.
SRT-PENDING-8E11A5B06622,,Producto genérico Surtilec,Surtilec - investigación técnica de familia,https://www.nexans.co/es/products/Construcci%C3%B3n/Cables-de-Aluminio-de-Baja-Tensi%C3%B3n-Aislados.html,https://www.nexans.co/es/products/Construcci%C3%B3n/Cables-de-Aluminio-de-Baja-Tensi%C3%B3n-Aislados.html,,generica_verificada,autorizada,2026-08-03,Se contrastó la familia técnica Conductor de aluminio o ACSR. No se asigna una referencia ni marca de fabricante por semejanza. El SKU interno SRT-PENDING-8E11A5B06622 es la referencia comercial de Surtilec hasta confirmar la referencia suministrada.
SRT-PENDING-235E33CBA9A7,,Producto genérico Surtilec,Surtilec - investigación técnica de familia,https://www.nexans.co/es/products/Construcci%C3%B3n/Cables-de-Aluminio-de-Baja-Tensi%C3%B3n-Aislados.html,https://www.nexans.co/es/products/Construcci%C3%B3n/Cables-de-Aluminio-de-Baja-Tensi%C3%B3n-Aislados.html,,generica_verificada,autorizada,2026-08-03,Se contrastó la familia técnica Conductor de aluminio o ACSR. No se asigna una referencia ni marca de fabricante por semejanza. El SKU interno SRT-PENDING-235E33CBA9A7 es la referencia comercial de Surtilec hasta confirmar la referencia suministrada.
SRT-PENDING-4F60E7FF2406,,Producto genérico Surtilec,Surtilec - investigación técnica de familia,https://www.nexans.co/es/products/Construcci%C3%B3n/Cables-de-Aluminio-de-Baja-Tensi%C3%B3n-Aislados.html,https://www.nexans.co/es/products/Construcci%C3%B3n/Cables-de-Aluminio-de-Baja-Tensi%C3%B3n-Aislados.html,,generica_verificada,autorizada,2026-08-03,Se contrastó la familia técnica Conductor de aluminio o ACSR. No se asigna una referencia ni marca de fabricante por semejanza. El SKU interno SRT-PENDING-4F60E7FF2406 es la referencia comercial de Surtilec hasta confirmar la referencia suministrada.
SRT-PENDING-5EC7E5DAAF50,,Producto genérico Surtilec,Surtilec - investigación técnica de familia,https://www.nexans.co/es/products/Construcci%C3%B3n/Cables-de-Aluminio-de-Baja-Tensi%C3%B3n-Aislados.html,https://www.nexans.co/es/products/Construcci%C3%B3n/Cables-de-Aluminio-de-Baja-Tensi%C3%B3n-Aislados.html,,generica_verificada,autorizada,2026-08-03,Se contrastó la familia técnica Conductor de aluminio o ACSR. No se asigna una referencia ni marca de fabricante por semejanza. El SKU interno SRT-PENDING-5EC7E5DAAF50 es la referencia comercial de Surtilec hasta confirmar la referencia suministrada.
SRT-PENDING-8FCC4E5B7572,,Producto genérico Surtilec,Surtilec - investigación técnica de familia,https://www.nexans.co/es/products/Construcci%C3%B3n/Cables-de-Aluminio-de-Baja-Tensi%C3%B3n-Aislados.html,https://www.nexans.co/es/products/Construcci%C3%B3n/Cables-de-Aluminio-de-Baja-Tensi%C3%B3n-Aislados.html,,generica_verificada,autorizada,2026-08-03,Se contrastó la familia técnica Conductor de aluminio o ACSR. No se asigna una referencia ni marca de fabricante por semejanza. El SKU interno SRT-PENDING-8FCC4E5B7572 es la referencia comercial de Surtilec hasta confirmar la referencia suministrada.
SRT-PENDING-78EE0A2AE0E5,,Producto genérico Surtilec,Surtilec - investigación técnica de familia,https://www.nexans.co/es/products/Construcci%C3%B3n/Cables-de-Aluminio-de-Baja-Tensi%C3%B3n-Aislados.html,https://www.nexans.co/es/products/Construcci%C3%B3n/Cables-de-Aluminio-de-Baja-Tensi%C3%B3n-Aislados.html,,generica_verificada,autorizada,2026-08-03,Se contrastó la familia técnica Conductor de aluminio o ACSR. No se asigna una referencia ni marca de fabricante por semejanza. El SKU interno SRT-PENDING-78EE0A2AE0E5 es la referencia comercial de Surtilec hasta confirmar la referencia suministrada.
SRT-PENDING-35EE11579D66,,Producto genérico Surtilec,Surtilec - investigación técnica de familia,https://www.nexans.co/es/products/Construcci%C3%B3n/Cables-de-Aluminio-de-Baja-Tensi%C3%B3n-Aislados.html,https://www.nexans.co/es/products/Construcci%C3%B3n/Cables-de-Aluminio-de-Baja-Tensi%C3%B3n-Aislados.html,,generica_verificada,autorizada,2026-08-03,Se contrastó la familia técnica Conductor de aluminio o ACSR. No se asigna una referencia ni marca de fabricante por semejanza. El SKU interno SRT-PENDING-35EE11579D66 es la referencia comercial de Surtilec hasta confirmar la referencia suministrada.
SRT-PENDING-E4258346E928,,Producto genérico Surtilec,Surtilec - investigación técnica de familia,https://www.nexans.co/es/products/Construcci%C3%B3n/Cables-de-Aluminio-de-Baja-Tensi%C3%B3n-Aislados.html,https://www.nexans.co/es/products/Construcci%C3%B3n/Cables-de-Aluminio-de-Baja-Tensi%C3%B3n-Aislados.html,,generica_verificada,autorizada,2026-08-03,Se contrastó la familia técnica Conductor de aluminio o ACSR. No se asigna una referencia ni marca de fabricante por semejanza. El SKU interno SRT-PENDING-E4258346E928 es la referencia comercial de Surtilec hasta confirmar la referencia suministrada.
SRT-PENDING-8E4A84C51885,,Producto genérico Surtilec,Surtilec - investigación técnica de familia,https://www.commscope.com/product-type/cables/fiber-cables/drop-cables/item2160164-1/,https://www.commscope.com/product-type/cables/fiber-cables/drop-cables/item2160164-1/,,generica_verificada,autorizada,2026-08-03,Se contrastó la familia técnica Cable de fibra óptica drop/LSZH. No se asigna una referencia ni marca de fabricante por semejanza. El SKU interno SRT-PENDING-8E4A84C51885 es la referencia comercial de Surtilec hasta confirmar la referencia suministrada.
SRT-PENDING-A6602A7A1353,,Producto genérico Surtilec,Surtilec - investigación técnica de familia,https://www.commscope.com/product-type/cables/fiber-cables/drop-cables/item2160164-1/,https://www.commscope.com/product-type/cables/fiber-cables/drop-cables/item2160164-1/,,generica_verificada,autorizada,2026-08-03,Se contrastó la familia técnica Cable de fibra óptica drop/LSZH. No se asigna una referencia ni marca de fabricante por semejanza. El SKU interno SRT-PENDING-A6602A7A1353 es la referencia comercial de Surtilec hasta confirmar la referencia suministrada.
SRT-PENDING-99E26045D3D7,,Producto genérico Surtilec,Surtilec - investigación técnica de familia,https://www.commscope.com/product-type/cables/fiber-cables/drop-cables/item2160164-1/,https://www.commscope.com/product-type/cables/fiber-cables/drop-cables/item2160164-1/,,generica_verificada,autorizada,2026-08-03,Se contrastó la familia técnica Cable de fibra óptica drop/LSZH. No se asigna una referencia ni marca de fabricante por semejanza. El SKU interno SRT-PENDING-99E26045D3D7 es la referencia comercial de Surtilec hasta confirmar la referencia suministrada.
SRT-PENDING-DFC1513D0C3E,,Producto genérico Surtilec,Surtilec - investigación técnica de familia,https://www.commscope.com/product-type/cables/fiber-cables/drop-cables/item2160164-1/,https://www.commscope.com/product-type/cables/fiber-cables/drop-cables/item2160164-1/,,generica_verificada,autorizada,2026-08-03,Se contrastó la familia técnica Cable de fibra óptica drop/LSZH. No se asigna una referencia ni marca de fabricante por semejanza. El SKU interno SRT-PENDING-DFC1513D0C3E es la referencia comercial de Surtilec hasta confirmar la referencia suministrada.
SRT-PENDING-095A03DF0197,,Producto genérico Surtilec,Surtilec - investigación técnica de familia,https://www.commscope.com/product-type/cables/fiber-cables/drop-cables/item2160164-1/,https://www.commscope.com/product-type/cables/fiber-cables/drop-cables/item2160164-1/,,generica_verificada,autorizada,2026-08-03,Se contrastó la familia técnica Cable de fibra óptica drop/LSZH. No se asigna una referencia ni marca de fabricante por semejanza. El SKU interno SRT-PENDING-095A03DF0197 es la referencia comercial de Surtilec hasta confirmar la referencia suministrada.
SRT-PENDING-28C87BA093A9,,Producto genérico Surtilec,Surtilec - investigación técnica de familia,https://www.commscope.com/product-type/cables/fiber-cables/drop-cables/item2160164-1/,https://www.commscope.com/product-type/cables/fiber-cables/drop-cables/item2160164-1/,,generica_verificada,autorizada,2026-08-03,Se contrastó la familia técnica Cable de fibra óptica drop/LSZH. No se asigna una referencia ni marca de fabricante por semejanza. El SKU interno SRT-PENDING-28C87BA093A9 es la referencia comercial de Surtilec hasta confirmar la referencia suministrada.
SRT-PENDING-AF3507515DDF,,Producto genérico Surtilec,Surtilec - investigación técnica de familia,https://www.commscope.com/product-type/cables/fiber-cables/drop-cables/item2160164-1/,https://www.commscope.com/product-type/cables/fiber-cables/drop-cables/item2160164-1/,,generica_verificada,autorizada,2026-08-03,Se contrastó la familia técnica Cable de fibra óptica drop/LSZH. No se asigna una referencia ni marca de fabricante por semejanza. El SKU interno SRT-PENDING-AF3507515DDF es la referencia comercial de Surtilec hasta confirmar la referencia suministrada.
SRT-PENDING-9BEC9FA35927,,Producto genérico Surtilec,Surtilec - investigación técnica de familia,https://www.commscope.com/product-type/cables/fiber-cables/drop-cables/item2160164-1/,https://www.commscope.com/product-type/cables/fiber-cables/drop-cables/item2160164-1/,,generica_verificada,autorizada,2026-08-03,Se contrastó la familia técnica Cable de fibra óptica drop/LSZH. No se asigna una referencia ni marca de fabricante por semejanza. El SKU interno SRT-PENDING-9BEC9FA35927 es la referencia comercial de Surtilec hasta confirmar la referencia suministrada.
SRT-PENDING-A1412AE78FD3,,Producto genérico Surtilec,Surtilec - investigación técnica de familia,https://co.prysmian.com/sites/default/files/atoms/files/FT-CABLE-PV-FOTOVOLTAICO_0.pdf,https://co.prysmian.com/sites/default/files/atoms/files/FT-CABLE-PV-FOTOVOLTAICO_0.pdf,,generica_verificada,autorizada,2026-08-03,Se contrastó la familia técnica Cable fotovoltaico PV. No se asigna una referencia ni marca de fabricante por semejanza. El SKU interno SRT-PENDING-A1412AE78FD3 es la referencia comercial de Surtilec hasta confirmar la referencia suministrada.
SRT-PENDING-805721FBF6F1,,Producto genérico Surtilec,Surtilec - investigación técnica de familia,https://co.prysmian.com/sites/default/files/atoms/files/FT-CABLE-PV-FOTOVOLTAICO_0.pdf,https://co.prysmian.com/sites/default/files/atoms/files/FT-CABLE-PV-FOTOVOLTAICO_0.pdf,,generica_verificada,autorizada,2026-08-03,Se contrastó la familia técnica Cable fotovoltaico PV. No se asigna una referencia ni marca de fabricante por semejanza. El SKU interno SRT-PENDING-805721FBF6F1 es la referencia comercial de Surtilec hasta confirmar la referencia suministrada.
SRT-PENDING-9A88679D8AD6,,Producto genérico Surtilec,Surtilec - investigación técnica de familia,https://co.prysmian.com/sites/default/files/atoms/files/FT-CABLE-PV-FOTOVOLTAICO_0.pdf,https://co.prysmian.com/sites/default/files/atoms/files/FT-CABLE-PV-FOTOVOLTAICO_0.pdf,,generica_verificada,autorizada,2026-08-03,Se contrastó la familia técnica Cable fotovoltaico PV. No se asigna una referencia ni marca de fabricante por semejanza. El SKU interno SRT-PENDING-9A88679D8AD6 es la referencia comercial de Surtilec hasta confirmar la referencia suministrada.
SRT-PENDING-E67A9A1A46DB,,Producto genérico Surtilec,Surtilec - investigación técnica de familia,https://co.prysmian.com/sites/default/files/atoms/files/FT-CABLE-PV-FOTOVOLTAICO_0.pdf,https://co.prysmian.com/sites/default/files/atoms/files/FT-CABLE-PV-FOTOVOLTAICO_0.pdf,,generica_verificada,autorizada,2026-08-03,Se contrastó la familia técnica Cable fotovoltaico PV. No se asigna una referencia ni marca de fabricante por semejanza. El SKU interno SRT-PENDING-E67A9A1A46DB es la referencia comercial de Surtilec hasta confirmar la referencia suministrada.
SRT-PENDING-86A1C7E43C49,,Producto genérico Surtilec,Surtilec - investigación técnica de familia,https://co.prysmian.com/sites/default/files/atoms/files/FT-CABLE-PV-FOTOVOLTAICO_0.pdf,https://co.prysmian.com/sites/default/files/atoms/files/FT-CABLE-PV-FOTOVOLTAICO_0.pdf,,generica_verificada,autorizada,2026-08-03,Se contrastó la familia técnica Cable fotovoltaico PV. No se asigna una referencia ni marca de fabricante por semejanza. El SKU interno SRT-PENDING-86A1C7E43C49 es la referencia comercial de Surtilec hasta confirmar la referencia suministrada.
SRT-PENDING-03D1945CFA7D,,Producto genérico Surtilec,Surtilec - investigación técnica de familia,https://co.prysmian.com/sites/default/files/atoms/files/FT-CABLE-PV-FOTOVOLTAICO_0.pdf,https://co.prysmian.com/sites/default/files/atoms/files/FT-CABLE-PV-FOTOVOLTAICO_0.pdf,,generica_verificada,autorizada,2026-08-03,Se contrastó la familia técnica Cable fotovoltaico PV. No se asigna una referencia ni marca de fabricante por semejanza. El SKU interno SRT-PENDING-03D1945CFA7D es la referencia comercial de Surtilec hasta confirmar la referencia suministrada.
SRT-PENDING-7D60DB9DFF53,,Producto genérico Surtilec,Surtilec - investigación técnica de familia,https://co.prysmian.com/en/products,https://co.prysmian.com/en/products,,generica_verificada,autorizada,2026-08-03,Se contrastó la familia técnica Cable industrial de construcción. No se asigna una referencia ni marca de fabricante por semejanza. El SKU interno SRT-PENDING-7D60DB9DFF53 es la referencia comercial de Surtilec hasta confirmar la referencia suministrada.
SRT-PENDING-EA778CFDDA9B,,Producto genérico Surtilec,Surtilec - investigación técnica de familia,https://co.prysmian.com/en/products,https://co.prysmian.com/en/products,,generica_verificada,autorizada,2026-08-03,Se contrastó la familia técnica Cable industrial de construcción. No se asigna una referencia ni marca de fabricante por semejanza. El SKU interno SRT-PENDING-EA778CFDDA9B es la referencia comercial de Surtilec hasta confirmar la referencia suministrada.
SRT-PENDING-EAC8A473BFEB,,Producto genérico Surtilec,Surtilec - investigación técnica de familia,https://co.prysmian.com/en/products,https://co.prysmian.com/en/products,,generica_verificada,autorizada,2026-08-03,Se contrastó la familia técnica Cable industrial de construcción. No se asigna una referencia ni marca de fabricante por semejanza. El SKU interno SRT-PENDING-EAC8A473BFEB es la referencia comercial de Surtilec hasta confirmar la referencia suministrada.
SRT-PENDING-C4114DD1AC80,,Producto genérico Surtilec,Surtilec - investigación técnica de familia,https://co.prysmian.com/en/products,https://co.prysmian.com/en/products,,generica_verificada,autorizada,2026-08-03,Se contrastó la familia técnica Cable industrial de construcción. No se asigna una referencia ni marca de fabricante por semejanza. El SKU interno SRT-PENDING-C4114DD1AC80 es la referencia comercial de Surtilec hasta confirmar la referencia suministrada.
SRT-PENDING-412FFC5C94B9,,Producto genérico Surtilec,Surtilec - investigación técnica de familia,https://co.prysmian.com/en/products,https://co.prysmian.com/en/products,,generica_verificada,autorizada,2026-08-03,Se contrastó la familia técnica Cable industrial de construcción. No se asigna una referencia ni marca de fabricante por semejanza. El SKU interno SRT-PENDING-412FFC5C94B9 es la referencia comercial de Surtilec hasta confirmar la referencia suministrada.
SRT-PENDING-3370646577EB,,Producto genérico Surtilec,Surtilec - investigación técnica de familia,https://co.prysmian.com/en/products,https://co.prysmian.com/en/products,,generica_verificada,autorizada,2026-08-03,Se contrastó la familia técnica Cable industrial de construcción. No se asigna una referencia ni marca de fabricante por semejanza. El SKU interno SRT-PENDING-3370646577EB es la referencia comercial de Surtilec hasta confirmar la referencia suministrada.
SRT-PENDING-919E21897BBE,,Producto genérico Surtilec,Surtilec - investigación técnica de familia,https://co.prysmian.com/en/products,https://co.prysmian.com/en/products,,generica_verificada,autorizada,2026-08-03,Se contrastó la familia técnica Cable industrial de construcción. No se asigna una referencia ni marca de fabricante por semejanza. El SKU interno SRT-PENDING-919E21897BBE es la referencia comercial de Surtilec hasta confirmar la referencia suministrada.
SRT-PENDING-B4AEE6492655,,Producto genérico Surtilec,Surtilec - investigación técnica de familia,https://co.prysmian.com/en/products,https://co.prysmian.com/en/products,,generica_verificada,autorizada,2026-08-03,Se contrastó la familia técnica Cable industrial de construcción. No se asigna una referencia ni marca de fabricante por semejanza. El SKU interno SRT-PENDING-B4AEE6492655 es la referencia comercial de Surtilec hasta confirmar la referencia suministrada.
SRT-PENDING-94AC706D41A6,,Producto genérico Surtilec,Surtilec - investigación técnica de familia,https://co.prysmian.com/en/products,https://co.prysmian.com/en/products,,generica_verificada,autorizada,2026-08-03,Se contrastó la familia técnica Cable industrial de construcción. No se asigna una referencia ni marca de fabricante por semejanza. El SKU interno SRT-PENDING-94AC706D41A6 es la referencia comercial de Surtilec hasta confirmar la referencia suministrada.
SRT-PENDING-10B212FEBFFE,,Producto genérico Surtilec,Surtilec - investigación técnica de familia,https://co.prysmian.com/en/products,https://co.prysmian.com/en/products,,generica_verificada,autorizada,2026-08-03,Se contrastó la familia técnica Cable industrial de construcción. No se asigna una referencia ni marca de fabricante por semejanza. El SKU interno SRT-PENDING-10B212FEBFFE es la referencia comercial de Surtilec hasta confirmar la referencia suministrada.
SRT-PENDING-C1CC25DAE03E,,Producto genérico Surtilec,Surtilec - investigación técnica de familia,https://co.prysmian.com/en/products,https://co.prysmian.com/en/products,,generica_verificada,autorizada,2026-08-03,Se contrastó la familia técnica Cable industrial de construcción. No se asigna una referencia ni marca de fabricante por semejanza. El SKU interno SRT-PENDING-C1CC25DAE03E es la referencia comercial de Surtilec hasta confirmar la referencia suministrada.
SRT-PENDING-8D5E569C3F69,,Producto genérico Surtilec,Surtilec - investigación técnica de familia,https://co.prysmian.com/en/products,https://co.prysmian.com/en/products,,generica_verificada,autorizada,2026-08-03,Se contrastó la familia técnica Cable industrial de construcción. No se asigna una referencia ni marca de fabricante por semejanza. El SKU interno SRT-PENDING-8D5E569C3F69 es la referencia comercial de Surtilec hasta confirmar la referencia suministrada.
SRT-PENDING-F651D769D79D,,Producto genérico Surtilec,Surtilec - investigación técnica de familia,https://co.prysmian.com/en/products,https://co.prysmian.com/en/products,,generica_verificada,autorizada,2026-08-03,Se contrastó la familia técnica Cable industrial de construcción. No se asigna una referencia ni marca de fabricante por semejanza. El SKU interno SRT-PENDING-F651D769D79D es la referencia comercial de Surtilec hasta confirmar la referencia suministrada.
SRT-PENDING-A18F6A8F29EA,,Producto genérico Surtilec,Surtilec - investigación técnica de familia,https://co.prysmian.com/en/products,https://co.prysmian.com/en/products,,generica_verificada,autorizada,2026-08-03,Se contrastó la familia técnica Cable industrial de construcción. No se asigna una referencia ni marca de fabricante por semejanza. El SKU interno SRT-PENDING-A18F6A8F29EA es la referencia comercial de Surtilec hasta confirmar la referencia suministrada.
SRT-PENDING-C4355DF306F7,,Producto genérico Surtilec,Surtilec - investigación técnica de familia,https://co.prysmian.com/en/products,https://co.prysmian.com/en/products,,generica_verificada,autorizada,2026-08-03,Se contrastó la familia técnica Cable industrial de construcción. No se asigna una referencia ni marca de fabricante por semejanza. El SKU interno SRT-PENDING-C4355DF306F7 es la referencia comercial de Surtilec hasta confirmar la referencia suministrada.
SRT-PENDING-14AF2C78A875,,Producto genérico Surtilec,Surtilec - investigación técnica de familia,https://co.prysmian.com/en/products,https://co.prysmian.com/en/products,,generica_verificada,autorizada,2026-08-03,Se contrastó la familia técnica Cable industrial de construcción. No se asigna una referencia ni marca de fabricante por semejanza. El SKU interno SRT-PENDING-14AF2C78A875 es la referencia comercial de Surtilec hasta confirmar la referencia suministrada.
SRT-PENDING-05B89A5D3499,,Producto genérico Surtilec,Surtilec - investigación técnica de familia,https://co.prysmian.com/en/products,https://co.prysmian.com/en/products,,generica_verificada,autorizada,2026-08-03,Se contrastó la familia técnica Cable industrial de construcción. No se asigna una referencia ni marca de fabricante por semejanza. El SKU interno SRT-PENDING-05B89A5D3499 es la referencia comercial de Surtilec hasta confirmar la referencia suministrada.
SRT-PENDING-9C5726EFF653,,Producto genérico Surtilec,Surtilec - investigación técnica de familia,https://co.prysmian.com/en/products,https://co.prysmian.com/en/products,,generica_verificada,autorizada,2026-08-03,Se contrastó la familia técnica Cable industrial de construcción. No se asigna una referencia ni marca de fabricante por semejanza. El SKU interno SRT-PENDING-9C5726EFF653 es la referencia comercial de Surtilec hasta confirmar la referencia suministrada.
SRT-PENDING-3772A6900D19,,Producto genérico Surtilec,Surtilec - investigación técnica de familia,https://co.prysmian.com/en/products,https://co.prysmian.com/en/products,,generica_verificada,autorizada,2026-08-03,Se contrastó la familia técnica Cable industrial de construcción. No se asigna una referencia ni marca de fabricante por semejanza. El SKU interno SRT-PENDING-3772A6900D19 es la referencia comercial de Surtilec hasta confirmar la referencia suministrada.
SRT-PENDING-4DB43417FE55,,Producto genérico Surtilec,Surtilec - investigación técnica de familia,https://www.nexans.co/es/products/Redes-de-Transmisi%C3%B3n-y-Distribuci%C3%B3n-de-Energ%C3%ADa/Cables-de-Media-Tensi%C3%B3n/Cable-de-Aluminio-Media-Tensi%C3%B3n/MVAlXLPE-PVC35kV133.html,https://www.nexans.co/es/products/Redes-de-Transmisi%C3%B3n-y-Distribuci%C3%B3n-de-Energ%C3%ADa/Cables-de-Media-Tensi%C3%B3n/Cable-de-Aluminio-Media-Tensi%C3%B3n/MVAlXLPE-PVC35kV133.html,,generica_verificada,autorizada,2026-08-03,Se contrastó la familia técnica Media tensión aluminio XLPE 35 kV. No se asigna una referencia ni marca de fabricante por semejanza. El SKU interno SRT-PENDING-4DB43417FE55 es la referencia comercial de Surtilec hasta confirmar la referencia suministrada.
SRT-PENDING-7C4F0C4F8DDC,,Producto genérico Surtilec,Surtilec - investigación técnica de familia,https://www.nexans.co/es/products/Redes-de-Transmisi%C3%B3n-y-Distribuci%C3%B3n-de-Energ%C3%ADa/Cables-de-Media-Tensi%C3%B3n/Cable-de-Aluminio-Media-Tensi%C3%B3n/MVAlXLPE-PVC35kV133.html,https://www.nexans.co/es/products/Redes-de-Transmisi%C3%B3n-y-Distribuci%C3%B3n-de-Energ%C3%ADa/Cables-de-Media-Tensi%C3%B3n/Cable-de-Aluminio-Media-Tensi%C3%B3n/MVAlXLPE-PVC35kV133.html,,generica_verificada,autorizada,2026-08-03,Se contrastó la familia técnica Media tensión aluminio XLPE 35 kV. No se asigna una referencia ni marca de fabricante por semejanza. El SKU interno SRT-PENDING-7C4F0C4F8DDC es la referencia comercial de Surtilec hasta confirmar la referencia suministrada.
SRT-PENDING-0E4D564DCC73,,Producto genérico Surtilec,Surtilec - investigación técnica de familia,https://www.nexans.co/es/products/Redes-de-Transmisi%C3%B3n-y-Distribuci%C3%B3n-de-Energ%C3%ADa/Cables-de-Media-Tensi%C3%B3n/Cable-de-Aluminio-Media-Tensi%C3%B3n/MVAlXLPE-PVC35kV133.html,https://www.nexans.co/es/products/Redes-de-Transmisi%C3%B3n-y-Distribuci%C3%B3n-de-Energ%C3%ADa/Cables-de-Media-Tensi%C3%B3n/Cable-de-Aluminio-Media-Tensi%C3%B3n/MVAlXLPE-PVC35kV133.html,,generica_verificada,autorizada,2026-08-03,Se contrastó la familia técnica Media tensión aluminio XLPE 35 kV. No se asigna una referencia ni marca de fabricante por semejanza. El SKU interno SRT-PENDING-0E4D564DCC73 es la referencia comercial de Surtilec hasta confirmar la referencia suministrada.
SRT-PENDING-927455C1F75E,,Producto genérico Surtilec,Surtilec - investigación técnica de familia,https://www.nexans.co/es/products/Redes-de-Transmisi%C3%B3n-y-Distribuci%C3%B3n-de-Energ%C3%ADa/Cables-de-Media-Tensi%C3%B3n/Cable-de-Aluminio-Media-Tensi%C3%B3n/MVAlXLPE-PVC35kV133.html,https://www.nexans.co/es/products/Redes-de-Transmisi%C3%B3n-y-Distribuci%C3%B3n-de-Energ%C3%ADa/Cables-de-Media-Tensi%C3%B3n/Cable-de-Aluminio-Media-Tensi%C3%B3n/MVAlXLPE-PVC35kV133.html,,generica_verificada,autorizada,2026-08-03,Se contrastó la familia técnica Media tensión aluminio XLPE 35 kV. No se asigna una referencia ni marca de fabricante por semejanza. El SKU interno SRT-PENDING-927455C1F75E es la referencia comercial de Surtilec hasta confirmar la referencia suministrada.
SRT-PENDING-DD34CD3E0D87,,Producto genérico Surtilec,Surtilec - investigación técnica de familia,https://www.nexans.co/es/products/Redes-de-Transmisi%C3%B3n-y-Distribuci%C3%B3n-de-Energ%C3%ADa/Cables-de-Media-Tensi%C3%B3n/Cable-de-Aluminio-Media-Tensi%C3%B3n/MVAlXLPE-PVC35kV133.html,https://www.nexans.co/es/products/Redes-de-Transmisi%C3%B3n-y-Distribuci%C3%B3n-de-Energ%C3%ADa/Cables-de-Media-Tensi%C3%B3n/Cable-de-Aluminio-Media-Tensi%C3%B3n/MVAlXLPE-PVC35kV133.html,,generica_verificada,autorizada,2026-08-03,Se contrastó la familia técnica Media tensión aluminio XLPE 35 kV. No se asigna una referencia ni marca de fabricante por semejanza. El SKU interno SRT-PENDING-DD34CD3E0D87 es la referencia comercial de Surtilec hasta confirmar la referencia suministrada.
SRT-PENDING-0A2A49AD2D7A,,Producto genérico Surtilec,Surtilec - investigación técnica de familia,https://www.nexans.co/es/products/Redes-de-Transmisi%C3%B3n-y-Distribuci%C3%B3n-de-Energ%C3%ADa/Cables-de-Media-Tensi%C3%B3n/Cable-de-Aluminio-Media-Tensi%C3%B3n/MVAlXLPE-PVC35kV133.html,https://www.nexans.co/es/products/Redes-de-Transmisi%C3%B3n-y-Distribuci%C3%B3n-de-Energ%C3%ADa/Cables-de-Media-Tensi%C3%B3n/Cable-de-Aluminio-Media-Tensi%C3%B3n/MVAlXLPE-PVC35kV133.html,,generica_verificada,autorizada,2026-08-03,Se contrastó la familia técnica Media tensión aluminio XLPE 35 kV. No se asigna una referencia ni marca de fabricante por semejanza. El SKU interno SRT-PENDING-0A2A49AD2D7A es la referencia comercial de Surtilec hasta confirmar la referencia suministrada.
SRT-PENDING-43D7CB471925,,Producto genérico Surtilec,Surtilec - investigación técnica de familia,https://www.nexans.co/es/products/Redes-de-Transmisi%C3%B3n-y-Distribuci%C3%B3n-de-Energ%C3%ADa/Cables-de-Media-Tensi%C3%B3n/Cable-de-Aluminio-Media-Tensi%C3%B3n/MVAlXLPE-PVC35kV133.html,https://www.nexans.co/es/products/Redes-de-Transmisi%C3%B3n-y-Distribuci%C3%B3n-de-Energ%C3%ADa/Cables-de-Media-Tensi%C3%B3n/Cable-de-Aluminio-Media-Tensi%C3%B3n/MVAlXLPE-PVC35kV133.html,,generica_verificada,autorizada,2026-08-03,Se contrastó la familia técnica Media tensión aluminio XLPE 35 kV. No se asigna una referencia ni marca de fabricante por semejanza. El SKU interno SRT-PENDING-43D7CB471925 es la referencia comercial de Surtilec hasta confirmar la referencia suministrada.
SRT-PENDING-1C231A9009BF,,Producto genérico Surtilec,Surtilec - investigación técnica de familia,https://www.nexans.co/es/products/Redes-de-Transmisi%C3%B3n-y-Distribuci%C3%B3n-de-Energ%C3%ADa/Cables-de-Media-Tensi%C3%B3n/Cable-de-Aluminio-Media-Tensi%C3%B3n/MVAlXLPE-PVC35kV133.html,https://www.nexans.co/es/products/Redes-de-Transmisi%C3%B3n-y-Distribuci%C3%B3n-de-Energ%C3%ADa/Cables-de-Media-Tensi%C3%B3n/Cable-de-Aluminio-Media-Tensi%C3%B3n/MVAlXLPE-PVC35kV133.html,,generica_verificada,autorizada,2026-08-03,Se contrastó la familia técnica Media tensión aluminio XLPE 35 kV. No se asigna una referencia ni marca de fabricante por semejanza. El SKU interno SRT-PENDING-1C231A9009BF es la referencia comercial de Surtilec hasta confirmar la referencia suministrada.
SRT-PENDING-4FC9B9A4A075,,Producto genérico Surtilec,Surtilec - investigación técnica de familia,https://www.nexans.co/es/products/Redes-de-Transmisi%C3%B3n-y-Distribuci%C3%B3n-de-Energ%C3%ADa/Cables-de-Media-Tensi%C3%B3n/Cable-de-Aluminio-Media-Tensi%C3%B3n/MVAlXLPE-PVC35kV133.html,https://www.nexans.co/es/products/Redes-de-Transmisi%C3%B3n-y-Distribuci%C3%B3n-de-Energ%C3%ADa/Cables-de-Media-Tensi%C3%B3n/Cable-de-Aluminio-Media-Tensi%C3%B3n/MVAlXLPE-PVC35kV133.html,,generica_verificada,autorizada,2026-08-03,Se contrastó la familia técnica Media tensión aluminio XLPE 35 kV. No se asigna una referencia ni marca de fabricante por semejanza. El SKU interno SRT-PENDING-4FC9B9A4A075 es la referencia comercial de Surtilec hasta confirmar la referencia suministrada.
SRT-PENDING-21FDEE12A15A,,Producto genérico Surtilec,Surtilec - investigación técnica de familia,https://www.nexans.co/es/products/Redes-de-Transmisi%C3%B3n-y-Distribuci%C3%B3n-de-Energ%C3%ADa/Cables-de-Media-Tensi%C3%B3n/Cable-de-Aluminio-Media-Tensi%C3%B3n/MVAlXLPE-PVC35kV133.html,https://www.nexans.co/es/products/Redes-de-Transmisi%C3%B3n-y-Distribuci%C3%B3n-de-Energ%C3%ADa/Cables-de-Media-Tensi%C3%B3n/Cable-de-Aluminio-Media-Tensi%C3%B3n/MVAlXLPE-PVC35kV133.html,,generica_verificada,autorizada,2026-08-03,Se contrastó la familia técnica Media tensión aluminio XLPE 35 kV. No se asigna una referencia ni marca de fabricante por semejanza. El SKU interno SRT-PENDING-21FDEE12A15A es la referencia comercial de Surtilec hasta confirmar la referencia suministrada.
SRT-PENDING-4CF105DE30C2,,Producto genérico Surtilec,Surtilec - investigación técnica de familia,https://www.nexans.co/es/products/Redes-de-Transmisi%C3%B3n-y-Distribuci%C3%B3n-de-Energ%C3%ADa/Cables-de-Media-Tensi%C3%B3n/Cable-de-Aluminio-Media-Tensi%C3%B3n/MVAlXLPE-PVC35kV133.html,https://www.nexans.co/es/products/Redes-de-Transmisi%C3%B3n-y-Distribuci%C3%B3n-de-Energ%C3%ADa/Cables-de-Media-Tensi%C3%B3n/Cable-de-Aluminio-Media-Tensi%C3%B3n/MVAlXLPE-PVC35kV133.html,,generica_verificada,autorizada,2026-08-03,Se contrastó la familia técnica Media tensión aluminio XLPE 35 kV. No se asigna una referencia ni marca de fabricante por semejanza. El SKU interno SRT-PENDING-4CF105DE30C2 es la referencia comercial de Surtilec hasta confirmar la referencia suministrada.
SRT-PENDING-5EEA3418D619,,Producto genérico Surtilec,Surtilec - investigación técnica de familia,https://www.nexans.co/es/products/Redes-de-Transmisi%C3%B3n-y-Distribuci%C3%B3n-de-Energ%C3%ADa/Cables-de-Media-Tensi%C3%B3n/Cable-de-Aluminio-Media-Tensi%C3%B3n/MVAlXLPE-PVC35kV133.html,https://www.nexans.co/es/products/Redes-de-Transmisi%C3%B3n-y-Distribuci%C3%B3n-de-Energ%C3%ADa/Cables-de-Media-Tensi%C3%B3n/Cable-de-Aluminio-Media-Tensi%C3%B3n/MVAlXLPE-PVC35kV133.html,,generica_verificada,autorizada,2026-08-03,Se contrastó la familia técnica Media tensión aluminio XLPE 35 kV. No se asigna una referencia ni marca de fabricante por semejanza. El SKU interno SRT-PENDING-5EEA3418D619 es la referencia comercial de Surtilec hasta confirmar la referencia suministrada.
SRT-PENDING-664ADB6569BA,,Producto genérico Surtilec,Surtilec - investigación técnica de familia,https://www.nexans.co/es/products/Redes-de-Transmisi%C3%B3n-y-Distribuci%C3%B3n-de-Energ%C3%ADa/Cables-de-Media-Tensi%C3%B3n/Cable-de-Aluminio-Media-Tensi%C3%B3n/MVAlXLPE-PVC35kV133.html,https://www.nexans.co/es/products/Redes-de-Transmisi%C3%B3n-y-Distribuci%C3%B3n-de-Energ%C3%ADa/Cables-de-Media-Tensi%C3%B3n/Cable-de-Aluminio-Media-Tensi%C3%B3n/MVAlXLPE-PVC35kV133.html,,generica_verificada,autorizada,2026-08-03,Se contrastó la familia técnica Media tensión aluminio XLPE 35 kV. No se asigna una referencia ni marca de fabricante por semejanza. El SKU interno SRT-PENDING-664ADB6569BA es la referencia comercial de Surtilec hasta confirmar la referencia suministrada.
SRT-PENDING-24B076CA4A91,,Producto genérico Surtilec,Surtilec - investigación técnica de familia,https://www.nexans.co/es/products/Redes-de-Transmisi%C3%B3n-y-Distribuci%C3%B3n-de-Energ%C3%ADa/Cables-de-Media-Tensi%C3%B3n/Cable-de-Aluminio-Media-Tensi%C3%B3n/MVAlXLPE-PVC35kV133.html,https://www.nexans.co/es/products/Redes-de-Transmisi%C3%B3n-y-Distribuci%C3%B3n-de-Energ%C3%ADa/Cables-de-Media-Tensi%C3%B3n/Cable-de-Aluminio-Media-Tensi%C3%B3n/MVAlXLPE-PVC35kV133.html,,generica_verificada,autorizada,2026-08-03,Se contrastó la familia técnica Media tensión aluminio XLPE 35 kV. No se asigna una referencia ni marca de fabricante por semejanza. El SKU interno SRT-PENDING-24B076CA4A91 es la referencia comercial de Surtilec hasta confirmar la referencia suministrada.
SRT-PENDING-4D7A8DBC465B,,Producto genérico Surtilec,Surtilec - investigación técnica de familia,https://www.nexans.co/es/products/Redes-de-Transmisi%C3%B3n-y-Distribuci%C3%B3n-de-Energ%C3%ADa/Cables-de-Media-Tensi%C3%B3n/Cable-de-Aluminio-Media-Tensi%C3%B3n/MVAlXLPE-PVC35kV133.html,https://www.nexans.co/es/products/Redes-de-Transmisi%C3%B3n-y-Distribuci%C3%B3n-de-Energ%C3%ADa/Cables-de-Media-Tensi%C3%B3n/Cable-de-Aluminio-Media-Tensi%C3%B3n/MVAlXLPE-PVC35kV133.html,,generica_verificada,autorizada,2026-08-03,Se contrastó la familia técnica Media tensión aluminio XLPE 35 kV. No se asigna una referencia ni marca de fabricante por semejanza. El SKU interno SRT-PENDING-4D7A8DBC465B es la referencia comercial de Surtilec hasta confirmar la referencia suministrada.
SRT-PENDING-5B87EE556F4F,,Producto genérico Surtilec,Surtilec - investigación técnica de familia,https://www.nexans.co/es/products/Redes-de-Transmisi%C3%B3n-y-Distribuci%C3%B3n-de-Energ%C3%ADa/Cables-de-Media-Tensi%C3%B3n/Cable-de-Aluminio-Media-Tensi%C3%B3n/MVAlXLPE-PVC35kV133.html,https://www.nexans.co/es/products/Redes-de-Transmisi%C3%B3n-y-Distribuci%C3%B3n-de-Energ%C3%ADa/Cables-de-Media-Tensi%C3%B3n/Cable-de-Aluminio-Media-Tensi%C3%B3n/MVAlXLPE-PVC35kV133.html,,generica_verificada,autorizada,2026-08-03,Se contrastó la familia técnica Media tensión aluminio XLPE 35 kV. No se asigna una referencia ni marca de fabricante por semejanza. El SKU interno SRT-PENDING-5B87EE556F4F es la referencia comercial de Surtilec hasta confirmar la referencia suministrada.
SRT-PENDING-36C5EDC88BF4,,Producto genérico Surtilec,Surtilec - investigación técnica de familia,https://www.nexans.co/es/products/Redes-de-Transmisi%C3%B3n-y-Distribuci%C3%B3n-de-Energ%C3%ADa/Cables-de-Media-Tensi%C3%B3n/Cable-de-Aluminio-Media-Tensi%C3%B3n/MVAlXLPE-PVC35kV133.html,https://www.nexans.co/es/products/Redes-de-Transmisi%C3%B3n-y-Distribuci%C3%B3n-de-Energ%C3%ADa/Cables-de-Media-Tensi%C3%B3n/Cable-de-Aluminio-Media-Tensi%C3%B3n/MVAlXLPE-PVC35kV133.html,,generica_verificada,autorizada,2026-08-03,Se contrastó la familia técnica Media tensión aluminio XLPE 35 kV. No se asigna una referencia ni marca de fabricante por semejanza. El SKU interno SRT-PENDING-36C5EDC88BF4 es la referencia comercial de Surtilec hasta confirmar la referencia suministrada.
SRT-PENDING-2805FE222FAB,,Producto genérico Surtilec,Surtilec - investigación técnica de familia,https://www.nexans.co/es/products/Redes-de-Transmisi%C3%B3n-y-Distribuci%C3%B3n-de-Energ%C3%ADa/Cables-de-Media-Tensi%C3%B3n/Cable-de-Aluminio-Media-Tensi%C3%B3n/MVAlXLPE-PVC35kV133.html,https://www.nexans.co/es/products/Redes-de-Transmisi%C3%B3n-y-Distribuci%C3%B3n-de-Energ%C3%ADa/Cables-de-Media-Tensi%C3%B3n/Cable-de-Aluminio-Media-Tensi%C3%B3n/MVAlXLPE-PVC35kV133.html,,generica_verificada,autorizada,2026-08-03,Se contrastó la familia técnica Media tensión aluminio XLPE 35 kV. No se asigna una referencia ni marca de fabricante por semejanza. El SKU interno SRT-PENDING-2805FE222FAB es la referencia comercial de Surtilec hasta confirmar la referencia suministrada.
SRT-PENDING-7163D24622CF,,Producto genérico Surtilec,Surtilec - investigación técnica de familia,https://www.nexans.co/es/products/Redes-de-Transmisi%C3%B3n-y-Distribuci%C3%B3n-de-Energ%C3%ADa/Cables-de-Media-Tensi%C3%B3n/Cable-de-Aluminio-Media-Tensi%C3%B3n/MVAlXLPE-PVC35kV133.html,https://www.nexans.co/es/products/Redes-de-Transmisi%C3%B3n-y-Distribuci%C3%B3n-de-Energ%C3%ADa/Cables-de-Media-Tensi%C3%B3n/Cable-de-Aluminio-Media-Tensi%C3%B3n/MVAlXLPE-PVC35kV133.html,,generica_verificada,autorizada,2026-08-03,Se contrastó la familia técnica Media tensión aluminio XLPE 35 kV. No se asigna una referencia ni marca de fabricante por semejanza. El SKU interno SRT-PENDING-7163D24622CF es la referencia comercial de Surtilec hasta confirmar la referencia suministrada.
SRT-PENDING-FB810094753B,,Producto genérico Surtilec,Surtilec - investigación técnica de familia,https://www.nexans.co/es/products/Redes-de-Transmisi%C3%B3n-y-Distribuci%C3%B3n-de-Energ%C3%ADa/Cables-de-Media-Tensi%C3%B3n/Cable-de-Aluminio-Media-Tensi%C3%B3n/MVAlXLPE-PVC35kV133.html,https://www.nexans.co/es/products/Redes-de-Transmisi%C3%B3n-y-Distribuci%C3%B3n-de-Energ%C3%ADa/Cables-de-Media-Tensi%C3%B3n/Cable-de-Aluminio-Media-Tensi%C3%B3n/MVAlXLPE-PVC35kV133.html,,generica_verificada,autorizada,2026-08-03,Se contrastó la familia técnica Media tensión aluminio XLPE 35 kV. No se asigna una referencia ni marca de fabricante por semejanza. El SKU interno SRT-PENDING-FB810094753B es la referencia comercial de Surtilec hasta confirmar la referencia suministrada.
SRT-PENDING-05BE371389F4,,Producto genérico Surtilec,Surtilec - investigación técnica de familia,https://www.nexans.co/es/products/Redes-de-Transmisi%C3%B3n-y-Distribuci%C3%B3n-de-Energ%C3%ADa/Cables-de-Media-Tensi%C3%B3n/Cable-de-Aluminio-Media-Tensi%C3%B3n/MVAlXLPE-PVC35kV133.html,https://www.nexans.co/es/products/Redes-de-Transmisi%C3%B3n-y-Distribuci%C3%B3n-de-Energ%C3%ADa/Cables-de-Media-Tensi%C3%B3n/Cable-de-Aluminio-Media-Tensi%C3%B3n/MVAlXLPE-PVC35kV133.html,,generica_verificada,autorizada,2026-08-03,Se contrastó la familia técnica Media tensión aluminio XLPE 35 kV. No se asigna una referencia ni marca de fabricante por semejanza. El SKU interno SRT-PENDING-05BE371389F4 es la referencia comercial de Surtilec hasta confirmar la referencia suministrada.
SRT-PENDING-45A5EB711460,,Producto genérico Surtilec,Surtilec - investigación técnica de familia,https://www.nexans.co/es/products/Redes-de-Transmisi%C3%B3n-y-Distribuci%C3%B3n-de-Energ%C3%ADa/Cables-de-Media-Tensi%C3%B3n/Cable-de-Aluminio-Media-Tensi%C3%B3n/MVAlXLPE-PVC35kV133.html,https://www.nexans.co/es/products/Redes-de-Transmisi%C3%B3n-y-Distribuci%C3%B3n-de-Energ%C3%ADa/Cables-de-Media-Tensi%C3%B3n/Cable-de-Aluminio-Media-Tensi%C3%B3n/MVAlXLPE-PVC35kV133.html,,generica_verificada,autorizada,2026-08-03,Se contrastó la familia técnica Media tensión aluminio XLPE 35 kV. No se asigna una referencia ni marca de fabricante por semejanza. El SKU interno SRT-PENDING-45A5EB711460 es la referencia comercial de Surtilec hasta confirmar la referencia suministrada.
SRT-PENDING-2B279C123F20,,Producto genérico Surtilec,Surtilec - investigación técnica de familia,https://www.nexans.co/es/products/Redes-de-Transmisi%C3%B3n-y-Distribuci%C3%B3n-de-Energ%C3%ADa/Cables-de-Media-Tensi%C3%B3n/Cable-de-Aluminio-Media-Tensi%C3%B3n/MTAlXLPE-TR-PE15kV.html,https://www.nexans.co/es/products/Redes-de-Transmisi%C3%B3n-y-Distribuci%C3%B3n-de-Energ%C3%ADa/Cables-de-Media-Tensi%C3%B3n/Cable-de-Aluminio-Media-Tensi%C3%B3n/MTAlXLPE-TR-PE15kV.html,,generica_verificada,autorizada,2026-08-03,Se contrastó la familia técnica Media tensión aluminio XLPE 15 kV. No se asigna una referencia ni marca de fabricante por semejanza. El SKU interno SRT-PENDING-2B279C123F20 es la referencia comercial de Surtilec hasta confirmar la referencia suministrada.
SRT-PENDING-8190551DE932,,Producto genérico Surtilec,Surtilec - investigación técnica de familia,https://www.nexans.co/es/products/Redes-de-Transmisi%C3%B3n-y-Distribuci%C3%B3n-de-Energ%C3%ADa/Cables-de-Media-Tensi%C3%B3n/Cable-de-Aluminio-Media-Tensi%C3%B3n/MTAlXLPE-TR-PE15kV.html,https://www.nexans.co/es/products/Redes-de-Transmisi%C3%B3n-y-Distribuci%C3%B3n-de-Energ%C3%ADa/Cables-de-Media-Tensi%C3%B3n/Cable-de-Aluminio-Media-Tensi%C3%B3n/MTAlXLPE-TR-PE15kV.html,,generica_verificada,autorizada,2026-08-03,Se contrastó la familia técnica Media tensión aluminio XLPE 15 kV. No se asigna una referencia ni marca de fabricante por semejanza. El SKU interno SRT-PENDING-8190551DE932 es la referencia comercial de Surtilec hasta confirmar la referencia suministrada.
SRT-PENDING-A6E3F754CE04,,Producto genérico Surtilec,Surtilec - investigación técnica de familia,https://www.nexans.co/es/products/Redes-de-Transmisi%C3%B3n-y-Distribuci%C3%B3n-de-Energ%C3%ADa/Cables-de-Media-Tensi%C3%B3n/Cable-de-Aluminio-Media-Tensi%C3%B3n/MTAlXLPE-TR-PE15kV.html,https://www.nexans.co/es/products/Redes-de-Transmisi%C3%B3n-y-Distribuci%C3%B3n-de-Energ%C3%ADa/Cables-de-Media-Tensi%C3%B3n/Cable-de-Aluminio-Media-Tensi%C3%B3n/MTAlXLPE-TR-PE15kV.html,,generica_verificada,autorizada,2026-08-03,Se contrastó la familia técnica Media tensión aluminio XLPE 15 kV. No se asigna una referencia ni marca de fabricante por semejanza. El SKU interno SRT-PENDING-A6E3F754CE04 es la referencia comercial de Surtilec hasta confirmar la referencia suministrada.
SRT-PENDING-5DBBBDA2896B,,Producto genérico Surtilec,Surtilec - investigación técnica de familia,https://www.nexans.co/es/products/Redes-de-Transmisi%C3%B3n-y-Distribuci%C3%B3n-de-Energ%C3%ADa/Cables-de-Media-Tensi%C3%B3n/Cable-de-Aluminio-Media-Tensi%C3%B3n/MTAlXLPE-TR-PE15kV.html,https://www.nexans.co/es/products/Redes-de-Transmisi%C3%B3n-y-Distribuci%C3%B3n-de-Energ%C3%ADa/Cables-de-Media-Tensi%C3%B3n/Cable-de-Aluminio-Media-Tensi%C3%B3n/MTAlXLPE-TR-PE15kV.html,,generica_verificada,autorizada,2026-08-03,Se contrastó la familia técnica Media tensión aluminio XLPE 15 kV. No se asigna una referencia ni marca de fabricante por semejanza. El SKU interno SRT-PENDING-5DBBBDA2896B es la referencia comercial de Surtilec hasta confirmar la referencia suministrada.
SRT-PENDING-A2FFEA41745E,,Producto genérico Surtilec,Surtilec - investigación técnica de familia,https://www.nexans.co/es/products/Redes-de-Transmisi%C3%B3n-y-Distribuci%C3%B3n-de-Energ%C3%ADa/Cables-de-Media-Tensi%C3%B3n/Cable-de-Aluminio-Media-Tensi%C3%B3n/MTAlXLPE-TR-PE15kV.html,https://www.nexans.co/es/products/Redes-de-Transmisi%C3%B3n-y-Distribuci%C3%B3n-de-Energ%C3%ADa/Cables-de-Media-Tensi%C3%B3n/Cable-de-Aluminio-Media-Tensi%C3%B3n/MTAlXLPE-TR-PE15kV.html,,generica_verificada,autorizada,2026-08-03,Se contrastó la familia técnica Media tensión aluminio XLPE 15 kV. No se asigna una referencia ni marca de fabricante por semejanza. El SKU interno SRT-PENDING-A2FFEA41745E es la referencia comercial de Surtilec hasta confirmar la referencia suministrada.
SRT-PENDING-D5281A627DB0,,Producto genérico Surtilec,Surtilec - investigación técnica de familia,https://www.nexans.co/es/products/Redes-de-Transmisi%C3%B3n-y-Distribuci%C3%B3n-de-Energ%C3%ADa/Cables-de-Media-Tensi%C3%B3n/Cable-de-Aluminio-Media-Tensi%C3%B3n/MTAlXLPE-TR-PE15kV.html,https://www.nexans.co/es/products/Redes-de-Transmisi%C3%B3n-y-Distribuci%C3%B3n-de-Energ%C3%ADa/Cables-de-Media-Tensi%C3%B3n/Cable-de-Aluminio-Media-Tensi%C3%B3n/MTAlXLPE-TR-PE15kV.html,,generica_verificada,autorizada,2026-08-03,Se contrastó la familia técnica Media tensión aluminio XLPE 15 kV. No se asigna una referencia ni marca de fabricante por semejanza. El SKU interno SRT-PENDING-D5281A627DB0 es la referencia comercial de Surtilec hasta confirmar la referencia suministrada.
SRT-PENDING-34EF4D91B8ED,,Producto genérico Surtilec,Surtilec - investigación técnica de familia,https://www.nexans.co/es/products/Redes-de-Transmisi%C3%B3n-y-Distribuci%C3%B3n-de-Energ%C3%ADa/Cables-de-Media-Tensi%C3%B3n/Cable-de-Aluminio-Media-Tensi%C3%B3n/MTAlXLPE-TR-PE15kV.html,https://www.nexans.co/es/products/Redes-de-Transmisi%C3%B3n-y-Distribuci%C3%B3n-de-Energ%C3%ADa/Cables-de-Media-Tensi%C3%B3n/Cable-de-Aluminio-Media-Tensi%C3%B3n/MTAlXLPE-TR-PE15kV.html,,generica_verificada,autorizada,2026-08-03,Se contrastó la familia técnica Media tensión aluminio XLPE 15 kV. No se asigna una referencia ni marca de fabricante por semejanza. El SKU interno SRT-PENDING-34EF4D91B8ED es la referencia comercial de Surtilec hasta confirmar la referencia suministrada.
SRT-PENDING-3FCD38309023,,Producto genérico Surtilec,Surtilec - investigación técnica de familia,https://www.nexans.co/es/products/Redes-de-Transmisi%C3%B3n-y-Distribuci%C3%B3n-de-Energ%C3%ADa/Cables-de-Media-Tensi%C3%B3n/Cable-de-Aluminio-Media-Tensi%C3%B3n/MTAlXLPE-TR-PE15kV.html,https://www.nexans.co/es/products/Redes-de-Transmisi%C3%B3n-y-Distribuci%C3%B3n-de-Energ%C3%ADa/Cables-de-Media-Tensi%C3%B3n/Cable-de-Aluminio-Media-Tensi%C3%B3n/MTAlXLPE-TR-PE15kV.html,,generica_verificada,autorizada,2026-08-03,Se contrastó la familia técnica Media tensión aluminio XLPE 15 kV. No se asigna una referencia ni marca de fabricante por semejanza. El SKU interno SRT-PENDING-3FCD38309023 es la referencia comercial de Surtilec hasta confirmar la referencia suministrada.
SRT-PENDING-EF8381DEF90E,,Producto genérico Surtilec,Surtilec - investigación técnica de familia,https://www.nexans.co/es/products/Redes-de-Transmisi%C3%B3n-y-Distribuci%C3%B3n-de-Energ%C3%ADa/Cables-de-Media-Tensi%C3%B3n/Cable-de-Aluminio-Media-Tensi%C3%B3n/MTAlXLPE-TR-PE15kV.html,https://www.nexans.co/es/products/Redes-de-Transmisi%C3%B3n-y-Distribuci%C3%B3n-de-Energ%C3%ADa/Cables-de-Media-Tensi%C3%B3n/Cable-de-Aluminio-Media-Tensi%C3%B3n/MTAlXLPE-TR-PE15kV.html,,generica_verificada,autorizada,2026-08-03,Se contrastó la familia técnica Media tensión aluminio XLPE 15 kV. No se asigna una referencia ni marca de fabricante por semejanza. El SKU interno SRT-PENDING-EF8381DEF90E es la referencia comercial de Surtilec hasta confirmar la referencia suministrada.
SRT-PENDING-C474385D0CD5,,Producto genérico Surtilec,Surtilec - investigación técnica de familia,https://www.nexans.co/es/products/Redes-de-Transmisi%C3%B3n-y-Distribuci%C3%B3n-de-Energ%C3%ADa/Cables-de-Media-Tensi%C3%B3n/Cable-de-Aluminio-Media-Tensi%C3%B3n/MTAlXLPE-TR-PE15kV.html,https://www.nexans.co/es/products/Redes-de-Transmisi%C3%B3n-y-Distribuci%C3%B3n-de-Energ%C3%ADa/Cables-de-Media-Tensi%C3%B3n/Cable-de-Aluminio-Media-Tensi%C3%B3n/MTAlXLPE-TR-PE15kV.html,,generica_verificada,autorizada,2026-08-03,Se contrastó la familia técnica Media tensión aluminio XLPE 15 kV. No se asigna una referencia ni marca de fabricante por semejanza. El SKU interno SRT-PENDING-C474385D0CD5 es la referencia comercial de Surtilec hasta confirmar la referencia suministrada.
SRT-PENDING-58249E8B06CE,,Producto genérico Surtilec,Surtilec - investigación técnica de familia,https://www.nexans.co/es/products/Redes-de-Transmisi%C3%B3n-y-Distribuci%C3%B3n-de-Energ%C3%ADa/Cables-de-Media-Tensi%C3%B3n/Cable-de-Aluminio-Media-Tensi%C3%B3n/MTAlXLPE-TR-PE15kV.html,https://www.nexans.co/es/products/Redes-de-Transmisi%C3%B3n-y-Distribuci%C3%B3n-de-Energ%C3%ADa/Cables-de-Media-Tensi%C3%B3n/Cable-de-Aluminio-Media-Tensi%C3%B3n/MTAlXLPE-TR-PE15kV.html,,generica_verificada,autorizada,2026-08-03,Se contrastó la familia técnica Media tensión aluminio XLPE 15 kV. No se asigna una referencia ni marca de fabricante por semejanza. El SKU interno SRT-PENDING-58249E8B06CE es la referencia comercial de Surtilec hasta confirmar la referencia suministrada.
SRT-PENDING-BBA3D6BF9EDC,,Producto genérico Surtilec,Surtilec - investigación técnica de familia,https://www.nexans.co/es/products/Redes-de-Transmisi%C3%B3n-y-Distribuci%C3%B3n-de-Energ%C3%ADa/Cables-de-Media-Tensi%C3%B3n/Cable-de-Aluminio-Media-Tensi%C3%B3n/MTAlXLPE-TR-PE15kV.html,https://www.nexans.co/es/products/Redes-de-Transmisi%C3%B3n-y-Distribuci%C3%B3n-de-Energ%C3%ADa/Cables-de-Media-Tensi%C3%B3n/Cable-de-Aluminio-Media-Tensi%C3%B3n/MTAlXLPE-TR-PE15kV.html,,generica_verificada,autorizada,2026-08-03,Se contrastó la familia técnica Media tensión aluminio XLPE 15 kV. No se asigna una referencia ni marca de fabricante por semejanza. El SKU interno SRT-PENDING-BBA3D6BF9EDC es la referencia comercial de Surtilec hasta confirmar la referencia suministrada.
SRT-PENDING-A54804483E6B,,Producto genérico Surtilec,Surtilec - investigación técnica de familia,https://www.nexans.co/es/products/Redes-de-Transmisi%C3%B3n-y-Distribuci%C3%B3n-de-Energ%C3%ADa/Cables-de-Media-Tensi%C3%B3n/Cable-de-Aluminio-Media-Tensi%C3%B3n/MTAlXLPE-TR-PE15kV.html,https://www.nexans.co/es/products/Redes-de-Transmisi%C3%B3n-y-Distribuci%C3%B3n-de-Energ%C3%ADa/Cables-de-Media-Tensi%C3%B3n/Cable-de-Aluminio-Media-Tensi%C3%B3n/MTAlXLPE-TR-PE15kV.html,,generica_verificada,autorizada,2026-08-03,Se contrastó la familia técnica Media tensión aluminio XLPE 15 kV. No se asigna una referencia ni marca de fabricante por semejanza. El SKU interno SRT-PENDING-A54804483E6B es la referencia comercial de Surtilec hasta confirmar la referencia suministrada.
SRT-PENDING-203BBF52C5D5,,Producto genérico Surtilec,Surtilec - investigación técnica de familia,https://www.nexans.co/es/products/Redes-de-Transmisi%C3%B3n-y-Distribuci%C3%B3n-de-Energ%C3%ADa/Cables-de-Media-Tensi%C3%B3n/Cable-de-Aluminio-Media-Tensi%C3%B3n/MTAlXLPE-TR-PE15kV.html,https://www.nexans.co/es/products/Redes-de-Transmisi%C3%B3n-y-Distribuci%C3%B3n-de-Energ%C3%ADa/Cables-de-Media-Tensi%C3%B3n/Cable-de-Aluminio-Media-Tensi%C3%B3n/MTAlXLPE-TR-PE15kV.html,,generica_verificada,autorizada,2026-08-03,Se contrastó la familia técnica Media tensión aluminio XLPE 15 kV. No se asigna una referencia ni marca de fabricante por semejanza. El SKU interno SRT-PENDING-203BBF52C5D5 es la referencia comercial de Surtilec hasta confirmar la referencia suministrada.
SRT-PENDING-CB612095409C,,Producto genérico Surtilec,Surtilec - investigación técnica de familia,https://www.nexans.co/es/products/Redes-de-Transmisi%C3%B3n-y-Distribuci%C3%B3n-de-Energ%C3%ADa/Cables-de-Media-Tensi%C3%B3n/Cable-de-Aluminio-Media-Tensi%C3%B3n/MTAlXLPE-TR-PE15kV.html,https://www.nexans.co/es/products/Redes-de-Transmisi%C3%B3n-y-Distribuci%C3%B3n-de-Energ%C3%ADa/Cables-de-Media-Tensi%C3%B3n/Cable-de-Aluminio-Media-Tensi%C3%B3n/MTAlXLPE-TR-PE15kV.html,,generica_verificada,autorizada,2026-08-03,Se contrastó la familia técnica Media tensión aluminio XLPE 15 kV. No se asigna una referencia ni marca de fabricante por semejanza. El SKU interno SRT-PENDING-CB612095409C es la referencia comercial de Surtilec hasta confirmar la referencia suministrada.
SRT-PENDING-CB6E228A3272,,Producto genérico Surtilec,Surtilec - investigación técnica de familia,https://www.nexans.co/es/products/Redes-de-Transmisi%C3%B3n-y-Distribuci%C3%B3n-de-Energ%C3%ADa/Cables-de-Media-Tensi%C3%B3n/Cable-de-Aluminio-Media-Tensi%C3%B3n/MTAlXLPE-TR-PE15kV.html,https://www.nexans.co/es/products/Redes-de-Transmisi%C3%B3n-y-Distribuci%C3%B3n-de-Energ%C3%ADa/Cables-de-Media-Tensi%C3%B3n/Cable-de-Aluminio-Media-Tensi%C3%B3n/MTAlXLPE-TR-PE15kV.html,,generica_verificada,autorizada,2026-08-03,Se contrastó la familia técnica Media tensión aluminio XLPE 15 kV. No se asigna una referencia ni marca de fabricante por semejanza. El SKU interno SRT-PENDING-CB6E228A3272 es la referencia comercial de Surtilec hasta confirmar la referencia suministrada.
SRT-PENDING-2929BC6D87A2,,Producto genérico Surtilec,Surtilec - investigación técnica de familia,https://www.nexans.co/es/products/Redes-de-Transmisi%C3%B3n-y-Distribuci%C3%B3n-de-Energ%C3%ADa/Cables-de-Media-Tensi%C3%B3n/Cable-de-Aluminio-Media-Tensi%C3%B3n/MTAlXLPE-TR-PE15kV.html,https://www.nexans.co/es/products/Redes-de-Transmisi%C3%B3n-y-Distribuci%C3%B3n-de-Energ%C3%ADa/Cables-de-Media-Tensi%C3%B3n/Cable-de-Aluminio-Media-Tensi%C3%B3n/MTAlXLPE-TR-PE15kV.html,,generica_verificada,autorizada,2026-08-03,Se contrastó la familia técnica Media tensión aluminio XLPE 15 kV. No se asigna una referencia ni marca de fabricante por semejanza. El SKU interno SRT-PENDING-2929BC6D87A2 es la referencia comercial de Surtilec hasta confirmar la referencia suministrada.
SRT-PENDING-AA1D791BFE33,,Producto genérico Surtilec,Surtilec - investigación técnica de familia,https://www.nexans.co/es/products/Redes-de-Transmisi%C3%B3n-y-Distribuci%C3%B3n-de-Energ%C3%ADa/Cables-de-Media-Tensi%C3%B3n/Cable-de-Aluminio-Media-Tensi%C3%B3n/MTAlXLPE-TR-PE15kV.html,https://www.nexans.co/es/products/Redes-de-Transmisi%C3%B3n-y-Distribuci%C3%B3n-de-Energ%C3%ADa/Cables-de-Media-Tensi%C3%B3n/Cable-de-Aluminio-Media-Tensi%C3%B3n/MTAlXLPE-TR-PE15kV.html,,generica_verificada,autorizada,2026-08-03,Se contrastó la familia técnica Media tensión aluminio XLPE 15 kV. No se asigna una referencia ni marca de fabricante por semejanza. El SKU interno SRT-PENDING-AA1D791BFE33 es la referencia comercial de Surtilec hasta confirmar la referencia suministrada.
SRT-PENDING-C65574C8189E,,Producto genérico Surtilec,Surtilec - investigación técnica de familia,https://www.nexans.co/es/products/Redes-de-Transmisi%C3%B3n-y-Distribuci%C3%B3n-de-Energ%C3%ADa/Cables-de-Media-Tensi%C3%B3n/Cable-de-Aluminio-Media-Tensi%C3%B3n/MTAlXLPE-TR-PE15kV.html,https://www.nexans.co/es/products/Redes-de-Transmisi%C3%B3n-y-Distribuci%C3%B3n-de-Energ%C3%ADa/Cables-de-Media-Tensi%C3%B3n/Cable-de-Aluminio-Media-Tensi%C3%B3n/MTAlXLPE-TR-PE15kV.html,,generica_verificada,autorizada,2026-08-03,Se contrastó la familia técnica Media tensión aluminio XLPE 15 kV. No se asigna una referencia ni marca de fabricante por semejanza. El SKU interno SRT-PENDING-C65574C8189E es la referencia comercial de Surtilec hasta confirmar la referencia suministrada.
SRT-PENDING-8C1CDD016042,,Producto genérico Surtilec,Surtilec - investigación técnica de familia,https://www.nexans.co/es/products/Redes-de-Transmisi%C3%B3n-y-Distribuci%C3%B3n-de-Energ%C3%ADa/Cables-de-Media-Tensi%C3%B3n/Cable-de-Aluminio-Media-Tensi%C3%B3n/MTAlXLPE-TR-PE15kV.html,https://www.nexans.co/es/products/Redes-de-Transmisi%C3%B3n-y-Distribuci%C3%B3n-de-Energ%C3%ADa/Cables-de-Media-Tensi%C3%B3n/Cable-de-Aluminio-Media-Tensi%C3%B3n/MTAlXLPE-TR-PE15kV.html,,generica_verificada,autorizada,2026-08-03,Se contrastó la familia técnica Media tensión aluminio XLPE 15 kV. No se asigna una referencia ni marca de fabricante por semejanza. El SKU interno SRT-PENDING-8C1CDD016042 es la referencia comercial de Surtilec hasta confirmar la referencia suministrada.
SRT-PENDING-D27B33BF98AF,,Producto genérico Surtilec,Surtilec - investigación técnica de familia,https://www.nexans.co/es/products/Redes-de-Transmisi%C3%B3n-y-Distribuci%C3%B3n-de-Energ%C3%ADa/Cables-de-Media-Tensi%C3%B3n/Cable-de-Aluminio-Media-Tensi%C3%B3n/MTAlXLPE-TR-PE15kV.html,https://www.nexans.co/es/products/Redes-de-Transmisi%C3%B3n-y-Distribuci%C3%B3n-de-Energ%C3%ADa/Cables-de-Media-Tensi%C3%B3n/Cable-de-Aluminio-Media-Tensi%C3%B3n/MTAlXLPE-TR-PE15kV.html,,generica_verificada,autorizada,2026-08-03,Se contrastó la familia técnica Media tensión aluminio XLPE 15 kV. No se asigna una referencia ni marca de fabricante por semejanza. El SKU interno SRT-PENDING-D27B33BF98AF es la referencia comercial de Surtilec hasta confirmar la referencia suministrada.
SRT-PENDING-4C2645D6F44E,,Producto genérico Surtilec,Surtilec - investigación técnica de familia,https://www.nexans.co/es/products/Redes-de-Transmisi%C3%B3n-y-Distribuci%C3%B3n-de-Energ%C3%ADa/Cables-de-Media-Tensi%C3%B3n/Cable-de-Aluminio-Media-Tensi%C3%B3n/MTAlXLPE-TR-PE15kV.html,https://www.nexans.co/es/products/Redes-de-Transmisi%C3%B3n-y-Distribuci%C3%B3n-de-Energ%C3%ADa/Cables-de-Media-Tensi%C3%B3n/Cable-de-Aluminio-Media-Tensi%C3%B3n/MTAlXLPE-TR-PE15kV.html,,generica_verificada,autorizada,2026-08-03,Se contrastó la familia técnica Media tensión aluminio XLPE 15 kV. No se asigna una referencia ni marca de fabricante por semejanza. El SKU interno SRT-PENDING-4C2645D6F44E es la referencia comercial de Surtilec hasta confirmar la referencia suministrada.
SRT-PENDING-4D475875C29C,,Producto genérico Surtilec,Surtilec - investigación técnica de familia,https://www.nexans.co/es/products/Redes-de-Transmisi%C3%B3n-y-Distribuci%C3%B3n-de-Energ%C3%ADa/Cables-de-Media-Tensi%C3%B3n/Cable-de-Aluminio-Media-Tensi%C3%B3n/MTAlXLPE-TR-PE15kV.html,https://www.nexans.co/es/products/Redes-de-Transmisi%C3%B3n-y-Distribuci%C3%B3n-de-Energ%C3%ADa/Cables-de-Media-Tensi%C3%B3n/Cable-de-Aluminio-Media-Tensi%C3%B3n/MTAlXLPE-TR-PE15kV.html,,generica_verificada,autorizada,2026-08-03,Se contrastó la familia técnica Media tensión aluminio XLPE 15 kV. No se asigna una referencia ni marca de fabricante por semejanza. El SKU interno SRT-PENDING-4D475875C29C es la referencia comercial de Surtilec hasta confirmar la referencia suministrada.
SRT-PENDING-697D8A7D63E2,,Producto genérico Surtilec,Surtilec - investigación técnica de familia,https://www.nexans.co/es/products/Redes-de-Transmisi%C3%B3n-y-Distribuci%C3%B3n-de-Energ%C3%ADa/Cables-de-Media-Tensi%C3%B3n/Cable-de-Aluminio-Media-Tensi%C3%B3n/MTAlXLPE-TR-PE15kV.html,https://www.nexans.co/es/products/Redes-de-Transmisi%C3%B3n-y-Distribuci%C3%B3n-de-Energ%C3%ADa/Cables-de-Media-Tensi%C3%B3n/Cable-de-Aluminio-Media-Tensi%C3%B3n/MTAlXLPE-TR-PE15kV.html,,generica_verificada,autorizada,2026-08-03,Se contrastó la familia técnica Media tensión aluminio XLPE 15 kV. No se asigna una referencia ni marca de fabricante por semejanza. El SKU interno SRT-PENDING-697D8A7D63E2 es la referencia comercial de Surtilec hasta confirmar la referencia suministrada.
SRT-PENDING-EED5A17010C9,,Producto genérico Surtilec,Surtilec - investigación técnica de familia,https://www.nexans.co/es/products/Redes-de-Transmisi%C3%B3n-y-Distribuci%C3%B3n-de-Energ%C3%ADa/Cables-de-Media-Tensi%C3%B3n/Cable-de-Aluminio-Media-Tensi%C3%B3n/MTAlXLPE-TR-PE15kV.html,https://www.nexans.co/es/products/Redes-de-Transmisi%C3%B3n-y-Distribuci%C3%B3n-de-Energ%C3%ADa/Cables-de-Media-Tensi%C3%B3n/Cable-de-Aluminio-Media-Tensi%C3%B3n/MTAlXLPE-TR-PE15kV.html,,generica_verificada,autorizada,2026-08-03,Se contrastó la familia técnica Media tensión aluminio XLPE 15 kV. No se asigna una referencia ni marca de fabricante por semejanza. El SKU interno SRT-PENDING-EED5A17010C9 es la referencia comercial de Surtilec hasta confirmar la referencia suministrada.
SRT-PENDING-6106DBF723E4,,Producto genérico Surtilec,Surtilec - investigación técnica de familia,https://www.nexans.co/es/products/Redes-de-Transmisi%C3%B3n-y-Distribuci%C3%B3n-de-Energ%C3%ADa/Cables-de-Media-Tensi%C3%B3n/Cable-de-Aluminio-Media-Tensi%C3%B3n/MTAlXLPE-TR-PE15kV.html,https://www.nexans.co/es/products/Redes-de-Transmisi%C3%B3n-y-Distribuci%C3%B3n-de-Energ%C3%ADa/Cables-de-Media-Tensi%C3%B3n/Cable-de-Aluminio-Media-Tensi%C3%B3n/MTAlXLPE-TR-PE15kV.html,,generica_verificada,autorizada,2026-08-03,Se contrastó la familia técnica Media tensión aluminio XLPE 15 kV. No se asigna una referencia ni marca de fabricante por semejanza. El SKU interno SRT-PENDING-6106DBF723E4 es la referencia comercial de Surtilec hasta confirmar la referencia suministrada.
SRT-PENDING-41719E3AD7A9,,Producto genérico Surtilec,Surtilec - investigación técnica de familia,https://www.nexans.co/es/products/Redes-de-Transmisi%C3%B3n-y-Distribuci%C3%B3n-de-Energ%C3%ADa/Cables-de-Media-Tensi%C3%B3n/Cable-de-Aluminio-Media-Tensi%C3%B3n/MTAlXLPE-TR-PE15kV.html,https://www.nexans.co/es/products/Redes-de-Transmisi%C3%B3n-y-Distribuci%C3%B3n-de-Energ%C3%ADa/Cables-de-Media-Tensi%C3%B3n/Cable-de-Aluminio-Media-Tensi%C3%B3n/MTAlXLPE-TR-PE15kV.html,,generica_verificada,autorizada,2026-08-03,Se contrastó la familia técnica Media tensión aluminio XLPE 15 kV. No se asigna una referencia ni marca de fabricante por semejanza. El SKU interno SRT-PENDING-41719E3AD7A9 es la referencia comercial de Surtilec hasta confirmar la referencia suministrada.
SRT-PENDING-2E1E744FA0B7,,Producto genérico Surtilec,Surtilec - investigación técnica de familia,https://www.nexans.co/es/products/Redes-de-Transmisi%C3%B3n-y-Distribuci%C3%B3n-de-Energ%C3%ADa/Cables-de-Media-Tensi%C3%B3n/Cable-de-Aluminio-Media-Tensi%C3%B3n/MTAlXLPE-TR-PE15kV.html,https://www.nexans.co/es/products/Redes-de-Transmisi%C3%B3n-y-Distribuci%C3%B3n-de-Energ%C3%ADa/Cables-de-Media-Tensi%C3%B3n/Cable-de-Aluminio-Media-Tensi%C3%B3n/MTAlXLPE-TR-PE15kV.html,,generica_verificada,autorizada,2026-08-03,Se contrastó la familia técnica Media tensión aluminio XLPE 15 kV. No se asigna una referencia ni marca de fabricante por semejanza. El SKU interno SRT-PENDING-2E1E744FA0B7 es la referencia comercial de Surtilec hasta confirmar la referencia suministrada.
SRT-PENDING-A4394BCB4A1A,,Producto genérico Surtilec,Surtilec - investigación técnica de familia,https://www.nexans.co/es/products/Redes-de-Transmisi%C3%B3n-y-Distribuci%C3%B3n-de-Energ%C3%ADa/Cables-de-Media-Tensi%C3%B3n/Cable-de-Aluminio-Media-Tensi%C3%B3n/MTAlXLPE-TR-PE15kV.html,https://www.nexans.co/es/products/Redes-de-Transmisi%C3%B3n-y-Distribuci%C3%B3n-de-Energ%C3%ADa/Cables-de-Media-Tensi%C3%B3n/Cable-de-Aluminio-Media-Tensi%C3%B3n/MTAlXLPE-TR-PE15kV.html,,generica_verificada,autorizada,2026-08-03,Se contrastó la familia técnica Media tensión aluminio XLPE 15 kV. No se asigna una referencia ni marca de fabricante por semejanza. El SKU interno SRT-PENDING-A4394BCB4A1A es la referencia comercial de Surtilec hasta confirmar la referencia suministrada.
SRT-PENDING-B957BF39DB5A,,Producto genérico Surtilec,Surtilec - investigación técnica de familia,https://www.nexans.co/es/products/Redes-de-Transmisi%C3%B3n-y-Distribuci%C3%B3n-de-Energ%C3%ADa/Cables-de-Media-Tensi%C3%B3n/Cable-de-Aluminio-Media-Tensi%C3%B3n/MTAlXLPE-TR-PE15kV.html,https://www.nexans.co/es/products/Redes-de-Transmisi%C3%B3n-y-Distribuci%C3%B3n-de-Energ%C3%ADa/Cables-de-Media-Tensi%C3%B3n/Cable-de-Aluminio-Media-Tensi%C3%B3n/MTAlXLPE-TR-PE15kV.html,,generica_verificada,autorizada,2026-08-03,Se contrastó la familia técnica Media tensión aluminio XLPE 15 kV. No se asigna una referencia ni marca de fabricante por semejanza. El SKU interno SRT-PENDING-B957BF39DB5A es la referencia comercial de Surtilec hasta confirmar la referencia suministrada.
SRT-PENDING-4A63CBD45621,,Producto genérico Surtilec,Surtilec - investigación técnica de familia,https://www.nexans.co/es/products/Redes-de-Transmisi%C3%B3n-y-Distribuci%C3%B3n-de-Energ%C3%ADa/Cables-de-Media-Tensi%C3%B3n/Cable-de-Aluminio-Media-Tensi%C3%B3n/MTAlXLPE-TR-PE15kV.html,https://www.nexans.co/es/products/Redes-de-Transmisi%C3%B3n-y-Distribuci%C3%B3n-de-Energ%C3%ADa/Cables-de-Media-Tensi%C3%B3n/Cable-de-Aluminio-Media-Tensi%C3%B3n/MTAlXLPE-TR-PE15kV.html,,generica_verificada,autorizada,2026-08-03,Se contrastó la familia técnica Media tensión aluminio XLPE 15 kV. No se asigna una referencia ni marca de fabricante por semejanza. El SKU interno SRT-PENDING-4A63CBD45621 es la referencia comercial de Surtilec hasta confirmar la referencia suministrada.
SRT-PENDING-C08BCCBE5E8A,,Producto genérico Surtilec,Surtilec - investigación técnica de familia,https://www.nexans.co/es/products/Redes-de-Transmisi%C3%B3n-y-Distribuci%C3%B3n-de-Energ%C3%ADa/Cables-de-Media-Tensi%C3%B3n/Cable-de-Aluminio-Media-Tensi%C3%B3n/MTAlXLPE-TR-PE15kV.html,https://www.nexans.co/es/products/Redes-de-Transmisi%C3%B3n-y-Distribuci%C3%B3n-de-Energ%C3%ADa/Cables-de-Media-Tensi%C3%B3n/Cable-de-Aluminio-Media-Tensi%C3%B3n/MTAlXLPE-TR-PE15kV.html,,generica_verificada,autorizada,2026-08-03,Se contrastó la familia técnica Media tensión aluminio XLPE 15 kV. No se asigna una referencia ni marca de fabricante por semejanza. El SKU interno SRT-PENDING-C08BCCBE5E8A es la referencia comercial de Surtilec hasta confirmar la referencia suministrada.
SRT-PENDING-DA1DDA0F1AE4,,Producto genérico Surtilec,Surtilec - investigación técnica de familia,https://www.nexans.co/es/products/Redes-de-Transmisi%C3%B3n-y-Distribuci%C3%B3n-de-Energ%C3%ADa/Cables-de-Media-Tensi%C3%B3n/Cable-de-Aluminio-Media-Tensi%C3%B3n/MTAlXLPE-TR-PE15kV.html,https://www.nexans.co/es/products/Redes-de-Transmisi%C3%B3n-y-Distribuci%C3%B3n-de-Energ%C3%ADa/Cables-de-Media-Tensi%C3%B3n/Cable-de-Aluminio-Media-Tensi%C3%B3n/MTAlXLPE-TR-PE15kV.html,,generica_verificada,autorizada,2026-08-03,Se contrastó la familia técnica Media tensión aluminio XLPE 15 kV. No se asigna una referencia ni marca de fabricante por semejanza. El SKU interno SRT-PENDING-DA1DDA0F1AE4 es la referencia comercial de Surtilec hasta confirmar la referencia suministrada.
SRT-PENDING-FC3EF16AF7AB,,Producto genérico Surtilec,Surtilec - investigación técnica de familia,https://www.nexans.co/es/products/Redes-de-Transmisi%C3%B3n-y-Distribuci%C3%B3n-de-Energ%C3%ADa/Cables-de-Media-Tensi%C3%B3n/Cable-de-Aluminio-Media-Tensi%C3%B3n/MTAlXLPE-TR-PE15kV.html,https://www.nexans.co/es/products/Redes-de-Transmisi%C3%B3n-y-Distribuci%C3%B3n-de-Energ%C3%ADa/Cables-de-Media-Tensi%C3%B3n/Cable-de-Aluminio-Media-Tensi%C3%B3n/MTAlXLPE-TR-PE15kV.html,,generica_verificada,autorizada,2026-08-03,Se contrastó la familia técnica Media tensión aluminio XLPE 15 kV. No se asigna una referencia ni marca de fabricante por semejanza. El SKU interno SRT-PENDING-FC3EF16AF7AB es la referencia comercial de Surtilec hasta confirmar la referencia suministrada.
SRT-PENDING-3D4135D6F164,,Producto genérico Surtilec,Surtilec - investigación técnica de familia,https://www.nexans.co/es/products/Redes-de-Transmisi%C3%B3n-y-Distribuci%C3%B3n-de-Energ%C3%ADa/Cables-de-Media-Tensi%C3%B3n/Cable-de-Aluminio-Media-Tensi%C3%B3n/MTAlXLPE-TR-PE15kV.html,https://www.nexans.co/es/products/Redes-de-Transmisi%C3%B3n-y-Distribuci%C3%B3n-de-Energ%C3%ADa/Cables-de-Media-Tensi%C3%B3n/Cable-de-Aluminio-Media-Tensi%C3%B3n/MTAlXLPE-TR-PE15kV.html,,generica_verificada,autorizada,2026-08-03,Se contrastó la familia técnica Media tensión aluminio XLPE 15 kV. No se asigna una referencia ni marca de fabricante por semejanza. El SKU interno SRT-PENDING-3D4135D6F164 es la referencia comercial de Surtilec hasta confirmar la referencia suministrada.
SRT-PENDING-27662CB9D45E,,Producto genérico Surtilec,Surtilec - investigación técnica de familia,https://www.nexans.co/es/products/Redes-de-Transmisi%C3%B3n-y-Distribuci%C3%B3n-de-Energ%C3%ADa/Cables-de-Media-Tensi%C3%B3n/Cable-de-Aluminio-Media-Tensi%C3%B3n/MTAlXLPE-TR-PE15kV.html,https://www.nexans.co/es/products/Redes-de-Transmisi%C3%B3n-y-Distribuci%C3%B3n-de-Energ%C3%ADa/Cables-de-Media-Tensi%C3%B3n/Cable-de-Aluminio-Media-Tensi%C3%B3n/MTAlXLPE-TR-PE15kV.html,,generica_verificada,autorizada,2026-08-03,Se contrastó la familia técnica Media tensión aluminio XLPE 15 kV. No se asigna una referencia ni marca de fabricante por semejanza. El SKU interno SRT-PENDING-27662CB9D45E es la referencia comercial de Surtilec hasta confirmar la referencia suministrada.
SRT-PENDING-DA11D6041422,,Producto genérico Surtilec,Surtilec - investigación técnica de familia,https://www.nexans.co/es/products/Redes-de-Transmisi%C3%B3n-y-Distribuci%C3%B3n-de-Energ%C3%ADa/Cables-de-Media-Tensi%C3%B3n/Cable-de-Aluminio-Media-Tensi%C3%B3n/MTAlXLPE-TR-PE15kV.html,https://www.nexans.co/es/products/Redes-de-Transmisi%C3%B3n-y-Distribuci%C3%B3n-de-Energ%C3%ADa/Cables-de-Media-Tensi%C3%B3n/Cable-de-Aluminio-Media-Tensi%C3%B3n/MTAlXLPE-TR-PE15kV.html,,generica_verificada,autorizada,2026-08-03,Se contrastó la familia técnica Media tensión aluminio XLPE 15 kV. No se asigna una referencia ni marca de fabricante por semejanza. El SKU interno SRT-PENDING-DA11D6041422 es la referencia comercial de Surtilec hasta confirmar la referencia suministrada.
SRT-PENDING-1DCABF714A1D,,Producto genérico Surtilec,Surtilec - investigación técnica de familia,https://www.nexans.co/es/products/Redes-de-Transmisi%C3%B3n-y-Distribuci%C3%B3n-de-Energ%C3%ADa/Cables-de-Media-Tensi%C3%B3n/Cable-de-Aluminio-Media-Tensi%C3%B3n/MTAlXLPE-TR-PE15kV.html,https://www.nexans.co/es/products/Redes-de-Transmisi%C3%B3n-y-Distribuci%C3%B3n-de-Energ%C3%ADa/Cables-de-Media-Tensi%C3%B3n/Cable-de-Aluminio-Media-Tensi%C3%B3n/MTAlXLPE-TR-PE15kV.html,,generica_verificada,autorizada,2026-08-03,Se contrastó la familia técnica Media tensión aluminio XLPE 15 kV. No se asigna una referencia ni marca de fabricante por semejanza. El SKU interno SRT-PENDING-1DCABF714A1D es la referencia comercial de Surtilec hasta confirmar la referencia suministrada.
SRT-PENDING-36B099E7846C,,Producto genérico Surtilec,Surtilec - investigación técnica de familia,https://www.nexans.co/es/products/Redes-de-Transmisi%C3%B3n-y-Distribuci%C3%B3n-de-Energ%C3%ADa/Cables-de-Media-Tensi%C3%B3n/Cable-de-Aluminio-Media-Tensi%C3%B3n/MTAlXLPE-TR-PE15kV.html,https://www.nexans.co/es/products/Redes-de-Transmisi%C3%B3n-y-Distribuci%C3%B3n-de-Energ%C3%ADa/Cables-de-Media-Tensi%C3%B3n/Cable-de-Aluminio-Media-Tensi%C3%B3n/MTAlXLPE-TR-PE15kV.html,,generica_verificada,autorizada,2026-08-03,Se contrastó la familia técnica Media tensión aluminio XLPE 15 kV. No se asigna una referencia ni marca de fabricante por semejanza. El SKU interno SRT-PENDING-36B099E7846C es la referencia comercial de Surtilec hasta confirmar la referencia suministrada.
SRT-PENDING-4DC0746ECBFB,,Producto genérico Surtilec,Surtilec - investigación técnica de familia,https://www.nexans.co/es/products/Redes-de-Transmisi%C3%B3n-y-Distribuci%C3%B3n-de-Energ%C3%ADa/Cables-de-Media-Tensi%C3%B3n/Cable-de-Aluminio-Media-Tensi%C3%B3n/MTAlXLPE-TR-PE15kV.html,https://www.nexans.co/es/products/Redes-de-Transmisi%C3%B3n-y-Distribuci%C3%B3n-de-Energ%C3%ADa/Cables-de-Media-Tensi%C3%B3n/Cable-de-Aluminio-Media-Tensi%C3%B3n/MTAlXLPE-TR-PE15kV.html,,generica_verificada,autorizada,2026-08-03,Se contrastó la familia técnica Media tensión aluminio XLPE 15 kV. No se asigna una referencia ni marca de fabricante por semejanza. El SKU interno SRT-PENDING-4DC0746ECBFB es la referencia comercial de Surtilec hasta confirmar la referencia suministrada.
SRT-PENDING-46F0BDD5F53E,,Producto genérico Surtilec,Surtilec - investigación técnica de familia,https://www.nexans.co/es/products/Redes-de-Transmisi%C3%B3n-y-Distribuci%C3%B3n-de-Energ%C3%ADa/Cables-de-Media-Tensi%C3%B3n/Cable-de-Aluminio-Media-Tensi%C3%B3n/MTAlXLPE-TR-PE15kV.html,https://www.nexans.co/es/products/Redes-de-Transmisi%C3%B3n-y-Distribuci%C3%B3n-de-Energ%C3%ADa/Cables-de-Media-Tensi%C3%B3n/Cable-de-Aluminio-Media-Tensi%C3%B3n/MTAlXLPE-TR-PE15kV.html,,generica_verificada,autorizada,2026-08-03,Se contrastó la familia técnica Media tensión aluminio XLPE 15 kV. No se asigna una referencia ni marca de fabricante por semejanza. El SKU interno SRT-PENDING-46F0BDD5F53E es la referencia comercial de Surtilec hasta confirmar la referencia suministrada.
SRT-PENDING-A4E8ED35EE7F,,Producto genérico Surtilec,Surtilec - investigación técnica de familia,https://www.nexans.co/es/products/Redes-de-Transmisi%C3%B3n-y-Distribuci%C3%B3n-de-Energ%C3%ADa/Cables-de-Media-Tensi%C3%B3n/Cable-de-Aluminio-Media-Tensi%C3%B3n/MTAlXLPE-TR-PE15kV.html,https://www.nexans.co/es/products/Redes-de-Transmisi%C3%B3n-y-Distribuci%C3%B3n-de-Energ%C3%ADa/Cables-de-Media-Tensi%C3%B3n/Cable-de-Aluminio-Media-Tensi%C3%B3n/MTAlXLPE-TR-PE15kV.html,,generica_verificada,autorizada,2026-08-03,Se contrastó la familia técnica Media tensión aluminio XLPE 15 kV. No se asigna una referencia ni marca de fabricante por semejanza. El SKU interno SRT-PENDING-A4E8ED35EE7F es la referencia comercial de Surtilec hasta confirmar la referencia suministrada.
SRT-PENDING-2D373E3FD73E,,Producto genérico Surtilec,Surtilec - investigación técnica de familia,https://www.nexans.co/es/products/Redes-de-Transmisi%C3%B3n-y-Distribuci%C3%B3n-de-Energ%C3%ADa/Cables-de-Media-Tensi%C3%B3n/Cable-de-Aluminio-Media-Tensi%C3%B3n/MTAlXLPE-TR-PE15kV.html,https://www.nexans.co/es/products/Redes-de-Transmisi%C3%B3n-y-Distribuci%C3%B3n-de-Energ%C3%ADa/Cables-de-Media-Tensi%C3%B3n/Cable-de-Aluminio-Media-Tensi%C3%B3n/MTAlXLPE-TR-PE15kV.html,,generica_verificada,autorizada,2026-08-03,Se contrastó la familia técnica Media tensión aluminio XLPE 15 kV. No se asigna una referencia ni marca de fabricante por semejanza. El SKU interno SRT-PENDING-2D373E3FD73E es la referencia comercial de Surtilec hasta confirmar la referencia suministrada.
SRT-PENDING-DAA55C842BE3,,Producto genérico Surtilec,Surtilec - investigación técnica de familia,https://www.nexans.co/es/products/Redes-de-Transmisi%C3%B3n-y-Distribuci%C3%B3n-de-Energ%C3%ADa/Cables-de-Media-Tensi%C3%B3n/Cable-de-Aluminio-Media-Tensi%C3%B3n/MTAlXLPE-TR-PE15kV.html,https://www.nexans.co/es/products/Redes-de-Transmisi%C3%B3n-y-Distribuci%C3%B3n-de-Energ%C3%ADa/Cables-de-Media-Tensi%C3%B3n/Cable-de-Aluminio-Media-Tensi%C3%B3n/MTAlXLPE-TR-PE15kV.html,,generica_verificada,autorizada,2026-08-03,Se contrastó la familia técnica Media tensión aluminio XLPE 15 kV. No se asigna una referencia ni marca de fabricante por semejanza. El SKU interno SRT-PENDING-DAA55C842BE3 es la referencia comercial de Surtilec hasta confirmar la referencia suministrada.
SRT-PENDING-590D4330D95C,,Producto genérico Surtilec,Surtilec - investigación técnica de familia,https://www.nexans.co/es/products/Redes-de-Transmisi%C3%B3n-y-Distribuci%C3%B3n-de-Energ%C3%ADa/Cables-de-Media-Tensi%C3%B3n/Cable-de-Aluminio-Media-Tensi%C3%B3n/MTAlXLPE-TR-PE15kV.html,https://www.nexans.co/es/products/Redes-de-Transmisi%C3%B3n-y-Distribuci%C3%B3n-de-Energ%C3%ADa/Cables-de-Media-Tensi%C3%B3n/Cable-de-Aluminio-Media-Tensi%C3%B3n/MTAlXLPE-TR-PE15kV.html,,generica_verificada,autorizada,2026-08-03,Se contrastó la familia técnica Media tensión aluminio XLPE 15 kV. No se asigna una referencia ni marca de fabricante por semejanza. El SKU interno SRT-PENDING-590D4330D95C es la referencia comercial de Surtilec hasta confirmar la referencia suministrada.
SRT-PENDING-5F2E45451001,,Producto genérico Surtilec,Surtilec - investigación técnica de familia,https://www.nexans.co/es/products/Redes-de-Transmisi%C3%B3n-y-Distribuci%C3%B3n-de-Energ%C3%ADa/Cables-de-Media-Tensi%C3%B3n/Cable-de-Aluminio-Media-Tensi%C3%B3n/MTAlXLPE-TR-PE15kV.html,https://www.nexans.co/es/products/Redes-de-Transmisi%C3%B3n-y-Distribuci%C3%B3n-de-Energ%C3%ADa/Cables-de-Media-Tensi%C3%B3n/Cable-de-Aluminio-Media-Tensi%C3%B3n/MTAlXLPE-TR-PE15kV.html,,generica_verificada,autorizada,2026-08-03,Se contrastó la familia técnica Media tensión aluminio XLPE 15 kV. No se asigna una referencia ni marca de fabricante por semejanza. El SKU interno SRT-PENDING-5F2E45451001 es la referencia comercial de Surtilec hasta confirmar la referencia suministrada.
SRT-PENDING-D9FD95B83E59,,Producto genérico Surtilec,Surtilec - investigación técnica de familia,https://www.nexans.co/es/products/Redes-de-Transmisi%C3%B3n-y-Distribuci%C3%B3n-de-Energ%C3%ADa/Cables-de-Media-Tensi%C3%B3n/Cable-de-Aluminio-Media-Tensi%C3%B3n/MTAlXLPE-TR-PE15kV.html,https://www.nexans.co/es/products/Redes-de-Transmisi%C3%B3n-y-Distribuci%C3%B3n-de-Energ%C3%ADa/Cables-de-Media-Tensi%C3%B3n/Cable-de-Aluminio-Media-Tensi%C3%B3n/MTAlXLPE-TR-PE15kV.html,,generica_verificada,autorizada,2026-08-03,Se contrastó la familia técnica Media tensión aluminio XLPE 15 kV. No se asigna una referencia ni marca de fabricante por semejanza. El SKU interno SRT-PENDING-D9FD95B83E59 es la referencia comercial de Surtilec hasta confirmar la referencia suministrada.
SRT-PENDING-898C94937850,,Producto genérico Surtilec,Surtilec - investigación técnica de familia,https://www.nexans.co/es/products/Redes-de-Transmisi%C3%B3n-y-Distribuci%C3%B3n-de-Energ%C3%ADa/Cables-de-Media-Tensi%C3%B3n/Cable-de-Aluminio-Media-Tensi%C3%B3n/MTAlXLPE-TR-PE15kV.html,https://www.nexans.co/es/products/Redes-de-Transmisi%C3%B3n-y-Distribuci%C3%B3n-de-Energ%C3%ADa/Cables-de-Media-Tensi%C3%B3n/Cable-de-Aluminio-Media-Tensi%C3%B3n/MTAlXLPE-TR-PE15kV.html,,generica_verificada,autorizada,2026-08-03,Se contrastó la familia técnica Media tensión aluminio XLPE 15 kV. No se asigna una referencia ni marca de fabricante por semejanza. El SKU interno SRT-PENDING-898C94937850 es la referencia comercial de Surtilec hasta confirmar la referencia suministrada.
SRT-PENDING-490B7CE2806B,,Producto genérico Surtilec,Surtilec - investigación técnica de familia,https://www.nexans.co/es/products/Redes-de-Transmisi%C3%B3n-y-Distribuci%C3%B3n-de-Energ%C3%ADa/Cables-de-Media-Tensi%C3%B3n/Cables-de-Cobre-Media-Tensi%C3%B3n/MV90CuXLPE-PVC35kV133.html,https://www.nexans.co/es/products/Redes-de-Transmisi%C3%B3n-y-Distribuci%C3%B3n-de-Energ%C3%ADa/Cables-de-Media-Tensi%C3%B3n/Cables-de-Cobre-Media-Tensi%C3%B3n/MV90CuXLPE-PVC35kV133.html,,generica_verificada,autorizada,2026-08-03,Se contrastó la familia técnica Media tensión cobre XLPE 35 kV. No se asigna una referencia ni marca de fabricante por semejanza. El SKU interno SRT-PENDING-490B7CE2806B es la referencia comercial de Surtilec hasta confirmar la referencia suministrada.
SRT-PENDING-3222B7A7CFD2,,Producto genérico Surtilec,Surtilec - investigación técnica de familia,https://www.nexans.co/es/products/Redes-de-Transmisi%C3%B3n-y-Distribuci%C3%B3n-de-Energ%C3%ADa/Cables-de-Media-Tensi%C3%B3n/Cables-de-Cobre-Media-Tensi%C3%B3n/MV90CuXLPE-PVC35kV133.html,https://www.nexans.co/es/products/Redes-de-Transmisi%C3%B3n-y-Distribuci%C3%B3n-de-Energ%C3%ADa/Cables-de-Media-Tensi%C3%B3n/Cables-de-Cobre-Media-Tensi%C3%B3n/MV90CuXLPE-PVC35kV133.html,,generica_verificada,autorizada,2026-08-03,Se contrastó la familia técnica Media tensión cobre XLPE 35 kV. No se asigna una referencia ni marca de fabricante por semejanza. El SKU interno SRT-PENDING-3222B7A7CFD2 es la referencia comercial de Surtilec hasta confirmar la referencia suministrada.
SRT-PENDING-56FC23BAFC07,,Producto genérico Surtilec,Surtilec - investigación técnica de familia,https://www.nexans.co/es/products/Redes-de-Transmisi%C3%B3n-y-Distribuci%C3%B3n-de-Energ%C3%ADa/Cables-de-Media-Tensi%C3%B3n/Cables-de-Cobre-Media-Tensi%C3%B3n/MV90CuXLPE-PVC35kV133.html,https://www.nexans.co/es/products/Redes-de-Transmisi%C3%B3n-y-Distribuci%C3%B3n-de-Energ%C3%ADa/Cables-de-Media-Tensi%C3%B3n/Cables-de-Cobre-Media-Tensi%C3%B3n/MV90CuXLPE-PVC35kV133.html,,generica_verificada,autorizada,2026-08-03,Se contrastó la familia técnica Media tensión cobre XLPE 35 kV. No se asigna una referencia ni marca de fabricante por semejanza. El SKU interno SRT-PENDING-56FC23BAFC07 es la referencia comercial de Surtilec hasta confirmar la referencia suministrada.
SRT-PENDING-9204397946C1,,Producto genérico Surtilec,Surtilec - investigación técnica de familia,https://www.nexans.co/es/products/Redes-de-Transmisi%C3%B3n-y-Distribuci%C3%B3n-de-Energ%C3%ADa/Cables-de-Media-Tensi%C3%B3n/Cables-de-Cobre-Media-Tensi%C3%B3n/MV90CuXLPE-PVC35kV133.html,https://www.nexans.co/es/products/Redes-de-Transmisi%C3%B3n-y-Distribuci%C3%B3n-de-Energ%C3%ADa/Cables-de-Media-Tensi%C3%B3n/Cables-de-Cobre-Media-Tensi%C3%B3n/MV90CuXLPE-PVC35kV133.html,,generica_verificada,autorizada,2026-08-03,Se contrastó la familia técnica Media tensión cobre XLPE 35 kV. No se asigna una referencia ni marca de fabricante por semejanza. El SKU interno SRT-PENDING-9204397946C1 es la referencia comercial de Surtilec hasta confirmar la referencia suministrada.
SRT-PENDING-E328104BC9F1,,Producto genérico Surtilec,Surtilec - investigación técnica de familia,https://www.nexans.co/es/products/Redes-de-Transmisi%C3%B3n-y-Distribuci%C3%B3n-de-Energ%C3%ADa/Cables-de-Media-Tensi%C3%B3n/Cables-de-Cobre-Media-Tensi%C3%B3n/MV90CuXLPE-PVC35kV133.html,https://www.nexans.co/es/products/Redes-de-Transmisi%C3%B3n-y-Distribuci%C3%B3n-de-Energ%C3%ADa/Cables-de-Media-Tensi%C3%B3n/Cables-de-Cobre-Media-Tensi%C3%B3n/MV90CuXLPE-PVC35kV133.html,,generica_verificada,autorizada,2026-08-03,Se contrastó la familia técnica Media tensión cobre XLPE 35 kV. No se asigna una referencia ni marca de fabricante por semejanza. El SKU interno SRT-PENDING-E328104BC9F1 es la referencia comercial de Surtilec hasta confirmar la referencia suministrada.
SRT-PENDING-D48C9ED890D3,,Producto genérico Surtilec,Surtilec - investigación técnica de familia,https://www.nexans.co/es/products/Redes-de-Transmisi%C3%B3n-y-Distribuci%C3%B3n-de-Energ%C3%ADa/Cables-de-Media-Tensi%C3%B3n/Cables-de-Cobre-Media-Tensi%C3%B3n/MV90CuXLPE-PVC35kV133.html,https://www.nexans.co/es/products/Redes-de-Transmisi%C3%B3n-y-Distribuci%C3%B3n-de-Energ%C3%ADa/Cables-de-Media-Tensi%C3%B3n/Cables-de-Cobre-Media-Tensi%C3%B3n/MV90CuXLPE-PVC35kV133.html,,generica_verificada,autorizada,2026-08-03,Se contrastó la familia técnica Media tensión cobre XLPE 35 kV. No se asigna una referencia ni marca de fabricante por semejanza. El SKU interno SRT-PENDING-D48C9ED890D3 es la referencia comercial de Surtilec hasta confirmar la referencia suministrada.
SRT-PENDING-BC7AB6C0DB1B,,Producto genérico Surtilec,Surtilec - investigación técnica de familia,https://www.nexans.co/es/products/Redes-de-Transmisi%C3%B3n-y-Distribuci%C3%B3n-de-Energ%C3%ADa/Cables-de-Media-Tensi%C3%B3n/Cables-de-Cobre-Media-Tensi%C3%B3n/MV90CuXLPE-PVC35kV133.html,https://www.nexans.co/es/products/Redes-de-Transmisi%C3%B3n-y-Distribuci%C3%B3n-de-Energ%C3%ADa/Cables-de-Media-Tensi%C3%B3n/Cables-de-Cobre-Media-Tensi%C3%B3n/MV90CuXLPE-PVC35kV133.html,,generica_verificada,autorizada,2026-08-03,Se contrastó la familia técnica Media tensión cobre XLPE 35 kV. No se asigna una referencia ni marca de fabricante por semejanza. El SKU interno SRT-PENDING-BC7AB6C0DB1B es la referencia comercial de Surtilec hasta confirmar la referencia suministrada.
SRT-PENDING-2D3B75775E4F,,Producto genérico Surtilec,Surtilec - investigación técnica de familia,https://www.nexans.co/es/products/Redes-de-Transmisi%C3%B3n-y-Distribuci%C3%B3n-de-Energ%C3%ADa/Cables-de-Media-Tensi%C3%B3n/Cables-de-Cobre-Media-Tensi%C3%B3n/MV90CuXLPE-PVC35kV133.html,https://www.nexans.co/es/products/Redes-de-Transmisi%C3%B3n-y-Distribuci%C3%B3n-de-Energ%C3%ADa/Cables-de-Media-Tensi%C3%B3n/Cables-de-Cobre-Media-Tensi%C3%B3n/MV90CuXLPE-PVC35kV133.html,,generica_verificada,autorizada,2026-08-03,Se contrastó la familia técnica Media tensión cobre XLPE 35 kV. No se asigna una referencia ni marca de fabricante por semejanza. El SKU interno SRT-PENDING-2D3B75775E4F es la referencia comercial de Surtilec hasta confirmar la referencia suministrada.
SRT-PENDING-C5F8C46F6DF4,,Producto genérico Surtilec,Surtilec - investigación técnica de familia,https://www.nexans.co/es/products/Redes-de-Transmisi%C3%B3n-y-Distribuci%C3%B3n-de-Energ%C3%ADa/Cables-de-Media-Tensi%C3%B3n/Cables-de-Cobre-Media-Tensi%C3%B3n/MV90CuXLPE-PVC35kV133.html,https://www.nexans.co/es/products/Redes-de-Transmisi%C3%B3n-y-Distribuci%C3%B3n-de-Energ%C3%ADa/Cables-de-Media-Tensi%C3%B3n/Cables-de-Cobre-Media-Tensi%C3%B3n/MV90CuXLPE-PVC35kV133.html,,generica_verificada,autorizada,2026-08-03,Se contrastó la familia técnica Media tensión cobre XLPE 35 kV. No se asigna una referencia ni marca de fabricante por semejanza. El SKU interno SRT-PENDING-C5F8C46F6DF4 es la referencia comercial de Surtilec hasta confirmar la referencia suministrada.
SRT-PENDING-A1EEF1269335,,Producto genérico Surtilec,Surtilec - investigación técnica de familia,https://www.nexans.co/es/products/Redes-de-Transmisi%C3%B3n-y-Distribuci%C3%B3n-de-Energ%C3%ADa/Cables-de-Media-Tensi%C3%B3n/Cables-de-Cobre-Media-Tensi%C3%B3n/MV90CuXLPE-PVC15kV133N33.html,https://www.nexans.co/es/products/Redes-de-Transmisi%C3%B3n-y-Distribuci%C3%B3n-de-Energ%C3%ADa/Cables-de-Media-Tensi%C3%B3n/Cables-de-Cobre-Media-Tensi%C3%B3n/MV90CuXLPE-PVC15kV133N33.html,,generica_verificada,autorizada,2026-08-03,Se contrastó la familia técnica Media tensión cobre XLPE 15 kV. No se asigna una referencia ni marca de fabricante por semejanza. El SKU interno SRT-PENDING-A1EEF1269335 es la referencia comercial de Surtilec hasta confirmar la referencia suministrada.
SRT-PENDING-2D40F0A1D1B6,,Producto genérico Surtilec,Surtilec - investigación técnica de familia,https://www.nexans.co/es/products/Redes-de-Transmisi%C3%B3n-y-Distribuci%C3%B3n-de-Energ%C3%ADa/Cables-de-Media-Tensi%C3%B3n/Cables-de-Cobre-Media-Tensi%C3%B3n/MV90CuXLPE-PVC15kV133N33.html,https://www.nexans.co/es/products/Redes-de-Transmisi%C3%B3n-y-Distribuci%C3%B3n-de-Energ%C3%ADa/Cables-de-Media-Tensi%C3%B3n/Cables-de-Cobre-Media-Tensi%C3%B3n/MV90CuXLPE-PVC15kV133N33.html,,generica_verificada,autorizada,2026-08-03,Se contrastó la familia técnica Media tensión cobre XLPE 15 kV. No se asigna una referencia ni marca de fabricante por semejanza. El SKU interno SRT-PENDING-2D40F0A1D1B6 es la referencia comercial de Surtilec hasta confirmar la referencia suministrada.
SRT-PENDING-3958B7C0BEF2,,Producto genérico Surtilec,Surtilec - investigación técnica de familia,https://www.nexans.co/es/products/Redes-de-Transmisi%C3%B3n-y-Distribuci%C3%B3n-de-Energ%C3%ADa/Cables-de-Media-Tensi%C3%B3n/Cables-de-Cobre-Media-Tensi%C3%B3n/MV90CuXLPE-PVC15kV133N33.html,https://www.nexans.co/es/products/Redes-de-Transmisi%C3%B3n-y-Distribuci%C3%B3n-de-Energ%C3%ADa/Cables-de-Media-Tensi%C3%B3n/Cables-de-Cobre-Media-Tensi%C3%B3n/MV90CuXLPE-PVC15kV133N33.html,,generica_verificada,autorizada,2026-08-03,Se contrastó la familia técnica Media tensión cobre XLPE 15 kV. No se asigna una referencia ni marca de fabricante por semejanza. El SKU interno SRT-PENDING-3958B7C0BEF2 es la referencia comercial de Surtilec hasta confirmar la referencia suministrada.
SRT-PENDING-BE1B2D69B2D0,,Producto genérico Surtilec,Surtilec - investigación técnica de familia,https://www.nexans.co/es/products/Redes-de-Transmisi%C3%B3n-y-Distribuci%C3%B3n-de-Energ%C3%ADa/Cables-de-Media-Tensi%C3%B3n/Cables-de-Cobre-Media-Tensi%C3%B3n/MV90CuXLPE-PVC15kV133N33.html,https://www.nexans.co/es/products/Redes-de-Transmisi%C3%B3n-y-Distribuci%C3%B3n-de-Energ%C3%ADa/Cables-de-Media-Tensi%C3%B3n/Cables-de-Cobre-Media-Tensi%C3%B3n/MV90CuXLPE-PVC15kV133N33.html,,generica_verificada,autorizada,2026-08-03,Se contrastó la familia técnica Media tensión cobre XLPE 15 kV. No se asigna una referencia ni marca de fabricante por semejanza. El SKU interno SRT-PENDING-BE1B2D69B2D0 es la referencia comercial de Surtilec hasta confirmar la referencia suministrada.
SRT-PENDING-39C487C5DE72,,Producto genérico Surtilec,Surtilec - investigación técnica de familia,https://www.nexans.co/es/products/Redes-de-Transmisi%C3%B3n-y-Distribuci%C3%B3n-de-Energ%C3%ADa/Cables-de-Media-Tensi%C3%B3n/Cables-de-Cobre-Media-Tensi%C3%B3n/MV90CuXLPE-PVC15kV133N33.html,https://www.nexans.co/es/products/Redes-de-Transmisi%C3%B3n-y-Distribuci%C3%B3n-de-Energ%C3%ADa/Cables-de-Media-Tensi%C3%B3n/Cables-de-Cobre-Media-Tensi%C3%B3n/MV90CuXLPE-PVC15kV133N33.html,,generica_verificada,autorizada,2026-08-03,Se contrastó la familia técnica Media tensión cobre XLPE 15 kV. No se asigna una referencia ni marca de fabricante por semejanza. El SKU interno SRT-PENDING-39C487C5DE72 es la referencia comercial de Surtilec hasta confirmar la referencia suministrada.
SRT-PENDING-2F9A9886A1F6,,Producto genérico Surtilec,Surtilec - investigación técnica de familia,https://www.nexans.co/es/products/Redes-de-Transmisi%C3%B3n-y-Distribuci%C3%B3n-de-Energ%C3%ADa/Cables-de-Media-Tensi%C3%B3n/Cables-de-Cobre-Media-Tensi%C3%B3n/MV90CuXLPE-PVC15kV133N33.html,https://www.nexans.co/es/products/Redes-de-Transmisi%C3%B3n-y-Distribuci%C3%B3n-de-Energ%C3%ADa/Cables-de-Media-Tensi%C3%B3n/Cables-de-Cobre-Media-Tensi%C3%B3n/MV90CuXLPE-PVC15kV133N33.html,,generica_verificada,autorizada,2026-08-03,Se contrastó la familia técnica Media tensión cobre XLPE 15 kV. No se asigna una referencia ni marca de fabricante por semejanza. El SKU interno SRT-PENDING-2F9A9886A1F6 es la referencia comercial de Surtilec hasta confirmar la referencia suministrada.
SRT-PENDING-D9E22C29AF82,,Producto genérico Surtilec,Surtilec - investigación técnica de familia,https://www.nexans.co/es/products/Redes-de-Transmisi%C3%B3n-y-Distribuci%C3%B3n-de-Energ%C3%ADa/Cables-de-Media-Tensi%C3%B3n/Cables-de-Cobre-Media-Tensi%C3%B3n/MV90CuXLPE-PVC15kV133N33.html,https://www.nexans.co/es/products/Redes-de-Transmisi%C3%B3n-y-Distribuci%C3%B3n-de-Energ%C3%ADa/Cables-de-Media-Tensi%C3%B3n/Cables-de-Cobre-Media-Tensi%C3%B3n/MV90CuXLPE-PVC15kV133N33.html,,generica_verificada,autorizada,2026-08-03,Se contrastó la familia técnica Media tensión cobre XLPE 15 kV. No se asigna una referencia ni marca de fabricante por semejanza. El SKU interno SRT-PENDING-D9E22C29AF82 es la referencia comercial de Surtilec hasta confirmar la referencia suministrada.
SRT-PENDING-DC66FFA29AB5,,Producto genérico Surtilec,Surtilec - investigación técnica de familia,https://www.nexans.co/es/products/Redes-de-Transmisi%C3%B3n-y-Distribuci%C3%B3n-de-Energ%C3%ADa/Cables-de-Media-Tensi%C3%B3n/Cables-de-Cobre-Media-Tensi%C3%B3n/MV90CuXLPE-PVC15kV133N33.html,https://www.nexans.co/es/products/Redes-de-Transmisi%C3%B3n-y-Distribuci%C3%B3n-de-Energ%C3%ADa/Cables-de-Media-Tensi%C3%B3n/Cables-de-Cobre-Media-Tensi%C3%B3n/MV90CuXLPE-PVC15kV133N33.html,,generica_verificada,autorizada,2026-08-03,Se contrastó la familia técnica Media tensión cobre XLPE 15 kV. No se asigna una referencia ni marca de fabricante por semejanza. El SKU interno SRT-PENDING-DC66FFA29AB5 es la referencia comercial de Surtilec hasta confirmar la referencia suministrada.
SRT-PENDING-47C93D2B1C0F,,Producto genérico Surtilec,Surtilec - investigación técnica de familia,https://www.nexans.co/es/products/Redes-de-Transmisi%C3%B3n-y-Distribuci%C3%B3n-de-Energ%C3%ADa/Cables-de-Media-Tensi%C3%B3n/Cables-de-Cobre-Media-Tensi%C3%B3n/MV90CuXLPE-PVC15kV133N33.html,https://www.nexans.co/es/products/Redes-de-Transmisi%C3%B3n-y-Distribuci%C3%B3n-de-Energ%C3%ADa/Cables-de-Media-Tensi%C3%B3n/Cables-de-Cobre-Media-Tensi%C3%B3n/MV90CuXLPE-PVC15kV133N33.html,,generica_verificada,autorizada,2026-08-03,Se contrastó la familia técnica Media tensión cobre XLPE 15 kV. No se asigna una referencia ni marca de fabricante por semejanza. El SKU interno SRT-PENDING-47C93D2B1C0F es la referencia comercial de Surtilec hasta confirmar la referencia suministrada.
SRT-PENDING-EACAD6DB3991,,Producto genérico Surtilec,Surtilec - investigación técnica de familia,https://www.nexans.co/es/products/Redes-de-Transmisi%C3%B3n-y-Distribuci%C3%B3n-de-Energ%C3%ADa/Cables-de-Media-Tensi%C3%B3n/Cables-de-Cobre-Media-Tensi%C3%B3n/MV90CuXLPE-PVC15kV133N33.html,https://www.nexans.co/es/products/Redes-de-Transmisi%C3%B3n-y-Distribuci%C3%B3n-de-Energ%C3%ADa/Cables-de-Media-Tensi%C3%B3n/Cables-de-Cobre-Media-Tensi%C3%B3n/MV90CuXLPE-PVC15kV133N33.html,,generica_verificada,autorizada,2026-08-03,Se contrastó la familia técnica Media tensión cobre XLPE 15 kV. No se asigna una referencia ni marca de fabricante por semejanza. El SKU interno SRT-PENDING-EACAD6DB3991 es la referencia comercial de Surtilec hasta confirmar la referencia suministrada.
SRT-PENDING-D3F3B43777D8,,Producto genérico Surtilec,Surtilec - investigación técnica de familia,https://www.nexans.co/es/products/Redes-de-Transmisi%C3%B3n-y-Distribuci%C3%B3n-de-Energ%C3%ADa/Cables-de-Media-Tensi%C3%B3n/Cables-de-Cobre-Media-Tensi%C3%B3n/MV90CuXLPE-PVC15kV133N33.html,https://www.nexans.co/es/products/Redes-de-Transmisi%C3%B3n-y-Distribuci%C3%B3n-de-Energ%C3%ADa/Cables-de-Media-Tensi%C3%B3n/Cables-de-Cobre-Media-Tensi%C3%B3n/MV90CuXLPE-PVC15kV133N33.html,,generica_verificada,autorizada,2026-08-03,Se contrastó la familia técnica Media tensión cobre XLPE 15 kV. No se asigna una referencia ni marca de fabricante por semejanza. El SKU interno SRT-PENDING-D3F3B43777D8 es la referencia comercial de Surtilec hasta confirmar la referencia suministrada.
SRT-PENDING-1C8BC0CAAD59,,Producto genérico Surtilec,Surtilec - investigación técnica de familia,https://www.nexans.co/es/products/Redes-de-Transmisi%C3%B3n-y-Distribuci%C3%B3n-de-Energ%C3%ADa/Cables-de-Media-Tensi%C3%B3n/Cables-de-Cobre-Media-Tensi%C3%B3n/MV90CuXLPE-PVC15kV133N33.html,https://www.nexans.co/es/products/Redes-de-Transmisi%C3%B3n-y-Distribuci%C3%B3n-de-Energ%C3%ADa/Cables-de-Media-Tensi%C3%B3n/Cables-de-Cobre-Media-Tensi%C3%B3n/MV90CuXLPE-PVC15kV133N33.html,,generica_verificada,autorizada,2026-08-03,Se contrastó la familia técnica Media tensión cobre XLPE 15 kV. No se asigna una referencia ni marca de fabricante por semejanza. El SKU interno SRT-PENDING-1C8BC0CAAD59 es la referencia comercial de Surtilec hasta confirmar la referencia suministrada.
SRT-PENDING-74A49AEFEA79,,Producto genérico Surtilec,Surtilec - investigación técnica de familia,https://www.nexans.co/es/products/Redes-de-Transmisi%C3%B3n-y-Distribuci%C3%B3n-de-Energ%C3%ADa/Cables-de-Media-Tensi%C3%B3n/Cables-de-Cobre-Media-Tensi%C3%B3n/MV90CuXLPE-PVC15kV133N33.html,https://www.nexans.co/es/products/Redes-de-Transmisi%C3%B3n-y-Distribuci%C3%B3n-de-Energ%C3%ADa/Cables-de-Media-Tensi%C3%B3n/Cables-de-Cobre-Media-Tensi%C3%B3n/MV90CuXLPE-PVC15kV133N33.html,,generica_verificada,autorizada,2026-08-03,Se contrastó la familia técnica Media tensión cobre XLPE 15 kV. No se asigna una referencia ni marca de fabricante por semejanza. El SKU interno SRT-PENDING-74A49AEFEA79 es la referencia comercial de Surtilec hasta confirmar la referencia suministrada.
SRT-PENDING-12EFE0C7DB3A,,Producto genérico Surtilec,Surtilec - investigación técnica de familia,https://www.nexans.co/es/products/Redes-de-Transmisi%C3%B3n-y-Distribuci%C3%B3n-de-Energ%C3%ADa/Cables-de-Media-Tensi%C3%B3n/Cables-de-Cobre-Media-Tensi%C3%B3n/MV90CuXLPE-PVC15kV133N33.html,https://www.nexans.co/es/products/Redes-de-Transmisi%C3%B3n-y-Distribuci%C3%B3n-de-Energ%C3%ADa/Cables-de-Media-Tensi%C3%B3n/Cables-de-Cobre-Media-Tensi%C3%B3n/MV90CuXLPE-PVC15kV133N33.html,,generica_verificada,autorizada,2026-08-03,Se contrastó la familia técnica Media tensión cobre XLPE 15 kV. No se asigna una referencia ni marca de fabricante por semejanza. El SKU interno SRT-PENDING-12EFE0C7DB3A es la referencia comercial de Surtilec hasta confirmar la referencia suministrada.
SRT-PENDING-C35BA134FFF6,,Producto genérico Surtilec,Surtilec - investigación técnica de familia,https://www.nexans.co/es/products/Redes-de-Transmisi%C3%B3n-y-Distribuci%C3%B3n-de-Energ%C3%ADa/Cables-de-Media-Tensi%C3%B3n/Cables-de-Cobre-Media-Tensi%C3%B3n/MV90CuXLPE-PVC15kV133N33.html,https://www.nexans.co/es/products/Redes-de-Transmisi%C3%B3n-y-Distribuci%C3%B3n-de-Energ%C3%ADa/Cables-de-Media-Tensi%C3%B3n/Cables-de-Cobre-Media-Tensi%C3%B3n/MV90CuXLPE-PVC15kV133N33.html,,generica_verificada,autorizada,2026-08-03,Se contrastó la familia técnica Media tensión cobre XLPE 15 kV. No se asigna una referencia ni marca de fabricante por semejanza. El SKU interno SRT-PENDING-C35BA134FFF6 es la referencia comercial de Surtilec hasta confirmar la referencia suministrada.
SRT-PENDING-3ADF260C8695,,Producto genérico Surtilec,Surtilec - investigación técnica de familia,https://www.nexans.co/es/products/Redes-de-Transmisi%C3%B3n-y-Distribuci%C3%B3n-de-Energ%C3%ADa/Cables-de-Media-Tensi%C3%B3n/Cables-de-Cobre-Media-Tensi%C3%B3n/MV90CuXLPE-PVC15kV133N33.html,https://www.nexans.co/es/products/Redes-de-Transmisi%C3%B3n-y-Distribuci%C3%B3n-de-Energ%C3%ADa/Cables-de-Media-Tensi%C3%B3n/Cables-de-Cobre-Media-Tensi%C3%B3n/MV90CuXLPE-PVC15kV133N33.html,,generica_verificada,autorizada,2026-08-03,Se contrastó la familia técnica Media tensión cobre XLPE 15 kV. No se asigna una referencia ni marca de fabricante por semejanza. El SKU interno SRT-PENDING-3ADF260C8695 es la referencia comercial de Surtilec hasta confirmar la referencia suministrada.
SRT-PENDING-ABCAE6062FCC,,Producto genérico Surtilec,Surtilec - investigación técnica de familia,https://www.nexans.co/es/products/Redes-de-Transmisi%C3%B3n-y-Distribuci%C3%B3n-de-Energ%C3%ADa/Cables-de-Media-Tensi%C3%B3n/Cables-de-Cobre-Media-Tensi%C3%B3n/MV90CuXLPE-PVC15kV133N33.html,https://www.nexans.co/es/products/Redes-de-Transmisi%C3%B3n-y-Distribuci%C3%B3n-de-Energ%C3%ADa/Cables-de-Media-Tensi%C3%B3n/Cables-de-Cobre-Media-Tensi%C3%B3n/MV90CuXLPE-PVC15kV133N33.html,,generica_verificada,autorizada,2026-08-03,Se contrastó la familia técnica Media tensión cobre XLPE 15 kV. No se asigna una referencia ni marca de fabricante por semejanza. El SKU interno SRT-PENDING-ABCAE6062FCC es la referencia comercial de Surtilec hasta confirmar la referencia suministrada.
SRT-PENDING-B7219EB6AB8B,,Producto genérico Surtilec,Surtilec - investigación técnica de familia,https://www.nexans.co/es/products/Redes-de-Transmisi%C3%B3n-y-Distribuci%C3%B3n-de-Energ%C3%ADa/Cables-de-Media-Tensi%C3%B3n/Cables-de-Cobre-Media-Tensi%C3%B3n/MV90CuXLPE-PVC15kV133N33.html,https://www.nexans.co/es/products/Redes-de-Transmisi%C3%B3n-y-Distribuci%C3%B3n-de-Energ%C3%ADa/Cables-de-Media-Tensi%C3%B3n/Cables-de-Cobre-Media-Tensi%C3%B3n/MV90CuXLPE-PVC15kV133N33.html,,generica_verificada,autorizada,2026-08-03,Se contrastó la familia técnica Media tensión cobre XLPE 15 kV. No se asigna una referencia ni marca de fabricante por semejanza. El SKU interno SRT-PENDING-B7219EB6AB8B es la referencia comercial de Surtilec hasta confirmar la referencia suministrada.
SRT-PENDING-40A53F247828,,Producto genérico Surtilec,Surtilec - investigación técnica de familia,https://www.nexans.co/es/products/Redes-de-Transmisi%C3%B3n-y-Distribuci%C3%B3n-de-Energ%C3%ADa/Cables-de-Media-Tensi%C3%B3n/Cables-de-Cobre-Media-Tensi%C3%B3n/MV90CuXLPE-PVC15kV133N33.html,https://www.nexans.co/es/products/Redes-de-Transmisi%C3%B3n-y-Distribuci%C3%B3n-de-Energ%C3%ADa/Cables-de-Media-Tensi%C3%B3n/Cables-de-Cobre-Media-Tensi%C3%B3n/MV90CuXLPE-PVC15kV133N33.html,,generica_verificada,autorizada,2026-08-03,Se contrastó la familia técnica Media tensión cobre XLPE 15 kV. No se asigna una referencia ni marca de fabricante por semejanza. El SKU interno SRT-PENDING-40A53F247828 es la referencia comercial de Surtilec hasta confirmar la referencia suministrada.
SRT-PENDING-54E54ADB17D6,,Producto genérico Surtilec,Surtilec - investigación técnica de familia,https://www.nexans.co/es/products/Redes-de-Transmisi%C3%B3n-y-Distribuci%C3%B3n-de-Energ%C3%ADa/Cables-de-Media-Tensi%C3%B3n/Cables-de-Cobre-Media-Tensi%C3%B3n/MV90CuXLPE-PVC15kV133N33.html,https://www.nexans.co/es/products/Redes-de-Transmisi%C3%B3n-y-Distribuci%C3%B3n-de-Energ%C3%ADa/Cables-de-Media-Tensi%C3%B3n/Cables-de-Cobre-Media-Tensi%C3%B3n/MV90CuXLPE-PVC15kV133N33.html,,generica_verificada,autorizada,2026-08-03,Se contrastó la familia técnica Media tensión cobre XLPE 15 kV. No se asigna una referencia ni marca de fabricante por semejanza. El SKU interno SRT-PENDING-54E54ADB17D6 es la referencia comercial de Surtilec hasta confirmar la referencia suministrada.
SRT-PENDING-3F39F1104F57,,Producto genérico Surtilec,Surtilec - investigación técnica de familia,https://www.nexans.co/es/products/Redes-de-Transmisi%C3%B3n-y-Distribuci%C3%B3n-de-Energ%C3%ADa/Cables-de-Media-Tensi%C3%B3n/Cables-de-Cobre-Media-Tensi%C3%B3n/MV90CuXLPE-PVC15kV133N33.html,https://www.nexans.co/es/products/Redes-de-Transmisi%C3%B3n-y-Distribuci%C3%B3n-de-Energ%C3%ADa/Cables-de-Media-Tensi%C3%B3n/Cables-de-Cobre-Media-Tensi%C3%B3n/MV90CuXLPE-PVC15kV133N33.html,,generica_verificada,autorizada,2026-08-03,Se contrastó la familia técnica Media tensión cobre XLPE 15 kV. No se asigna una referencia ni marca de fabricante por semejanza. El SKU interno SRT-PENDING-3F39F1104F57 es la referencia comercial de Surtilec hasta confirmar la referencia suministrada.
SRT-PENDING-B810509BCD60,,Producto genérico Surtilec,Surtilec - investigación técnica de familia,https://www.nexans.co/es/products/Redes-de-Transmisi%C3%B3n-y-Distribuci%C3%B3n-de-Energ%C3%ADa/Cables-de-Media-Tensi%C3%B3n/Cables-de-Cobre-Media-Tensi%C3%B3n/MV90CuXLPE-PVC15kV133N33.html,https://www.nexans.co/es/products/Redes-de-Transmisi%C3%B3n-y-Distribuci%C3%B3n-de-Energ%C3%ADa/Cables-de-Media-Tensi%C3%B3n/Cables-de-Cobre-Media-Tensi%C3%B3n/MV90CuXLPE-PVC15kV133N33.html,,generica_verificada,autorizada,2026-08-03,Se contrastó la familia técnica Media tensión cobre XLPE 15 kV. No se asigna una referencia ni marca de fabricante por semejanza. El SKU interno SRT-PENDING-B810509BCD60 es la referencia comercial de Surtilec hasta confirmar la referencia suministrada.
SRT-PENDING-1BB7C80490C5,,Producto genérico Surtilec,Surtilec - investigación técnica de familia,https://www.nexans.co/es/products/Redes-de-Transmisi%C3%B3n-y-Distribuci%C3%B3n-de-Energ%C3%ADa/Cables-de-Media-Tensi%C3%B3n/Cables-de-Cobre-Media-Tensi%C3%B3n/MV90CuXLPE-PVC15kV133N33.html,https://www.nexans.co/es/products/Redes-de-Transmisi%C3%B3n-y-Distribuci%C3%B3n-de-Energ%C3%ADa/Cables-de-Media-Tensi%C3%B3n/Cables-de-Cobre-Media-Tensi%C3%B3n/MV90CuXLPE-PVC15kV133N33.html,,generica_verificada,autorizada,2026-08-03,Se contrastó la familia técnica Media tensión cobre XLPE 15 kV. No se asigna una referencia ni marca de fabricante por semejanza. El SKU interno SRT-PENDING-1BB7C80490C5 es la referencia comercial de Surtilec hasta confirmar la referencia suministrada.
SRT-PENDING-94F94B9ACBDB,,Producto genérico Surtilec,Surtilec - investigación técnica de familia,https://co.prysmian.com/en/products,https://co.prysmian.com/en/products,,generica_verificada,autorizada,2026-08-03,Se contrastó la familia técnica Cable industrial de construcción. No se asigna una referencia ni marca de fabricante por semejanza. El SKU interno SRT-PENDING-94F94B9ACBDB es la referencia comercial de Surtilec hasta confirmar la referencia suministrada.
SRT-PENDING-02BF301AF356,,Producto genérico Surtilec,Surtilec - investigación técnica de familia,https://co.prysmian.com/en/products,https://co.prysmian.com/en/products,,generica_verificada,autorizada,2026-08-03,Se contrastó la familia técnica Cable industrial de construcción. No se asigna una referencia ni marca de fabricante por semejanza. El SKU interno SRT-PENDING-02BF301AF356 es la referencia comercial de Surtilec hasta confirmar la referencia suministrada.
SRT-PENDING-9F6CAF1AAAE6,,Producto genérico Surtilec,Surtilec - investigación técnica de familia,https://co.prysmian.com/en/products,https://co.prysmian.com/en/products,,generica_verificada,autorizada,2026-08-03,Se contrastó la familia técnica Cable industrial de construcción. No se asigna una referencia ni marca de fabricante por semejanza. El SKU interno SRT-PENDING-9F6CAF1AAAE6 es la referencia comercial de Surtilec hasta confirmar la referencia suministrada.
SRT-PENDING-F7C244D2214C,,Producto genérico Surtilec,Surtilec - investigación técnica de familia,https://co.prysmian.com/en/products,https://co.prysmian.com/en/products,,generica_verificada,autorizada,2026-08-03,Se contrastó la familia técnica Cable industrial de construcción. No se asigna una referencia ni marca de fabricante por semejanza. El SKU interno SRT-PENDING-F7C244D2214C es la referencia comercial de Surtilec hasta confirmar la referencia suministrada.
SRT-PENDING-ECB7765E15A7,,Producto genérico Surtilec,Surtilec - investigación técnica de familia,https://co.prysmian.com/en/products,https://co.prysmian.com/en/products,,generica_verificada,autorizada,2026-08-03,Se contrastó la familia técnica Cable industrial de construcción. No se asigna una referencia ni marca de fabricante por semejanza. El SKU interno SRT-PENDING-ECB7765E15A7 es la referencia comercial de Surtilec hasta confirmar la referencia suministrada.
SRT-PENDING-9521BFEF0CA0,,Producto genérico Surtilec,Surtilec - investigación técnica de familia,https://co.prysmian.com/en/products,https://co.prysmian.com/en/products,,generica_verificada,autorizada,2026-08-03,Se contrastó la familia técnica Cable industrial de construcción. No se asigna una referencia ni marca de fabricante por semejanza. El SKU interno SRT-PENDING-9521BFEF0CA0 es la referencia comercial de Surtilec hasta confirmar la referencia suministrada.
SRT-PENDING-5EDB0B93C63C,,Producto genérico Surtilec,Surtilec - investigación técnica de familia,https://co.prysmian.com/en/products,https://co.prysmian.com/en/products,,generica_verificada,autorizada,2026-08-03,Se contrastó la familia técnica Cable industrial de construcción. No se asigna una referencia ni marca de fabricante por semejanza. El SKU interno SRT-PENDING-5EDB0B93C63C es la referencia comercial de Surtilec hasta confirmar la referencia suministrada.
SRT-PENDING-8989A0255528,,Producto genérico Surtilec,Surtilec - investigación técnica de familia,https://co.prysmian.com/en/products,https://co.prysmian.com/en/products,,generica_verificada,autorizada,2026-08-03,Se contrastó la familia técnica Cable industrial de construcción. No se asigna una referencia ni marca de fabricante por semejanza. El SKU interno SRT-PENDING-8989A0255528 es la referencia comercial de Surtilec hasta confirmar la referencia suministrada.
SRT-PENDING-13717C18F00D,,Producto genérico Surtilec,Surtilec - investigación técnica de familia,https://co.prysmian.com/en/products,https://co.prysmian.com/en/products,,generica_verificada,autorizada,2026-08-03,Se contrastó la familia técnica Cable industrial de construcción. No se asigna una referencia ni marca de fabricante por semejanza. El SKU interno SRT-PENDING-13717C18F00D es la referencia comercial de Surtilec hasta confirmar la referencia suministrada.
SRT-PENDING-A6276C788A3C,,Producto genérico Surtilec,Surtilec - investigación técnica de familia,https://co.prysmian.com/en/products,https://co.prysmian.com/en/products,,generica_verificada,autorizada,2026-08-03,Se contrastó la familia técnica Cable industrial de construcción. No se asigna una referencia ni marca de fabricante por semejanza. El SKU interno SRT-PENDING-A6276C788A3C es la referencia comercial de Surtilec hasta confirmar la referencia suministrada.
SRT-PENDING-75D2D2B06C60,,Producto genérico Surtilec,Surtilec - investigación técnica de familia,https://co.prysmian.com/en/products,https://co.prysmian.com/en/products,,generica_verificada,autorizada,2026-08-03,Se contrastó la familia técnica Cable industrial de construcción. No se asigna una referencia ni marca de fabricante por semejanza. El SKU interno SRT-PENDING-75D2D2B06C60 es la referencia comercial de Surtilec hasta confirmar la referencia suministrada.
SRT-PENDING-139187864D52,,Producto genérico Surtilec,Surtilec - investigación técnica de familia,https://co.prysmian.com/en/products,https://co.prysmian.com/en/products,,generica_verificada,autorizada,2026-08-03,Se contrastó la familia técnica Cable industrial de construcción. No se asigna una referencia ni marca de fabricante por semejanza. El SKU interno SRT-PENDING-139187864D52 es la referencia comercial de Surtilec hasta confirmar la referencia suministrada.
SRT-PENDING-9871FB242991,,Producto genérico Surtilec,Surtilec - investigación técnica de familia,https://co.prysmian.com/en/products,https://co.prysmian.com/en/products,,generica_verificada,autorizada,2026-08-03,Se contrastó la familia técnica Cable industrial de construcción. No se asigna una referencia ni marca de fabricante por semejanza. El SKU interno SRT-PENDING-9871FB242991 es la referencia comercial de Surtilec hasta confirmar la referencia suministrada.
SRT-PENDING-07BC28A592EE,,Producto genérico Surtilec,Surtilec - investigación técnica de familia,https://co.prysmian.com/en/products,https://co.prysmian.com/en/products,,generica_verificada,autorizada,2026-08-03,Se contrastó la familia técnica Cable industrial de construcción. No se asigna una referencia ni marca de fabricante por semejanza. El SKU interno SRT-PENDING-07BC28A592EE es la referencia comercial de Surtilec hasta confirmar la referencia suministrada.
SRT-PENDING-C41FBFD2E592,,Producto genérico Surtilec,Surtilec - investigación técnica de familia,https://co.prysmian.com/en/products,https://co.prysmian.com/en/products,,generica_verificada,autorizada,2026-08-03,Se contrastó la familia técnica Cable industrial de construcción. No se asigna una referencia ni marca de fabricante por semejanza. El SKU interno SRT-PENDING-C41FBFD2E592 es la referencia comercial de Surtilec hasta confirmar la referencia suministrada.
SRT-PENDING-93137BE075F2,,Producto genérico Surtilec,Surtilec - investigación técnica de familia,https://co.prysmian.com/en/products,https://co.prysmian.com/en/products,,generica_verificada,autorizada,2026-08-03,Se contrastó la familia técnica Cable industrial de construcción. No se asigna una referencia ni marca de fabricante por semejanza. El SKU interno SRT-PENDING-93137BE075F2 es la referencia comercial de Surtilec hasta confirmar la referencia suministrada.
SRT-PENDING-EE0E03761529,,Producto genérico Surtilec,Surtilec - investigación técnica de familia,https://co.prysmian.com/en/products,https://co.prysmian.com/en/products,,generica_verificada,autorizada,2026-08-03,Se contrastó la familia técnica Cable industrial de construcción. No se asigna una referencia ni marca de fabricante por semejanza. El SKU interno SRT-PENDING-EE0E03761529 es la referencia comercial de Surtilec hasta confirmar la referencia suministrada.
SRT-PENDING-5B5B243A0F59,,Producto genérico Surtilec,Surtilec - investigación técnica de familia,https://www.belden.com/products/industrial-networking-cybersecurity/accessories/industrial-ethernet-cable/74001e,https://www.belden.com/products/industrial-networking-cybersecurity/accessories/industrial-ethernet-cable/74001e,,generica_verificada,autorizada,2026-08-03,Se contrastó la familia técnica Cable de red Cat 5e. No se asigna una referencia ni marca de fabricante por semejanza. El SKU interno SRT-PENDING-5B5B243A0F59 es la referencia comercial de Surtilec hasta confirmar la referencia suministrada.
SRT-PENDING-8BE2DC733DE4,,Producto genérico Surtilec,Surtilec - investigación técnica de familia,https://www.belden.com/products/industrial-networking-cybersecurity/accessories/industrial-ethernet-cable/74001e,https://www.belden.com/products/industrial-networking-cybersecurity/accessories/industrial-ethernet-cable/74001e,,generica_verificada,autorizada,2026-08-03,Se contrastó la familia técnica Cable de red Cat 5e. No se asigna una referencia ni marca de fabricante por semejanza. El SKU interno SRT-PENDING-8BE2DC733DE4 es la referencia comercial de Surtilec hasta confirmar la referencia suministrada.
SRT-PENDING-97ED39B116A4,,Producto genérico Surtilec,Surtilec - investigación técnica de familia,https://www.belden.com/products/industrial-networking-cybersecurity/accessories/industrial-ethernet-cable/74001e,https://www.belden.com/products/industrial-networking-cybersecurity/accessories/industrial-ethernet-cable/74001e,,generica_verificada,autorizada,2026-08-03,Se contrastó la familia técnica Cable de red Cat 5e. No se asigna una referencia ni marca de fabricante por semejanza. El SKU interno SRT-PENDING-97ED39B116A4 es la referencia comercial de Surtilec hasta confirmar la referencia suministrada.
SRT-PENDING-5570BB222E81,,Producto genérico Surtilec,Surtilec - investigación técnica de familia,https://www.belden.com/products/industrial-networking-cybersecurity/accessories/industrial-ethernet-cable/74001e,https://www.belden.com/products/industrial-networking-cybersecurity/accessories/industrial-ethernet-cable/74001e,,generica_verificada,autorizada,2026-08-03,Se contrastó la familia técnica Cable de red Cat 5e. No se asigna una referencia ni marca de fabricante por semejanza. El SKU interno SRT-PENDING-5570BB222E81 es la referencia comercial de Surtilec hasta confirmar la referencia suministrada.
SRT-PENDING-7119E708949F,,Producto genérico Surtilec,Surtilec - investigación técnica de familia,https://www.belden.com/products/industrial-networking-cybersecurity/accessories/industrial-ethernet-cable/74001e,https://www.belden.com/products/industrial-networking-cybersecurity/accessories/industrial-ethernet-cable/74001e,,generica_verificada,autorizada,2026-08-03,Se contrastó la familia técnica Cable de red Cat 5e. No se asigna una referencia ni marca de fabricante por semejanza. El SKU interno SRT-PENDING-7119E708949F es la referencia comercial de Surtilec hasta confirmar la referencia suministrada.
SRT-PENDING-0CBC5FB456EB,,Producto genérico Surtilec,Surtilec - investigación técnica de familia,https://www.belden.com/products/industrial-networking-cybersecurity/accessories/industrial-ethernet-cable/74001e,https://www.belden.com/products/industrial-networking-cybersecurity/accessories/industrial-ethernet-cable/74001e,,generica_verificada,autorizada,2026-08-03,Se contrastó la familia técnica Cable de red Cat 5e. No se asigna una referencia ni marca de fabricante por semejanza. El SKU interno SRT-PENDING-0CBC5FB456EB es la referencia comercial de Surtilec hasta confirmar la referencia suministrada.
SRT-PENDING-E6F06CC40DD7,,Producto genérico Surtilec,Surtilec - investigación técnica de familia,https://www.belden.com/products/industrial-networking-cybersecurity/accessories/industrial-ethernet-cable/74001e,https://www.belden.com/products/industrial-networking-cybersecurity/accessories/industrial-ethernet-cable/74001e,,generica_verificada,autorizada,2026-08-03,Se contrastó la familia técnica Cable de red Cat 5e. No se asigna una referencia ni marca de fabricante por semejanza. El SKU interno SRT-PENDING-E6F06CC40DD7 es la referencia comercial de Surtilec hasta confirmar la referencia suministrada.
SRT-PENDING-A09C5E947671,,Producto genérico Surtilec,Surtilec - investigación técnica de familia,https://www.belden.com/products/industrial-networking-cybersecurity/accessories/industrial-ethernet-cable/74001e,https://www.belden.com/products/industrial-networking-cybersecurity/accessories/industrial-ethernet-cable/74001e,,generica_verificada,autorizada,2026-08-03,Se contrastó la familia técnica Cable de red Cat 5e. No se asigna una referencia ni marca de fabricante por semejanza. El SKU interno SRT-PENDING-A09C5E947671 es la referencia comercial de Surtilec hasta confirmar la referencia suministrada.
SRT-PENDING-BF708A70F703,,Producto genérico Surtilec,Surtilec - investigación técnica de familia,https://www.belden.com/products/industrial-networking-cybersecurity/accessories/industrial-ethernet-cable/74001e,https://www.belden.com/products/industrial-networking-cybersecurity/accessories/industrial-ethernet-cable/74001e,,generica_verificada,autorizada,2026-08-03,Se contrastó la familia técnica Cable de red Cat 5e. No se asigna una referencia ni marca de fabricante por semejanza. El SKU interno SRT-PENDING-BF708A70F703 es la referencia comercial de Surtilec hasta confirmar la referencia suministrada.
SRT-PENDING-935994F7A6A5,,Producto genérico Surtilec,Surtilec - investigación técnica de familia,https://www.belden.com/products/industrial-networking-cybersecurity/accessories/industrial-ethernet-cable/74001e,https://www.belden.com/products/industrial-networking-cybersecurity/accessories/industrial-ethernet-cable/74001e,,generica_verificada,autorizada,2026-08-03,Se contrastó la familia técnica Cable de red Cat 5e. No se asigna una referencia ni marca de fabricante por semejanza. El SKU interno SRT-PENDING-935994F7A6A5 es la referencia comercial de Surtilec hasta confirmar la referencia suministrada.
SRT-PENDING-7D36590B02AB,,Producto genérico Surtilec,Surtilec - investigación técnica de familia,https://co.prysmian.com/en/products,https://co.prysmian.com/en/products,,generica_verificada,autorizada,2026-08-03,Se contrastó la familia técnica Cable industrial de construcción. No se asigna una referencia ni marca de fabricante por semejanza. El SKU interno SRT-PENDING-7D36590B02AB es la referencia comercial de Surtilec hasta confirmar la referencia suministrada.
SRT-PENDING-BA004FF6990E,,Producto genérico Surtilec,Surtilec - investigación técnica de familia,https://co.prysmian.com/en/products,https://co.prysmian.com/en/products,,generica_verificada,autorizada,2026-08-03,Se contrastó la familia técnica Cable industrial de construcción. No se asigna una referencia ni marca de fabricante por semejanza. El SKU interno SRT-PENDING-BA004FF6990E es la referencia comercial de Surtilec hasta confirmar la referencia suministrada.
SRT-PENDING-7CF7206D973D,,Producto genérico Surtilec,Surtilec - investigación técnica de familia,https://co.prysmian.com/en/products,https://co.prysmian.com/en/products,,generica_verificada,autorizada,2026-08-03,Se contrastó la familia técnica Cable industrial de construcción. No se asigna una referencia ni marca de fabricante por semejanza. El SKU interno SRT-PENDING-7CF7206D973D es la referencia comercial de Surtilec hasta confirmar la referencia suministrada.
SRT-PENDING-A128B8CB6FEB,,Producto genérico Surtilec,Surtilec - investigación técnica de familia,https://co.prysmian.com/en/products,https://co.prysmian.com/en/products,,generica_verificada,autorizada,2026-08-03,Se contrastó la familia técnica Cable industrial de construcción. No se asigna una referencia ni marca de fabricante por semejanza. El SKU interno SRT-PENDING-A128B8CB6FEB es la referencia comercial de Surtilec hasta confirmar la referencia suministrada.
SRT-PENDING-BD76EEB13459,,Producto genérico Surtilec,Surtilec - investigación técnica de familia,https://co.prysmian.com/en/products,https://co.prysmian.com/en/products,,generica_verificada,autorizada,2026-08-03,Se contrastó la familia técnica Cable industrial de construcción. No se asigna una referencia ni marca de fabricante por semejanza. El SKU interno SRT-PENDING-BD76EEB13459 es la referencia comercial de Surtilec hasta confirmar la referencia suministrada.
SRT-PENDING-3981093FFAFD,,Producto genérico Surtilec,Surtilec - investigación técnica de familia,https://co.prysmian.com/en/products,https://co.prysmian.com/en/products,,generica_verificada,autorizada,2026-08-03,Se contrastó la familia técnica Cable industrial de construcción. No se asigna una referencia ni marca de fabricante por semejanza. El SKU interno SRT-PENDING-3981093FFAFD es la referencia comercial de Surtilec hasta confirmar la referencia suministrada.
SRT-PENDING-9D58BFB37CD8,,Producto genérico Surtilec,Surtilec - investigación técnica de familia,https://co.prysmian.com/en/products,https://co.prysmian.com/en/products,,generica_verificada,autorizada,2026-08-03,Se contrastó la familia técnica Cable industrial de construcción. No se asigna una referencia ni marca de fabricante por semejanza. El SKU interno SRT-PENDING-9D58BFB37CD8 es la referencia comercial de Surtilec hasta confirmar la referencia suministrada.
SRT-PENDING-F21AB4BAC8CA,,Producto genérico Surtilec,Surtilec - investigación técnica de familia,https://co.prysmian.com/en/products,https://co.prysmian.com/en/products,,generica_verificada,autorizada,2026-08-03,Se contrastó la familia técnica Cable industrial de construcción. No se asigna una referencia ni marca de fabricante por semejanza. El SKU interno SRT-PENDING-F21AB4BAC8CA es la referencia comercial de Surtilec hasta confirmar la referencia suministrada.
SRT-PENDING-682C5D0A0934,,Producto genérico Surtilec,Surtilec - investigación técnica de familia,https://co.prysmian.com/en/products,https://co.prysmian.com/en/products,,generica_verificada,autorizada,2026-08-03,Se contrastó la familia técnica Cable industrial de construcción. No se asigna una referencia ni marca de fabricante por semejanza. El SKU interno SRT-PENDING-682C5D0A0934 es la referencia comercial de Surtilec hasta confirmar la referencia suministrada.
SRT-PENDING-40DFD3223D4A,,Producto genérico Surtilec,Surtilec - investigación técnica de familia,https://co.prysmian.com/en/products,https://co.prysmian.com/en/products,,generica_verificada,autorizada,2026-08-03,Se contrastó la familia técnica Cable industrial de construcción. No se asigna una referencia ni marca de fabricante por semejanza. El SKU interno SRT-PENDING-40DFD3223D4A es la referencia comercial de Surtilec hasta confirmar la referencia suministrada.
SRT-PENDING-F2CBCC65C867,,Producto genérico Surtilec,Surtilec - investigación técnica de familia,https://co.prysmian.com/en/products,https://co.prysmian.com/en/products,,generica_verificada,autorizada,2026-08-03,Se contrastó la familia técnica Cable industrial de construcción. No se asigna una referencia ni marca de fabricante por semejanza. El SKU interno SRT-PENDING-F2CBCC65C867 es la referencia comercial de Surtilec hasta confirmar la referencia suministrada.
SRT-PENDING-620D2F87780B,,Producto genérico Surtilec,Surtilec - investigación técnica de familia,https://co.prysmian.com/en/products,https://co.prysmian.com/en/products,,generica_verificada,autorizada,2026-08-03,Se contrastó la familia técnica Cable industrial de construcción. No se asigna una referencia ni marca de fabricante por semejanza. El SKU interno SRT-PENDING-620D2F87780B es la referencia comercial de Surtilec hasta confirmar la referencia suministrada.
SRT-PENDING-FD5791B9A534,,Producto genérico Surtilec,Surtilec - investigación técnica de familia,https://co.prysmian.com/en/products,https://co.prysmian.com/en/products,,generica_verificada,autorizada,2026-08-03,Se contrastó la familia técnica Cable industrial de construcción. No se asigna una referencia ni marca de fabricante por semejanza. El SKU interno SRT-PENDING-FD5791B9A534 es la referencia comercial de Surtilec hasta confirmar la referencia suministrada.
SRT-PENDING-3548BD6A674E,,Producto genérico Surtilec,Surtilec - investigación técnica de familia,https://co.prysmian.com/en/products,https://co.prysmian.com/en/products,,generica_verificada,autorizada,2026-08-03,Se contrastó la familia técnica Cable industrial de construcción. No se asigna una referencia ni marca de fabricante por semejanza. El SKU interno SRT-PENDING-3548BD6A674E es la referencia comercial de Surtilec hasta confirmar la referencia suministrada.
SRT-PENDING-2E3F9AC5B117,,Producto genérico Surtilec,Surtilec - investigación técnica de familia,https://co.prysmian.com/en/products,https://co.prysmian.com/en/products,,generica_verificada,autorizada,2026-08-03,Se contrastó la familia técnica Cable industrial de construcción. No se asigna una referencia ni marca de fabricante por semejanza. El SKU interno SRT-PENDING-2E3F9AC5B117 es la referencia comercial de Surtilec hasta confirmar la referencia suministrada.
SRT-PENDING-5CACE114CA4F,,Producto genérico Surtilec,Surtilec - investigación técnica de familia,https://co.prysmian.com/en/products,https://co.prysmian.com/en/products,,generica_verificada,autorizada,2026-08-03,Se contrastó la familia técnica Cable industrial de construcción. No se asigna una referencia ni marca de fabricante por semejanza. El SKU interno SRT-PENDING-5CACE114CA4F es la referencia comercial de Surtilec hasta confirmar la referencia suministrada.
SRT-PENDING-298B449092F0,,Producto genérico Surtilec,Surtilec - investigación técnica de familia,https://co.prysmian.com/en/products,https://co.prysmian.com/en/products,,generica_verificada,autorizada,2026-08-03,Se contrastó la familia técnica Cable industrial de construcción. No se asigna una referencia ni marca de fabricante por semejanza. El SKU interno SRT-PENDING-298B449092F0 es la referencia comercial de Surtilec hasta confirmar la referencia suministrada.
SRT-PENDING-B846373BFADD,,Producto genérico Surtilec,Surtilec - investigación técnica de familia,https://co.prysmian.com/en/products,https://co.prysmian.com/en/products,,generica_verificada,autorizada,2026-08-03,Se contrastó la familia técnica Cable industrial de construcción. No se asigna una referencia ni marca de fabricante por semejanza. El SKU interno SRT-PENDING-B846373BFADD es la referencia comercial de Surtilec hasta confirmar la referencia suministrada.
SRT-PENDING-04070B3FE12A,,Producto genérico Surtilec,Surtilec - investigación técnica de familia,https://co.prysmian.com/en/products,https://co.prysmian.com/en/products,,generica_verificada,autorizada,2026-08-03,Se contrastó la familia técnica Cable industrial de construcción. No se asigna una referencia ni marca de fabricante por semejanza. El SKU interno SRT-PENDING-04070B3FE12A es la referencia comercial de Surtilec hasta confirmar la referencia suministrada.
SRT-PENDING-0B27149FA8A1,,Producto genérico Surtilec,Surtilec - investigación técnica de familia,https://co.prysmian.com/en/products,https://co.prysmian.com/en/products,,generica_verificada,autorizada,2026-08-03,Se contrastó la familia técnica Cable industrial de construcción. No se asigna una referencia ni marca de fabricante por semejanza. El SKU interno SRT-PENDING-0B27149FA8A1 es la referencia comercial de Surtilec hasta confirmar la referencia suministrada.
SRT-PENDING-BCBD7F3EB86D,,Producto genérico Surtilec,Surtilec - investigación técnica de familia,https://co.prysmian.com/en/products,https://co.prysmian.com/en/products,,generica_verificada,autorizada,2026-08-03,Se contrastó la familia técnica Cable industrial de construcción. No se asigna una referencia ni marca de fabricante por semejanza. El SKU interno SRT-PENDING-BCBD7F3EB86D es la referencia comercial de Surtilec hasta confirmar la referencia suministrada.
SRT-PENDING-4DFBA15EF4AC,,Producto genérico Surtilec,Surtilec - investigación técnica de familia,https://co.prysmian.com/en/products,https://co.prysmian.com/en/products,,generica_verificada,autorizada,2026-08-03,Se contrastó la familia técnica Cable industrial de construcción. No se asigna una referencia ni marca de fabricante por semejanza. El SKU interno SRT-PENDING-4DFBA15EF4AC es la referencia comercial de Surtilec hasta confirmar la referencia suministrada.
SRT-PENDING-00D52A324A7A,,Producto genérico Surtilec,Surtilec - investigación técnica de familia,https://co.prysmian.com/en/products,https://co.prysmian.com/en/products,,generica_verificada,autorizada,2026-08-03,Se contrastó la familia técnica Cable industrial de construcción. No se asigna una referencia ni marca de fabricante por semejanza. El SKU interno SRT-PENDING-00D52A324A7A es la referencia comercial de Surtilec hasta confirmar la referencia suministrada.
SRT-PENDING-7AC3712CEA7C,,Producto genérico Surtilec,Surtilec - investigación técnica de familia,https://co.prysmian.com/en/products,https://co.prysmian.com/en/products,,generica_verificada,autorizada,2026-08-03,Se contrastó la familia técnica Cable industrial de construcción. No se asigna una referencia ni marca de fabricante por semejanza. El SKU interno SRT-PENDING-7AC3712CEA7C es la referencia comercial de Surtilec hasta confirmar la referencia suministrada.
SRT-PENDING-D2B91FEDDE51,,Producto genérico Surtilec,Surtilec - investigación técnica de familia,https://co.prysmian.com/en/products,https://co.prysmian.com/en/products,,generica_verificada,autorizada,2026-08-03,Se contrastó la familia técnica Cable industrial de construcción. No se asigna una referencia ni marca de fabricante por semejanza. El SKU interno SRT-PENDING-D2B91FEDDE51 es la referencia comercial de Surtilec hasta confirmar la referencia suministrada.
SRT-PENDING-C1987586D8D0,,Producto genérico Surtilec,Surtilec - investigación técnica de familia,https://co.prysmian.com/en/products,https://co.prysmian.com/en/products,,generica_verificada,autorizada,2026-08-03,Se contrastó la familia técnica Cable industrial de construcción. No se asigna una referencia ni marca de fabricante por semejanza. El SKU interno SRT-PENDING-C1987586D8D0 es la referencia comercial de Surtilec hasta confirmar la referencia suministrada.
SRT-PENDING-A22DB63FDD13,,Producto genérico Surtilec,Surtilec - investigación técnica de familia,https://co.prysmian.com/en/products,https://co.prysmian.com/en/products,,generica_verificada,autorizada,2026-08-03,Se contrastó la familia técnica Cable industrial de construcción. No se asigna una referencia ni marca de fabricante por semejanza. El SKU interno SRT-PENDING-A22DB63FDD13 es la referencia comercial de Surtilec hasta confirmar la referencia suministrada.
SRT-PENDING-14A0AC62DB1B,,Producto genérico Surtilec,Surtilec - investigación técnica de familia,https://co.prysmian.com/en/products,https://co.prysmian.com/en/products,,generica_verificada,autorizada,2026-08-03,Se contrastó la familia técnica Cable industrial de construcción. No se asigna una referencia ni marca de fabricante por semejanza. El SKU interno SRT-PENDING-14A0AC62DB1B es la referencia comercial de Surtilec hasta confirmar la referencia suministrada.
SRT-PENDING-85704BD3B4F2,,Producto genérico Surtilec,Surtilec - investigación técnica de familia,https://co.prysmian.com/en/products,https://co.prysmian.com/en/products,,generica_verificada,autorizada,2026-08-03,Se contrastó la familia técnica Cable industrial de construcción. No se asigna una referencia ni marca de fabricante por semejanza. El SKU interno SRT-PENDING-85704BD3B4F2 es la referencia comercial de Surtilec hasta confirmar la referencia suministrada.
SRT-PENDING-97509E130001,,Producto genérico Surtilec,Surtilec - investigación técnica de familia,https://co.prysmian.com/en/products,https://co.prysmian.com/en/products,,generica_verificada,autorizada,2026-08-03,Se contrastó la familia técnica Cable industrial de construcción. No se asigna una referencia ni marca de fabricante por semejanza. El SKU interno SRT-PENDING-97509E130001 es la referencia comercial de Surtilec hasta confirmar la referencia suministrada.
SRT-PENDING-35A3D3D63657,,Producto genérico Surtilec,Surtilec - investigación técnica de familia,https://co.prysmian.com/en/products,https://co.prysmian.com/en/products,,generica_verificada,autorizada,2026-08-03,Se contrastó la familia técnica Cable industrial de construcción. No se asigna una referencia ni marca de fabricante por semejanza. El SKU interno SRT-PENDING-35A3D3D63657 es la referencia comercial de Surtilec hasta confirmar la referencia suministrada.
SRT-PENDING-6E4411427ED4,,Producto genérico Surtilec,Surtilec - investigación técnica de familia,https://co.prysmian.com/en/products,https://co.prysmian.com/en/products,,generica_verificada,autorizada,2026-08-03,Se contrastó la familia técnica Cable industrial de construcción. No se asigna una referencia ni marca de fabricante por semejanza. El SKU interno SRT-PENDING-6E4411427ED4 es la referencia comercial de Surtilec hasta confirmar la referencia suministrada.
SRT-PENDING-688116380EBA,,Producto genérico Surtilec,Surtilec - investigación técnica de familia,https://co.prysmian.com/en/products,https://co.prysmian.com/en/products,,generica_verificada,autorizada,2026-08-03,Se contrastó la familia técnica Cable industrial de construcción. No se asigna una referencia ni marca de fabricante por semejanza. El SKU interno SRT-PENDING-688116380EBA es la referencia comercial de Surtilec hasta confirmar la referencia suministrada.
SRT-PENDING-44D02D7CC950,,Producto genérico Surtilec,Surtilec - investigación técnica de familia,https://co.prysmian.com/en/products,https://co.prysmian.com/en/products,,generica_verificada,autorizada,2026-08-03,Se contrastó la familia técnica Cable industrial de construcción. No se asigna una referencia ni marca de fabricante por semejanza. El SKU interno SRT-PENDING-44D02D7CC950 es la referencia comercial de Surtilec hasta confirmar la referencia suministrada.
SRT-PENDING-C123A9EAC875,,Producto genérico Surtilec,Surtilec - investigación técnica de familia,https://co.prysmian.com/en/products,https://co.prysmian.com/en/products,,generica_verificada,autorizada,2026-08-03,Se contrastó la familia técnica Cable industrial de construcción. No se asigna una referencia ni marca de fabricante por semejanza. El SKU interno SRT-PENDING-C123A9EAC875 es la referencia comercial de Surtilec hasta confirmar la referencia suministrada.
SRT-PENDING-31993EC9DB11,,Producto genérico Surtilec,Surtilec - investigación técnica de familia,https://co.prysmian.com/en/products,https://co.prysmian.com/en/products,,generica_verificada,autorizada,2026-08-03,Se contrastó la familia técnica Cable industrial de construcción. No se asigna una referencia ni marca de fabricante por semejanza. El SKU interno SRT-PENDING-31993EC9DB11 es la referencia comercial de Surtilec hasta confirmar la referencia suministrada.
SRT-PENDING-33D093F9BD72,,Producto genérico Surtilec,Surtilec - investigación técnica de familia,https://co.prysmian.com/en/products,https://co.prysmian.com/en/products,,generica_verificada,autorizada,2026-08-03,Se contrastó la familia técnica Cable industrial de construcción. No se asigna una referencia ni marca de fabricante por semejanza. El SKU interno SRT-PENDING-33D093F9BD72 es la referencia comercial de Surtilec hasta confirmar la referencia suministrada.
SRT-PENDING-BBD242E8628E,,Producto genérico Surtilec,Surtilec - investigación técnica de familia,https://co.prysmian.com/en/products,https://co.prysmian.com/en/products,,generica_verificada,autorizada,2026-08-03,Se contrastó la familia técnica Cable industrial de construcción. No se asigna una referencia ni marca de fabricante por semejanza. El SKU interno SRT-PENDING-BBD242E8628E es la referencia comercial de Surtilec hasta confirmar la referencia suministrada.
SRT-PENDING-E2E89C3CDB3C,,Producto genérico Surtilec,Surtilec - investigación técnica de familia,https://co.prysmian.com/en/products,https://co.prysmian.com/en/products,,generica_verificada,autorizada,2026-08-03,Se contrastó la familia técnica Cable industrial de construcción. No se asigna una referencia ni marca de fabricante por semejanza. El SKU interno SRT-PENDING-E2E89C3CDB3C es la referencia comercial de Surtilec hasta confirmar la referencia suministrada.
SRT-PENDING-E2175E292AD4,,Producto genérico Surtilec,Surtilec - investigación técnica de familia,https://co.prysmian.com/en/products,https://co.prysmian.com/en/products,,generica_verificada,autorizada,2026-08-03,Se contrastó la familia técnica Cable industrial de construcción. No se asigna una referencia ni marca de fabricante por semejanza. El SKU interno SRT-PENDING-E2175E292AD4 es la referencia comercial de Surtilec hasta confirmar la referencia suministrada.
SRT-PENDING-C0F95F150525,,Producto genérico Surtilec,Surtilec - investigación técnica de familia,https://co.prysmian.com/en/products,https://co.prysmian.com/en/products,,generica_verificada,autorizada,2026-08-03,Se contrastó la familia técnica Cable industrial de construcción. No se asigna una referencia ni marca de fabricante por semejanza. El SKU interno SRT-PENDING-C0F95F150525 es la referencia comercial de Surtilec hasta confirmar la referencia suministrada.
SRT-PENDING-9F727277CC70,,Producto genérico Surtilec,Surtilec - investigación técnica de familia,https://co.prysmian.com/en/products,https://co.prysmian.com/en/products,,generica_verificada,autorizada,2026-08-03,Se contrastó la familia técnica Cable industrial de construcción. No se asigna una referencia ni marca de fabricante por semejanza. El SKU interno SRT-PENDING-9F727277CC70 es la referencia comercial de Surtilec hasta confirmar la referencia suministrada.
SRT-PENDING-E92B8F867376,,Producto genérico Surtilec,Surtilec - investigación técnica de familia,https://co.prysmian.com/en/products,https://co.prysmian.com/en/products,,generica_verificada,autorizada,2026-08-03,Se contrastó la familia técnica Cable industrial de construcción. No se asigna una referencia ni marca de fabricante por semejanza. El SKU interno SRT-PENDING-E92B8F867376 es la referencia comercial de Surtilec hasta confirmar la referencia suministrada.
SRT-PENDING-949BEFDBED1F,,Producto genérico Surtilec,Surtilec - investigación técnica de familia,https://co.prysmian.com/en/products,https://co.prysmian.com/en/products,,generica_verificada,autorizada,2026-08-03,Se contrastó la familia técnica Cable industrial de construcción. No se asigna una referencia ni marca de fabricante por semejanza. El SKU interno SRT-PENDING-949BEFDBED1F es la referencia comercial de Surtilec hasta confirmar la referencia suministrada.
SRT-PENDING-95911EF85308,,Producto genérico Surtilec,Surtilec - investigación técnica de familia,https://co.prysmian.com/en/products,https://co.prysmian.com/en/products,,generica_verificada,autorizada,2026-08-03,Se contrastó la familia técnica Cable industrial de construcción. No se asigna una referencia ni marca de fabricante por semejanza. El SKU interno SRT-PENDING-95911EF85308 es la referencia comercial de Surtilec hasta confirmar la referencia suministrada.
SRT-PENDING-1078F0D00E75,,Producto genérico Surtilec,Surtilec - investigación técnica de familia,https://co.prysmian.com/en/products,https://co.prysmian.com/en/products,,generica_verificada,autorizada,2026-08-03,Se contrastó la familia técnica Cable industrial de construcción. No se asigna una referencia ni marca de fabricante por semejanza. El SKU interno SRT-PENDING-1078F0D00E75 es la referencia comercial de Surtilec hasta confirmar la referencia suministrada.
SRT-PENDING-ECEDB4494AD2,,Producto genérico Surtilec,Surtilec - investigación técnica de familia,https://co.prysmian.com/en/products,https://co.prysmian.com/en/products,,generica_verificada,autorizada,2026-08-03,Se contrastó la familia técnica Cable industrial de construcción. No se asigna una referencia ni marca de fabricante por semejanza. El SKU interno SRT-PENDING-ECEDB4494AD2 es la referencia comercial de Surtilec hasta confirmar la referencia suministrada.
SRT-PENDING-5C402979118A,,Producto genérico Surtilec,Surtilec - investigación técnica de familia,https://co.prysmian.com/en/products,https://co.prysmian.com/en/products,,generica_verificada,autorizada,2026-08-03,Se contrastó la familia técnica Cable industrial de construcción. No se asigna una referencia ni marca de fabricante por semejanza. El SKU interno SRT-PENDING-5C402979118A es la referencia comercial de Surtilec hasta confirmar la referencia suministrada.
SRT-PENDING-1ABE987AF0AC,,Producto genérico Surtilec,Surtilec - investigación técnica de familia,https://co.prysmian.com/en/products,https://co.prysmian.com/en/products,,generica_verificada,autorizada,2026-08-03,Se contrastó la familia técnica Cable industrial de construcción. No se asigna una referencia ni marca de fabricante por semejanza. El SKU interno SRT-PENDING-1ABE987AF0AC es la referencia comercial de Surtilec hasta confirmar la referencia suministrada.
SRT-PENDING-5EB5F15D5B6D,,Producto genérico Surtilec,Surtilec - investigación técnica de familia,https://co.prysmian.com/en/products,https://co.prysmian.com/en/products,,generica_verificada,autorizada,2026-08-03,Se contrastó la familia técnica Cable industrial de construcción. No se asigna una referencia ni marca de fabricante por semejanza. El SKU interno SRT-PENDING-5EB5F15D5B6D es la referencia comercial de Surtilec hasta confirmar la referencia suministrada.
SRT-PENDING-437A6CFF3C13,,Producto genérico Surtilec,Surtilec - investigación técnica de familia,https://co.prysmian.com/en/products,https://co.prysmian.com/en/products,,generica_verificada,autorizada,2026-08-03,Se contrastó la familia técnica Cable industrial de construcción. No se asigna una referencia ni marca de fabricante por semejanza. El SKU interno SRT-PENDING-437A6CFF3C13 es la referencia comercial de Surtilec hasta confirmar la referencia suministrada.
SRT-PENDING-BC90394EFA5C,,Producto genérico Surtilec,Surtilec - investigación técnica de familia,https://co.prysmian.com/en/products,https://co.prysmian.com/en/products,,generica_verificada,autorizada,2026-08-03,Se contrastó la familia técnica Cable industrial de construcción. No se asigna una referencia ni marca de fabricante por semejanza. El SKU interno SRT-PENDING-BC90394EFA5C es la referencia comercial de Surtilec hasta confirmar la referencia suministrada.
SRT-PENDING-75B9E5CEA7C9,,Producto genérico Surtilec,Surtilec - investigación técnica de familia,https://co.prysmian.com/en/products,https://co.prysmian.com/en/products,,generica_verificada,autorizada,2026-08-03,Se contrastó la familia técnica Cable industrial de construcción. No se asigna una referencia ni marca de fabricante por semejanza. El SKU interno SRT-PENDING-75B9E5CEA7C9 es la referencia comercial de Surtilec hasta confirmar la referencia suministrada.
SRT-PENDING-398F38D306E4,,Producto genérico Surtilec,Surtilec - investigación técnica de familia,https://co.prysmian.com/en/products,https://co.prysmian.com/en/products,,generica_verificada,autorizada,2026-08-03,Se contrastó la familia técnica Cable industrial de construcción. No se asigna una referencia ni marca de fabricante por semejanza. El SKU interno SRT-PENDING-398F38D306E4 es la referencia comercial de Surtilec hasta confirmar la referencia suministrada.
SRT-PENDING-C947F80FF333,,Producto genérico Surtilec,Surtilec - investigación técnica de familia,https://co.prysmian.com/en/products,https://co.prysmian.com/en/products,,generica_verificada,autorizada,2026-08-03,Se contrastó la familia técnica Cable industrial de construcción. No se asigna una referencia ni marca de fabricante por semejanza. El SKU interno SRT-PENDING-C947F80FF333 es la referencia comercial de Surtilec hasta confirmar la referencia suministrada.
SRT-PENDING-1DE752DC1C7B,,Producto genérico Surtilec,Surtilec - investigación técnica de familia,https://co.prysmian.com/en/products,https://co.prysmian.com/en/products,,generica_verificada,autorizada,2026-08-03,Se contrastó la familia técnica Cable industrial de construcción. No se asigna una referencia ni marca de fabricante por semejanza. El SKU interno SRT-PENDING-1DE752DC1C7B es la referencia comercial de Surtilec hasta confirmar la referencia suministrada.
SRT-PENDING-5AD5CC3ECD2A,,Producto genérico Surtilec,Surtilec - investigación técnica de familia,https://co.prysmian.com/en/products,https://co.prysmian.com/en/products,,generica_verificada,autorizada,2026-08-03,Se contrastó la familia técnica Cable industrial de construcción. No se asigna una referencia ni marca de fabricante por semejanza. El SKU interno SRT-PENDING-5AD5CC3ECD2A es la referencia comercial de Surtilec hasta confirmar la referencia suministrada.
SRT-PENDING-435471C553C3,,Producto genérico Surtilec,Surtilec - investigación técnica de familia,https://co.prysmian.com/en/products,https://co.prysmian.com/en/products,,generica_verificada,autorizada,2026-08-03,Se contrastó la familia técnica Cable industrial de construcción. No se asigna una referencia ni marca de fabricante por semejanza. El SKU interno SRT-PENDING-435471C553C3 es la referencia comercial de Surtilec hasta confirmar la referencia suministrada.
SRT-PENDING-5A5C7767FB5F,,Producto genérico Surtilec,Surtilec - investigación técnica de familia,https://co.prysmian.com/en/products,https://co.prysmian.com/en/products,,generica_verificada,autorizada,2026-08-03,Se contrastó la familia técnica Cable industrial de construcción. No se asigna una referencia ni marca de fabricante por semejanza. El SKU interno SRT-PENDING-5A5C7767FB5F es la referencia comercial de Surtilec hasta confirmar la referencia suministrada.
