sku,nombre_tecnico_seo,image_file,sha256,image_match_status_original,estado_auditoria,accion_recomendada,url_imagen_reutilizada_en_skus,observaciones
SRT-PENDING-70D84407714D,"Alambre THHN/THW 10 AWG Cobre Sólido, Amarillo",surtilec-alambre-thhn-thw-10-awg-cobre-solido-amarillo-srt-pending-70d84407714d.webp,0529a0b64aa166721f2da32a7ee2e84d7f3de7e12fcb7a279fa91498a71a33d6,revisar_variante_antes_de_publicar,no_coincidencia_exacta_fuente_reutilizada,retirar_imagen_destacada_y_conservar_adjunto_en_revision,13,"IMAGEN GENÉRICA DE FAMILIA (100% familia, material n/d) tomada de ""Alambre Aislado N10 Azul X Metro"" en cablescolombia.com. COLOR DISTINTO (amarillo vs azul). Reemplazar por foto exacta antes de publicar."
SRT-PENDING-5CF53639D7B1,"Alambre THHN/THW 10 AWG Cobre Sólido, Azul",surtilec-alambre-thhn-thw-10-awg-cobre-solido-azul-srt-pending-5cf53639d7b1.webp,0529a0b64aa166721f2da32a7ee2e84d7f3de7e12fcb7a279fa91498a71a33d6,revisar_variante_antes_de_publicar,no_coincidencia_exacta_fuente_reutilizada,retirar_imagen_destacada_y_conservar_adjunto_en_revision,13,"Imagen sugerida automáticamente desde cablescolombia.com — similitud 100% con ""Alambre Aislado N10 Azul X Metro"". Verificar visualmente y obtener permiso antes de publicar."
SRT-PENDING-5C3DCAA96773,"Alambre THHN/THW 10 AWG Cobre Sólido, Blanco",surtilec-alambre-thhn-thw-10-awg-cobre-solido-blanco-srt-pending-5c3dcaa96773.webp,0529a0b64aa166721f2da32a7ee2e84d7f3de7e12fcb7a279fa91498a71a33d6,revisar_variante_antes_de_publicar,no_coincidencia_exacta_fuente_reutilizada,retirar_imagen_destacada_y_conservar_adjunto_en_revision,13,"IMAGEN GENÉRICA DE FAMILIA (100% familia, material n/d) tomada de ""Alambre Aislado N10 Azul X Metro"" en cablescolombia.com. COLOR DISTINTO (blanco vs azul). Reemplazar por foto exacta antes de publicar."
SRT-PENDING-936DED368A99,"Alambre THHN/THW 10 AWG Cobre Sólido, Negro",surtilec-alambre-thhn-thw-10-awg-cobre-solido-negro-srt-pending-936ded368a99.webp,0529a0b64aa166721f2da32a7ee2e84d7f3de7e12fcb7a279fa91498a71a33d6,revisar_variante_antes_de_publicar,no_coincidencia_exacta_fuente_reutilizada,retirar_imagen_destacada_y_conservar_adjunto_en_revision,13,"IMAGEN GENÉRICA DE FAMILIA (100% familia, material n/d) tomada de ""Alambre Aislado N10 Azul X Metro"" en cablescolombia.com. COLOR DISTINTO (negro vs azul). Reemplazar por foto exacta antes de publicar."
SRT-PENDING-4DB22C8C2B3C,"Alambre THHN/THW 10 AWG Cobre Sólido, Rojo",surtilec-alambre-thhn-thw-10-awg-cobre-solido-rojo-srt-pending-4db22c8c2b3c.webp,0529a0b64aa166721f2da32a7ee2e84d7f3de7e12fcb7a279fa91498a71a33d6,revisar_variante_antes_de_publicar,no_coincidencia_exacta_fuente_reutilizada,retirar_imagen_destacada_y_conservar_adjunto_en_revision,13,"IMAGEN GENÉRICA DE FAMILIA (100% familia, material n/d) tomada de ""Alambre Aislado N10 Azul X Metro"" en cablescolombia.com. COLOR DISTINTO (rojo vs azul). Reemplazar por foto exacta antes de publicar."
SRT-PENDING-884A01319AA2,"Alambre THHN/THW 10 AWG Cobre Sólido, Verde",surtilec-alambre-thhn-thw-10-awg-cobre-solido-verde-srt-pending-884a01319aa2.webp,0529a0b64aa166721f2da32a7ee2e84d7f3de7e12fcb7a279fa91498a71a33d6,revisar_variante_antes_de_publicar,no_coincidencia_exacta_fuente_reutilizada,retirar_imagen_destacada_y_conservar_adjunto_en_revision,13,"IMAGEN GENÉRICA DE FAMILIA (100% familia, material n/d) tomada de ""Alambre Aislado N10 Azul X Metro"" en cablescolombia.com. COLOR DISTINTO (verde vs azul). Reemplazar por foto exacta antes de publicar."
SRT-PENDING-E1E5B737ED58,"Alambre THHN/THW 8 AWG Cobre Sólido, Amarillo",surtilec-alambre-thhn-thw-8-awg-cobre-solido-amarillo-srt-pending-e1e5b737ed58.webp,0529a0b64aa166721f2da32a7ee2e84d7f3de7e12fcb7a279fa91498a71a33d6,revisar_variante_antes_de_publicar,no_coincidencia_exacta_fuente_reutilizada,retirar_imagen_destacada_y_conservar_adjunto_en_revision,13,"IMAGEN GENÉRICA DE FAMILIA (100% familia, material n/d) tomada de ""Alambre Aislado N10 Azul X Metro"" en cablescolombia.com. COLOR DISTINTO (amarillo vs azul). Reemplazar por foto exacta antes de publicar."
SRT-PENDING-66B9A018EE33,"Alambre THHN/THW 8 AWG Cobre Sólido, Azul",surtilec-alambre-thhn-thw-8-awg-cobre-solido-azul-srt-pending-66b9a018ee33.webp,0529a0b64aa166721f2da32a7ee2e84d7f3de7e12fcb7a279fa91498a71a33d6,revisar_variante_antes_de_publicar,no_coincidencia_exacta_fuente_reutilizada,retirar_imagen_destacada_y_conservar_adjunto_en_revision,13,"IMAGEN GENÉRICA DE FAMILIA (100% familia/material/color) tomada de ""Alambre Aislado N10 Azul X Metro"" en cablescolombia.com — mismo tipo y color, calibre distinto. Reemplazar por foto exacta antes de publicar."
SRT-PENDING-266DB75795E4,"Alambre THHN/THW 8 AWG Cobre Sólido, Blanco",surtilec-alambre-thhn-thw-8-awg-cobre-solido-blanco-srt-pending-266db75795e4.webp,0529a0b64aa166721f2da32a7ee2e84d7f3de7e12fcb7a279fa91498a71a33d6,revisar_variante_antes_de_publicar,no_coincidencia_exacta_fuente_reutilizada,retirar_imagen_destacada_y_conservar_adjunto_en_revision,13,"IMAGEN GENÉRICA DE FAMILIA (100% familia, material n/d) tomada de ""Alambre Aislado N10 Azul X Metro"" en cablescolombia.com. COLOR DISTINTO (blanco vs azul). Reemplazar por foto exacta antes de publicar."
SRT-PENDING-824826305DC2,"Alambre THHN/THW 8 AWG Cobre Sólido, Negro",surtilec-alambre-thhn-thw-8-awg-cobre-solido-negro-srt-pending-824826305dc2.webp,0529a0b64aa166721f2da32a7ee2e84d7f3de7e12fcb7a279fa91498a71a33d6,revisar_variante_antes_de_publicar,no_coincidencia_exacta_fuente_reutilizada,retirar_imagen_destacada_y_conservar_adjunto_en_revision,13,"IMAGEN GENÉRICA DE FAMILIA (100% familia, material n/d) tomada de ""Alambre Aislado N10 Azul X Metro"" en cablescolombia.com. COLOR DISTINTO (negro vs azul). Reemplazar por foto exacta antes de publicar."
SRT-PENDING-FBFCC917B264,"Alambre THHN/THW 8 AWG Cobre Sólido, Rojo",surtilec-alambre-thhn-thw-8-awg-cobre-solido-rojo-srt-pending-fbfcc917b264.webp,0529a0b64aa166721f2da32a7ee2e84d7f3de7e12fcb7a279fa91498a71a33d6,revisar_variante_antes_de_publicar,no_coincidencia_exacta_fuente_reutilizada,retirar_imagen_destacada_y_conservar_adjunto_en_revision,13,"IMAGEN GENÉRICA DE FAMILIA (100% familia, material n/d) tomada de ""Alambre Aislado N10 Azul X Metro"" en cablescolombia.com. COLOR DISTINTO (rojo vs azul). Reemplazar por foto exacta antes de publicar."
SRT-PENDING-9EECB1397244,"Alambre THHN/THW 8 AWG Cobre Sólido, Verde",surtilec-alambre-thhn-thw-8-awg-cobre-solido-verde-srt-pending-9eecb1397244.webp,0529a0b64aa166721f2da32a7ee2e84d7f3de7e12fcb7a279fa91498a71a33d6,revisar_variante_antes_de_publicar,no_coincidencia_exacta_fuente_reutilizada,retirar_imagen_destacada_y_conservar_adjunto_en_revision,13,"IMAGEN GENÉRICA DE FAMILIA (100% familia, material n/d) tomada de ""Alambre Aislado N10 Azul X Metro"" en cablescolombia.com. COLOR DISTINTO (verde vs azul). Reemplazar por foto exacta antes de publicar."
SRT-PENDING-4C332162507B,"Alambre THHN/THW 10 AWG Cobre Sólido, Azul",surtilec-alambre-thhn-thw-10-awg-cobre-solido-azul-srt-pending-4c332162507b.webp,0529a0b64aa166721f2da32a7ee2e84d7f3de7e12fcb7a279fa91498a71a33d6,revisar_variante_antes_de_publicar,no_coincidencia_exacta_fuente_reutilizada,retirar_imagen_destacada_y_conservar_adjunto_en_revision,13,"Imagen sugerida automáticamente desde cablescolombia.com — similitud 100% con ""Alambre Aislado N10 Azul X Metro"". Verificar visualmente y obtener permiso antes de publicar."
SRT-PENDING-C526999CC316,"Cable THHW-LS 14 AWG Cobre Trenzado, Rojo",surtilec-cable-thhw-ls-14-awg-cobre-trenzado-rojo-srt-pending-c526999cc316.jpg,0d878ac98553cdc6fa5d23632ebea3496d2c2063fc380d307c57c193afd48fd6,revisar_variante_antes_de_publicar,no_coincidencia_exacta_fuente_reutilizada,retirar_imagen_destacada_y_conservar_adjunto_en_revision,15,"Imagen sugerida automáticamente desde cablescolombia.com — similitud 100% con ""Cable Aislado Thhw Cu N14 Rojo"". Verificar visualmente y obtener permiso antes de publicar."
SRT-PENDING-0C9C276CC06B,"Cable THHW-LS 14 AWG Cobre Trenzado, Azul",surtilec-cable-thhw-ls-14-awg-cobre-trenzado-azul-srt-pending-0c9c276cc06b.jpg,c8dca2fc18908d6a20a95fe8e9f561e45269d15549616facd1b743503c8750a4,revisar_variante_antes_de_publicar,no_coincidencia_exacta_fuente_reutilizada,retirar_imagen_destacada_y_conservar_adjunto_en_revision,5,"Imagen sugerida automáticamente desde cablescolombia.com — similitud 100% con ""Cable Aislado Thhw Cu N14 Azul"". Verificar visualmente y obtener permiso antes de publicar."
SRT-PENDING-6CE65FDFB4CD,"Cable THHW-LS 14 AWG Cobre Trenzado, Blanco",surtilec-cable-thhw-ls-14-awg-cobre-trenzado-blanco-srt-pending-6ce65fdfb4cd.jpg,4aac7a8cdd568ab3be8d90581be543fd50d94fd99e6c8e97d23adbff523607df,revisar_variante_antes_de_publicar,no_coincidencia_exacta_fuente_reutilizada,retirar_imagen_destacada_y_conservar_adjunto_en_revision,12,"Imagen sugerida automáticamente desde cablescolombia.com — similitud 100% con ""Cable Aislado Thhw Cu N14 Blanco"". Verificar visualmente y obtener permiso antes de publicar."
SRT-PENDING-D60273BF0E1F,"Cable THHW-LS 14 AWG Cobre Trenzado, Negro",surtilec-cable-thhw-ls-14-awg-cobre-trenzado-negro-srt-pending-d60273bf0e1f.jpg,138604ab5213912ad6d6f0000ea0eb7bade692a0e748f96eb1281836d800e446,revisar_variante_antes_de_publicar,no_coincidencia_exacta_fuente_reutilizada,retirar_imagen_destacada_y_conservar_adjunto_en_revision,5,"Imagen sugerida automáticamente desde cablescolombia.com — similitud 100% con ""Cable Aislado Thhw Cu N14 Negro"". Verificar visualmente y obtener permiso antes de publicar."
SRT-PENDING-04E75D17520F,"Cable THHW-LS 14 AWG Cobre Trenzado, Verde",surtilec-cable-thhw-ls-14-awg-cobre-trenzado-verde-srt-pending-04e75d17520f.jpg,edbe8ad3f9430cbccd090f00ac3dfc286ed023a09636fc76a1aeedbc919462ab,revisar_variante_antes_de_publicar,no_coincidencia_exacta_fuente_reutilizada,retirar_imagen_destacada_y_conservar_adjunto_en_revision,4,"Imagen sugerida automáticamente desde cablescolombia.com — similitud 100% con ""Cable Aislado Thhw Cu N14 Verde"". Verificar visualmente y obtener permiso antes de publicar."
SRT-PENDING-1166A4BE4FAB,"Cable THHW-LS 12 AWG Cobre Trenzado, Azul",surtilec-cable-thhw-ls-12-awg-cobre-trenzado-azul-srt-pending-1166a4be4fab.jpg,f8b22f34920698d3e17341e6354c33a832d3151c1dbbd87a041e025ce2d30594,revisar_variante_antes_de_publicar,coincidencia_exacta_no_demostrada,retirar_imagen_destacada_y_conservar_adjunto_en_revision,1,"Imagen sugerida automáticamente desde cablescolombia.com — similitud 100% con ""Cable Aislado Thhw Cu N12 Azul"". Verificar visualmente y obtener permiso antes de publicar."
SRT-PENDING-75C2F07B5EC2,"Cable THHW-LS 12 AWG Cobre Trenzado, Rojo",surtilec-cable-thhw-ls-12-awg-cobre-trenzado-rojo-srt-pending-75c2f07b5ec2.jpg,cde3aaffcd1193c55ffe92c4f2141c8dc08d4926d56df9c8affc6d396419b324,revisar_variante_antes_de_publicar,coincidencia_exacta_no_demostrada,retirar_imagen_destacada_y_conservar_adjunto_en_revision,1,"Imagen sugerida automáticamente desde cablescolombia.com — similitud 100% con ""Cable Aislado Thhw Cu N12 Rojo"". Verificar visualmente y obtener permiso antes de publicar."
SRT-PENDING-DFD91AC5C680,"Cable THHW-LS 12 AWG Cobre Trenzado, Negro",surtilec-cable-thhw-ls-12-awg-cobre-trenzado-negro-srt-pending-dfd91ac5c680.jpg,138604ab5213912ad6d6f0000ea0eb7bade692a0e748f96eb1281836d800e446,revisar_variante_antes_de_publicar,no_coincidencia_exacta_fuente_reutilizada,retirar_imagen_destacada_y_conservar_adjunto_en_revision,5,"IMAGEN GENÉRICA DE FAMILIA (100% familia/material/color) tomada de ""Cable Aislado Thhw Cu N14 Negro"" en cablescolombia.com — mismo tipo y color, calibre distinto. Reemplazar por foto exacta antes de publicar."
SRT-PENDING-6C3361585ADF,"Cable THHW-LS 12 AWG Cobre Trenzado, Blanco",surtilec-cable-thhw-ls-12-awg-cobre-trenzado-blanco-srt-pending-6c3361585adf.jpg,4aac7a8cdd568ab3be8d90581be543fd50d94fd99e6c8e97d23adbff523607df,revisar_variante_antes_de_publicar,no_coincidencia_exacta_fuente_reutilizada,retirar_imagen_destacada_y_conservar_adjunto_en_revision,12,"IMAGEN GENÉRICA DE FAMILIA (100% familia/material/color) tomada de ""Cable Aislado Thhw Cu N14 Blanco"" en cablescolombia.com — mismo tipo y color, calibre distinto. Reemplazar por foto exacta antes de publicar."
SRT-PENDING-756929C8D6E7,"Cable THHW-LS 12 AWG Cobre Trenzado, Amarillo",surtilec-cable-thhw-ls-12-awg-cobre-trenzado-amarillo-srt-pending-756929c8d6e7.webp,7ada479a8591a9fe9646145592ef274cebf0b983d67b150eb83c1e1f36f92006,revisar_variante_antes_de_publicar,no_coincidencia_exacta_fuente_reutilizada,retirar_imagen_destacada_y_conservar_adjunto_en_revision,5,"IMAGEN GENÉRICA DE FAMILIA (100% familia/material/color) tomada de ""Cable Aislado Thhw Cu N14 Amarillo"" en cablescolombia.com — mismo tipo y color, calibre distinto. Reemplazar por foto exacta antes de publicar."
SRT-PENDING-86987D275B9F,"Cable THHW-LS 12 AWG Cobre Trenzado, Verde",surtilec-cable-thhw-ls-12-awg-cobre-trenzado-verde-srt-pending-86987d275b9f.jpg,974dbe38a7438e3c47d8987aab017bf43cb2197efce78f20b7aa7b39dc7dc071,revisar_variante_antes_de_publicar,coincidencia_exacta_no_demostrada,retirar_imagen_destacada_y_conservar_adjunto_en_revision,1,"Imagen sugerida automáticamente desde cablescolombia.com — similitud 100% con ""Cable Aislado Thhw Cu N12 Verde"". Verificar visualmente y obtener permiso antes de publicar."
SRT-PENDING-21FD6C300A41,"Cable THHW-LS 10 AWG Cobre Trenzado, Blanco",surtilec-cable-thhw-ls-10-awg-cobre-trenzado-blanco-srt-pending-21fd6c300a41.jpg,4aac7a8cdd568ab3be8d90581be543fd50d94fd99e6c8e97d23adbff523607df,revisar_variante_antes_de_publicar,no_coincidencia_exacta_fuente_reutilizada,retirar_imagen_destacada_y_conservar_adjunto_en_revision,12,"IMAGEN GENÉRICA DE FAMILIA (100% familia/material/color) tomada de ""Cable Aislado Thhw Cu N14 Blanco"" en cablescolombia.com — mismo tipo y color, calibre distinto. Reemplazar por foto exacta antes de publicar."
SRT-PENDING-F5A166F079E1,"Cable THHW-LS 10 AWG Cobre Trenzado, Amarillo",surtilec-cable-thhw-ls-10-awg-cobre-trenzado-amarillo-srt-pending-f5a166f079e1.webp,7ada479a8591a9fe9646145592ef274cebf0b983d67b150eb83c1e1f36f92006,revisar_variante_antes_de_publicar,no_coincidencia_exacta_fuente_reutilizada,retirar_imagen_destacada_y_conservar_adjunto_en_revision,5,"IMAGEN GENÉRICA DE FAMILIA (100% familia/material/color) tomada de ""Cable Aislado Thhw Cu N14 Amarillo"" en cablescolombia.com — mismo tipo y color, calibre distinto. Reemplazar por foto exacta antes de publicar."
SRT-PENDING-60537BFEA285,"Cable THHW-LS 10 AWG Cobre Trenzado, Rojo",surtilec-cable-thhw-ls-10-awg-cobre-trenzado-rojo-srt-pending-60537bfea285.jpg,0d878ac98553cdc6fa5d23632ebea3496d2c2063fc380d307c57c193afd48fd6,revisar_variante_antes_de_publicar,no_coincidencia_exacta_fuente_reutilizada,retirar_imagen_destacada_y_conservar_adjunto_en_revision,15,"IMAGEN GENÉRICA DE FAMILIA (100% familia/material/color) tomada de ""Cable Aislado Thhw Cu N14 Rojo"" en cablescolombia.com — mismo tipo y color, calibre distinto. Reemplazar por foto exacta antes de publicar."
SRT-PENDING-AD03162171F4,"Cable THHW-LS 10 AWG Cobre Trenzado, Azul",surtilec-cable-thhw-ls-10-awg-cobre-trenzado-azul-srt-pending-ad03162171f4.jpg,c8dca2fc18908d6a20a95fe8e9f561e45269d15549616facd1b743503c8750a4,revisar_variante_antes_de_publicar,no_coincidencia_exacta_fuente_reutilizada,retirar_imagen_destacada_y_conservar_adjunto_en_revision,5,"IMAGEN GENÉRICA DE FAMILIA (100% familia/material/color) tomada de ""Cable Aislado Thhw Cu N14 Azul"" en cablescolombia.com — mismo tipo y color, calibre distinto. Reemplazar por foto exacta antes de publicar."
SRT-PENDING-C19135D919A3,"Cable THHW-LS 10 AWG Cobre Trenzado, Verde",surtilec-cable-thhw-ls-10-awg-cobre-trenzado-verde-srt-pending-c19135d919a3.jpg,edbe8ad3f9430cbccd090f00ac3dfc286ed023a09636fc76a1aeedbc919462ab,revisar_variante_antes_de_publicar,no_coincidencia_exacta_fuente_reutilizada,retirar_imagen_destacada_y_conservar_adjunto_en_revision,4,"IMAGEN GENÉRICA DE FAMILIA (100% familia/material/color) tomada de ""Cable Aislado Thhw Cu N14 Verde"" en cablescolombia.com — mismo tipo y color, calibre distinto. Reemplazar por foto exacta antes de publicar."
SRT-PENDING-B4C4339BB418,"Cable THHW-LS 10 AWG Cobre Trenzado, Negro",surtilec-cable-thhw-ls-10-awg-cobre-trenzado-negro-srt-pending-b4c4339bb418.jpg,138604ab5213912ad6d6f0000ea0eb7bade692a0e748f96eb1281836d800e446,revisar_variante_antes_de_publicar,no_coincidencia_exacta_fuente_reutilizada,retirar_imagen_destacada_y_conservar_adjunto_en_revision,5,"IMAGEN GENÉRICA DE FAMILIA (100% familia/material/color) tomada de ""Cable Aislado Thhw Cu N14 Negro"" en cablescolombia.com — mismo tipo y color, calibre distinto. Reemplazar por foto exacta antes de publicar."
SRT-PENDING-BF4F71F6A068,"Cable THHW-LS 8 AWG Cobre Trenzado, Verde",surtilec-cable-thhw-ls-8-awg-cobre-trenzado-verde-srt-pending-bf4f71f6a068.jpg,edbe8ad3f9430cbccd090f00ac3dfc286ed023a09636fc76a1aeedbc919462ab,revisar_variante_antes_de_publicar,no_coincidencia_exacta_fuente_reutilizada,retirar_imagen_destacada_y_conservar_adjunto_en_revision,4,"IMAGEN GENÉRICA DE FAMILIA (100% familia/material/color) tomada de ""Cable Aislado Thhw Cu N14 Verde"" en cablescolombia.com — mismo tipo y color, calibre distinto. Reemplazar por foto exacta antes de publicar."
SRT-PENDING-CCECBBFDD5DE,"Cable THHW-LS 8 AWG Cobre Trenzado, Azul",surtilec-cable-thhw-ls-8-awg-cobre-trenzado-azul-srt-pending-ccecbbfdd5de.jpg,c8dca2fc18908d6a20a95fe8e9f561e45269d15549616facd1b743503c8750a4,revisar_variante_antes_de_publicar,no_coincidencia_exacta_fuente_reutilizada,retirar_imagen_destacada_y_conservar_adjunto_en_revision,5,"IMAGEN GENÉRICA DE FAMILIA (100% familia/material/color) tomada de ""Cable Aislado Thhw Cu N14 Azul"" en cablescolombia.com — mismo tipo y color, calibre distinto. Reemplazar por foto exacta antes de publicar."
SRT-PENDING-816DD2F59DE2,"Cable THHW-LS 8 AWG Cobre Trenzado, Blanco",surtilec-cable-thhw-ls-8-awg-cobre-trenzado-blanco-srt-pending-816dd2f59de2.jpg,4aac7a8cdd568ab3be8d90581be543fd50d94fd99e6c8e97d23adbff523607df,revisar_variante_antes_de_publicar,no_coincidencia_exacta_fuente_reutilizada,retirar_imagen_destacada_y_conservar_adjunto_en_revision,12,"IMAGEN GENÉRICA DE FAMILIA (100% familia/material/color) tomada de ""Cable Aislado Thhw Cu N14 Blanco"" en cablescolombia.com — mismo tipo y color, calibre distinto. Reemplazar por foto exacta antes de publicar."
SRT-PENDING-CB8A583550CE,"Cable THHW-LS 8 AWG Cobre Trenzado, Negro",surtilec-cable-thhw-ls-8-awg-cobre-trenzado-negro-srt-pending-cb8a583550ce.jpg,138604ab5213912ad6d6f0000ea0eb7bade692a0e748f96eb1281836d800e446,revisar_variante_antes_de_publicar,no_coincidencia_exacta_fuente_reutilizada,retirar_imagen_destacada_y_conservar_adjunto_en_revision,5,"IMAGEN GENÉRICA DE FAMILIA (100% familia/material/color) tomada de ""Cable Aislado Thhw Cu N14 Negro"" en cablescolombia.com — mismo tipo y color, calibre distinto. Reemplazar por foto exacta antes de publicar."
SRT-PENDING-8F3183B05B49,"Cable THHW-LS 8 AWG Cobre Trenzado, Rojo",surtilec-cable-thhw-ls-8-awg-cobre-trenzado-rojo-srt-pending-8f3183b05b49.jpg,0d878ac98553cdc6fa5d23632ebea3496d2c2063fc380d307c57c193afd48fd6,revisar_variante_antes_de_publicar,no_coincidencia_exacta_fuente_reutilizada,retirar_imagen_destacada_y_conservar_adjunto_en_revision,15,"IMAGEN GENÉRICA DE FAMILIA (100% familia/material/color) tomada de ""Cable Aislado Thhw Cu N14 Rojo"" en cablescolombia.com — mismo tipo y color, calibre distinto. Reemplazar por foto exacta antes de publicar."
SRT-PENDING-073A5AB5611A,"Cable THHW-LS 8 AWG Cobre Trenzado, Amarillo",surtilec-cable-thhw-ls-8-awg-cobre-trenzado-amarillo-srt-pending-073a5ab5611a.webp,7ada479a8591a9fe9646145592ef274cebf0b983d67b150eb83c1e1f36f92006,revisar_variante_antes_de_publicar,no_coincidencia_exacta_fuente_reutilizada,retirar_imagen_destacada_y_conservar_adjunto_en_revision,5,"IMAGEN GENÉRICA DE FAMILIA (100% familia/material/color) tomada de ""Cable Aislado Thhw Cu N14 Amarillo"" en cablescolombia.com — mismo tipo y color, calibre distinto. Reemplazar por foto exacta antes de publicar."
SRT-PENDING-DDE1F397583D,"Cable THHW-LS 3x12 AWG Cobre, Rojo",surtilec-cable-thhw-ls-3x12-awg-cobre-rojo-srt-pending-dde1f397583d.jpg,0d878ac98553cdc6fa5d23632ebea3496d2c2063fc380d307c57c193afd48fd6,revisar_variante_antes_de_publicar,no_coincidencia_exacta_fuente_reutilizada,retirar_imagen_destacada_y_conservar_adjunto_en_revision,15,"IMAGEN GENÉRICA DE FAMILIA (89% familia/material/color) tomada de ""Cable Aislado Thhw Cu N14 Rojo"" en cablescolombia.com — mismo tipo y color, calibre distinto. Reemplazar por foto exacta antes de publicar."
SRT-PENDING-692D488C739A,"Cable THHW-LS 3x12 AWG Cobre, Azul",surtilec-cable-thhw-ls-3x12-awg-cobre-azul-srt-pending-692d488c739a.jpg,c8dca2fc18908d6a20a95fe8e9f561e45269d15549616facd1b743503c8750a4,revisar_variante_antes_de_publicar,no_coincidencia_exacta_fuente_reutilizada,retirar_imagen_destacada_y_conservar_adjunto_en_revision,5,"IMAGEN GENÉRICA DE FAMILIA (89% familia/material/color) tomada de ""Cable Aislado Thhw Cu N14 Azul"" en cablescolombia.com — mismo tipo y color, calibre distinto. Reemplazar por foto exacta antes de publicar."
SRT-PENDING-0793CB189B99,"Cable THHW-LS 6 AWG Cobre Trenzado, Amarillo",surtilec-cable-thhw-ls-6-awg-cobre-trenzado-amarillo-srt-pending-0793cb189b99.webp,7ada479a8591a9fe9646145592ef274cebf0b983d67b150eb83c1e1f36f92006,revisar_variante_antes_de_publicar,no_coincidencia_exacta_fuente_reutilizada,retirar_imagen_destacada_y_conservar_adjunto_en_revision,5,"IMAGEN GENÉRICA DE FAMILIA (100% familia/material/color) tomada de ""Cable Aislado Thhw Cu N14 Amarillo"" en cablescolombia.com — mismo tipo y color, calibre distinto. Reemplazar por foto exacta antes de publicar."
SRT-PENDING-E165E6F74DD3,"Cable THHW-LS 6 AWG Cobre Trenzado, Azul",surtilec-cable-thhw-ls-6-awg-cobre-trenzado-azul-srt-pending-e165e6f74dd3.jpg,c8dca2fc18908d6a20a95fe8e9f561e45269d15549616facd1b743503c8750a4,revisar_variante_antes_de_publicar,no_coincidencia_exacta_fuente_reutilizada,retirar_imagen_destacada_y_conservar_adjunto_en_revision,5,"IMAGEN GENÉRICA DE FAMILIA (100% familia/material/color) tomada de ""Cable Aislado Thhw Cu N14 Azul"" en cablescolombia.com — mismo tipo y color, calibre distinto. Reemplazar por foto exacta antes de publicar."
SRT-PENDING-92276926BA9C,"Cable THHW-LS 6 AWG Cobre Trenzado, Blanco",surtilec-cable-thhw-ls-6-awg-cobre-trenzado-blanco-srt-pending-92276926ba9c.jpg,4aac7a8cdd568ab3be8d90581be543fd50d94fd99e6c8e97d23adbff523607df,revisar_variante_antes_de_publicar,no_coincidencia_exacta_fuente_reutilizada,retirar_imagen_destacada_y_conservar_adjunto_en_revision,12,"IMAGEN GENÉRICA DE FAMILIA (100% familia/material/color) tomada de ""Cable Aislado Thhw Cu N14 Blanco"" en cablescolombia.com — mismo tipo y color, calibre distinto. Reemplazar por foto exacta antes de publicar."
SRT-PENDING-1EE8DD2575A6,"Cable THHW-LS 6 AWG Cobre Trenzado, Negro",surtilec-cable-thhw-ls-6-awg-cobre-trenzado-negro-srt-pending-1ee8dd2575a6.jpg,138604ab5213912ad6d6f0000ea0eb7bade692a0e748f96eb1281836d800e446,revisar_variante_antes_de_publicar,no_coincidencia_exacta_fuente_reutilizada,retirar_imagen_destacada_y_conservar_adjunto_en_revision,5,"IMAGEN GENÉRICA DE FAMILIA (100% familia/material/color) tomada de ""Cable Aislado Thhw Cu N14 Negro"" en cablescolombia.com — mismo tipo y color, calibre distinto. Reemplazar por foto exacta antes de publicar."
SRT-PENDING-6BA5A1DAA2AC,"Cable THHW-LS 6 AWG Cobre Trenzado, Rojo",surtilec-cable-thhw-ls-6-awg-cobre-trenzado-rojo-srt-pending-6ba5a1daa2ac.jpg,0d878ac98553cdc6fa5d23632ebea3496d2c2063fc380d307c57c193afd48fd6,revisar_variante_antes_de_publicar,no_coincidencia_exacta_fuente_reutilizada,retirar_imagen_destacada_y_conservar_adjunto_en_revision,15,"IMAGEN GENÉRICA DE FAMILIA (100% familia/material/color) tomada de ""Cable Aislado Thhw Cu N14 Rojo"" en cablescolombia.com — mismo tipo y color, calibre distinto. Reemplazar por foto exacta antes de publicar."
SRT-PENDING-8B3722E7CB2B,"Cable THHW-LS 6 AWG Cobre Trenzado, Verde",surtilec-cable-thhw-ls-6-awg-cobre-trenzado-verde-srt-pending-8b3722e7cb2b.jpg,edbe8ad3f9430cbccd090f00ac3dfc286ed023a09636fc76a1aeedbc919462ab,revisar_variante_antes_de_publicar,no_coincidencia_exacta_fuente_reutilizada,retirar_imagen_destacada_y_conservar_adjunto_en_revision,4,"IMAGEN GENÉRICA DE FAMILIA (100% familia/material/color) tomada de ""Cable Aislado Thhw Cu N14 Verde"" en cablescolombia.com — mismo tipo y color, calibre distinto. Reemplazar por foto exacta antes de publicar."
SRT-PENDING-0CEB7A30C550,Cable THHW-LS 4 AWG Cobre Trenzado,surtilec-cable-thhw-ls-4-awg-cobre-trenzado-srt-pending-0ceb7a30c550.jpg,0d878ac98553cdc6fa5d23632ebea3496d2c2063fc380d307c57c193afd48fd6,revisar_variante_antes_de_publicar,no_coincidencia_exacta_fuente_reutilizada,retirar_imagen_destacada_y_conservar_adjunto_en_revision,15,"IMAGEN GENÉRICA DE FAMILIA (100% familia, material CU) tomada de ""Cable Aislado Thhw Cu N14 Rojo"" en cablescolombia.com. Reemplazar por foto exacta antes de publicar."
SRT-PENDING-1CEB98D50A52,Cable THHW-LS 2 AWG Cobre Trenzado,surtilec-cable-thhw-ls-2-awg-cobre-trenzado-srt-pending-1ceb98d50a52.jpg,0d878ac98553cdc6fa5d23632ebea3496d2c2063fc380d307c57c193afd48fd6,revisar_variante_antes_de_publicar,no_coincidencia_exacta_fuente_reutilizada,retirar_imagen_destacada_y_conservar_adjunto_en_revision,15,"IMAGEN GENÉRICA DE FAMILIA (100% familia, material CU) tomada de ""Cable Aislado Thhw Cu N14 Rojo"" en cablescolombia.com. Reemplazar por foto exacta antes de publicar."
SRT-PENDING-CCD73200B6F2,Cable THHW-LS 1/0 AWG Cobre Trenzado,surtilec-cable-thhw-ls-1-0-awg-cobre-trenzado-srt-pending-ccd73200b6f2.jpg,0d878ac98553cdc6fa5d23632ebea3496d2c2063fc380d307c57c193afd48fd6,revisar_variante_antes_de_publicar,no_coincidencia_exacta_fuente_reutilizada,retirar_imagen_destacada_y_conservar_adjunto_en_revision,15,"IMAGEN GENÉRICA DE FAMILIA (100% familia, material CU) tomada de ""Cable Aislado Thhw Cu N14 Rojo"" en cablescolombia.com. Reemplazar por foto exacta antes de publicar."
SRT-PENDING-F261807B9900,Cable THHW-LS 2/0 AWG Cobre Trenzado,surtilec-cable-thhw-ls-2-0-awg-cobre-trenzado-srt-pending-f261807b9900.jpg,0d878ac98553cdc6fa5d23632ebea3496d2c2063fc380d307c57c193afd48fd6,revisar_variante_antes_de_publicar,no_coincidencia_exacta_fuente_reutilizada,retirar_imagen_destacada_y_conservar_adjunto_en_revision,15,"IMAGEN GENÉRICA DE FAMILIA (100% familia, material CU) tomada de ""Cable Aislado Thhw Cu N14 Rojo"" en cablescolombia.com. Reemplazar por foto exacta antes de publicar."
SRT-PENDING-4C460F3BCB10,Cable THHW-LS 3/0 AWG Cobre Trenzado,surtilec-cable-thhw-ls-3-0-awg-cobre-trenzado-srt-pending-4c460f3bcb10.jpg,0d878ac98553cdc6fa5d23632ebea3496d2c2063fc380d307c57c193afd48fd6,revisar_variante_antes_de_publicar,no_coincidencia_exacta_fuente_reutilizada,retirar_imagen_destacada_y_conservar_adjunto_en_revision,15,"IMAGEN GENÉRICA DE FAMILIA (100% familia, material CU) tomada de ""Cable Aislado Thhw Cu N14 Rojo"" en cablescolombia.com. Reemplazar por foto exacta antes de publicar."
SRT-PENDING-B03FCD60601B,Cable THHW-LS 4/0 AWG Cobre Trenzado,surtilec-cable-thhw-ls-4-0-awg-cobre-trenzado-srt-pending-b03fcd60601b.jpg,0d878ac98553cdc6fa5d23632ebea3496d2c2063fc380d307c57c193afd48fd6,revisar_variante_antes_de_publicar,no_coincidencia_exacta_fuente_reutilizada,retirar_imagen_destacada_y_conservar_adjunto_en_revision,15,"IMAGEN GENÉRICA DE FAMILIA (100% familia, material CU) tomada de ""Cable Aislado Thhw Cu N14 Rojo"" en cablescolombia.com. Reemplazar por foto exacta antes de publicar."
SRT-PENDING-03893103C5CC,Cable THHW-LS 250 kcmil Cobre Trenzado,surtilec-cable-thhw-ls-250-kcmil-cobre-trenzado-srt-pending-03893103c5cc.jpg,0d878ac98553cdc6fa5d23632ebea3496d2c2063fc380d307c57c193afd48fd6,revisar_variante_antes_de_publicar,no_coincidencia_exacta_fuente_reutilizada,retirar_imagen_destacada_y_conservar_adjunto_en_revision,15,"IMAGEN GENÉRICA DE FAMILIA (100% familia, material CU) tomada de ""Cable Aislado Thhw Cu N14 Rojo"" en cablescolombia.com. Reemplazar por foto exacta antes de publicar."
SRT-PENDING-BB2B59952D1B,Cable THHW-LS 350 kcmil Cobre Trenzado,surtilec-cable-thhw-ls-350-kcmil-cobre-trenzado-srt-pending-bb2b59952d1b.jpg,0d878ac98553cdc6fa5d23632ebea3496d2c2063fc380d307c57c193afd48fd6,revisar_variante_antes_de_publicar,no_coincidencia_exacta_fuente_reutilizada,retirar_imagen_destacada_y_conservar_adjunto_en_revision,15,"IMAGEN GENÉRICA DE FAMILIA (100% familia, material CU) tomada de ""Cable Aislado Thhw Cu N14 Rojo"" en cablescolombia.com. Reemplazar por foto exacta antes de publicar."
SRT-PENDING-920AA95588FF,Cable THHW-LS 500 kcmil Cobre Trenzado,surtilec-cable-thhw-ls-500-kcmil-cobre-trenzado-srt-pending-920aa95588ff.jpg,0d878ac98553cdc6fa5d23632ebea3496d2c2063fc380d307c57c193afd48fd6,revisar_variante_antes_de_publicar,no_coincidencia_exacta_fuente_reutilizada,retirar_imagen_destacada_y_conservar_adjunto_en_revision,15,"IMAGEN GENÉRICA DE FAMILIA (100% familia, material CU) tomada de ""Cable Aislado Thhw Cu N14 Rojo"" en cablescolombia.com. Reemplazar por foto exacta antes de publicar."
SRT-PENDING-5D89757874CE,Cable THHW-LS 400 kcmil Cobre Trenzado,surtilec-cable-thhw-ls-400-kcmil-cobre-trenzado-srt-pending-5d89757874ce.jpg,0d878ac98553cdc6fa5d23632ebea3496d2c2063fc380d307c57c193afd48fd6,revisar_variante_antes_de_publicar,no_coincidencia_exacta_fuente_reutilizada,retirar_imagen_destacada_y_conservar_adjunto_en_revision,15,"IMAGEN GENÉRICA DE FAMILIA (100% familia, material CU) tomada de ""Cable Aislado Thhw Cu N14 Rojo"" en cablescolombia.com. Reemplazar por foto exacta antes de publicar."
SRT-PENDING-86DB4130DA9A,"Cable THHW-LS 14 AWG Cobre Trenzado, Amarillo",surtilec-cable-thhw-ls-14-awg-cobre-trenzado-amarillo-srt-pending-86db4130da9a.webp,7ada479a8591a9fe9646145592ef274cebf0b983d67b150eb83c1e1f36f92006,revisar_variante_antes_de_publicar,no_coincidencia_exacta_fuente_reutilizada,retirar_imagen_destacada_y_conservar_adjunto_en_revision,5,"Imagen sugerida automáticamente desde cablescolombia.com — similitud 100% con ""Cable Aislado Thhw Cu N14 Amarillo"". Verificar visualmente y obtener permiso antes de publicar."
SRT-PENDING-780ABB517110,Alambre de Cobre Desnudo 14 AWG Sólido,surtilec-alambre-de-cobre-desnudo-14-awg-solido-srt-pending-780abb517110.webp,93e1cb70541c65f2def83825adae55061af23e490c8bc2b3f2dd926f48b0483f,revisar_variante_antes_de_publicar,coincidencia_exacta_no_demostrada,retirar_imagen_destacada_y_conservar_adjunto_en_revision,1,"Imagen sugerida automáticamente desde cablescolombia.com — similitud 100% con ""Alambre Desnudo N14 x Metro"". Verificar visualmente y obtener permiso antes de publicar."
SRT-PENDING-1804F14F0031,Alambre de Cobre Desnudo 12 AWG Sólido,surtilec-alambre-de-cobre-desnudo-12-awg-solido-srt-pending-1804f14f0031.webp,acb965446f42b94f992cf645652f31636f14f4c6af2ca97cbc3655daf49b75e1,revisar_variante_antes_de_publicar,coincidencia_exacta_no_demostrada,retirar_imagen_destacada_y_conservar_adjunto_en_revision,1,"Imagen sugerida automáticamente desde cablescolombia.com — similitud 100% con ""Alambre Desnudo N12 x Metro"". Verificar visualmente y obtener permiso antes de publicar."
SRT-PENDING-CCE01012E007,Alambre de Cobre Desnudo 10 AWG Sólido,surtilec-alambre-de-cobre-desnudo-10-awg-solido-srt-pending-cce01012e007.webp,7510bfaff331127de8d06b54b8e17f84214eeef2d5c49c4b62f2b3c3960962f7,revisar_variante_antes_de_publicar,coincidencia_exacta_no_demostrada,retirar_imagen_destacada_y_conservar_adjunto_en_revision,1,"Imagen sugerida automáticamente desde cablescolombia.com — similitud 100% con ""Alambre Desnudo N10 x Metro"". Verificar visualmente y obtener permiso antes de publicar."
SRT-PENDING-E8DD5A6639BC,Alambre de Cobre Desnudo 8 AWG Sólido,surtilec-alambre-de-cobre-desnudo-8-awg-solido-srt-pending-e8dd5a6639bc.webp,6b97931bff48b6bd57436f7d108171a375f39a6cbdc70154743bc6378e58c0b9,revisar_variante_antes_de_publicar,coincidencia_exacta_no_demostrada,retirar_imagen_destacada_y_conservar_adjunto_en_revision,1,"Imagen sugerida automáticamente desde cablescolombia.com — similitud 100% con ""Alambre Desnudo N8 x Metro"". Verificar visualmente y obtener permiso antes de publicar."
SRT-PENDING-97A4BB65EF11,Cable de Cobre Desnudo 14 AWG Trenzado,surtilec-cable-de-cobre-desnudo-14-awg-trenzado-srt-pending-97a4bb65ef11.webp,287fd790f9f31362ef36a9aa073a7ed8d587d2bc80f9722652164cc4a8450017,revisar_variante_antes_de_publicar,no_coincidencia_exacta_fuente_reutilizada,retirar_imagen_destacada_y_conservar_adjunto_en_revision,3,"Imagen sugerida automáticamente desde cablescolombia.com — similitud 100% con ""Cable Desnudo Cobre N14"". Verificar visualmente y obtener permiso antes de publicar."
SRT-PENDING-62ECCB9CBC7F,Cable de Cobre Desnudo 12 AWG Trenzado,surtilec-cable-de-cobre-desnudo-12-awg-trenzado-srt-pending-62eccb9cbc7f.webp,287fd790f9f31362ef36a9aa073a7ed8d587d2bc80f9722652164cc4a8450017,revisar_variante_antes_de_publicar,coincidencia_exacta_no_demostrada,retirar_imagen_destacada_y_conservar_adjunto_en_revision,1,"Imagen sugerida automáticamente desde cablescolombia.com — similitud 100% con ""Cable Desnudo Cobre N12"". Verificar visualmente y obtener permiso antes de publicar."
SRT-PENDING-3E3E2E48D6A4,Cable de Cobre Desnudo 10 AWG Trenzado,surtilec-cable-de-cobre-desnudo-10-awg-trenzado-srt-pending-3e3e2e48d6a4.webp,287fd790f9f31362ef36a9aa073a7ed8d587d2bc80f9722652164cc4a8450017,revisar_variante_antes_de_publicar,coincidencia_exacta_no_demostrada,retirar_imagen_destacada_y_conservar_adjunto_en_revision,1,"Imagen sugerida automáticamente desde cablescolombia.com — similitud 100% con ""Cable Desnudo Cobre N10"". Verificar visualmente y obtener permiso antes de publicar."
SRT-PENDING-54AFC653C391,Cable de Cobre Desnudo 8 AWG Trenzado,surtilec-cable-de-cobre-desnudo-8-awg-trenzado-srt-pending-54afc653c391.webp,055548716b371f643469b965014625a049237f5f231ddd34ea0f918ad6fe47df,revisar_variante_antes_de_publicar,coincidencia_exacta_no_demostrada,retirar_imagen_destacada_y_conservar_adjunto_en_revision,1,"Imagen sugerida automáticamente desde cablescolombia.com — similitud 100% con ""Cable Desnudo Cobre N8"". Verificar visualmente y obtener permiso antes de publicar."
SRT-PENDING-77E92A904BC9,Cable de Cobre Desnudo 6 AWG Trenzado,surtilec-cable-de-cobre-desnudo-6-awg-trenzado-srt-pending-77e92a904bc9.webp,055548716b371f643469b965014625a049237f5f231ddd34ea0f918ad6fe47df,revisar_variante_antes_de_publicar,coincidencia_exacta_no_demostrada,retirar_imagen_destacada_y_conservar_adjunto_en_revision,1,"Imagen sugerida automáticamente desde cablescolombia.com — similitud 100% con ""Cable Desnudo Cobre N6"". Verificar visualmente y obtener permiso antes de publicar."
SRT-PENDING-84502B5390F0,Cable de Cobre Desnudo 4 AWG Trenzado,surtilec-cable-de-cobre-desnudo-4-awg-trenzado-srt-pending-84502b5390f0.webp,300d2c8aad1dbebdc66da36faa42062d47c7d49d261a5ec1cf4ab507abe09b30,revisar_variante_antes_de_publicar,coincidencia_exacta_no_demostrada,retirar_imagen_destacada_y_conservar_adjunto_en_revision,1,"Imagen sugerida automáticamente desde cablescolombia.com — similitud 100% con ""Cable Desnudo Cobre N4"". Verificar visualmente y obtener permiso antes de publicar."
SRT-PENDING-8E7EFB9E9172,Cable de Cobre Desnudo 2 AWG Trenzado,surtilec-cable-de-cobre-desnudo-2-awg-trenzado-srt-pending-8e7efb9e9172.webp,055548716b371f643469b965014625a049237f5f231ddd34ea0f918ad6fe47df,revisar_variante_antes_de_publicar,coincidencia_exacta_no_demostrada,retirar_imagen_destacada_y_conservar_adjunto_en_revision,1,"Imagen sugerida automáticamente desde cablescolombia.com — similitud 100% con ""Cable Desnudo Cobre N2"". Verificar visualmente y obtener permiso antes de publicar."
SRT-PENDING-53E9D5D96B7F,Cable de Cobre Desnudo 1/0 AWG Trenzado,surtilec-cable-de-cobre-desnudo-1-0-awg-trenzado-srt-pending-53e9d5d96b7f.webp,055548716b371f643469b965014625a049237f5f231ddd34ea0f918ad6fe47df,revisar_variante_antes_de_publicar,coincidencia_exacta_no_demostrada,retirar_imagen_destacada_y_conservar_adjunto_en_revision,1,"Imagen sugerida automáticamente desde cablescolombia.com — similitud 100% con ""Cable Desnudo Cobre 1/0"". Verificar visualmente y obtener permiso antes de publicar."
SRT-PENDING-8EAF5D9C2C85,Cable de Cobre Desnudo 2/0 AWG Trenzado,surtilec-cable-de-cobre-desnudo-2-0-awg-trenzado-srt-pending-8eaf5d9c2c85.webp,300d2c8aad1dbebdc66da36faa42062d47c7d49d261a5ec1cf4ab507abe09b30,revisar_variante_antes_de_publicar,coincidencia_exacta_no_demostrada,retirar_imagen_destacada_y_conservar_adjunto_en_revision,1,"Imagen sugerida automáticamente desde cablescolombia.com — similitud 100% con ""Cable Desnudo Cobre 2/0"". Verificar visualmente y obtener permiso antes de publicar."
SRT-PENDING-54D394A49AB8,Cable de Cobre Desnudo 4/0 AWG Trenzado,surtilec-cable-de-cobre-desnudo-4-0-awg-trenzado-srt-pending-54d394a49ab8.webp,287fd790f9f31362ef36a9aa073a7ed8d587d2bc80f9722652164cc4a8450017,revisar_variante_antes_de_publicar,no_coincidencia_exacta_fuente_reutilizada,retirar_imagen_destacada_y_conservar_adjunto_en_revision,3,"IMAGEN GENÉRICA DE FAMILIA (100% familia/material/color) tomada de ""Cable Desnudo Cobre N14"" en cablescolombia.com — mismo tipo y color, calibre distinto. Reemplazar por foto exacta antes de publicar."
SRT-PENDING-F0425DF85B52,Cable de Cobre Desnudo 3/0 AWG Trenzado,surtilec-cable-de-cobre-desnudo-3-0-awg-trenzado-srt-pending-f0425df85b52.webp,287fd790f9f31362ef36a9aa073a7ed8d587d2bc80f9722652164cc4a8450017,revisar_variante_antes_de_publicar,no_coincidencia_exacta_fuente_reutilizada,retirar_imagen_destacada_y_conservar_adjunto_en_revision,3,"IMAGEN GENÉRICA DE FAMILIA (100% familia/material/color) tomada de ""Cable Desnudo Cobre N14"" en cablescolombia.com — mismo tipo y color, calibre distinto. Reemplazar por foto exacta antes de publicar."
SRT-PENDING-69E2CF6A9559,"Cable Libre de Halógeno LSZH 14 AWG Cobre Trenzado, Amarillo",surtilec-cable-libre-de-halogeno-lszh-14-awg-cobre-trenzado-amarillo-srt-pending-69e2cf6a9559.webp,a6525113aebea1beeaf27b84bdb3c01c2f3c0879eeeb95b968d7894b54013a0a,revisar_variante_antes_de_publicar,no_coincidencia_exacta_fuente_reutilizada,retirar_imagen_destacada_y_conservar_adjunto_en_revision,14,"Imagen sugerida automáticamente desde cablescolombia.com — similitud 100% con ""Cable Libre de Halógeno N14 Amarillo Cu"". Verificar visualmente y obtener permiso antes de publicar."
SRT-PENDING-A0314224E766,"Cable Libre de Halógeno LSZH 14 AWG Cobre Trenzado, Azul",surtilec-cable-libre-de-halogeno-lszh-14-awg-cobre-trenzado-azul-srt-pending-a0314224e766.webp,3406c5ea89d890c1ed77920957d6beebab75be52656b19942cdbd80ad1154a82,revisar_variante_antes_de_publicar,no_coincidencia_exacta_fuente_reutilizada,retirar_imagen_destacada_y_conservar_adjunto_en_revision,4,"Imagen sugerida automáticamente desde cablescolombia.com — similitud 100% con ""Cable Libre de Halógeno N14 Azul Cu"". Verificar visualmente y obtener permiso antes de publicar."
SRT-PENDING-C94E1E870A26,"Cable Libre de Halógeno LSZH 14 AWG Cobre Trenzado, Blanco",surtilec-cable-libre-de-halogeno-lszh-14-awg-cobre-trenzado-blanco-srt-pending-c94e1e870a26.webp,594d796a96c79e13b432ca8b95444f54a5b6d2388f325a70eab03ecbbd4514f6,revisar_variante_antes_de_publicar,no_coincidencia_exacta_fuente_reutilizada,retirar_imagen_destacada_y_conservar_adjunto_en_revision,5,"Imagen sugerida automáticamente desde cablescolombia.com — similitud 100% con ""Cable Libre de Halógeno N14 Blanco Cu"". Verificar visualmente y obtener permiso antes de publicar."
SRT-PENDING-04ACB9EA61A1,"Cable Libre de Halógeno LSZH 14 AWG Cobre Trenzado, Negro",surtilec-cable-libre-de-halogeno-lszh-14-awg-cobre-trenzado-negro-srt-pending-04acb9ea61a1.webp,b8d415ea403bc4f235e85917cf0e05148b8bc50f5e58c741afdf4a6cbe0fff7d,revisar_variante_antes_de_publicar,no_coincidencia_exacta_fuente_reutilizada,retirar_imagen_destacada_y_conservar_adjunto_en_revision,5,"Imagen sugerida automáticamente desde cablescolombia.com — similitud 100% con ""Cable Libre de Halógeno N14 Negro Cu"". Verificar visualmente y obtener permiso antes de publicar."
SRT-PENDING-756CD6407BE0,"Cable Libre de Halógeno LSZH 14 AWG Cobre Trenzado, Rojo",surtilec-cable-libre-de-halogeno-lszh-14-awg-cobre-trenzado-rojo-srt-pending-756cd6407be0.webp,b232726a6c0b06aafc14a9a9e8debc99fd5ad7d20f6633ac16d11f4e71d6d3a7,revisar_variante_antes_de_publicar,no_coincidencia_exacta_fuente_reutilizada,retirar_imagen_destacada_y_conservar_adjunto_en_revision,5,"Imagen sugerida automáticamente desde cablescolombia.com — similitud 100% con ""Cable Libre de Halógeno N14 Rojo Cu"". Verificar visualmente y obtener permiso antes de publicar."
SRT-PENDING-4BC064D08D6A,"Cable Libre de Halógeno LSZH 14 AWG Cobre Trenzado, Verde",surtilec-cable-libre-de-halogeno-lszh-14-awg-cobre-trenzado-verde-srt-pending-4bc064d08d6a.webp,afe96b15ec5b0daaf459935f3f1dd5db265524332b8774d7586be92831abc0b4,revisar_variante_antes_de_publicar,no_coincidencia_exacta_fuente_reutilizada,retirar_imagen_destacada_y_conservar_adjunto_en_revision,4,"Imagen sugerida automáticamente desde cablescolombia.com — similitud 100% con ""Cable Libre de Halógeno N14 Verde Cu"". Verificar visualmente y obtener permiso antes de publicar."
SRT-PENDING-7369268D0BC2,"Cable Libre de Halógeno LSZH 12 AWG Cobre Trenzado, Negro",surtilec-cable-libre-de-halogeno-lszh-12-awg-cobre-trenzado-negro-srt-pending-7369268d0bc2.webp,b8d415ea403bc4f235e85917cf0e05148b8bc50f5e58c741afdf4a6cbe0fff7d,revisar_variante_antes_de_publicar,no_coincidencia_exacta_fuente_reutilizada,retirar_imagen_destacada_y_conservar_adjunto_en_revision,5,"IMAGEN GENÉRICA DE FAMILIA (100% familia/material/color) tomada de ""Cable Libre de Halógeno N14 Negro Cu"" en cablescolombia.com — mismo tipo y color, calibre distinto. Reemplazar por foto exacta antes de publicar."
SRT-PENDING-A0245B1C009E,"Cable Libre de Halógeno LSZH 12 AWG Cobre Trenzado, Amarillo",surtilec-cable-libre-de-halogeno-lszh-12-awg-cobre-trenzado-amarillo-srt-pending-a0245b1c009e.webp,a6525113aebea1beeaf27b84bdb3c01c2f3c0879eeeb95b968d7894b54013a0a,revisar_variante_antes_de_publicar,coincidencia_exacta_no_demostrada,retirar_imagen_destacada_y_conservar_adjunto_en_revision,1,"Imagen sugerida automáticamente desde cablescolombia.com — similitud 100% con ""Cable Libre de Halógeno N12 Amarillo"". Verificar visualmente y obtener permiso antes de publicar."
SRT-PENDING-440FF4D96875,"Cable Libre de Halógeno LSZH 12 AWG Cobre Trenzado, Azul",surtilec-cable-libre-de-halogeno-lszh-12-awg-cobre-trenzado-azul-srt-pending-440ff4d96875.webp,3406c5ea89d890c1ed77920957d6beebab75be52656b19942cdbd80ad1154a82,revisar_variante_antes_de_publicar,coincidencia_exacta_no_demostrada,retirar_imagen_destacada_y_conservar_adjunto_en_revision,1,"Imagen sugerida automáticamente desde cablescolombia.com — similitud 100% con ""Cable Libre de Halógeno N12 Azul Cu"". Verificar visualmente y obtener permiso antes de publicar."
SRT-PENDING-10BAA11455B0,"Cable Libre de Halógeno LSZH 12 AWG Cobre Trenzado, Blanco",surtilec-cable-libre-de-halogeno-lszh-12-awg-cobre-trenzado-blanco-srt-pending-10baa11455b0.webp,594d796a96c79e13b432ca8b95444f54a5b6d2388f325a70eab03ecbbd4514f6,revisar_variante_antes_de_publicar,no_coincidencia_exacta_fuente_reutilizada,retirar_imagen_destacada_y_conservar_adjunto_en_revision,5,"IMAGEN GENÉRICA DE FAMILIA (100% familia/material/color) tomada de ""Cable Libre de Halógeno N14 Blanco Cu"" en cablescolombia.com — mismo tipo y color, calibre distinto. Reemplazar por foto exacta antes de publicar."
SRT-PENDING-243D5EC2CB12,"Cable Libre de Halógeno LSZH 12 AWG Cobre Trenzado, Rojo",surtilec-cable-libre-de-halogeno-lszh-12-awg-cobre-trenzado-rojo-srt-pending-243d5ec2cb12.webp,b232726a6c0b06aafc14a9a9e8debc99fd5ad7d20f6633ac16d11f4e71d6d3a7,revisar_variante_antes_de_publicar,no_coincidencia_exacta_fuente_reutilizada,retirar_imagen_destacada_y_conservar_adjunto_en_revision,5,"IMAGEN GENÉRICA DE FAMILIA (100% familia/material/color) tomada de ""Cable Libre de Halógeno N14 Rojo Cu"" en cablescolombia.com — mismo tipo y color, calibre distinto. Reemplazar por foto exacta antes de publicar."
SRT-PENDING-754DB4144A5A,"Cable Libre de Halógeno LSZH 12 AWG Cobre Trenzado, Verde",surtilec-cable-libre-de-halogeno-lszh-12-awg-cobre-trenzado-verde-srt-pending-754db4144a5a.webp,afe96b15ec5b0daaf459935f3f1dd5db265524332b8774d7586be92831abc0b4,revisar_variante_antes_de_publicar,coincidencia_exacta_no_demostrada,retirar_imagen_destacada_y_conservar_adjunto_en_revision,1,"Imagen sugerida automáticamente desde cablescolombia.com — similitud 100% con ""Cable Libre de Halógeno N12 Verde Cu"". Verificar visualmente y obtener permiso antes de publicar."
SRT-PENDING-FE40981C6EE2,"Cable Libre de Halógeno LSZH 10 AWG Cobre Trenzado, Amarillo",surtilec-cable-libre-de-halogeno-lszh-10-awg-cobre-trenzado-amarillo-srt-pending-fe40981c6ee2.webp,a6525113aebea1beeaf27b84bdb3c01c2f3c0879eeeb95b968d7894b54013a0a,revisar_variante_antes_de_publicar,no_coincidencia_exacta_fuente_reutilizada,retirar_imagen_destacada_y_conservar_adjunto_en_revision,14,"IMAGEN GENÉRICA DE FAMILIA (100% familia/material/color) tomada de ""Cable Libre de Halógeno N14 Amarillo Cu"" en cablescolombia.com — mismo tipo y color, calibre distinto. Reemplazar por foto exacta antes de publicar."
SRT-PENDING-8A5260740314,"Cable Libre de Halógeno LSZH 10 AWG Cobre Trenzado, Azul",surtilec-cable-libre-de-halogeno-lszh-10-awg-cobre-trenzado-azul-srt-pending-8a5260740314.webp,3406c5ea89d890c1ed77920957d6beebab75be52656b19942cdbd80ad1154a82,revisar_variante_antes_de_publicar,no_coincidencia_exacta_fuente_reutilizada,retirar_imagen_destacada_y_conservar_adjunto_en_revision,4,"IMAGEN GENÉRICA DE FAMILIA (100% familia/material/color) tomada de ""Cable Libre de Halógeno N14 Azul Cu"" en cablescolombia.com — mismo tipo y color, calibre distinto. Reemplazar por foto exacta antes de publicar."
SRT-PENDING-EB924394D412,"Cable Libre de Halógeno LSZH 10 AWG Cobre Trenzado, Blanco",surtilec-cable-libre-de-halogeno-lszh-10-awg-cobre-trenzado-blanco-srt-pending-eb924394d412.webp,594d796a96c79e13b432ca8b95444f54a5b6d2388f325a70eab03ecbbd4514f6,revisar_variante_antes_de_publicar,no_coincidencia_exacta_fuente_reutilizada,retirar_imagen_destacada_y_conservar_adjunto_en_revision,5,"IMAGEN GENÉRICA DE FAMILIA (100% familia/material/color) tomada de ""Cable Libre de Halógeno N14 Blanco Cu"" en cablescolombia.com — mismo tipo y color, calibre distinto. Reemplazar por foto exacta antes de publicar."
SRT-PENDING-04898B1D8929,"Cable Libre de Halógeno LSZH 10 AWG Cobre Trenzado, Negro",surtilec-cable-libre-de-halogeno-lszh-10-awg-cobre-trenzado-negro-srt-pending-04898b1d8929.webp,b8d415ea403bc4f235e85917cf0e05148b8bc50f5e58c741afdf4a6cbe0fff7d,revisar_variante_antes_de_publicar,no_coincidencia_exacta_fuente_reutilizada,retirar_imagen_destacada_y_conservar_adjunto_en_revision,5,"IMAGEN GENÉRICA DE FAMILIA (100% familia/material/color) tomada de ""Cable Libre de Halógeno N14 Negro Cu"" en cablescolombia.com — mismo tipo y color, calibre distinto. Reemplazar por foto exacta antes de publicar."
SRT-PENDING-CBCDD04A16CB,"Cable Libre de Halógeno LSZH 10 AWG Cobre Trenzado, Rojo",surtilec-cable-libre-de-halogeno-lszh-10-awg-cobre-trenzado-rojo-srt-pending-cbcdd04a16cb.webp,b232726a6c0b06aafc14a9a9e8debc99fd5ad7d20f6633ac16d11f4e71d6d3a7,revisar_variante_antes_de_publicar,no_coincidencia_exacta_fuente_reutilizada,retirar_imagen_destacada_y_conservar_adjunto_en_revision,5,"IMAGEN GENÉRICA DE FAMILIA (100% familia/material/color) tomada de ""Cable Libre de Halógeno N14 Rojo Cu"" en cablescolombia.com — mismo tipo y color, calibre distinto. Reemplazar por foto exacta antes de publicar."
SRT-PENDING-9D1C28539091,"Cable Libre de Halógeno LSZH 10 AWG Cobre Trenzado, Verde",surtilec-cable-libre-de-halogeno-lszh-10-awg-cobre-trenzado-verde-srt-pending-9d1c28539091.webp,afe96b15ec5b0daaf459935f3f1dd5db265524332b8774d7586be92831abc0b4,revisar_variante_antes_de_publicar,no_coincidencia_exacta_fuente_reutilizada,retirar_imagen_destacada_y_conservar_adjunto_en_revision,4,"IMAGEN GENÉRICA DE FAMILIA (100% familia/material/color) tomada de ""Cable Libre de Halógeno N14 Verde Cu"" en cablescolombia.com — mismo tipo y color, calibre distinto. Reemplazar por foto exacta antes de publicar."
SRT-PENDING-B30A4A9CBDD7,"Cable Libre de Halógeno LSZH 8 AWG Cobre Trenzado, Amarillo",surtilec-cable-libre-de-halogeno-lszh-8-awg-cobre-trenzado-amarillo-srt-pending-b30a4a9cbdd7.webp,a6525113aebea1beeaf27b84bdb3c01c2f3c0879eeeb95b968d7894b54013a0a,revisar_variante_antes_de_publicar,no_coincidencia_exacta_fuente_reutilizada,retirar_imagen_destacada_y_conservar_adjunto_en_revision,14,"IMAGEN GENÉRICA DE FAMILIA (100% familia/material/color) tomada de ""Cable Libre de Halógeno N14 Amarillo Cu"" en cablescolombia.com — mismo tipo y color, calibre distinto. Reemplazar por foto exacta antes de publicar."
SRT-PENDING-1B13B1046562,"Cable Libre de Halógeno LSZH 8 AWG Cobre Trenzado, Azul",surtilec-cable-libre-de-halogeno-lszh-8-awg-cobre-trenzado-azul-srt-pending-1b13b1046562.webp,3406c5ea89d890c1ed77920957d6beebab75be52656b19942cdbd80ad1154a82,revisar_variante_antes_de_publicar,no_coincidencia_exacta_fuente_reutilizada,retirar_imagen_destacada_y_conservar_adjunto_en_revision,4,"IMAGEN GENÉRICA DE FAMILIA (100% familia/material/color) tomada de ""Cable Libre de Halógeno N14 Azul Cu"" en cablescolombia.com — mismo tipo y color, calibre distinto. Reemplazar por foto exacta antes de publicar."
SRT-PENDING-35553BFE8787,"Cable Libre de Halógeno LSZH 8 AWG Cobre Trenzado, Blanco",surtilec-cable-libre-de-halogeno-lszh-8-awg-cobre-trenzado-blanco-srt-pending-35553bfe8787.webp,594d796a96c79e13b432ca8b95444f54a5b6d2388f325a70eab03ecbbd4514f6,revisar_variante_antes_de_publicar,no_coincidencia_exacta_fuente_reutilizada,retirar_imagen_destacada_y_conservar_adjunto_en_revision,5,"IMAGEN GENÉRICA DE FAMILIA (100% familia/material/color) tomada de ""Cable Libre de Halógeno N14 Blanco Cu"" en cablescolombia.com — mismo tipo y color, calibre distinto. Reemplazar por foto exacta antes de publicar."
SRT-PENDING-D7EDD3DFC08C,"Cable Libre de Halógeno LSZH 8 AWG Cobre Trenzado, Negro",surtilec-cable-libre-de-halogeno-lszh-8-awg-cobre-trenzado-negro-srt-pending-d7edd3dfc08c.webp,b8d415ea403bc4f235e85917cf0e05148b8bc50f5e58c741afdf4a6cbe0fff7d,revisar_variante_antes_de_publicar,no_coincidencia_exacta_fuente_reutilizada,retirar_imagen_destacada_y_conservar_adjunto_en_revision,5,"IMAGEN GENÉRICA DE FAMILIA (100% familia/material/color) tomada de ""Cable Libre de Halógeno N14 Negro Cu"" en cablescolombia.com — mismo tipo y color, calibre distinto. Reemplazar por foto exacta antes de publicar."
SRT-PENDING-A97EFB583217,"Cable Libre de Halógeno LSZH 8 AWG Cobre Trenzado, Rojo",surtilec-cable-libre-de-halogeno-lszh-8-awg-cobre-trenzado-rojo-srt-pending-a97efb583217.webp,b232726a6c0b06aafc14a9a9e8debc99fd5ad7d20f6633ac16d11f4e71d6d3a7,revisar_variante_antes_de_publicar,no_coincidencia_exacta_fuente_reutilizada,retirar_imagen_destacada_y_conservar_adjunto_en_revision,5,"IMAGEN GENÉRICA DE FAMILIA (100% familia/material/color) tomada de ""Cable Libre de Halógeno N14 Rojo Cu"" en cablescolombia.com — mismo tipo y color, calibre distinto. Reemplazar por foto exacta antes de publicar."
SRT-PENDING-CEC6A01178EF,"Cable Libre de Halógeno LSZH 8 AWG Cobre Trenzado, Verde",surtilec-cable-libre-de-halogeno-lszh-8-awg-cobre-trenzado-verde-srt-pending-cec6a01178ef.webp,afe96b15ec5b0daaf459935f3f1dd5db265524332b8774d7586be92831abc0b4,revisar_variante_antes_de_publicar,no_coincidencia_exacta_fuente_reutilizada,retirar_imagen_destacada_y_conservar_adjunto_en_revision,4,"IMAGEN GENÉRICA DE FAMILIA (100% familia/material/color) tomada de ""Cable Libre de Halógeno N14 Verde Cu"" en cablescolombia.com — mismo tipo y color, calibre distinto. Reemplazar por foto exacta antes de publicar."
SRT-PENDING-A046D906ADB0,"Cable Libre de Halógeno LSZH 6 AWG Cobre Trenzado, Amarillo",surtilec-cable-libre-de-halogeno-lszh-6-awg-cobre-trenzado-amarillo-srt-pending-a046d906adb0.webp,a6525113aebea1beeaf27b84bdb3c01c2f3c0879eeeb95b968d7894b54013a0a,revisar_variante_antes_de_publicar,no_coincidencia_exacta_fuente_reutilizada,retirar_imagen_destacada_y_conservar_adjunto_en_revision,14,"IMAGEN GENÉRICA DE FAMILIA (100% familia/material/color) tomada de ""Cable Libre de Halógeno N14 Amarillo Cu"" en cablescolombia.com — mismo tipo y color, calibre distinto. Reemplazar por foto exacta antes de publicar."
SRT-PENDING-07FA0BD6AEB2,"Cable Libre de Halógeno LSZH 6 AWG Cobre Trenzado, Azul",surtilec-cable-libre-de-halogeno-lszh-6-awg-cobre-trenzado-azul-srt-pending-07fa0bd6aeb2.webp,3406c5ea89d890c1ed77920957d6beebab75be52656b19942cdbd80ad1154a82,revisar_variante_antes_de_publicar,no_coincidencia_exacta_fuente_reutilizada,retirar_imagen_destacada_y_conservar_adjunto_en_revision,4,"IMAGEN GENÉRICA DE FAMILIA (100% familia/material/color) tomada de ""Cable Libre de Halógeno N14 Azul Cu"" en cablescolombia.com — mismo tipo y color, calibre distinto. Reemplazar por foto exacta antes de publicar."
SRT-PENDING-2089E87C0AAF,"Cable Libre de Halógeno LSZH 6 AWG Cobre Trenzado, Blanco",surtilec-cable-libre-de-halogeno-lszh-6-awg-cobre-trenzado-blanco-srt-pending-2089e87c0aaf.webp,594d796a96c79e13b432ca8b95444f54a5b6d2388f325a70eab03ecbbd4514f6,revisar_variante_antes_de_publicar,no_coincidencia_exacta_fuente_reutilizada,retirar_imagen_destacada_y_conservar_adjunto_en_revision,5,"IMAGEN GENÉRICA DE FAMILIA (100% familia/material/color) tomada de ""Cable Libre de Halógeno N14 Blanco Cu"" en cablescolombia.com — mismo tipo y color, calibre distinto. Reemplazar por foto exacta antes de publicar."
SRT-PENDING-077F4FF8E9DE,"Cable Libre de Halógeno LSZH 6 AWG Cobre Trenzado, Negro",surtilec-cable-libre-de-halogeno-lszh-6-awg-cobre-trenzado-negro-srt-pending-077f4ff8e9de.webp,b8d415ea403bc4f235e85917cf0e05148b8bc50f5e58c741afdf4a6cbe0fff7d,revisar_variante_antes_de_publicar,no_coincidencia_exacta_fuente_reutilizada,retirar_imagen_destacada_y_conservar_adjunto_en_revision,5,"IMAGEN GENÉRICA DE FAMILIA (100% familia/material/color) tomada de ""Cable Libre de Halógeno N14 Negro Cu"" en cablescolombia.com — mismo tipo y color, calibre distinto. Reemplazar por foto exacta antes de publicar."
SRT-PENDING-82C171848667,"Cable Libre de Halógeno LSZH 6 AWG Cobre Trenzado, Rojo",surtilec-cable-libre-de-halogeno-lszh-6-awg-cobre-trenzado-rojo-srt-pending-82c171848667.webp,b232726a6c0b06aafc14a9a9e8debc99fd5ad7d20f6633ac16d11f4e71d6d3a7,revisar_variante_antes_de_publicar,no_coincidencia_exacta_fuente_reutilizada,retirar_imagen_destacada_y_conservar_adjunto_en_revision,5,"IMAGEN GENÉRICA DE FAMILIA (100% familia/material/color) tomada de ""Cable Libre de Halógeno N14 Rojo Cu"" en cablescolombia.com — mismo tipo y color, calibre distinto. Reemplazar por foto exacta antes de publicar."
SRT-PENDING-C88FD9CE58CA,"Cable Libre de Halógeno LSZH 6 AWG Cobre Trenzado, Verde",surtilec-cable-libre-de-halogeno-lszh-6-awg-cobre-trenzado-verde-srt-pending-c88fd9ce58ca.webp,afe96b15ec5b0daaf459935f3f1dd5db265524332b8774d7586be92831abc0b4,revisar_variante_antes_de_publicar,no_coincidencia_exacta_fuente_reutilizada,retirar_imagen_destacada_y_conservar_adjunto_en_revision,4,"IMAGEN GENÉRICA DE FAMILIA (100% familia/material/color) tomada de ""Cable Libre de Halógeno N14 Verde Cu"" en cablescolombia.com — mismo tipo y color, calibre distinto. Reemplazar por foto exacta antes de publicar."
SRT-PENDING-DB9D247A6425,Cable Libre de Halógeno LSZH 4 AWG Cobre Trenzado,surtilec-cable-libre-de-halogeno-lszh-4-awg-cobre-trenzado-srt-pending-db9d247a6425.webp,a6525113aebea1beeaf27b84bdb3c01c2f3c0879eeeb95b968d7894b54013a0a,revisar_variante_antes_de_publicar,no_coincidencia_exacta_fuente_reutilizada,retirar_imagen_destacada_y_conservar_adjunto_en_revision,14,"IMAGEN GENÉRICA DE FAMILIA (100% familia, material CU) tomada de ""Cable Libre de Halógeno N14 Amarillo Cu"" en cablescolombia.com. Reemplazar por foto exacta antes de publicar."
SRT-PENDING-8D8F8E0DCE81,Cable Libre de Halógeno LSZH 2 AWG Cobre Trenzado,surtilec-cable-libre-de-halogeno-lszh-2-awg-cobre-trenzado-srt-pending-8d8f8e0dce81.webp,a6525113aebea1beeaf27b84bdb3c01c2f3c0879eeeb95b968d7894b54013a0a,revisar_variante_antes_de_publicar,no_coincidencia_exacta_fuente_reutilizada,retirar_imagen_destacada_y_conservar_adjunto_en_revision,14,"IMAGEN GENÉRICA DE FAMILIA (100% familia, material CU) tomada de ""Cable Libre de Halógeno N14 Amarillo Cu"" en cablescolombia.com. Reemplazar por foto exacta antes de publicar."
SRT-PENDING-029EB10AC9CB,Cable Libre de Halógeno LSZH 1/0 AWG Cobre Trenzado,surtilec-cable-libre-de-halogeno-lszh-1-0-awg-cobre-trenzado-srt-pending-029eb10ac9cb.webp,a6525113aebea1beeaf27b84bdb3c01c2f3c0879eeeb95b968d7894b54013a0a,revisar_variante_antes_de_publicar,no_coincidencia_exacta_fuente_reutilizada,retirar_imagen_destacada_y_conservar_adjunto_en_revision,14,"IMAGEN GENÉRICA DE FAMILIA (100% familia, material CU) tomada de ""Cable Libre de Halógeno N14 Amarillo Cu"" en cablescolombia.com. Reemplazar por foto exacta antes de publicar."
SRT-PENDING-388A73331D8A,Cable Libre de Halógeno LSZH 2/0 AWG Cobre Trenzado,surtilec-cable-libre-de-halogeno-lszh-2-0-awg-cobre-trenzado-srt-pending-388a73331d8a.webp,a6525113aebea1beeaf27b84bdb3c01c2f3c0879eeeb95b968d7894b54013a0a,revisar_variante_antes_de_publicar,no_coincidencia_exacta_fuente_reutilizada,retirar_imagen_destacada_y_conservar_adjunto_en_revision,14,"IMAGEN GENÉRICA DE FAMILIA (100% familia, material CU) tomada de ""Cable Libre de Halógeno N14 Amarillo Cu"" en cablescolombia.com. Reemplazar por foto exacta antes de publicar."
SRT-PENDING-017B0187FD40,Cable Libre de Halógeno LSZH 4/0 AWG Cobre Trenzado,surtilec-cable-libre-de-halogeno-lszh-4-0-awg-cobre-trenzado-srt-pending-017b0187fd40.webp,a6525113aebea1beeaf27b84bdb3c01c2f3c0879eeeb95b968d7894b54013a0a,revisar_variante_antes_de_publicar,no_coincidencia_exacta_fuente_reutilizada,retirar_imagen_destacada_y_conservar_adjunto_en_revision,14,"IMAGEN GENÉRICA DE FAMILIA (100% familia, material CU) tomada de ""Cable Libre de Halógeno N14 Amarillo Cu"" en cablescolombia.com. Reemplazar por foto exacta antes de publicar."
SRT-PENDING-AE93C6CB0019,Cable Libre de Halógeno LSZH 3/0 AWG Cobre Trenzado,surtilec-cable-libre-de-halogeno-lszh-3-0-awg-cobre-trenzado-srt-pending-ae93c6cb0019.webp,a6525113aebea1beeaf27b84bdb3c01c2f3c0879eeeb95b968d7894b54013a0a,revisar_variante_antes_de_publicar,no_coincidencia_exacta_fuente_reutilizada,retirar_imagen_destacada_y_conservar_adjunto_en_revision,14,"IMAGEN GENÉRICA DE FAMILIA (100% familia, material CU) tomada de ""Cable Libre de Halógeno N14 Amarillo Cu"" en cablescolombia.com. Reemplazar por foto exacta antes de publicar."
SRT-PENDING-38E9EBE15577,Cable Libre de Halógeno LSZH 250 AWG Cobre Trenzado,surtilec-cable-libre-de-halogeno-lszh-250-awg-cobre-trenzado-srt-pending-38e9ebe15577.webp,a6525113aebea1beeaf27b84bdb3c01c2f3c0879eeeb95b968d7894b54013a0a,revisar_variante_antes_de_publicar,no_coincidencia_exacta_fuente_reutilizada,retirar_imagen_destacada_y_conservar_adjunto_en_revision,14,"IMAGEN GENÉRICA DE FAMILIA (100% familia, material CU) tomada de ""Cable Libre de Halógeno N14 Amarillo Cu"" en cablescolombia.com. Reemplazar por foto exacta antes de publicar."
SRT-PENDING-02119178F055,Cable Libre de Halógeno LSZH 300 AWG Cobre Trenzado,surtilec-cable-libre-de-halogeno-lszh-300-awg-cobre-trenzado-srt-pending-02119178f055.webp,a6525113aebea1beeaf27b84bdb3c01c2f3c0879eeeb95b968d7894b54013a0a,revisar_variante_antes_de_publicar,no_coincidencia_exacta_fuente_reutilizada,retirar_imagen_destacada_y_conservar_adjunto_en_revision,14,"IMAGEN GENÉRICA DE FAMILIA (100% familia, material CU) tomada de ""Cable Libre de Halógeno N14 Amarillo Cu"" en cablescolombia.com. Reemplazar por foto exacta antes de publicar."
SRT-PENDING-971D42F0840C,Cable Libre de Halógeno LSZH 350 AWG Cobre Trenzado,surtilec-cable-libre-de-halogeno-lszh-350-awg-cobre-trenzado-srt-pending-971d42f0840c.webp,a6525113aebea1beeaf27b84bdb3c01c2f3c0879eeeb95b968d7894b54013a0a,revisar_variante_antes_de_publicar,no_coincidencia_exacta_fuente_reutilizada,retirar_imagen_destacada_y_conservar_adjunto_en_revision,14,"IMAGEN GENÉRICA DE FAMILIA (100% familia, material CU) tomada de ""Cable Libre de Halógeno N14 Amarillo Cu"" en cablescolombia.com. Reemplazar por foto exacta antes de publicar."
SRT-PENDING-F7158784A620,Cable Libre de Halógeno LSZH 500 AWG Cobre Trenzado,surtilec-cable-libre-de-halogeno-lszh-500-awg-cobre-trenzado-srt-pending-f7158784a620.webp,a6525113aebea1beeaf27b84bdb3c01c2f3c0879eeeb95b968d7894b54013a0a,revisar_variante_antes_de_publicar,no_coincidencia_exacta_fuente_reutilizada,retirar_imagen_destacada_y_conservar_adjunto_en_revision,14,"IMAGEN GENÉRICA DE FAMILIA (100% familia, material CU) tomada de ""Cable Libre de Halógeno N14 Amarillo Cu"" en cablescolombia.com. Reemplazar por foto exacta antes de publicar."
SRT-ENCAU-7x16AWG-CU,Cable Encauchetado 7x16 AWG Cobre,surtilec-cable-encauchetado-7x16-awg-cobre-srt-encau-7x16awg-cu.webp,6d76d956233027eec34846810c1ed48fc3cddf9c673edd0476e3ba4fd5276c46,revisar_variante_antes_de_publicar,no_coincidencia_exacta_fuente_reutilizada,retirar_imagen_destacada_y_conservar_adjunto_en_revision,25,"Imagen sugerida automáticamente desde cablescolombia.com — similitud 100% con ""Cable Encauchetado 7X16 AWG CU"". Verificar visualmente y obtener permiso antes de publicar."
SRT-ENCAU-7x14AWG-CU,Cable Encauchetado 7x14 AWG Cobre,surtilec-cable-encauchetado-7x14-awg-cobre-srt-encau-7x14awg-cu.webp,6d76d956233027eec34846810c1ed48fc3cddf9c673edd0476e3ba4fd5276c46,revisar_variante_antes_de_publicar,coincidencia_exacta_no_demostrada,retirar_imagen_destacada_y_conservar_adjunto_en_revision,1,"Imagen sugerida automáticamente desde cablescolombia.com — similitud 100% con ""Cable Encauchetado 7X14 AWG CU"". Verificar visualmente y obtener permiso antes de publicar."
SRT-ENCAU-7x10AWG-CU,Cable Encauchetado 7x10 AWG Cobre,surtilec-cable-encauchetado-7x10-awg-cobre-srt-encau-7x10awg-cu.webp,6d76d956233027eec34846810c1ed48fc3cddf9c673edd0476e3ba4fd5276c46,revisar_variante_antes_de_publicar,no_coincidencia_exacta_fuente_reutilizada,retirar_imagen_destacada_y_conservar_adjunto_en_revision,25,"IMAGEN GENÉRICA DE FAMILIA (100% familia/material/color) tomada de ""Cable Encauchetado 7X16 AWG CU"" en cablescolombia.com — mismo tipo y color, calibre distinto. Reemplazar por foto exacta antes de publicar."
SRT-ENCAU-6x18AWG-CU,Cable Encauchetado 6x18 AWG Cobre,surtilec-cable-encauchetado-6x18-awg-cobre-srt-encau-6x18awg-cu.webp,6d76d956233027eec34846810c1ed48fc3cddf9c673edd0476e3ba4fd5276c46,revisar_variante_antes_de_publicar,no_coincidencia_exacta_fuente_reutilizada,retirar_imagen_destacada_y_conservar_adjunto_en_revision,25,"IMAGEN GENÉRICA DE FAMILIA (100% familia/material/color) tomada de ""Cable Encauchetado 7X16 AWG CU"" en cablescolombia.com — mismo tipo y color, calibre distinto. Reemplazar por foto exacta antes de publicar."
SRT-ENCAU-6x16AWG-CU,Cable Encauchetado 6x16 AWG Cobre,surtilec-cable-encauchetado-6x16-awg-cobre-srt-encau-6x16awg-cu.webp,6d76d956233027eec34846810c1ed48fc3cddf9c673edd0476e3ba4fd5276c46,revisar_variante_antes_de_publicar,no_coincidencia_exacta_fuente_reutilizada,retirar_imagen_destacada_y_conservar_adjunto_en_revision,25,"IMAGEN GENÉRICA DE FAMILIA (100% familia/material/color) tomada de ""Cable Encauchetado 7X16 AWG CU"" en cablescolombia.com — mismo tipo y color, calibre distinto. Reemplazar por foto exacta antes de publicar."
SRT-ENCAU-6x14AWG-CU,Cable Encauchetado 6x14 AWG Cobre,surtilec-cable-encauchetado-6x14-awg-cobre-srt-encau-6x14awg-cu.webp,6d76d956233027eec34846810c1ed48fc3cddf9c673edd0476e3ba4fd5276c46,revisar_variante_antes_de_publicar,no_coincidencia_exacta_fuente_reutilizada,retirar_imagen_destacada_y_conservar_adjunto_en_revision,25,"IMAGEN GENÉRICA DE FAMILIA (100% familia/material/color) tomada de ""Cable Encauchetado 7X16 AWG CU"" en cablescolombia.com — mismo tipo y color, calibre distinto. Reemplazar por foto exacta antes de publicar."
SRT-ENCAU-6x12AWG-CU,Cable Encauchetado 6x12 AWG Cobre,surtilec-cable-encauchetado-6x12-awg-cobre-srt-encau-6x12awg-cu.webp,6d76d956233027eec34846810c1ed48fc3cddf9c673edd0476e3ba4fd5276c46,revisar_variante_antes_de_publicar,no_coincidencia_exacta_fuente_reutilizada,retirar_imagen_destacada_y_conservar_adjunto_en_revision,25,"IMAGEN GENÉRICA DE FAMILIA (100% familia/material/color) tomada de ""Cable Encauchetado 7X16 AWG CU"" en cablescolombia.com — mismo tipo y color, calibre distinto. Reemplazar por foto exacta antes de publicar."
SRT-ENCAU-5x18AWG-CU,Cable Encauchetado 5x18 AWG Cobre,surtilec-cable-encauchetado-5x18-awg-cobre-srt-encau-5x18awg-cu.webp,57c65563c9f7c85e31874f8165b654458609e21c1539779fc590b442be70bdd4,revisar_variante_antes_de_publicar,coincidencia_exacta_no_demostrada,retirar_imagen_destacada_y_conservar_adjunto_en_revision,1,"Imagen sugerida automáticamente desde cablescolombia.com — similitud 100% con ""Cable Encauchetado 5X18 AWG Cu"". Verificar visualmente y obtener permiso antes de publicar."
SRT-ENCAU-5x16AWG-CU,Cable Encauchetado 5x16 AWG Cobre,surtilec-cable-encauchetado-5x16-awg-cobre-srt-encau-5x16awg-cu.webp,6d76d956233027eec34846810c1ed48fc3cddf9c673edd0476e3ba4fd5276c46,revisar_variante_antes_de_publicar,no_coincidencia_exacta_fuente_reutilizada,retirar_imagen_destacada_y_conservar_adjunto_en_revision,25,"IMAGEN GENÉRICA DE FAMILIA (100% familia/material/color) tomada de ""Cable Encauchetado 7X16 AWG CU"" en cablescolombia.com — mismo tipo y color, calibre distinto. Reemplazar por foto exacta antes de publicar."
SRT-PENDING-79A2BDF66D2B,Cable Encauchetado 3x10 AWG Cobre,surtilec-cable-encauchetado-3x10-awg-cobre-srt-pending-79a2bdf66d2b.webp,9c92da8aba58bb243e51a12abb9f2cb14e08dbc15648cfd84e91e6b529f604cc,revisar_variante_antes_de_publicar,no_coincidencia_exacta_fuente_reutilizada,retirar_imagen_destacada_y_conservar_adjunto_en_revision,9,"IMAGEN GENÉRICA DE FAMILIA (100% familia/material/color) tomada de ""Cable Encauchetado 4X8 Cu"" en cablescolombia.com — mismo tipo y color, calibre distinto. Reemplazar por foto exacta antes de publicar."
SRT-PENDING-93AC5F0F0161,Cable Encauchetado 3x12 AWG Cobre,surtilec-cable-encauchetado-3x12-awg-cobre-srt-pending-93ac5f0f0161.webp,9c92da8aba58bb243e51a12abb9f2cb14e08dbc15648cfd84e91e6b529f604cc,revisar_variante_antes_de_publicar,no_coincidencia_exacta_fuente_reutilizada,retirar_imagen_destacada_y_conservar_adjunto_en_revision,9,"IMAGEN GENÉRICA DE FAMILIA (100% familia/material/color) tomada de ""Cable Encauchetado 4X8 Cu"" en cablescolombia.com — mismo tipo y color, calibre distinto. Reemplazar por foto exacta antes de publicar."
SRT-PENDING-E11C429FBC9C,Cable Encauchetado 3x14 AWG Cobre,surtilec-cable-encauchetado-3x14-awg-cobre-srt-pending-e11c429fbc9c.webp,9c92da8aba58bb243e51a12abb9f2cb14e08dbc15648cfd84e91e6b529f604cc,revisar_variante_antes_de_publicar,no_coincidencia_exacta_fuente_reutilizada,retirar_imagen_destacada_y_conservar_adjunto_en_revision,9,"IMAGEN GENÉRICA DE FAMILIA (100% familia/material/color) tomada de ""Cable Encauchetado 4X8 Cu"" en cablescolombia.com — mismo tipo y color, calibre distinto. Reemplazar por foto exacta antes de publicar."
SRT-PENDING-9C954DF4F63F,Cable Encauchetado 3x16 AWG Cobre,surtilec-cable-encauchetado-3x16-awg-cobre-srt-pending-9c954df4f63f.webp,9c92da8aba58bb243e51a12abb9f2cb14e08dbc15648cfd84e91e6b529f604cc,revisar_variante_antes_de_publicar,no_coincidencia_exacta_fuente_reutilizada,retirar_imagen_destacada_y_conservar_adjunto_en_revision,9,"IMAGEN GENÉRICA DE FAMILIA (100% familia/material/color) tomada de ""Cable Encauchetado 4X8 Cu"" en cablescolombia.com — mismo tipo y color, calibre distinto. Reemplazar por foto exacta antes de publicar."
SRT-PENDING-F5F1E89CBB39,Cable Encauchetado 3x18 AWG Cobre,surtilec-cable-encauchetado-3x18-awg-cobre-srt-pending-f5f1e89cbb39.webp,9c92da8aba58bb243e51a12abb9f2cb14e08dbc15648cfd84e91e6b529f604cc,revisar_variante_antes_de_publicar,no_coincidencia_exacta_fuente_reutilizada,retirar_imagen_destacada_y_conservar_adjunto_en_revision,9,"IMAGEN GENÉRICA DE FAMILIA (100% familia/material/color) tomada de ""Cable Encauchetado 4X8 Cu"" en cablescolombia.com — mismo tipo y color, calibre distinto. Reemplazar por foto exacta antes de publicar."
SRT-PENDING-8851C823D3C1,Cable Encauchetado 4x8 AWG Cobre,surtilec-cable-encauchetado-4x8-awg-cobre-srt-pending-8851c823d3c1.webp,9c92da8aba58bb243e51a12abb9f2cb14e08dbc15648cfd84e91e6b529f604cc,revisar_variante_antes_de_publicar,no_coincidencia_exacta_fuente_reutilizada,retirar_imagen_destacada_y_conservar_adjunto_en_revision,9,"Imagen sugerida automáticamente desde cablescolombia.com — similitud 100% con ""Cable Encauchetado 4X8 Cu"". Verificar visualmente y obtener permiso antes de publicar."
SRT-PENDING-9E30CCD48105,Cable Encauchetado 4x10 AWG Cobre,surtilec-cable-encauchetado-4x10-awg-cobre-srt-pending-9e30ccd48105.webp,9c92da8aba58bb243e51a12abb9f2cb14e08dbc15648cfd84e91e6b529f604cc,revisar_variante_antes_de_publicar,no_coincidencia_exacta_fuente_reutilizada,retirar_imagen_destacada_y_conservar_adjunto_en_revision,9,"IMAGEN GENÉRICA DE FAMILIA (100% familia/material/color) tomada de ""Cable Encauchetado 4X8 Cu"" en cablescolombia.com — mismo tipo y color, calibre distinto. Reemplazar por foto exacta antes de publicar."
SRT-PENDING-69DA3B02F573,Cable Encauchetado 4x12 AWG Cobre,surtilec-cable-encauchetado-4x12-awg-cobre-srt-pending-69da3b02f573.webp,9c92da8aba58bb243e51a12abb9f2cb14e08dbc15648cfd84e91e6b529f604cc,revisar_variante_antes_de_publicar,coincidencia_exacta_no_demostrada,retirar_imagen_destacada_y_conservar_adjunto_en_revision,1,"Imagen sugerida automáticamente desde cablescolombia.com — similitud 100% con ""Cable Encauchetado 4X12 Cu"". Verificar visualmente y obtener permiso antes de publicar."
SRT-PENDING-5DC320A76AD7,Cable Encauchetado 4x14 AWG Cobre,surtilec-cable-encauchetado-4x14-awg-cobre-srt-pending-5dc320a76ad7.webp,9c92da8aba58bb243e51a12abb9f2cb14e08dbc15648cfd84e91e6b529f604cc,revisar_variante_antes_de_publicar,no_coincidencia_exacta_fuente_reutilizada,retirar_imagen_destacada_y_conservar_adjunto_en_revision,9,"IMAGEN GENÉRICA DE FAMILIA (100% familia/material/color) tomada de ""Cable Encauchetado 4X8 Cu"" en cablescolombia.com — mismo tipo y color, calibre distinto. Reemplazar por foto exacta antes de publicar."
SRT-PENDING-19640B390520,Cable Encauchetado 4x16 AWG Cobre,surtilec-cable-encauchetado-4x16-awg-cobre-srt-pending-19640b390520.webp,9c92da8aba58bb243e51a12abb9f2cb14e08dbc15648cfd84e91e6b529f604cc,revisar_variante_antes_de_publicar,coincidencia_exacta_no_demostrada,retirar_imagen_destacada_y_conservar_adjunto_en_revision,1,"Imagen sugerida automáticamente desde cablescolombia.com — similitud 100% con ""Cable Encauchetado 4X16 Cu"". Verificar visualmente y obtener permiso antes de publicar."
SRT-PENDING-D23957217C5F,Cable Encauchetado 4x18 AWG Cobre,surtilec-cable-encauchetado-4x18-awg-cobre-srt-pending-d23957217c5f.webp,9c92da8aba58bb243e51a12abb9f2cb14e08dbc15648cfd84e91e6b529f604cc,revisar_variante_antes_de_publicar,no_coincidencia_exacta_fuente_reutilizada,retirar_imagen_destacada_y_conservar_adjunto_en_revision,9,"IMAGEN GENÉRICA DE FAMILIA (100% familia/material/color) tomada de ""Cable Encauchetado 4X8 Cu"" en cablescolombia.com — mismo tipo y color, calibre distinto. Reemplazar por foto exacta antes de publicar."
SRT-PENDING-AF3A85B543EB,Cable Encauchetado Libre de Halógeno STF-LS 2x18 AWG,surtilec-cable-encauchetado-libre-de-halogeno-stf-ls-2x18-awg-srt-pending-af3a85b543eb.webp,6d76d956233027eec34846810c1ed48fc3cddf9c673edd0476e3ba4fd5276c46,revisar_variante_antes_de_publicar,no_coincidencia_exacta_fuente_reutilizada,retirar_imagen_destacada_y_conservar_adjunto_en_revision,25,"IMAGEN GENÉRICA DE FAMILIA (regla ""encauchetado"") tomada de ""Cable Encauchetado 7X16 AWG CU"" en cablescolombia.com. Puede diferir en calibre, color y construcción. Reemplazar por foto exacta antes de publicar."
SRT-PENDING-5FB84384A44F,Cable Encauchetado Libre de Halógeno STF-LS 3x18 AWG,surtilec-cable-encauchetado-libre-de-halogeno-stf-ls-3x18-awg-srt-pending-5fb84384a44f.webp,6d76d956233027eec34846810c1ed48fc3cddf9c673edd0476e3ba4fd5276c46,revisar_variante_antes_de_publicar,no_coincidencia_exacta_fuente_reutilizada,retirar_imagen_destacada_y_conservar_adjunto_en_revision,25,"IMAGEN GENÉRICA DE FAMILIA (regla ""encauchetado"") tomada de ""Cable Encauchetado 7X16 AWG CU"" en cablescolombia.com. Puede diferir en calibre, color y construcción. Reemplazar por foto exacta antes de publicar."
SRT-PENDING-8BD8E77FFE26,Cable Encauchetado Libre de Halógeno STF-LS 4x18 AWG,surtilec-cable-encauchetado-libre-de-halogeno-stf-ls-4x18-awg-srt-pending-8bd8e77ffe26.webp,6d76d956233027eec34846810c1ed48fc3cddf9c673edd0476e3ba4fd5276c46,revisar_variante_antes_de_publicar,no_coincidencia_exacta_fuente_reutilizada,retirar_imagen_destacada_y_conservar_adjunto_en_revision,25,"IMAGEN GENÉRICA DE FAMILIA (regla ""encauchetado"") tomada de ""Cable Encauchetado 7X16 AWG CU"" en cablescolombia.com. Puede diferir en calibre, color y construcción. Reemplazar por foto exacta antes de publicar."
SRT-PENDING-B33C9EA4395B,Cable Encauchetado Libre de Halógeno STF-LS 2x16 AWG,surtilec-cable-encauchetado-libre-de-halogeno-stf-ls-2x16-awg-srt-pending-b33c9ea4395b.webp,6d76d956233027eec34846810c1ed48fc3cddf9c673edd0476e3ba4fd5276c46,revisar_variante_antes_de_publicar,no_coincidencia_exacta_fuente_reutilizada,retirar_imagen_destacada_y_conservar_adjunto_en_revision,25,"IMAGEN GENÉRICA DE FAMILIA (regla ""encauchetado"") tomada de ""Cable Encauchetado 7X16 AWG CU"" en cablescolombia.com. Puede diferir en calibre, color y construcción. Reemplazar por foto exacta antes de publicar."
SRT-PENDING-60380DD3295A,Cable Encauchetado Libre de Halógeno STF-LS 3x16 AWG,surtilec-cable-encauchetado-libre-de-halogeno-stf-ls-3x16-awg-srt-pending-60380dd3295a.webp,6d76d956233027eec34846810c1ed48fc3cddf9c673edd0476e3ba4fd5276c46,revisar_variante_antes_de_publicar,no_coincidencia_exacta_fuente_reutilizada,retirar_imagen_destacada_y_conservar_adjunto_en_revision,25,"IMAGEN GENÉRICA DE FAMILIA (regla ""encauchetado"") tomada de ""Cable Encauchetado 7X16 AWG CU"" en cablescolombia.com. Puede diferir en calibre, color y construcción. Reemplazar por foto exacta antes de publicar."
SRT-PENDING-99CACFBA8491,Cable Encauchetado Libre de Halógeno STF-LS 4x16 AWG,surtilec-cable-encauchetado-libre-de-halogeno-stf-ls-4x16-awg-srt-pending-99cacfba8491.webp,6d76d956233027eec34846810c1ed48fc3cddf9c673edd0476e3ba4fd5276c46,revisar_variante_antes_de_publicar,no_coincidencia_exacta_fuente_reutilizada,retirar_imagen_destacada_y_conservar_adjunto_en_revision,25,"IMAGEN GENÉRICA DE FAMILIA (regla ""encauchetado"") tomada de ""Cable Encauchetado 7X16 AWG CU"" en cablescolombia.com. Puede diferir en calibre, color y construcción. Reemplazar por foto exacta antes de publicar."
SRT-PENDING-EF31466FE03C,Cable Encauchetado Libre de Halógeno STF-LS 2x14 AWG,surtilec-cable-encauchetado-libre-de-halogeno-stf-ls-2x14-awg-srt-pending-ef31466fe03c.webp,6d76d956233027eec34846810c1ed48fc3cddf9c673edd0476e3ba4fd5276c46,revisar_variante_antes_de_publicar,no_coincidencia_exacta_fuente_reutilizada,retirar_imagen_destacada_y_conservar_adjunto_en_revision,25,"IMAGEN GENÉRICA DE FAMILIA (regla ""encauchetado"") tomada de ""Cable Encauchetado 7X16 AWG CU"" en cablescolombia.com. Puede diferir en calibre, color y construcción. Reemplazar por foto exacta antes de publicar."
SRT-PENDING-5A5C2682E16C,Cable Encauchetado Libre de Halógeno STF-LS 3x14 AWG,surtilec-cable-encauchetado-libre-de-halogeno-stf-ls-3x14-awg-srt-pending-5a5c2682e16c.webp,6d76d956233027eec34846810c1ed48fc3cddf9c673edd0476e3ba4fd5276c46,revisar_variante_antes_de_publicar,no_coincidencia_exacta_fuente_reutilizada,retirar_imagen_destacada_y_conservar_adjunto_en_revision,25,"IMAGEN GENÉRICA DE FAMILIA (regla ""encauchetado"") tomada de ""Cable Encauchetado 7X16 AWG CU"" en cablescolombia.com. Puede diferir en calibre, color y construcción. Reemplazar por foto exacta antes de publicar."
SRT-PENDING-F53EF417439D,Cable Encauchetado Libre de Halógeno STF-LS 4x14 AWG,surtilec-cable-encauchetado-libre-de-halogeno-stf-ls-4x14-awg-srt-pending-f53ef417439d.webp,6d76d956233027eec34846810c1ed48fc3cddf9c673edd0476e3ba4fd5276c46,revisar_variante_antes_de_publicar,no_coincidencia_exacta_fuente_reutilizada,retirar_imagen_destacada_y_conservar_adjunto_en_revision,25,"IMAGEN GENÉRICA DE FAMILIA (regla ""encauchetado"") tomada de ""Cable Encauchetado 7X16 AWG CU"" en cablescolombia.com. Puede diferir en calibre, color y construcción. Reemplazar por foto exacta antes de publicar."
SRT-PENDING-2FAD996C1713,Cable Encauchetado Libre de Halógeno STF-LS 2x12 AWG,surtilec-cable-encauchetado-libre-de-halogeno-stf-ls-2x12-awg-srt-pending-2fad996c1713.webp,6d76d956233027eec34846810c1ed48fc3cddf9c673edd0476e3ba4fd5276c46,revisar_variante_antes_de_publicar,no_coincidencia_exacta_fuente_reutilizada,retirar_imagen_destacada_y_conservar_adjunto_en_revision,25,"IMAGEN GENÉRICA DE FAMILIA (regla ""encauchetado"") tomada de ""Cable Encauchetado 7X16 AWG CU"" en cablescolombia.com. Puede diferir en calibre, color y construcción. Reemplazar por foto exacta antes de publicar."
SRT-PENDING-AB3433A8A279,Cable Encauchetado Libre de Halógeno STF-LS 3x12 AWG,surtilec-cable-encauchetado-libre-de-halogeno-stf-ls-3x12-awg-srt-pending-ab3433a8a279.webp,6d76d956233027eec34846810c1ed48fc3cddf9c673edd0476e3ba4fd5276c46,revisar_variante_antes_de_publicar,no_coincidencia_exacta_fuente_reutilizada,retirar_imagen_destacada_y_conservar_adjunto_en_revision,25,"IMAGEN GENÉRICA DE FAMILIA (regla ""encauchetado"") tomada de ""Cable Encauchetado 7X16 AWG CU"" en cablescolombia.com. Puede diferir en calibre, color y construcción. Reemplazar por foto exacta antes de publicar."
SRT-PENDING-64F6D52D1104,Cable Encauchetado Libre de Halógeno STF-LS 4x12 AWG,surtilec-cable-encauchetado-libre-de-halogeno-stf-ls-4x12-awg-srt-pending-64f6d52d1104.webp,6d76d956233027eec34846810c1ed48fc3cddf9c673edd0476e3ba4fd5276c46,revisar_variante_antes_de_publicar,no_coincidencia_exacta_fuente_reutilizada,retirar_imagen_destacada_y_conservar_adjunto_en_revision,25,"IMAGEN GENÉRICA DE FAMILIA (regla ""encauchetado"") tomada de ""Cable Encauchetado 7X16 AWG CU"" en cablescolombia.com. Puede diferir en calibre, color y construcción. Reemplazar por foto exacta antes de publicar."
SRT-PENDING-F599C358F081,Cable Encauchetado Libre de Halógeno STF-LS 2x10 AWG,surtilec-cable-encauchetado-libre-de-halogeno-stf-ls-2x10-awg-srt-pending-f599c358f081.webp,6d76d956233027eec34846810c1ed48fc3cddf9c673edd0476e3ba4fd5276c46,revisar_variante_antes_de_publicar,no_coincidencia_exacta_fuente_reutilizada,retirar_imagen_destacada_y_conservar_adjunto_en_revision,25,"IMAGEN GENÉRICA DE FAMILIA (regla ""encauchetado"") tomada de ""Cable Encauchetado 7X16 AWG CU"" en cablescolombia.com. Puede diferir en calibre, color y construcción. Reemplazar por foto exacta antes de publicar."
SRT-PENDING-C11966418B2F,Cable Encauchetado Libre de Halógeno STF-LS 3x10 AWG,surtilec-cable-encauchetado-libre-de-halogeno-stf-ls-3x10-awg-srt-pending-c11966418b2f.webp,6d76d956233027eec34846810c1ed48fc3cddf9c673edd0476e3ba4fd5276c46,revisar_variante_antes_de_publicar,no_coincidencia_exacta_fuente_reutilizada,retirar_imagen_destacada_y_conservar_adjunto_en_revision,25,"IMAGEN GENÉRICA DE FAMILIA (regla ""encauchetado"") tomada de ""Cable Encauchetado 7X16 AWG CU"" en cablescolombia.com. Puede diferir en calibre, color y construcción. Reemplazar por foto exacta antes de publicar."
SRT-PENDING-54C0621797BA,Cable Encauchetado Libre de Halógeno STF-LS 4x10 AWG,surtilec-cable-encauchetado-libre-de-halogeno-stf-ls-4x10-awg-srt-pending-54c0621797ba.webp,6d76d956233027eec34846810c1ed48fc3cddf9c673edd0476e3ba4fd5276c46,revisar_variante_antes_de_publicar,no_coincidencia_exacta_fuente_reutilizada,retirar_imagen_destacada_y_conservar_adjunto_en_revision,25,"IMAGEN GENÉRICA DE FAMILIA (regla ""encauchetado"") tomada de ""Cable Encauchetado 7X16 AWG CU"" en cablescolombia.com. Puede diferir en calibre, color y construcción. Reemplazar por foto exacta antes de publicar."
SRT-PENDING-745B2E9EFC41,Cable Encauchetado Libre de Halógeno STF-LS 2x8 AWG,surtilec-cable-encauchetado-libre-de-halogeno-stf-ls-2x8-awg-srt-pending-745b2e9efc41.webp,6d76d956233027eec34846810c1ed48fc3cddf9c673edd0476e3ba4fd5276c46,revisar_variante_antes_de_publicar,no_coincidencia_exacta_fuente_reutilizada,retirar_imagen_destacada_y_conservar_adjunto_en_revision,25,"IMAGEN GENÉRICA DE FAMILIA (regla ""encauchetado"") tomada de ""Cable Encauchetado 7X16 AWG CU"" en cablescolombia.com. Puede diferir en calibre, color y construcción. Reemplazar por foto exacta antes de publicar."
SRT-PENDING-A23F84BEAF24,Cable Encauchetado Libre de Halógeno STF-LS 3x8 AWG,surtilec-cable-encauchetado-libre-de-halogeno-stf-ls-3x8-awg-srt-pending-a23f84beaf24.webp,6d76d956233027eec34846810c1ed48fc3cddf9c673edd0476e3ba4fd5276c46,revisar_variante_antes_de_publicar,no_coincidencia_exacta_fuente_reutilizada,retirar_imagen_destacada_y_conservar_adjunto_en_revision,25,"IMAGEN GENÉRICA DE FAMILIA (regla ""encauchetado"") tomada de ""Cable Encauchetado 7X16 AWG CU"" en cablescolombia.com. Puede diferir en calibre, color y construcción. Reemplazar por foto exacta antes de publicar."
SRT-PENDING-48317269D40B,Cable Encauchetado Libre de Halógeno STF-LS 4x8 AWG,surtilec-cable-encauchetado-libre-de-halogeno-stf-ls-4x8-awg-srt-pending-48317269d40b.webp,6d76d956233027eec34846810c1ed48fc3cddf9c673edd0476e3ba4fd5276c46,revisar_variante_antes_de_publicar,no_coincidencia_exacta_fuente_reutilizada,retirar_imagen_destacada_y_conservar_adjunto_en_revision,25,"IMAGEN GENÉRICA DE FAMILIA (regla ""encauchetado"") tomada de ""Cable Encauchetado 7X16 AWG CU"" en cablescolombia.com. Puede diferir en calibre, color y construcción. Reemplazar por foto exacta antes de publicar."
SRT-PENDING-23FC537018EE,Cable Dúplex Polarizado 2x10 AWG Cobre,surtilec-cable-duplex-polarizado-2x10-awg-cobre-srt-pending-23fc537018ee.webp,c08752faf4decf72c2c5d731506c12a82ea9b86ba4d89dc27c7ce6952c6ceff7,revisar_variante_antes_de_publicar,no_coincidencia_exacta_fuente_reutilizada,retirar_imagen_destacada_y_conservar_adjunto_en_revision,14,"IMAGEN GENÉRICA DE FAMILIA (80% familia, material CU) tomada de ""Cable Duplex Cristal 2X20 Cu"" en cablescolombia.com. Reemplazar por foto exacta antes de publicar."
SRT-PENDING-E0C7582D9DF4,Cable Dúplex Polarizado 2x12 AWG Cobre,surtilec-cable-duplex-polarizado-2x12-awg-cobre-srt-pending-e0c7582d9df4.webp,c08752faf4decf72c2c5d731506c12a82ea9b86ba4d89dc27c7ce6952c6ceff7,revisar_variante_antes_de_publicar,no_coincidencia_exacta_fuente_reutilizada,retirar_imagen_destacada_y_conservar_adjunto_en_revision,14,"IMAGEN GENÉRICA DE FAMILIA (80% familia, material CU) tomada de ""Cable Duplex Cristal 2X20 Cu"" en cablescolombia.com. Reemplazar por foto exacta antes de publicar."
SRT-PENDING-FC14EDD12C47,Cable Dúplex Polarizado 2x14 AWG Cobre,surtilec-cable-duplex-polarizado-2x14-awg-cobre-srt-pending-fc14edd12c47.webp,c08752faf4decf72c2c5d731506c12a82ea9b86ba4d89dc27c7ce6952c6ceff7,revisar_variante_antes_de_publicar,no_coincidencia_exacta_fuente_reutilizada,retirar_imagen_destacada_y_conservar_adjunto_en_revision,14,"IMAGEN GENÉRICA DE FAMILIA (80% familia, material CU) tomada de ""Cable Duplex Cristal 2X20 Cu"" en cablescolombia.com. Reemplazar por foto exacta antes de publicar."
SRT-PENDING-197AD43647B6,Cable Dúplex Polarizado 2x16 AWG Cobre,surtilec-cable-duplex-polarizado-2x16-awg-cobre-srt-pending-197ad43647b6.webp,c08752faf4decf72c2c5d731506c12a82ea9b86ba4d89dc27c7ce6952c6ceff7,revisar_variante_antes_de_publicar,no_coincidencia_exacta_fuente_reutilizada,retirar_imagen_destacada_y_conservar_adjunto_en_revision,14,"IMAGEN GENÉRICA DE FAMILIA (80% familia, material CU) tomada de ""Cable Duplex Cristal 2X20 Cu"" en cablescolombia.com. Reemplazar por foto exacta antes de publicar."
SRT-PENDING-EAF6D9A252F8,Cable Dúplex Polarizado 2x18 AWG Cobre,surtilec-cable-duplex-polarizado-2x18-awg-cobre-srt-pending-eaf6d9a252f8.webp,c08752faf4decf72c2c5d731506c12a82ea9b86ba4d89dc27c7ce6952c6ceff7,revisar_variante_antes_de_publicar,no_coincidencia_exacta_fuente_reutilizada,retirar_imagen_destacada_y_conservar_adjunto_en_revision,14,"IMAGEN GENÉRICA DE FAMILIA (80% familia, material CU) tomada de ""Cable Duplex Cristal 2X20 Cu"" en cablescolombia.com. Reemplazar por foto exacta antes de publicar."
SRT-PENDING-A318A86A3026,Cable Dúplex Polarizado 2x20 AWG Cobre,surtilec-cable-duplex-polarizado-2x20-awg-cobre-srt-pending-a318a86a3026.webp,c08752faf4decf72c2c5d731506c12a82ea9b86ba4d89dc27c7ce6952c6ceff7,revisar_variante_antes_de_publicar,no_coincidencia_exacta_fuente_reutilizada,retirar_imagen_destacada_y_conservar_adjunto_en_revision,14,"IMAGEN GENÉRICA DE FAMILIA (80% familia, material CU) tomada de ""Cable Duplex Cristal 2X20 Cu"" en cablescolombia.com. Reemplazar por foto exacta antes de publicar."
SRT-PENDING-AA8592B17B19,Cable Dúplex 2x10 AWG Cobre,surtilec-cable-duplex-2x10-awg-cobre-srt-pending-aa8592b17b19.webp,c08752faf4decf72c2c5d731506c12a82ea9b86ba4d89dc27c7ce6952c6ceff7,revisar_variante_antes_de_publicar,no_coincidencia_exacta_fuente_reutilizada,retirar_imagen_destacada_y_conservar_adjunto_en_revision,14,"IMAGEN GENÉRICA DE FAMILIA (100% familia, material CU) tomada de ""Cable Duplex Cristal 2X20 Cu"" en cablescolombia.com. Reemplazar por foto exacta antes de publicar."
SRT-PENDING-38D59C99D61B,Cable Dúplex 2x12 AWG Cobre,surtilec-cable-duplex-2x12-awg-cobre-srt-pending-38d59c99d61b.webp,c08752faf4decf72c2c5d731506c12a82ea9b86ba4d89dc27c7ce6952c6ceff7,revisar_variante_antes_de_publicar,no_coincidencia_exacta_fuente_reutilizada,retirar_imagen_destacada_y_conservar_adjunto_en_revision,14,"IMAGEN GENÉRICA DE FAMILIA (100% familia, material CU) tomada de ""Cable Duplex Cristal 2X20 Cu"" en cablescolombia.com. Reemplazar por foto exacta antes de publicar."
SRT-PENDING-DA4E2A0F5D22,Cable Dúplex 2x14 AWG Cobre,surtilec-cable-duplex-2x14-awg-cobre-srt-pending-da4e2a0f5d22.webp,c08752faf4decf72c2c5d731506c12a82ea9b86ba4d89dc27c7ce6952c6ceff7,revisar_variante_antes_de_publicar,no_coincidencia_exacta_fuente_reutilizada,retirar_imagen_destacada_y_conservar_adjunto_en_revision,14,"IMAGEN GENÉRICA DE FAMILIA (100% familia, material CU) tomada de ""Cable Duplex Cristal 2X20 Cu"" en cablescolombia.com. Reemplazar por foto exacta antes de publicar."
SRT-PENDING-A787A4628636,Cable Dúplex 2x16 AWG Cobre,surtilec-cable-duplex-2x16-awg-cobre-srt-pending-a787a4628636.webp,c08752faf4decf72c2c5d731506c12a82ea9b86ba4d89dc27c7ce6952c6ceff7,revisar_variante_antes_de_publicar,no_coincidencia_exacta_fuente_reutilizada,retirar_imagen_destacada_y_conservar_adjunto_en_revision,14,"IMAGEN GENÉRICA DE FAMILIA (100% familia, material CU) tomada de ""Cable Duplex Cristal 2X20 Cu"" en cablescolombia.com. Reemplazar por foto exacta antes de publicar."
SRT-PENDING-93FB91870A58,Cable Dúplex 2x18 AWG Cobre,surtilec-cable-duplex-2x18-awg-cobre-srt-pending-93fb91870a58.webp,c08752faf4decf72c2c5d731506c12a82ea9b86ba4d89dc27c7ce6952c6ceff7,revisar_variante_antes_de_publicar,no_coincidencia_exacta_fuente_reutilizada,retirar_imagen_destacada_y_conservar_adjunto_en_revision,14,"IMAGEN GENÉRICA DE FAMILIA (100% familia, material CU) tomada de ""Cable Duplex Cristal 2X20 Cu"" en cablescolombia.com. Reemplazar por foto exacta antes de publicar."
SRT-PENDING-41FBFE6E73E8,"Cable Dúplex 2x14 AWG Cobre, Negro",surtilec-cable-duplex-2x14-awg-cobre-negro-srt-pending-41fbfe6e73e8.webp,c08752faf4decf72c2c5d731506c12a82ea9b86ba4d89dc27c7ce6952c6ceff7,revisar_variante_antes_de_publicar,no_coincidencia_exacta_fuente_reutilizada,retirar_imagen_destacada_y_conservar_adjunto_en_revision,14,"IMAGEN GENÉRICA DE FAMILIA (100% familia, material CU) tomada de ""Cable Duplex Cristal 2X20 Cu"" en cablescolombia.com. COLOR DISTINTO (negro vs cristal). Reemplazar por foto exacta antes de publicar."
SRT-PENDING-2C19362BAAE5,"Cable Dúplex 2x16 AWG Cobre, Negro",surtilec-cable-duplex-2x16-awg-cobre-negro-srt-pending-2c19362baae5.webp,c08752faf4decf72c2c5d731506c12a82ea9b86ba4d89dc27c7ce6952c6ceff7,revisar_variante_antes_de_publicar,no_coincidencia_exacta_fuente_reutilizada,retirar_imagen_destacada_y_conservar_adjunto_en_revision,14,"IMAGEN GENÉRICA DE FAMILIA (100% familia, material CU) tomada de ""Cable Duplex Cristal 2X20 Cu"" en cablescolombia.com. COLOR DISTINTO (negro vs cristal). Reemplazar por foto exacta antes de publicar."
SRT-PENDING-32E3F97E7A37,Cable Dúplex Desoxigenado 10 AWG Cobre-aluminio,surtilec-cable-duplex-desoxigenado-10-awg-cobre-aluminio-srt-pending-32e3f97e7a37.webp,0a26be966cfc22bbaf1b5b46241cb9b43a0f47089b80666070a60e0e21878851,revisar_variante_antes_de_publicar,no_coincidencia_exacta_fuente_reutilizada,retirar_imagen_destacada_y_conservar_adjunto_en_revision,6,"Imagen sugerida automáticamente desde cablescolombia.com — similitud 100% con ""Cable Duplex Desoxigenado N10 Cu - Al"". Verificar visualmente y obtener permiso antes de publicar."
SRT-PENDING-025FBE5A4E6A,Cable Dúplex Desoxigenado 12 AWG Cobre-aluminio,surtilec-cable-duplex-desoxigenado-12-awg-cobre-aluminio-srt-pending-025fbe5a4e6a.webp,0a26be966cfc22bbaf1b5b46241cb9b43a0f47089b80666070a60e0e21878851,revisar_variante_antes_de_publicar,coincidencia_exacta_no_demostrada,retirar_imagen_destacada_y_conservar_adjunto_en_revision,1,"Imagen sugerida automáticamente desde cablescolombia.com — similitud 100% con ""Cable Duplex Desoxigenado N12 Cu - Al"". Verificar visualmente y obtener permiso antes de publicar."
SRT-PENDING-9A6072001869,Cable Dúplex Desoxigenado 14 AWG Cobre-aluminio,surtilec-cable-duplex-desoxigenado-14-awg-cobre-aluminio-srt-pending-9a6072001869.webp,0a26be966cfc22bbaf1b5b46241cb9b43a0f47089b80666070a60e0e21878851,revisar_variante_antes_de_publicar,no_coincidencia_exacta_fuente_reutilizada,retirar_imagen_destacada_y_conservar_adjunto_en_revision,6,"IMAGEN GENÉRICA DE FAMILIA (100% familia/material/color) tomada de ""Cable Duplex Desoxigenado N10 Cu - Al"" en cablescolombia.com — mismo tipo y color, calibre distinto. Reemplazar por foto exacta antes de publicar."
SRT-PENDING-BB6C17498CE3,Cable Dúplex Desoxigenado 16 AWG Cobre-aluminio,surtilec-cable-duplex-desoxigenado-16-awg-cobre-aluminio-srt-pending-bb6c17498ce3.webp,0a26be966cfc22bbaf1b5b46241cb9b43a0f47089b80666070a60e0e21878851,revisar_variante_antes_de_publicar,no_coincidencia_exacta_fuente_reutilizada,retirar_imagen_destacada_y_conservar_adjunto_en_revision,6,"IMAGEN GENÉRICA DE FAMILIA (100% familia/material/color) tomada de ""Cable Duplex Desoxigenado N10 Cu - Al"" en cablescolombia.com — mismo tipo y color, calibre distinto. Reemplazar por foto exacta antes de publicar."
SRT-PENDING-9DE2ECCC6E24,Cable Dúplex Desoxigenado 18 AWG Cobre-aluminio,surtilec-cable-duplex-desoxigenado-18-awg-cobre-aluminio-srt-pending-9de2eccc6e24.webp,0a26be966cfc22bbaf1b5b46241cb9b43a0f47089b80666070a60e0e21878851,revisar_variante_antes_de_publicar,no_coincidencia_exacta_fuente_reutilizada,retirar_imagen_destacada_y_conservar_adjunto_en_revision,6,"IMAGEN GENÉRICA DE FAMILIA (100% familia/material/color) tomada de ""Cable Duplex Desoxigenado N10 Cu - Al"" en cablescolombia.com — mismo tipo y color, calibre distinto. Reemplazar por foto exacta antes de publicar."
SRT-PENDING-71B6AC43BD2A,Cable Dúplex Desoxigenado 22 AWG Cobre-aluminio,surtilec-cable-duplex-desoxigenado-22-awg-cobre-aluminio-srt-pending-71b6ac43bd2a.webp,0a26be966cfc22bbaf1b5b46241cb9b43a0f47089b80666070a60e0e21878851,revisar_variante_antes_de_publicar,no_coincidencia_exacta_fuente_reutilizada,retirar_imagen_destacada_y_conservar_adjunto_en_revision,6,"IMAGEN GENÉRICA DE FAMILIA (100% familia/material/color) tomada de ""Cable Duplex Desoxigenado N10 Cu - Al"" en cablescolombia.com — mismo tipo y color, calibre distinto. Reemplazar por foto exacta antes de publicar."
SRT-PENDING-098875622BFE,Cable Dúplex Desoxigenado 20 AWG Cobre-aluminio,surtilec-cable-duplex-desoxigenado-20-awg-cobre-aluminio-srt-pending-098875622bfe.webp,0a26be966cfc22bbaf1b5b46241cb9b43a0f47089b80666070a60e0e21878851,revisar_variante_antes_de_publicar,no_coincidencia_exacta_fuente_reutilizada,retirar_imagen_destacada_y_conservar_adjunto_en_revision,6,"IMAGEN GENÉRICA DE FAMILIA (100% familia/material/color) tomada de ""Cable Duplex Desoxigenado N10 Cu - Al"" en cablescolombia.com — mismo tipo y color, calibre distinto. Reemplazar por foto exacta antes de publicar."
SRT-PENDING-6D85330E7595,"Cable Dúplex 2x20 AWG Cobre, Cristal",surtilec-cable-duplex-2x20-awg-cobre-cristal-srt-pending-6d85330e7595.webp,c08752faf4decf72c2c5d731506c12a82ea9b86ba4d89dc27c7ce6952c6ceff7,revisar_variante_antes_de_publicar,no_coincidencia_exacta_fuente_reutilizada,retirar_imagen_destacada_y_conservar_adjunto_en_revision,14,"Imagen sugerida automáticamente desde cablescolombia.com — similitud 100% con ""Cable Duplex Cristal 2X20 Cu"". Verificar visualmente y obtener permiso antes de publicar."
SRT-PENDING-BE050281F599,"Cable Dúplex 2x16 AWG Cobre, Cristal",surtilec-cable-duplex-2x16-awg-cobre-cristal-srt-pending-be050281f599.webp,c08752faf4decf72c2c5d731506c12a82ea9b86ba4d89dc27c7ce6952c6ceff7,revisar_variante_antes_de_publicar,coincidencia_exacta_no_demostrada,retirar_imagen_destacada_y_conservar_adjunto_en_revision,1,"Imagen sugerida automáticamente desde cablescolombia.com — similitud 100% con ""Cable Duplex Cristal 2X16 Cu"". Verificar visualmente y obtener permiso antes de publicar."
SRT-PENDING-DA37AC5700DE,"Cable Dúplex 2x14 AWG Cobre, Cristal",surtilec-cable-duplex-2x14-awg-cobre-cristal-srt-pending-da37ac5700de.webp,c08752faf4decf72c2c5d731506c12a82ea9b86ba4d89dc27c7ce6952c6ceff7,revisar_variante_antes_de_publicar,coincidencia_exacta_no_demostrada,retirar_imagen_destacada_y_conservar_adjunto_en_revision,1,"Imagen sugerida automáticamente desde cablescolombia.com — similitud 100% con ""Cable Duplex Cristal 2X14 Cu"". Verificar visualmente y obtener permiso antes de publicar."
SRT-PENDING-BD7A7E1B007A,"Cable Dúplex 2x12 AWG Cobre, Cristal",surtilec-cable-duplex-2x12-awg-cobre-cristal-srt-pending-bd7a7e1b007a.webp,c08752faf4decf72c2c5d731506c12a82ea9b86ba4d89dc27c7ce6952c6ceff7,revisar_variante_antes_de_publicar,coincidencia_exacta_no_demostrada,retirar_imagen_destacada_y_conservar_adjunto_en_revision,1,"Imagen sugerida automáticamente desde cablescolombia.com — similitud 100% con ""Cable Duplex Cristal 2X12 Cu"". Verificar visualmente y obtener permiso antes de publicar."
SRT-PENDING-1F5C990D1A3D,"Cable Dúplex 2x22 AWG Cobre, Cristal",surtilec-cable-duplex-2x22-awg-cobre-cristal-srt-pending-1f5c990d1a3d.webp,c08752faf4decf72c2c5d731506c12a82ea9b86ba4d89dc27c7ce6952c6ceff7,revisar_variante_antes_de_publicar,coincidencia_exacta_no_demostrada,retirar_imagen_destacada_y_conservar_adjunto_en_revision,1,"Imagen sugerida automáticamente desde cablescolombia.com — similitud 100% con ""Cable Duplex Cristal 2X22 Cu"". Verificar visualmente y obtener permiso antes de publicar."
SRT-PENDING-F6E3F9037813,"Cable Dúplex 2x10 AWG Cobre, Cristal",surtilec-cable-duplex-2x10-awg-cobre-cristal-srt-pending-f6e3f9037813.webp,c08752faf4decf72c2c5d731506c12a82ea9b86ba4d89dc27c7ce6952c6ceff7,revisar_variante_antes_de_publicar,coincidencia_exacta_no_demostrada,retirar_imagen_destacada_y_conservar_adjunto_en_revision,1,"Imagen sugerida automáticamente desde cablescolombia.com — similitud 100% con ""Cable Duplex Cristal 2X10 Cu"". Verificar visualmente y obtener permiso antes de publicar."
SRT-PENDING-F303325FA0CC,"Cable Dúplex 2x18 AWG Cobre, Cristal",surtilec-cable-duplex-2x18-awg-cobre-cristal-srt-pending-f303325fa0cc.webp,c08752faf4decf72c2c5d731506c12a82ea9b86ba4d89dc27c7ce6952c6ceff7,revisar_variante_antes_de_publicar,coincidencia_exacta_no_demostrada,retirar_imagen_destacada_y_conservar_adjunto_en_revision,1,"Imagen sugerida automáticamente desde cablescolombia.com — similitud 100% con ""Cable Duplex Cristal 2X18 Cu"". Verificar visualmente y obtener permiso antes de publicar."
SRT-PENDING-618220FAA1AB,Cable de Aluminio Serie 8000 6 AWG Trenzado,surtilec-cable-de-aluminio-serie-8000-6-awg-trenzado-srt-pending-618220faa1ab.webp,1bc6f0f46a70e3b2cf4f5d8de55bbf62fb6e14b5ddf50ff61a601461a702a7cb,revisar_variante_antes_de_publicar,coincidencia_exacta_no_demostrada,retirar_imagen_destacada_y_conservar_adjunto_en_revision,1,"Imagen sugerida automáticamente desde cablescolombia.com — similitud 100% con ""Cable Aluminio 6 Awg Serie 8000"". Verificar visualmente y obtener permiso antes de publicar."
SRT-PENDING-7802C84DE1B3,Cable de Aluminio Serie 8000 4 AWG Trenzado,surtilec-cable-de-aluminio-serie-8000-4-awg-trenzado-srt-pending-7802c84de1b3.webp,1bc6f0f46a70e3b2cf4f5d8de55bbf62fb6e14b5ddf50ff61a601461a702a7cb,revisar_variante_antes_de_publicar,coincidencia_exacta_no_demostrada,retirar_imagen_destacada_y_conservar_adjunto_en_revision,1,"Imagen sugerida automáticamente desde cablescolombia.com — similitud 100% con ""Cable Aluminio 4 Awg Serie 8000"". Verificar visualmente y obtener permiso antes de publicar."
SRT-PENDING-BD8088AD9745,Cable de Aluminio Serie 8000 2 AWG Trenzado,surtilec-cable-de-aluminio-serie-8000-2-awg-trenzado-srt-pending-bd8088ad9745.webp,10eaf17c86fda5dd89bdcee8505de95b114cf2beefea9475498dff6288dc32c3,revisar_variante_antes_de_publicar,coincidencia_exacta_no_demostrada,retirar_imagen_destacada_y_conservar_adjunto_en_revision,1,"Imagen sugerida automáticamente desde cablescolombia.com — similitud 100% con ""Cable Aluminio 2 Awg Serie 8000"". Verificar visualmente y obtener permiso antes de publicar."
SRT-PENDING-D2AF8D0AFA5B,Cable de Aluminio Serie 8000 1/0 AWG Trenzado,surtilec-cable-de-aluminio-serie-8000-1-0-awg-trenzado-srt-pending-d2af8d0afa5b.webp,08aa23716412a1c7fff3dd67f9fc5cbdbd2f3d761d04d424446bfbf830adfbfa,revisar_variante_antes_de_publicar,no_coincidencia_exacta_fuente_reutilizada,retirar_imagen_destacada_y_conservar_adjunto_en_revision,2,"Imagen sugerida automáticamente desde cablescolombia.com — similitud 100% con ""Cable Aluminio 1/0 Awg Serie 8000"". Verificar visualmente y obtener permiso antes de publicar."
SRT-PENDING-17B5235302EA,Cable de Aluminio Serie 8000 2/0 AWG Trenzado,surtilec-cable-de-aluminio-serie-8000-2-0-awg-trenzado-srt-pending-17b5235302ea.webp,b4bebbd708c6d5c88bae011fbc2ea2c2fab8a42c4b886b2c36a824c5845f8189,revisar_variante_antes_de_publicar,no_coincidencia_exacta_fuente_reutilizada,retirar_imagen_destacada_y_conservar_adjunto_en_revision,2,"Imagen sugerida automáticamente desde cablescolombia.com — similitud 100% con ""Cable Aluminio 2/0 Awg Serie 8000"". Verificar visualmente y obtener permiso antes de publicar."
SRT-PENDING-FE68D8389306,Cable de Aluminio Serie 8000 4/0 AWG Trenzado,surtilec-cable-de-aluminio-serie-8000-4-0-awg-trenzado-srt-pending-fe68d8389306.webp,6357d7c95cde1fafb9de7c98ba4bc38c2d8f816b645d6c9edaae3e76403528f8,revisar_variante_antes_de_publicar,no_coincidencia_exacta_fuente_reutilizada,retirar_imagen_destacada_y_conservar_adjunto_en_revision,2,"Imagen sugerida automáticamente desde cablescolombia.com — similitud 100% con ""Cable Aluminio 4/0 Awg Serie 8000"". Verificar visualmente y obtener permiso antes de publicar."
SRT-PENDING-E4C3804FAEF6,Cable de Aluminio Serie 8000 250 kcmil Trenzado,surtilec-cable-de-aluminio-serie-8000-250-kcmil-trenzado-srt-pending-e4c3804faef6.webp,40cea47f83a9e973d06d1847feb7347093e39afb8cf7941bc7caca17d416c9c3,revisar_variante_antes_de_publicar,no_coincidencia_exacta_fuente_reutilizada,retirar_imagen_destacada_y_conservar_adjunto_en_revision,2,"Imagen sugerida automáticamente desde cablescolombia.com — similitud 100% con ""Cable Aluminio 250 Kcmil Serie 8000"". Verificar visualmente y obtener permiso antes de publicar."
SRT-PENDING-08F3829DA7AE,Cable de Aluminio Serie 8000 350 kcmil Trenzado,surtilec-cable-de-aluminio-serie-8000-350-kcmil-trenzado-srt-pending-08f3829da7ae.webp,40cea47f83a9e973d06d1847feb7347093e39afb8cf7941bc7caca17d416c9c3,revisar_variante_antes_de_publicar,no_coincidencia_exacta_fuente_reutilizada,retirar_imagen_destacada_y_conservar_adjunto_en_revision,2,"IMAGEN GENÉRICA DE FAMILIA (100% familia/material/color) tomada de ""Cable Aluminio 250 Kcmil Serie 8000"" en cablescolombia.com — mismo tipo y color, calibre distinto. Reemplazar por foto exacta antes de publicar."
SRT-PENDING-2B93CC066BC7,Cable de Aluminio Serie 8000 500 kcmil Trenzado,surtilec-cable-de-aluminio-serie-8000-500-kcmil-trenzado-srt-pending-2b93cc066bc7.webp,358973cb08bbec6ec239d7efd1729cb289d439b055c1b29b3d0dffdaa1a83cd3,revisar_variante_antes_de_publicar,coincidencia_exacta_no_demostrada,retirar_imagen_destacada_y_conservar_adjunto_en_revision,1,"Imagen sugerida automáticamente desde cablescolombia.com — similitud 100% con ""Cable Aluminio 500 Kcmil Serie 8000"". Verificar visualmente y obtener permiso antes de publicar."
SRT-PENDING-B57B2EE1A859,Cable Libre de Halógeno LSZH 6 AWG Aluminio Serie 8000 Trenzado,surtilec-cable-libre-de-halogeno-lszh-6-awg-aluminio-serie-8000-trenzado-srt-pending-b57b2ee1a859.webp,5e83c50d48b2a61432ef8e59fcd17e4383d049ac642571f50293b36d08b79cc6,revisar_variante_antes_de_publicar,coincidencia_exacta_no_demostrada,retirar_imagen_destacada_y_conservar_adjunto_en_revision,1,"Imagen sugerida automáticamente desde cablescolombia.com — similitud 100% con ""Cable Aluminio S8000 Libre de Halógeno N6"". Verificar visualmente y obtener permiso antes de publicar."
SRT-PENDING-B046A49FCC82,Cable Libre de Halógeno LSZH 4 AWG Aluminio Serie 8000 Trenzado,surtilec-cable-libre-de-halogeno-lszh-4-awg-aluminio-serie-8000-trenzado-srt-pending-b046a49fcc82.webp,5e83c50d48b2a61432ef8e59fcd17e4383d049ac642571f50293b36d08b79cc6,revisar_variante_antes_de_publicar,coincidencia_exacta_no_demostrada,retirar_imagen_destacada_y_conservar_adjunto_en_revision,1,"Imagen sugerida automáticamente desde cablescolombia.com — similitud 100% con ""Cable Aluminio S8000 Libre de Halógeno N4"". Verificar visualmente y obtener permiso antes de publicar."
SRT-PENDING-7246E8E3A573,Cable Libre de Halógeno LSZH 2 AWG Aluminio Serie 8000 Trenzado,surtilec-cable-libre-de-halogeno-lszh-2-awg-aluminio-serie-8000-trenzado-srt-pending-7246e8e3a573.webp,5e83c50d48b2a61432ef8e59fcd17e4383d049ac642571f50293b36d08b79cc6,revisar_variante_antes_de_publicar,no_coincidencia_exacta_fuente_reutilizada,retirar_imagen_destacada_y_conservar_adjunto_en_revision,4,"Imagen sugerida automáticamente desde cablescolombia.com — similitud 100% con ""Cable Aluminio Serie 8000 Libre de Halógeno N2"". Verificar visualmente y obtener permiso antes de publicar."
SRT-PENDING-C775808B3073,Cable Libre de Halógeno LSZH 1/0 AWG Aluminio Serie 8000 Trenzado,surtilec-cable-libre-de-halogeno-lszh-1-0-awg-aluminio-serie-8000-trenzado-srt-pending-c775808b3073.webp,08aa23716412a1c7fff3dd67f9fc5cbdbd2f3d761d04d424446bfbf830adfbfa,revisar_variante_antes_de_publicar,no_coincidencia_exacta_fuente_reutilizada,retirar_imagen_destacada_y_conservar_adjunto_en_revision,2,"Imagen sugerida automáticamente desde cablescolombia.com — similitud 71% con ""Cable Aluminio 1/0 Awg Serie 8000"". Verificar visualmente y obtener permiso antes de publicar."
SRT-PENDING-CDB94E717A0C,Cable Libre de Halógeno LSZH 2/0 AWG Aluminio Serie 8000 Trenzado,surtilec-cable-libre-de-halogeno-lszh-2-0-awg-aluminio-serie-8000-trenzado-srt-pending-cdb94e717a0c.webp,b4bebbd708c6d5c88bae011fbc2ea2c2fab8a42c4b886b2c36a824c5845f8189,revisar_variante_antes_de_publicar,no_coincidencia_exacta_fuente_reutilizada,retirar_imagen_destacada_y_conservar_adjunto_en_revision,2,"Imagen sugerida automáticamente desde cablescolombia.com — similitud 71% con ""Cable Aluminio 2/0 Awg Serie 8000"". Verificar visualmente y obtener permiso antes de publicar."
SRT-PENDING-510C78A9F1D1,Cable Libre de Halógeno LSZH 4/0 AWG Aluminio Serie 8000 Trenzado,surtilec-cable-libre-de-halogeno-lszh-4-0-awg-aluminio-serie-8000-trenzado-srt-pending-510c78a9f1d1.webp,6357d7c95cde1fafb9de7c98ba4bc38c2d8f816b645d6c9edaae3e76403528f8,revisar_variante_antes_de_publicar,no_coincidencia_exacta_fuente_reutilizada,retirar_imagen_destacada_y_conservar_adjunto_en_revision,2,"Imagen sugerida automáticamente desde cablescolombia.com — similitud 71% con ""Cable Aluminio 4/0 Awg Serie 8000"". Verificar visualmente y obtener permiso antes de publicar."
SRT-PENDING-A0CFFB40DD66,Cable Libre de Halógeno LSZH 250 kcmil Aluminio Serie 8000 Trenzado,surtilec-cable-libre-de-halogeno-lszh-250-kcmil-aluminio-serie-8000-trenzado-srt-pending-a0cffb40dd66.webp,5e83c50d48b2a61432ef8e59fcd17e4383d049ac642571f50293b36d08b79cc6,revisar_variante_antes_de_publicar,no_coincidencia_exacta_fuente_reutilizada,retirar_imagen_destacada_y_conservar_adjunto_en_revision,4,"IMAGEN GENÉRICA DE FAMILIA (100% familia/material/color) tomada de ""Cable Aluminio Serie 8000 Libre de Halógeno N2"" en cablescolombia.com — mismo tipo y color, calibre distinto. Reemplazar por foto exacta antes de publicar."
SRT-PENDING-C395AD6C2B57,Cable Libre de Halógeno LSZH 350 kcmil Aluminio Serie 8000 Trenzado,surtilec-cable-libre-de-halogeno-lszh-350-kcmil-aluminio-serie-8000-trenzado-srt-pending-c395ad6c2b57.webp,5e83c50d48b2a61432ef8e59fcd17e4383d049ac642571f50293b36d08b79cc6,revisar_variante_antes_de_publicar,no_coincidencia_exacta_fuente_reutilizada,retirar_imagen_destacada_y_conservar_adjunto_en_revision,4,"IMAGEN GENÉRICA DE FAMILIA (100% familia/material/color) tomada de ""Cable Aluminio Serie 8000 Libre de Halógeno N2"" en cablescolombia.com — mismo tipo y color, calibre distinto. Reemplazar por foto exacta antes de publicar."
SRT-PENDING-4648B0B0D442,Cable Libre de Halógeno LSZH 500 kcmil Aluminio Serie 8000 Trenzado,surtilec-cable-libre-de-halogeno-lszh-500-kcmil-aluminio-serie-8000-trenzado-srt-pending-4648b0b0d442.webp,5e83c50d48b2a61432ef8e59fcd17e4383d049ac642571f50293b36d08b79cc6,revisar_variante_antes_de_publicar,no_coincidencia_exacta_fuente_reutilizada,retirar_imagen_destacada_y_conservar_adjunto_en_revision,4,"IMAGEN GENÉRICA DE FAMILIA (100% familia/material/color) tomada de ""Cable Aluminio Serie 8000 Libre de Halógeno N2"" en cablescolombia.com — mismo tipo y color, calibre distinto. Reemplazar por foto exacta antes de publicar."
SRT-PENDING-263562792023,"Cable ACSR 336,4 kcmil Aluminio con Alma de Acero 26/7 Hilos",surtilec-cable-acsr-336-4-kcmil-aluminio-con-alma-de-acero-26-7-hilos-srt-pending-263562792023.webp,60b6e54c1cd8b89c85b59facbad5e371d602a86643c42b99b161f7fb77a14576,revisar_variante_antes_de_publicar,no_coincidencia_exacta_fuente_reutilizada,retirar_imagen_destacada_y_conservar_adjunto_en_revision,2,"IMAGEN GENÉRICA DE FAMILIA (100% familia/material/color) tomada de ""Cable Aluminio ACSR 266.8 Kcmil (26/7)"" en cablescolombia.com — mismo tipo y color, calibre distinto. Reemplazar por foto exacta antes de publicar."
SRT-PENDING-FEDCA5B2130A,"Cable ACSR 266,8 kcmil Aluminio con Alma de Acero 26/7 Hilos",surtilec-cable-acsr-266-8-kcmil-aluminio-con-alma-de-acero-26-7-hilos-srt-pending-fedca5b2130a.webp,60b6e54c1cd8b89c85b59facbad5e371d602a86643c42b99b161f7fb77a14576,revisar_variante_antes_de_publicar,no_coincidencia_exacta_fuente_reutilizada,retirar_imagen_destacada_y_conservar_adjunto_en_revision,2,"Imagen sugerida automáticamente desde cablescolombia.com — similitud 100% con ""Cable Aluminio ACSR 266.8 Kcmil (26/7)"". Verificar visualmente y obtener permiso antes de publicar."
SRT-PENDING-FA246626787C,"Cable ACSR 266,8 kcmil Aluminio con Alma de Acero 18/1 Hilos",surtilec-cable-acsr-266-8-kcmil-aluminio-con-alma-de-acero-18-1-hilos-srt-pending-fa246626787c.webp,60b6e54c1cd8b89c85b59facbad5e371d602a86643c42b99b161f7fb77a14576,revisar_variante_antes_de_publicar,coincidencia_exacta_no_demostrada,retirar_imagen_destacada_y_conservar_adjunto_en_revision,1,"Imagen sugerida automáticamente desde cablescolombia.com — similitud 100% con ""Cable Aluminio ACSR 266.8 Kcmil (18/1)"". Verificar visualmente y obtener permiso antes de publicar."
SRT-PENDING-067154A42972,Cable ACSR 2 AWG Aluminio con Alma de Acero,surtilec-cable-acsr-2-awg-aluminio-con-alma-de-acero-srt-pending-067154a42972.webp,414faf3038390c129478334f3a09e61c2590e2b62a7d6343c9ff4c4b9ed3ca2e,revisar_variante_antes_de_publicar,coincidencia_exacta_no_demostrada,retirar_imagen_destacada_y_conservar_adjunto_en_revision,1,"Imagen sugerida automáticamente desde cablescolombia.com — similitud 100% con ""Cable ACSR 2"". Verificar visualmente y obtener permiso antes de publicar."
SRT-PENDING-0F15D54AACAC,Cable ACSR 1/0 AWG Aluminio con Alma de Acero,surtilec-cable-acsr-1-0-awg-aluminio-con-alma-de-acero-srt-pending-0f15d54aacac.webp,e4b3eaa3911249a68f869aceacb308c831c757ce8bed370eedccd4bd2c282e9a,revisar_variante_antes_de_publicar,coincidencia_exacta_no_demostrada,retirar_imagen_destacada_y_conservar_adjunto_en_revision,1,"Imagen sugerida automáticamente desde cablescolombia.com — similitud 100% con ""Cable ACSR 1/0"". Verificar visualmente y obtener permiso antes de publicar."
SRT-PENDING-A73CFC9A0727,Cable ACSR 2/0 AWG Aluminio con Alma de Acero,surtilec-cable-acsr-2-0-awg-aluminio-con-alma-de-acero-srt-pending-a73cfc9a0727.webp,a9314bc3759fc4bc312e907825439b44889181aa1927a0d59fc83db819a46462,revisar_variante_antes_de_publicar,coincidencia_exacta_no_demostrada,retirar_imagen_destacada_y_conservar_adjunto_en_revision,1,"Imagen sugerida automáticamente desde cablescolombia.com — similitud 100% con ""Cable ACSR 2/0"". Verificar visualmente y obtener permiso antes de publicar."
SRT-PENDING-266E0D610A17,Cable ACSR 4/0 AWG Aluminio con Alma de Acero,surtilec-cable-acsr-4-0-awg-aluminio-con-alma-de-acero-srt-pending-266e0d610a17.webp,2a6a721436aa6c2172bbbba23d1be290a872a32b4fc077b1f0e2569c17f59eec,revisar_variante_antes_de_publicar,coincidencia_exacta_no_demostrada,retirar_imagen_destacada_y_conservar_adjunto_en_revision,1,"Imagen sugerida automáticamente desde cablescolombia.com — similitud 100% con ""Cable ACSR 4/0"". Verificar visualmente y obtener permiso antes de publicar."
SRT-PENDING-5023C4F2A294,Cable ACSR 3/0 AWG Aluminio con Alma de Acero,surtilec-cable-acsr-3-0-awg-aluminio-con-alma-de-acero-srt-pending-5023c4f2a294.webp,2a6a721436aa6c2172bbbba23d1be290a872a32b4fc077b1f0e2569c17f59eec,revisar_variante_antes_de_publicar,coincidencia_exacta_no_demostrada,retirar_imagen_destacada_y_conservar_adjunto_en_revision,1,"Imagen sugerida automáticamente desde cablescolombia.com — similitud 100% con ""Cable ACSR 3/0"". Verificar visualmente y obtener permiso antes de publicar."
SRT-PENDING-9E98C10B8CED,Cable ACSR 4 AWG Aluminio con Alma de Acero,surtilec-cable-acsr-4-awg-aluminio-con-alma-de-acero-srt-pending-9e98c10b8ced.webp,9d23836d67de7f75a3c728631d4a84a90fc4b5d32ccbc734a650b27f394c666f,revisar_variante_antes_de_publicar,no_coincidencia_exacta_fuente_reutilizada,retirar_imagen_destacada_y_conservar_adjunto_en_revision,11,"Imagen sugerida automáticamente desde cablescolombia.com — similitud 100% con ""Cable Aluminio Acsr 4awg Desnudo"". Verificar visualmente y obtener permiso antes de publicar."
SRT-PENDING-A69BDCC48792,"Cable ACSR 266,8 kcmil Aluminio con Alma de Acero",surtilec-cable-acsr-266-8-kcmil-aluminio-con-alma-de-acero-srt-pending-a69bdcc48792.webp,9d23836d67de7f75a3c728631d4a84a90fc4b5d32ccbc734a650b27f394c666f,revisar_variante_antes_de_publicar,coincidencia_exacta_no_demostrada,retirar_imagen_destacada_y_conservar_adjunto_en_revision,1,"Imagen sugerida automáticamente desde cablescolombia.com — similitud 100% con ""Cable Aluminio Acsr 266.8kcmil"". Verificar visualmente y obtener permiso antes de publicar."
SRT-PENDING-8044A4C1B9DC,Cable Cuádruplex de Aluminio 3x4/0+4/0 XLPE Neutro Aislado,surtilec-cable-cuadruplex-de-aluminio-3x4-0-4-0-xlpe-neutro-aislado-srt-pending-8044a4c1b9dc.webp,5147628759d31d99b2341ce72eee93083912ad03fd371c2784d3d4215b2c9696,revisar_variante_antes_de_publicar,no_coincidencia_exacta_fuente_reutilizada,retirar_imagen_destacada_y_conservar_adjunto_en_revision,10,"Imagen sugerida automáticamente desde cablescolombia.com — similitud 100% con ""Cable Aluminio Cuadruplex Aislado 3x4/0 + 4/0 N.A XLPE"". Verificar visualmente y obtener permiso antes de publicar."
SRT-PENDING-75B78DEB2833,Cable Cuádruplex de Aluminio 3x4/0+2/0 XLPE Neutro Aislado,surtilec-cable-cuadruplex-de-aluminio-3x4-0-2-0-xlpe-neutro-aislado-srt-pending-75b78deb2833.webp,5147628759d31d99b2341ce72eee93083912ad03fd371c2784d3d4215b2c9696,revisar_variante_antes_de_publicar,no_coincidencia_exacta_fuente_reutilizada,retirar_imagen_destacada_y_conservar_adjunto_en_revision,10,"IMAGEN GENÉRICA DE FAMILIA (100% familia/material/color) tomada de ""Cable Aluminio Cuadruplex Aislado 3x4/0 + 4/0 N.A XLPE"" en cablescolombia.com — mismo tipo y color, calibre distinto. Reemplazar por foto exacta antes de publicar."
SRT-PENDING-B1B9FD4A3D6D,Cable Cuádruplex de Aluminio 3x4/0+1/0 XLPE Neutro Aislado,surtilec-cable-cuadruplex-de-aluminio-3x4-0-1-0-xlpe-neutro-aislado-srt-pending-b1b9fd4a3d6d.webp,5147628759d31d99b2341ce72eee93083912ad03fd371c2784d3d4215b2c9696,revisar_variante_antes_de_publicar,no_coincidencia_exacta_fuente_reutilizada,retirar_imagen_destacada_y_conservar_adjunto_en_revision,10,"IMAGEN GENÉRICA DE FAMILIA (100% familia/material/color) tomada de ""Cable Aluminio Cuadruplex Aislado 3x4/0 + 4/0 N.A XLPE"" en cablescolombia.com — mismo tipo y color, calibre distinto. Reemplazar por foto exacta antes de publicar."
SRT-PENDING-27D8B25958DA,Cable Cuádruplex de Aluminio 3x2/0+2/0 XLPE Neutro Aislado,surtilec-cable-cuadruplex-de-aluminio-3x2-0-2-0-xlpe-neutro-aislado-srt-pending-27d8b25958da.webp,5147628759d31d99b2341ce72eee93083912ad03fd371c2784d3d4215b2c9696,revisar_variante_antes_de_publicar,no_coincidencia_exacta_fuente_reutilizada,retirar_imagen_destacada_y_conservar_adjunto_en_revision,10,"IMAGEN GENÉRICA DE FAMILIA (100% familia/material/color) tomada de ""Cable Aluminio Cuadruplex Aislado 3x4/0 + 4/0 N.A XLPE"" en cablescolombia.com — mismo tipo y color, calibre distinto. Reemplazar por foto exacta antes de publicar."
SRT-PENDING-D96DEC8CDC15,Cable Cuádruplex de Aluminio 3x2/0+1/0 XLPE Neutro Aislado,surtilec-cable-cuadruplex-de-aluminio-3x2-0-1-0-xlpe-neutro-aislado-srt-pending-d96dec8cdc15.webp,5147628759d31d99b2341ce72eee93083912ad03fd371c2784d3d4215b2c9696,revisar_variante_antes_de_publicar,no_coincidencia_exacta_fuente_reutilizada,retirar_imagen_destacada_y_conservar_adjunto_en_revision,2,"Imagen sugerida automáticamente desde cablescolombia.com — similitud 100% con ""Cable Aluminio Cuadruplex Aislado 3x2/0 + 1/0 N.A XLPE"". Verificar visualmente y obtener permiso antes de publicar."
SRT-PENDING-4713A378D085,Cable Cuádruplex de Aluminio 3x1/0+1/0 XLPE Neutro Aislado,surtilec-cable-cuadruplex-de-aluminio-3x1-0-1-0-xlpe-neutro-aislado-srt-pending-4713a378d085.webp,5147628759d31d99b2341ce72eee93083912ad03fd371c2784d3d4215b2c9696,revisar_variante_antes_de_publicar,no_coincidencia_exacta_fuente_reutilizada,retirar_imagen_destacada_y_conservar_adjunto_en_revision,10,"IMAGEN GENÉRICA DE FAMILIA (100% familia/material/color) tomada de ""Cable Aluminio Cuadruplex Aislado 3x4/0 + 4/0 N.A XLPE"" en cablescolombia.com — mismo tipo y color, calibre distinto. Reemplazar por foto exacta antes de publicar."
SRT-PENDING-2104A7D24A9E,Cable Cuádruplex de Aluminio 3x1/0+2 XLPE Neutro Aislado,surtilec-cable-cuadruplex-de-aluminio-3x1-0-2-xlpe-neutro-aislado-srt-pending-2104a7d24a9e.webp,5147628759d31d99b2341ce72eee93083912ad03fd371c2784d3d4215b2c9696,revisar_variante_antes_de_publicar,no_coincidencia_exacta_fuente_reutilizada,retirar_imagen_destacada_y_conservar_adjunto_en_revision,10,"IMAGEN GENÉRICA DE FAMILIA (100% familia/material/color) tomada de ""Cable Aluminio Cuadruplex Aislado 3x4/0 + 4/0 N.A XLPE"" en cablescolombia.com — mismo tipo y color, calibre distinto. Reemplazar por foto exacta antes de publicar."
SRT-PENDING-6B93A56C256A,Cable Cuádruplex de Aluminio 3x2+1/0 XLPE Neutro Aislado,surtilec-cable-cuadruplex-de-aluminio-3x2-1-0-xlpe-neutro-aislado-srt-pending-6b93a56c256a.webp,5147628759d31d99b2341ce72eee93083912ad03fd371c2784d3d4215b2c9696,revisar_variante_antes_de_publicar,no_coincidencia_exacta_fuente_reutilizada,retirar_imagen_destacada_y_conservar_adjunto_en_revision,10,"IMAGEN GENÉRICA DE FAMILIA (100% familia/material/color) tomada de ""Cable Aluminio Cuadruplex Aislado 3x4/0 + 4/0 N.A XLPE"" en cablescolombia.com — mismo tipo y color, calibre distinto. Reemplazar por foto exacta antes de publicar."
SRT-PENDING-34D217C09266,Cable Cuádruplex de Aluminio 3x2+2 XLPE Neutro Aislado,surtilec-cable-cuadruplex-de-aluminio-3x2-2-xlpe-neutro-aislado-srt-pending-34d217c09266.webp,5147628759d31d99b2341ce72eee93083912ad03fd371c2784d3d4215b2c9696,revisar_variante_antes_de_publicar,no_coincidencia_exacta_fuente_reutilizada,retirar_imagen_destacada_y_conservar_adjunto_en_revision,10,"IMAGEN GENÉRICA DE FAMILIA (100% familia/material/color) tomada de ""Cable Aluminio Cuadruplex Aislado 3x4/0 + 4/0 N.A XLPE"" en cablescolombia.com — mismo tipo y color, calibre distinto. Reemplazar por foto exacta antes de publicar."
SRT-PENDING-042EE4D4AB06,Cable Cuádruplex de Aluminio 3x4+4 XLPE Neutro Aislado,surtilec-cable-cuadruplex-de-aluminio-3x4-4-xlpe-neutro-aislado-srt-pending-042ee4d4ab06.webp,d0f98e93011dea94c1f0aa97a88b7c57eeb7c7f89fb414c0d2618ecfff057475,revisar_variante_antes_de_publicar,no_coincidencia_exacta_fuente_reutilizada,retirar_imagen_destacada_y_conservar_adjunto_en_revision,2,"Imagen sugerida automáticamente desde cablescolombia.com — similitud 80% con ""Cable Aluminio Cuadruplex Desnudo 3x4 + 4 N.D XLPE"". Verificar visualmente y obtener permiso antes de publicar."
SRT-PENDING-196E7A66EC82,Cable Cuádruplex de Aluminio 3x4/0+4/0 XLPE Neutro Desnudo,surtilec-cable-cuadruplex-de-aluminio-3x4-0-4-0-xlpe-neutro-desnudo-srt-pending-196e7a66ec82.webp,d0f98e93011dea94c1f0aa97a88b7c57eeb7c7f89fb414c0d2618ecfff057475,revisar_variante_antes_de_publicar,no_coincidencia_exacta_fuente_reutilizada,retirar_imagen_destacada_y_conservar_adjunto_en_revision,10,"Imagen sugerida automáticamente desde cablescolombia.com — similitud 100% con ""Cable Aluminio Cuadruplex Desnudo 3x4/0 + 4/0 N.D XLPE"". Verificar visualmente y obtener permiso antes de publicar."
SRT-PENDING-6D4A60D14D34,Cable Cuádruplex de Aluminio 3x4/0+2/0 XLPE Neutro Desnudo,surtilec-cable-cuadruplex-de-aluminio-3x4-0-2-0-xlpe-neutro-desnudo-srt-pending-6d4a60d14d34.webp,d0f98e93011dea94c1f0aa97a88b7c57eeb7c7f89fb414c0d2618ecfff057475,revisar_variante_antes_de_publicar,no_coincidencia_exacta_fuente_reutilizada,retirar_imagen_destacada_y_conservar_adjunto_en_revision,10,"IMAGEN GENÉRICA DE FAMILIA (100% familia/material/color) tomada de ""Cable Aluminio Cuadruplex Desnudo 3x4/0 + 4/0 N.D XLPE"" en cablescolombia.com — mismo tipo y color, calibre distinto. Reemplazar por foto exacta antes de publicar."
SRT-PENDING-84363C00914B,Cable Cuádruplex de Aluminio 3x2/0+2/0 XLPE Neutro Desnudo,surtilec-cable-cuadruplex-de-aluminio-3x2-0-2-0-xlpe-neutro-desnudo-srt-pending-84363c00914b.webp,d0f98e93011dea94c1f0aa97a88b7c57eeb7c7f89fb414c0d2618ecfff057475,revisar_variante_antes_de_publicar,no_coincidencia_exacta_fuente_reutilizada,retirar_imagen_destacada_y_conservar_adjunto_en_revision,10,"IMAGEN GENÉRICA DE FAMILIA (100% familia/material/color) tomada de ""Cable Aluminio Cuadruplex Desnudo 3x4/0 + 4/0 N.D XLPE"" en cablescolombia.com — mismo tipo y color, calibre distinto. Reemplazar por foto exacta antes de publicar."
SRT-PENDING-E00051A36FB6,Cable Cuádruplex de Aluminio 3x2/0+1/0 XLPE Neutro Desnudo,surtilec-cable-cuadruplex-de-aluminio-3x2-0-1-0-xlpe-neutro-desnudo-srt-pending-e00051a36fb6.webp,5147628759d31d99b2341ce72eee93083912ad03fd371c2784d3d4215b2c9696,revisar_variante_antes_de_publicar,no_coincidencia_exacta_fuente_reutilizada,retirar_imagen_destacada_y_conservar_adjunto_en_revision,2,"Imagen sugerida automáticamente desde cablescolombia.com — similitud 82% con ""Cable Aluminio Cuadruplex Aislado 3x2/0 + 1/0 N.A XLPE"". Verificar visualmente y obtener permiso antes de publicar."
SRT-PENDING-FB07F7E9A51B,Cable Cuádruplex de Aluminio 3x1/0+1/0 XLPE Neutro Desnudo,surtilec-cable-cuadruplex-de-aluminio-3x1-0-1-0-xlpe-neutro-desnudo-srt-pending-fb07f7e9a51b.webp,d0f98e93011dea94c1f0aa97a88b7c57eeb7c7f89fb414c0d2618ecfff057475,revisar_variante_antes_de_publicar,no_coincidencia_exacta_fuente_reutilizada,retirar_imagen_destacada_y_conservar_adjunto_en_revision,10,"IMAGEN GENÉRICA DE FAMILIA (100% familia/material/color) tomada de ""Cable Aluminio Cuadruplex Desnudo 3x4/0 + 4/0 N.D XLPE"" en cablescolombia.com — mismo tipo y color, calibre distinto. Reemplazar por foto exacta antes de publicar."
SRT-PENDING-34CD8C37BC1C,Cable Cuádruplex de Aluminio 3x1/0+2 XLPE Neutro Desnudo,surtilec-cable-cuadruplex-de-aluminio-3x1-0-2-xlpe-neutro-desnudo-srt-pending-34cd8c37bc1c.webp,d0f98e93011dea94c1f0aa97a88b7c57eeb7c7f89fb414c0d2618ecfff057475,revisar_variante_antes_de_publicar,no_coincidencia_exacta_fuente_reutilizada,retirar_imagen_destacada_y_conservar_adjunto_en_revision,10,"IMAGEN GENÉRICA DE FAMILIA (100% familia/material/color) tomada de ""Cable Aluminio Cuadruplex Desnudo 3x4/0 + 4/0 N.D XLPE"" en cablescolombia.com — mismo tipo y color, calibre distinto. Reemplazar por foto exacta antes de publicar."
SRT-PENDING-2D1847DB2E7B,Cable Cuádruplex de Aluminio 3x2+2 XLPE Neutro Desnudo,surtilec-cable-cuadruplex-de-aluminio-3x2-2-xlpe-neutro-desnudo-srt-pending-2d1847db2e7b.webp,d0f98e93011dea94c1f0aa97a88b7c57eeb7c7f89fb414c0d2618ecfff057475,revisar_variante_antes_de_publicar,no_coincidencia_exacta_fuente_reutilizada,retirar_imagen_destacada_y_conservar_adjunto_en_revision,10,"IMAGEN GENÉRICA DE FAMILIA (100% familia/material/color) tomada de ""Cable Aluminio Cuadruplex Desnudo 3x4/0 + 4/0 N.D XLPE"" en cablescolombia.com — mismo tipo y color, calibre distinto. Reemplazar por foto exacta antes de publicar."
SRT-PENDING-F8A7919373AD,Cable Cuádruplex de Aluminio 3x2+4 XLPE Neutro Desnudo,surtilec-cable-cuadruplex-de-aluminio-3x2-4-xlpe-neutro-desnudo-srt-pending-f8a7919373ad.webp,d0f98e93011dea94c1f0aa97a88b7c57eeb7c7f89fb414c0d2618ecfff057475,revisar_variante_antes_de_publicar,no_coincidencia_exacta_fuente_reutilizada,retirar_imagen_destacada_y_conservar_adjunto_en_revision,10,"IMAGEN GENÉRICA DE FAMILIA (100% familia/material/color) tomada de ""Cable Aluminio Cuadruplex Desnudo 3x4/0 + 4/0 N.D XLPE"" en cablescolombia.com — mismo tipo y color, calibre distinto. Reemplazar por foto exacta antes de publicar."
SRT-PENDING-3BD5191D4ECE,Cable Cuádruplex de Aluminio 3x4+4 XLPE Neutro Desnudo,surtilec-cable-cuadruplex-de-aluminio-3x4-4-xlpe-neutro-desnudo-srt-pending-3bd5191d4ece.webp,d0f98e93011dea94c1f0aa97a88b7c57eeb7c7f89fb414c0d2618ecfff057475,revisar_variante_antes_de_publicar,no_coincidencia_exacta_fuente_reutilizada,retirar_imagen_destacada_y_conservar_adjunto_en_revision,2,"Imagen sugerida automáticamente desde cablescolombia.com — similitud 100% con ""Cable Aluminio Cuadruplex Desnudo 3x4 + 4 N.D XLPE"". Verificar visualmente y obtener permiso antes de publicar."
SRT-PENDING-1FA91735D6F2,Cable Cuádruplex de Aluminio 3x6+6 XLPE Neutro Desnudo,surtilec-cable-cuadruplex-de-aluminio-3x6-6-xlpe-neutro-desnudo-srt-pending-1fa91735d6f2.webp,d0f98e93011dea94c1f0aa97a88b7c57eeb7c7f89fb414c0d2618ecfff057475,revisar_variante_antes_de_publicar,no_coincidencia_exacta_fuente_reutilizada,retirar_imagen_destacada_y_conservar_adjunto_en_revision,10,"IMAGEN GENÉRICA DE FAMILIA (100% familia/material/color) tomada de ""Cable Aluminio Cuadruplex Desnudo 3x4/0 + 4/0 N.D XLPE"" en cablescolombia.com — mismo tipo y color, calibre distinto. Reemplazar por foto exacta antes de publicar."
SRT-PENDING-4667F1459C76,Cable Tríplex de Aluminio 2x4/0+4/0 XLPE Neutro Desnudo,surtilec-cable-triplex-de-aluminio-2x4-0-4-0-xlpe-neutro-desnudo-srt-pending-4667f1459c76.webp,c743e1da5359511910d53ef5360a2ad460d9289ad5691c8ba3ec9997e75c9fef,revisar_variante_antes_de_publicar,no_coincidencia_exacta_fuente_reutilizada,retirar_imagen_destacada_y_conservar_adjunto_en_revision,21,"Imagen sugerida automáticamente desde cablescolombia.com — similitud 80% con ""Cable Aluminio Triplex Aislado 2x4/0 + 4/0 N.A XLPE"". Verificar visualmente y obtener permiso antes de publicar."
SRT-PENDING-A6EB12EB3ABE,Cable Tríplex de Aluminio 2x4/0+2/0 XLPE Neutro Desnudo,surtilec-cable-triplex-de-aluminio-2x4-0-2-0-xlpe-neutro-desnudo-srt-pending-a6eb12eb3abe.webp,c743e1da5359511910d53ef5360a2ad460d9289ad5691c8ba3ec9997e75c9fef,revisar_variante_antes_de_publicar,no_coincidencia_exacta_fuente_reutilizada,retirar_imagen_destacada_y_conservar_adjunto_en_revision,21,"IMAGEN GENÉRICA DE FAMILIA (100% familia/material/color) tomada de ""Cable Aluminio Triplex Aislado 2x4/0 + 4/0 N.A XLPE"" en cablescolombia.com — mismo tipo y color, calibre distinto. Reemplazar por foto exacta antes de publicar."
SRT-PENDING-98CDD9236AD2,Cable Tríplex de Aluminio 2x2/0+2/0 XLPE Neutro Desnudo,surtilec-cable-triplex-de-aluminio-2x2-0-2-0-xlpe-neutro-desnudo-srt-pending-98cdd9236ad2.webp,c743e1da5359511910d53ef5360a2ad460d9289ad5691c8ba3ec9997e75c9fef,revisar_variante_antes_de_publicar,no_coincidencia_exacta_fuente_reutilizada,retirar_imagen_destacada_y_conservar_adjunto_en_revision,21,"IMAGEN GENÉRICA DE FAMILIA (100% familia/material/color) tomada de ""Cable Aluminio Triplex Aislado 2x4/0 + 4/0 N.A XLPE"" en cablescolombia.com — mismo tipo y color, calibre distinto. Reemplazar por foto exacta antes de publicar."
SRT-PENDING-4316A8FAA999,Cable Tríplex de Aluminio 2x2/0+1/0 XLPE Neutro Desnudo,surtilec-cable-triplex-de-aluminio-2x2-0-1-0-xlpe-neutro-desnudo-srt-pending-4316a8faa999.webp,c743e1da5359511910d53ef5360a2ad460d9289ad5691c8ba3ec9997e75c9fef,revisar_variante_antes_de_publicar,no_coincidencia_exacta_fuente_reutilizada,retirar_imagen_destacada_y_conservar_adjunto_en_revision,21,"IMAGEN GENÉRICA DE FAMILIA (100% familia/material/color) tomada de ""Cable Aluminio Triplex Aislado 2x4/0 + 4/0 N.A XLPE"" en cablescolombia.com — mismo tipo y color, calibre distinto. Reemplazar por foto exacta antes de publicar."
SRT-PENDING-9EC49C7A28A9,Cable Tríplex de Aluminio 2x1/0+1/0 XLPE Neutro Desnudo,surtilec-cable-triplex-de-aluminio-2x1-0-1-0-xlpe-neutro-desnudo-srt-pending-9ec49c7a28a9.webp,c743e1da5359511910d53ef5360a2ad460d9289ad5691c8ba3ec9997e75c9fef,revisar_variante_antes_de_publicar,no_coincidencia_exacta_fuente_reutilizada,retirar_imagen_destacada_y_conservar_adjunto_en_revision,21,"IMAGEN GENÉRICA DE FAMILIA (100% familia/material/color) tomada de ""Cable Aluminio Triplex Aislado 2x4/0 + 4/0 N.A XLPE"" en cablescolombia.com — mismo tipo y color, calibre distinto. Reemplazar por foto exacta antes de publicar."
SRT-PENDING-3364423C1A92,Cable Tríplex de Aluminio 2x1/0+2 XLPE Neutro Desnudo,surtilec-cable-triplex-de-aluminio-2x1-0-2-xlpe-neutro-desnudo-srt-pending-3364423c1a92.webp,c743e1da5359511910d53ef5360a2ad460d9289ad5691c8ba3ec9997e75c9fef,revisar_variante_antes_de_publicar,no_coincidencia_exacta_fuente_reutilizada,retirar_imagen_destacada_y_conservar_adjunto_en_revision,21,"IMAGEN GENÉRICA DE FAMILIA (100% familia/material/color) tomada de ""Cable Aluminio Triplex Aislado 2x4/0 + 4/0 N.A XLPE"" en cablescolombia.com — mismo tipo y color, calibre distinto. Reemplazar por foto exacta antes de publicar."
SRT-PENDING-6CB32956DF6E,Cable Tríplex de Aluminio 2x2+2 XLPE Neutro Desnudo,surtilec-cable-triplex-de-aluminio-2x2-2-xlpe-neutro-desnudo-srt-pending-6cb32956df6e.webp,c743e1da5359511910d53ef5360a2ad460d9289ad5691c8ba3ec9997e75c9fef,revisar_variante_antes_de_publicar,no_coincidencia_exacta_fuente_reutilizada,retirar_imagen_destacada_y_conservar_adjunto_en_revision,21,"IMAGEN GENÉRICA DE FAMILIA (100% familia/material/color) tomada de ""Cable Aluminio Triplex Aislado 2x4/0 + 4/0 N.A XLPE"" en cablescolombia.com — mismo tipo y color, calibre distinto. Reemplazar por foto exacta antes de publicar."
SRT-PENDING-4F6FC158B6F6,Cable Tríplex de Aluminio 2x2+4 XLPE Neutro Desnudo,surtilec-cable-triplex-de-aluminio-2x2-4-xlpe-neutro-desnudo-srt-pending-4f6fc158b6f6.webp,c743e1da5359511910d53ef5360a2ad460d9289ad5691c8ba3ec9997e75c9fef,revisar_variante_antes_de_publicar,no_coincidencia_exacta_fuente_reutilizada,retirar_imagen_destacada_y_conservar_adjunto_en_revision,21,"IMAGEN GENÉRICA DE FAMILIA (100% familia/material/color) tomada de ""Cable Aluminio Triplex Aislado 2x4/0 + 4/0 N.A XLPE"" en cablescolombia.com — mismo tipo y color, calibre distinto. Reemplazar por foto exacta antes de publicar."
SRT-PENDING-B16203A08F0E,Cable Tríplex de Aluminio 2x4+4 XLPE Neutro Desnudo,surtilec-cable-triplex-de-aluminio-2x4-4-xlpe-neutro-desnudo-srt-pending-b16203a08f0e.webp,c743e1da5359511910d53ef5360a2ad460d9289ad5691c8ba3ec9997e75c9fef,revisar_variante_antes_de_publicar,no_coincidencia_exacta_fuente_reutilizada,retirar_imagen_destacada_y_conservar_adjunto_en_revision,21,"IMAGEN GENÉRICA DE FAMILIA (100% familia/material/color) tomada de ""Cable Aluminio Triplex Aislado 2x4/0 + 4/0 N.A XLPE"" en cablescolombia.com — mismo tipo y color, calibre distinto. Reemplazar por foto exacta antes de publicar."
SRT-PENDING-9F87DBDC8A7A,Cable Tríplex de Aluminio 2x6+6 XLPE Neutro Desnudo,surtilec-cable-triplex-de-aluminio-2x6-6-xlpe-neutro-desnudo-srt-pending-9f87dbdc8a7a.webp,c743e1da5359511910d53ef5360a2ad460d9289ad5691c8ba3ec9997e75c9fef,revisar_variante_antes_de_publicar,no_coincidencia_exacta_fuente_reutilizada,retirar_imagen_destacada_y_conservar_adjunto_en_revision,21,"IMAGEN GENÉRICA DE FAMILIA (100% familia/material/color) tomada de ""Cable Aluminio Triplex Aislado 2x4/0 + 4/0 N.A XLPE"" en cablescolombia.com — mismo tipo y color, calibre distinto. Reemplazar por foto exacta antes de publicar."
SRT-PENDING-97BC9D6F9F20,Cable Tríplex de Aluminio 2x1/0+123 XLPE Neutro Aislado,surtilec-cable-triplex-de-aluminio-2x1-0-123-xlpe-neutro-aislado-srt-pending-97bc9d6f9f20.webp,c743e1da5359511910d53ef5360a2ad460d9289ad5691c8ba3ec9997e75c9fef,revisar_variante_antes_de_publicar,no_coincidencia_exacta_fuente_reutilizada,retirar_imagen_destacada_y_conservar_adjunto_en_revision,21,"IMAGEN GENÉRICA DE FAMILIA (77% familia/material/color) tomada de ""Cable Aluminio Triplex Aislado 2x4/0 + 4/0 N.A XLPE"" en cablescolombia.com — mismo tipo y color, calibre distinto. Reemplazar por foto exacta antes de publicar."
SRT-PENDING-489F09CF9F93,Cable Tríplex de Aluminio 2x4/0+4/0 XLPE Neutro Aislado,surtilec-cable-triplex-de-aluminio-2x4-0-4-0-xlpe-neutro-aislado-srt-pending-489f09cf9f93.webp,c743e1da5359511910d53ef5360a2ad460d9289ad5691c8ba3ec9997e75c9fef,revisar_variante_antes_de_publicar,no_coincidencia_exacta_fuente_reutilizada,retirar_imagen_destacada_y_conservar_adjunto_en_revision,21,"Imagen sugerida automáticamente desde cablescolombia.com — similitud 100% con ""Cable Aluminio Triplex Aislado 2x4/0 + 4/0 N.A XLPE"". Verificar visualmente y obtener permiso antes de publicar."
SRT-PENDING-A489247D6512,Cable Tríplex de Aluminio 2x4/0+2/0 XLPE Neutro Aislado,surtilec-cable-triplex-de-aluminio-2x4-0-2-0-xlpe-neutro-aislado-srt-pending-a489247d6512.webp,c743e1da5359511910d53ef5360a2ad460d9289ad5691c8ba3ec9997e75c9fef,revisar_variante_antes_de_publicar,no_coincidencia_exacta_fuente_reutilizada,retirar_imagen_destacada_y_conservar_adjunto_en_revision,21,"IMAGEN GENÉRICA DE FAMILIA (100% familia/material/color) tomada de ""Cable Aluminio Triplex Aislado 2x4/0 + 4/0 N.A XLPE"" en cablescolombia.com — mismo tipo y color, calibre distinto. Reemplazar por foto exacta antes de publicar."
SRT-PENDING-781A57233F63,Cable Tríplex de Aluminio 2x2/0+2/0 XLPE Neutro Aislado,surtilec-cable-triplex-de-aluminio-2x2-0-2-0-xlpe-neutro-aislado-srt-pending-781a57233f63.webp,c743e1da5359511910d53ef5360a2ad460d9289ad5691c8ba3ec9997e75c9fef,revisar_variante_antes_de_publicar,no_coincidencia_exacta_fuente_reutilizada,retirar_imagen_destacada_y_conservar_adjunto_en_revision,21,"IMAGEN GENÉRICA DE FAMILIA (100% familia/material/color) tomada de ""Cable Aluminio Triplex Aislado 2x4/0 + 4/0 N.A XLPE"" en cablescolombia.com — mismo tipo y color, calibre distinto. Reemplazar por foto exacta antes de publicar."
SRT-PENDING-4867D6D22AAF,Cable Tríplex de Aluminio 2x2/0+1/0 XLPE Neutro Aislado,surtilec-cable-triplex-de-aluminio-2x2-0-1-0-xlpe-neutro-aislado-srt-pending-4867d6d22aaf.webp,c743e1da5359511910d53ef5360a2ad460d9289ad5691c8ba3ec9997e75c9fef,revisar_variante_antes_de_publicar,no_coincidencia_exacta_fuente_reutilizada,retirar_imagen_destacada_y_conservar_adjunto_en_revision,21,"IMAGEN GENÉRICA DE FAMILIA (100% familia/material/color) tomada de ""Cable Aluminio Triplex Aislado 2x4/0 + 4/0 N.A XLPE"" en cablescolombia.com — mismo tipo y color, calibre distinto. Reemplazar por foto exacta antes de publicar."
SRT-PENDING-B11AA016E2B8,Cable Tríplex de Aluminio 2x1/0+1/0 XLPE Neutro Aislado,surtilec-cable-triplex-de-aluminio-2x1-0-1-0-xlpe-neutro-aislado-srt-pending-b11aa016e2b8.webp,c743e1da5359511910d53ef5360a2ad460d9289ad5691c8ba3ec9997e75c9fef,revisar_variante_antes_de_publicar,no_coincidencia_exacta_fuente_reutilizada,retirar_imagen_destacada_y_conservar_adjunto_en_revision,21,"IMAGEN GENÉRICA DE FAMILIA (100% familia/material/color) tomada de ""Cable Aluminio Triplex Aislado 2x4/0 + 4/0 N.A XLPE"" en cablescolombia.com — mismo tipo y color, calibre distinto. Reemplazar por foto exacta antes de publicar."
SRT-PENDING-BEE533777F39,Cable Tríplex de Aluminio 2x1/0+2 XLPE Neutro Aislado,surtilec-cable-triplex-de-aluminio-2x1-0-2-xlpe-neutro-aislado-srt-pending-bee533777f39.webp,c743e1da5359511910d53ef5360a2ad460d9289ad5691c8ba3ec9997e75c9fef,revisar_variante_antes_de_publicar,no_coincidencia_exacta_fuente_reutilizada,retirar_imagen_destacada_y_conservar_adjunto_en_revision,21,"IMAGEN GENÉRICA DE FAMILIA (100% familia/material/color) tomada de ""Cable Aluminio Triplex Aislado 2x4/0 + 4/0 N.A XLPE"" en cablescolombia.com — mismo tipo y color, calibre distinto. Reemplazar por foto exacta antes de publicar."
SRT-PENDING-F0C739013C64,Cable Tríplex de Aluminio 2x2+1/0 XLPE Neutro Aislado,surtilec-cable-triplex-de-aluminio-2x2-1-0-xlpe-neutro-aislado-srt-pending-f0c739013c64.webp,c743e1da5359511910d53ef5360a2ad460d9289ad5691c8ba3ec9997e75c9fef,revisar_variante_antes_de_publicar,no_coincidencia_exacta_fuente_reutilizada,retirar_imagen_destacada_y_conservar_adjunto_en_revision,21,"IMAGEN GENÉRICA DE FAMILIA (100% familia/material/color) tomada de ""Cable Aluminio Triplex Aislado 2x4/0 + 4/0 N.A XLPE"" en cablescolombia.com — mismo tipo y color, calibre distinto. Reemplazar por foto exacta antes de publicar."
SRT-PENDING-FEF1B0043135,Cable Tríplex de Aluminio 2x2+2 XLPE Neutro Aislado,surtilec-cable-triplex-de-aluminio-2x2-2-xlpe-neutro-aislado-srt-pending-fef1b0043135.webp,c743e1da5359511910d53ef5360a2ad460d9289ad5691c8ba3ec9997e75c9fef,revisar_variante_antes_de_publicar,no_coincidencia_exacta_fuente_reutilizada,retirar_imagen_destacada_y_conservar_adjunto_en_revision,21,"IMAGEN GENÉRICA DE FAMILIA (100% familia/material/color) tomada de ""Cable Aluminio Triplex Aislado 2x4/0 + 4/0 N.A XLPE"" en cablescolombia.com — mismo tipo y color, calibre distinto. Reemplazar por foto exacta antes de publicar."
SRT-PENDING-9D6BDB0B6AF8,Cable Tríplex de Aluminio 2x4+2 XLPE Neutro Aislado,surtilec-cable-triplex-de-aluminio-2x4-2-xlpe-neutro-aislado-srt-pending-9d6bdb0b6af8.webp,c743e1da5359511910d53ef5360a2ad460d9289ad5691c8ba3ec9997e75c9fef,revisar_variante_antes_de_publicar,no_coincidencia_exacta_fuente_reutilizada,retirar_imagen_destacada_y_conservar_adjunto_en_revision,21,"IMAGEN GENÉRICA DE FAMILIA (100% familia/material/color) tomada de ""Cable Aluminio Triplex Aislado 2x4/0 + 4/0 N.A XLPE"" en cablescolombia.com — mismo tipo y color, calibre distinto. Reemplazar por foto exacta antes de publicar."
SRT-PENDING-A5F2945A3C24,Cable Tríplex de Aluminio 2x4+4 XLPE Neutro Aislado,surtilec-cable-triplex-de-aluminio-2x4-4-xlpe-neutro-aislado-srt-pending-a5f2945a3c24.webp,c743e1da5359511910d53ef5360a2ad460d9289ad5691c8ba3ec9997e75c9fef,revisar_variante_antes_de_publicar,no_coincidencia_exacta_fuente_reutilizada,retirar_imagen_destacada_y_conservar_adjunto_en_revision,21,"IMAGEN GENÉRICA DE FAMILIA (100% familia/material/color) tomada de ""Cable Aluminio Triplex Aislado 2x4/0 + 4/0 N.A XLPE"" en cablescolombia.com — mismo tipo y color, calibre distinto. Reemplazar por foto exacta antes de publicar."
SRT-PENDING-8C051F2F5E7C,Cable Dúplex de Aluminio 1x2+2 XLPE Neutro Desnudo,surtilec-cable-duplex-de-aluminio-1x2-2-xlpe-neutro-desnudo-srt-pending-8c051f2f5e7c.webp,d0f98e93011dea94c1f0aa97a88b7c57eeb7c7f89fb414c0d2618ecfff057475,revisar_variante_antes_de_publicar,no_coincidencia_exacta_fuente_reutilizada,retirar_imagen_destacada_y_conservar_adjunto_en_revision,10,"IMAGEN GENÉRICA DE FAMILIA (83% familia/material/color) tomada de ""Cable Aluminio Cuadruplex Desnudo 3x4/0 + 4/0 N.D XLPE"" en cablescolombia.com — mismo tipo y color, calibre distinto. Reemplazar por foto exacta antes de publicar."
SRT-PENDING-DDC30E095636,Cable Dúplex de Aluminio 1x4+4 XLPE Neutro Desnudo,surtilec-cable-duplex-de-aluminio-1x4-4-xlpe-neutro-desnudo-srt-pending-ddc30e095636.webp,d0f98e93011dea94c1f0aa97a88b7c57eeb7c7f89fb414c0d2618ecfff057475,revisar_variante_antes_de_publicar,no_coincidencia_exacta_fuente_reutilizada,retirar_imagen_destacada_y_conservar_adjunto_en_revision,10,"IMAGEN GENÉRICA DE FAMILIA (83% familia/material/color) tomada de ""Cable Aluminio Cuadruplex Desnudo 3x4/0 + 4/0 N.D XLPE"" en cablescolombia.com — mismo tipo y color, calibre distinto. Reemplazar por foto exacta antes de publicar."
SRT-PENDING-9B3D2F96EFA8,Cable Dúplex de Aluminio 1x2+2 XLPE Neutro Aislado,surtilec-cable-duplex-de-aluminio-1x2-2-xlpe-neutro-aislado-srt-pending-9b3d2f96efa8.webp,5147628759d31d99b2341ce72eee93083912ad03fd371c2784d3d4215b2c9696,revisar_variante_antes_de_publicar,no_coincidencia_exacta_fuente_reutilizada,retirar_imagen_destacada_y_conservar_adjunto_en_revision,10,"IMAGEN GENÉRICA DE FAMILIA (60% familia, material AL) tomada de ""Cable Aluminio Cuadruplex Aislado 3x4/0 + 4/0 N.A XLPE"" en cablescolombia.com. Reemplazar por foto exacta antes de publicar."
SRT-PENDING-AD0F27BB25AA,Cable Dúplex de Aluminio 1x4+4 XLPE Neutro Aislado,surtilec-cable-duplex-de-aluminio-1x4-4-xlpe-neutro-aislado-srt-pending-ad0f27bb25aa.webp,5147628759d31d99b2341ce72eee93083912ad03fd371c2784d3d4215b2c9696,revisar_variante_antes_de_publicar,no_coincidencia_exacta_fuente_reutilizada,retirar_imagen_destacada_y_conservar_adjunto_en_revision,10,"IMAGEN GENÉRICA DE FAMILIA (60% familia, material AL) tomada de ""Cable Aluminio Cuadruplex Aislado 3x4/0 + 4/0 N.A XLPE"" en cablescolombia.com. Reemplazar por foto exacta antes de publicar."
SRT-PENDING-061EAC97419A,Cable Para Batería 4 AWG Cobre Flexible,surtilec-cable-para-bateria-4-awg-cobre-flexible-srt-pending-061eac97419a.jpg,3d04f8bf8475a29e0d52f34f5ea9fdc6d7a317ea52ba425ef17e5273eae4e101,revisar_variante_antes_de_publicar,coincidencia_exacta_no_demostrada,retirar_imagen_destacada_y_conservar_adjunto_en_revision,1,"Imagen sugerida automáticamente desde cablescolombia.com — similitud 100% con ""Cable Bateria N4"". Verificar visualmente y obtener permiso antes de publicar."
SRT-PENDING-358405226874,Cable Para Batería 2 AWG Cobre Flexible,surtilec-cable-para-bateria-2-awg-cobre-flexible-srt-pending-358405226874.jpg,3d04f8bf8475a29e0d52f34f5ea9fdc6d7a317ea52ba425ef17e5273eae4e101,revisar_variante_antes_de_publicar,coincidencia_exacta_no_demostrada,retirar_imagen_destacada_y_conservar_adjunto_en_revision,1,"Imagen sugerida automáticamente desde cablescolombia.com — similitud 100% con ""Cable Bateria N2"". Verificar visualmente y obtener permiso antes de publicar."
SRT-CTRL-7x12AWG-CU-PVC,Cable de Control 7x12 AWG Cobre PVC,surtilec-cable-de-control-7x12-awg-cobre-pvc-srt-ctrl-7x12awg-cu-pvc.jpg,e83a52274ac45c5656742de0c52a5d1addbfa0ec1af01a007234e4aa9e09ede4,revisar_variante_antes_de_publicar,no_coincidencia_exacta_fuente_reutilizada,retirar_imagen_destacada_y_conservar_adjunto_en_revision,17,"IMAGEN GENÉRICA DE FAMILIA (regla ""control"") tomada de ""Cable Control 2x14+20 awg cu pvc tc ls 90°c 600v"" en cablescolombia.com. Puede diferir en calibre, color y construcción. Reemplazar por foto exacta antes de publicar."
SRT-CTRL-2x14-20AWG-CU-PVC-600V,Cable de Control 2x14+20 AWG Cobre PVC,surtilec-cable-de-control-2x14-20-awg-cobre-pvc-srt-ctrl-2x14-20awg-cu-pvc-600v.jpg,e83a52274ac45c5656742de0c52a5d1addbfa0ec1af01a007234e4aa9e09ede4,revisar_variante_antes_de_publicar,no_coincidencia_exacta_fuente_reutilizada,retirar_imagen_destacada_y_conservar_adjunto_en_revision,17,"Imagen sugerida automáticamente desde cablescolombia.com — similitud 100% con ""Cable Control 2x14+20 awg cu pvc tc ls 90°c 600v"". Verificar visualmente y obtener permiso antes de publicar."
SRT-CTRL-4x14-20AWG-CU-PVC-600V,Cable de Control 4x14+20 AWG Cobre PVC,surtilec-cable-de-control-4x14-20-awg-cobre-pvc-srt-ctrl-4x14-20awg-cu-pvc-600v.jpg,e83a52274ac45c5656742de0c52a5d1addbfa0ec1af01a007234e4aa9e09ede4,revisar_variante_antes_de_publicar,coincidencia_exacta_no_demostrada,retirar_imagen_destacada_y_conservar_adjunto_en_revision,1,"Imagen sugerida automáticamente desde cablescolombia.com — similitud 100% con ""Cable Control 4x14+20 awg cu pvc tc ls 90°c 600v"". Verificar visualmente y obtener permiso antes de publicar."
SRT-CTRL-6x14-20AWG-CU-PVC-600V,Cable de Control 6x14+20 AWG Cobre PVC,surtilec-cable-de-control-6x14-20-awg-cobre-pvc-srt-ctrl-6x14-20awg-cu-pvc-600v.jpg,e83a52274ac45c5656742de0c52a5d1addbfa0ec1af01a007234e4aa9e09ede4,revisar_variante_antes_de_publicar,coincidencia_exacta_no_demostrada,retirar_imagen_destacada_y_conservar_adjunto_en_revision,1,"Imagen sugerida automáticamente desde cablescolombia.com — similitud 100% con ""Cable Control 6x14+20 awg cu pvc tc ls 90°c 600v"". Verificar visualmente y obtener permiso antes de publicar."
SRT-CTRL-9x14-20AWG-CU-PVC-600V,Cable de Control 9x14+20 AWG Cobre PVC,surtilec-cable-de-control-9x14-20-awg-cobre-pvc-srt-ctrl-9x14-20awg-cu-pvc-600v.jpg,e83a52274ac45c5656742de0c52a5d1addbfa0ec1af01a007234e4aa9e09ede4,revisar_variante_antes_de_publicar,coincidencia_exacta_no_demostrada,retirar_imagen_destacada_y_conservar_adjunto_en_revision,1,"Imagen sugerida automáticamente desde cablescolombia.com — similitud 100% con ""Cable Control 9x14+20 awg cu pvc tc ls 90°c 600v"". Verificar visualmente y obtener permiso antes de publicar."
SRT-CTRL-2x12-20AWG-CU-PVC-600V,Cable de Control 2x12+20 AWG Cobre PVC,surtilec-cable-de-control-2x12-20-awg-cobre-pvc-srt-ctrl-2x12-20awg-cu-pvc-600v.jpg,e83a52274ac45c5656742de0c52a5d1addbfa0ec1af01a007234e4aa9e09ede4,revisar_variante_antes_de_publicar,no_coincidencia_exacta_fuente_reutilizada,retirar_imagen_destacada_y_conservar_adjunto_en_revision,17,"IMAGEN GENÉRICA DE FAMILIA (100% familia/material/color) tomada de ""Cable Control 2x14+20 awg cu pvc tc ls 90°c 600v"" en cablescolombia.com — mismo tipo y color, calibre distinto. Reemplazar por foto exacta antes de publicar."
SRT-CTRL-4x12-20AWG-CU-PVC-600V,Cable de Control 4x12+20 AWG Cobre PVC,surtilec-cable-de-control-4x12-20-awg-cobre-pvc-srt-ctrl-4x12-20awg-cu-pvc-600v.jpg,e83a52274ac45c5656742de0c52a5d1addbfa0ec1af01a007234e4aa9e09ede4,revisar_variante_antes_de_publicar,coincidencia_exacta_no_demostrada,retirar_imagen_destacada_y_conservar_adjunto_en_revision,1,"Imagen sugerida automáticamente desde cablescolombia.com — similitud 100% con ""Cable Control 4x12+20 awg cu pvc tc ls 90°c 600v"". Verificar visualmente y obtener permiso antes de publicar."
SRT-CTRL-6x12-20AWG-CU-PVC-600V,Cable de Control 6x12+20 AWG Cobre PVC,surtilec-cable-de-control-6x12-20-awg-cobre-pvc-srt-ctrl-6x12-20awg-cu-pvc-600v.jpg,e83a52274ac45c5656742de0c52a5d1addbfa0ec1af01a007234e4aa9e09ede4,revisar_variante_antes_de_publicar,coincidencia_exacta_no_demostrada,retirar_imagen_destacada_y_conservar_adjunto_en_revision,1,"Imagen sugerida automáticamente desde cablescolombia.com — similitud 100% con ""Cable Control 6x12+20 awg cu pvc tc ls 90°c 600v"". Verificar visualmente y obtener permiso antes de publicar."
SRT-CTRL-9x12-20AWG-CU-PVC-600V,Cable de Control 9x12+20 AWG Cobre PVC,surtilec-cable-de-control-9x12-20-awg-cobre-pvc-srt-ctrl-9x12-20awg-cu-pvc-600v.jpg,e83a52274ac45c5656742de0c52a5d1addbfa0ec1af01a007234e4aa9e09ede4,revisar_variante_antes_de_publicar,coincidencia_exacta_no_demostrada,retirar_imagen_destacada_y_conservar_adjunto_en_revision,1,"Imagen sugerida automáticamente desde cablescolombia.com — similitud 100% con ""Cable Control 9x12+20 awg cu pvc tc ls 90°c 600v"". Verificar visualmente y obtener permiso antes de publicar."
SRT-CTRL-2x10-20AWG-CU-PVC-600V,Cable de Control 2x10+20 AWG Cobre PVC,surtilec-cable-de-control-2x10-20-awg-cobre-pvc-srt-ctrl-2x10-20awg-cu-pvc-600v.jpg,e83a52274ac45c5656742de0c52a5d1addbfa0ec1af01a007234e4aa9e09ede4,revisar_variante_antes_de_publicar,no_coincidencia_exacta_fuente_reutilizada,retirar_imagen_destacada_y_conservar_adjunto_en_revision,17,"IMAGEN GENÉRICA DE FAMILIA (100% familia/material/color) tomada de ""Cable Control 2x14+20 awg cu pvc tc ls 90°c 600v"" en cablescolombia.com — mismo tipo y color, calibre distinto. Reemplazar por foto exacta antes de publicar."
SRT-CTRL-4x10-20AWG-CU-PVC-600V,Cable de Control 4x10+20 AWG Cobre PVC,surtilec-cable-de-control-4x10-20-awg-cobre-pvc-srt-ctrl-4x10-20awg-cu-pvc-600v.jpg,e83a52274ac45c5656742de0c52a5d1addbfa0ec1af01a007234e4aa9e09ede4,revisar_variante_antes_de_publicar,coincidencia_exacta_no_demostrada,retirar_imagen_destacada_y_conservar_adjunto_en_revision,1,"Imagen sugerida automáticamente desde cablescolombia.com — similitud 100% con ""Cable Control 4x10+20 awg cu pvc tc ls 90°c 600v"". Verificar visualmente y obtener permiso antes de publicar."
SRT-CTRL-9x10-20AWG-CU-PVC-600V,Cable de Control 9x10+20 AWG Cobre PVC,surtilec-cable-de-control-9x10-20-awg-cobre-pvc-srt-ctrl-9x10-20awg-cu-pvc-600v.jpg,e83a52274ac45c5656742de0c52a5d1addbfa0ec1af01a007234e4aa9e09ede4,revisar_variante_antes_de_publicar,coincidencia_exacta_no_demostrada,retirar_imagen_destacada_y_conservar_adjunto_en_revision,1,"Imagen sugerida automáticamente desde cablescolombia.com — similitud 100% con ""Cable Control 9x10+20 awg cu pvc tc ls 90°c 600v"". Verificar visualmente y obtener permiso antes de publicar."
SRT-PENDING-D5407E35166B,Cable de Acometida 1x8+8 AWG Cobre,surtilec-cable-de-acometida-1x8-8-awg-cobre-srt-pending-d5407e35166b.webp,daa2ec2ad8ed541a75b2a7128ae8e402c90b6d22d955c28415660956a771b7f6,revisar_variante_antes_de_publicar,coincidencia_exacta_no_demostrada,retirar_imagen_destacada_y_conservar_adjunto_en_revision,1,"Imagen sugerida automáticamente desde cablescolombia.com — similitud 100% con ""Cable Acometida 1X8+8 Monofasico Cu"". Verificar visualmente y obtener permiso antes de publicar."
SRT-PENDING-057D58022FDD,Cable de Acometida 2x8+8 AWG Cobre,surtilec-cable-de-acometida-2x8-8-awg-cobre-srt-pending-057d58022fdd.webp,95d76033335fb6edf606f0c2f127c25a872a32b33c0c111bf05aab6e0df78b79,revisar_variante_antes_de_publicar,coincidencia_exacta_no_demostrada,retirar_imagen_destacada_y_conservar_adjunto_en_revision,1,"Imagen sugerida automáticamente desde cablescolombia.com — similitud 100% con ""Cable Acometida 2X8+8 Bifasico Cu"". Verificar visualmente y obtener permiso antes de publicar."
SRT-PENDING-3A016A2ED5CF,Cable de Acometida 3x8+10 AWG Cobre,surtilec-cable-de-acometida-3x8-10-awg-cobre-srt-pending-3a016a2ed5cf.webp,43f6be9f23946c5b64be49c8137a03a90eb30eb2f97b56050e6d5936fe6858b8,revisar_variante_antes_de_publicar,coincidencia_exacta_no_demostrada,retirar_imagen_destacada_y_conservar_adjunto_en_revision,1,"Imagen sugerida automáticamente desde cablescolombia.com — similitud 100% con ""Cable Acometida 3X8+10 Trifásico Trébol Cu"". Verificar visualmente y obtener permiso antes de publicar."
SRT-PENDING-4C5E4B9A7608,Cable de Acometida 3x8+8 AWG Cobre,surtilec-cable-de-acometida-3x8-8-awg-cobre-srt-pending-4c5e4b9a7608.webp,a3d4615460a2b957280be3ce58437a7b9648c0a13eb6a84d1d4df2edde9cae6d,revisar_variante_antes_de_publicar,coincidencia_exacta_no_demostrada,retirar_imagen_destacada_y_conservar_adjunto_en_revision,1,"Imagen sugerida automáticamente desde cablescolombia.com — similitud 100% con ""Cable Acometida 3X8+8 Trifásico Cu"". Verificar visualmente y obtener permiso antes de publicar."
SRT-PENDING-CB11D6CC147A,Cable de Acometida 3x6+8 AWG Cobre,surtilec-cable-de-acometida-3x6-8-awg-cobre-srt-pending-cb11d6cc147a.webp,0a1ccd1babdeab31b9e7d765e7cb93208de50af0605ef853414dec2a62d7cd5a,revisar_variante_antes_de_publicar,coincidencia_exacta_no_demostrada,retirar_imagen_destacada_y_conservar_adjunto_en_revision,1,"Imagen sugerida automáticamente desde cablescolombia.com — similitud 100% con ""Cable Acometida 3X6+8 Trifásico Trébol Cu"". Verificar visualmente y obtener permiso antes de publicar."
SRT-PENDING-82211F992308,Cable de Acometida 3x4+6 AWG Cobre,surtilec-cable-de-acometida-3x4-6-awg-cobre-srt-pending-82211f992308.webp,ae0c48dc1f40bd59bdd258a88d03c3345059eb7b4c8aa49b2d8a2e5f5028c1c1,revisar_variante_antes_de_publicar,coincidencia_exacta_no_demostrada,retirar_imagen_destacada_y_conservar_adjunto_en_revision,1,"Imagen sugerida automáticamente desde cablescolombia.com — similitud 100% con ""Cable Acometida 3X4+6 Trifásico Trébol Cu"". Verificar visualmente y obtener permiso antes de publicar."
SRT-PENDING-84C5415A058A,Cable de Acometida 3x2+4 AWG Cobre,surtilec-cable-de-acometida-3x2-4-awg-cobre-srt-pending-84c5415a058a.webp,3ee1027713d617c7018b82a42910cd2fb94d296b27c2b488a8422bc52c7265c9,revisar_variante_antes_de_publicar,coincidencia_exacta_no_demostrada,retirar_imagen_destacada_y_conservar_adjunto_en_revision,1,"Imagen sugerida automáticamente desde cablescolombia.com — similitud 100% con ""Cable Acometida 3X2+4 Trebol Trifasico Cu"". Verificar visualmente y obtener permiso antes de publicar."
SRT-PENDING-91D6A3C793FA,Cable de Acometida de Aluminio 1x6+6,surtilec-cable-de-acometida-de-aluminio-1x6-6-srt-pending-91d6a3c793fa.webp,bc0d0e5016e29498d794561412ac720b5767576eb14e271d03fa9c51b56fcbf3,revisar_variante_antes_de_publicar,coincidencia_exacta_no_demostrada,retirar_imagen_destacada_y_conservar_adjunto_en_revision,1,"IMAGEN GENÉRICA DE FAMILIA (acometida aluminio monofásica) tomada de ""Cable Acometida Aluminio 6+6 Monofásico"" en cablescolombia.com. Difiere en configuración (1x6+6 vs 6+6). Reemplazar por foto exacta antes de publicar."
SRT-PENDING-8E11A5B06622,"Cable AL-ACSR Ecológico 1/0 AWG 13,2/15 kV",surtilec-cable-al-acsr-ecologico-1-0-awg-13-2-15-kv-srt-pending-8e11a5b06622.webp,9d23836d67de7f75a3c728631d4a84a90fc4b5d32ccbc734a650b27f394c666f,revisar_variante_antes_de_publicar,no_coincidencia_exacta_fuente_reutilizada,retirar_imagen_destacada_y_conservar_adjunto_en_revision,11,"IMAGEN GENÉRICA DE FAMILIA (regla ""acsr|alumoweld"") tomada de ""Cable Aluminio Acsr 4awg Desnudo"" en cablescolombia.com. Puede diferir en calibre, color y construcción. Reemplazar por foto exacta antes de publicar."
SRT-PENDING-235E33CBA9A7,"Cable AL-ACSR Ecológico 2/0 AWG 13,2/15 kV",surtilec-cable-al-acsr-ecologico-2-0-awg-13-2-15-kv-srt-pending-235e33cba9a7.webp,9d23836d67de7f75a3c728631d4a84a90fc4b5d32ccbc734a650b27f394c666f,revisar_variante_antes_de_publicar,no_coincidencia_exacta_fuente_reutilizada,retirar_imagen_destacada_y_conservar_adjunto_en_revision,11,"IMAGEN GENÉRICA DE FAMILIA (regla ""acsr|alumoweld"") tomada de ""Cable Aluminio Acsr 4awg Desnudo"" en cablescolombia.com. Puede diferir en calibre, color y construcción. Reemplazar por foto exacta antes de publicar."
SRT-PENDING-4F60E7FF2406,"Cable AL-ACSR Ecológico 4/0 AWG 13,2/15 kV",surtilec-cable-al-acsr-ecologico-4-0-awg-13-2-15-kv-srt-pending-4f60e7ff2406.webp,9d23836d67de7f75a3c728631d4a84a90fc4b5d32ccbc734a650b27f394c666f,revisar_variante_antes_de_publicar,no_coincidencia_exacta_fuente_reutilizada,retirar_imagen_destacada_y_conservar_adjunto_en_revision,11,"IMAGEN GENÉRICA DE FAMILIA (regla ""acsr|alumoweld"") tomada de ""Cable Aluminio Acsr 4awg Desnudo"" en cablescolombia.com. Puede diferir en calibre, color y construcción. Reemplazar por foto exacta antes de publicar."
SRT-PENDING-5EC7E5DAAF50,"Cable AL-ACSR Ecológico 266,38 kcmil 13,2/15 kV",surtilec-cable-al-acsr-ecologico-266-38-kcmil-13-2-15-kv-srt-pending-5ec7e5daaf50.webp,9d23836d67de7f75a3c728631d4a84a90fc4b5d32ccbc734a650b27f394c666f,revisar_variante_antes_de_publicar,no_coincidencia_exacta_fuente_reutilizada,retirar_imagen_destacada_y_conservar_adjunto_en_revision,11,"IMAGEN GENÉRICA DE FAMILIA (regla ""acsr|alumoweld"") tomada de ""Cable Aluminio Acsr 4awg Desnudo"" en cablescolombia.com. Puede diferir en calibre, color y construcción. Reemplazar por foto exacta antes de publicar."
SRT-PENDING-8FCC4E5B7572,"Cable AL-ACSR Ecológico 1/0 AWG 34,5 kV",surtilec-cable-al-acsr-ecologico-1-0-awg-34-5-kv-srt-pending-8fcc4e5b7572.webp,9d23836d67de7f75a3c728631d4a84a90fc4b5d32ccbc734a650b27f394c666f,revisar_variante_antes_de_publicar,no_coincidencia_exacta_fuente_reutilizada,retirar_imagen_destacada_y_conservar_adjunto_en_revision,11,"IMAGEN GENÉRICA DE FAMILIA (regla ""acsr|alumoweld"") tomada de ""Cable Aluminio Acsr 4awg Desnudo"" en cablescolombia.com. Puede diferir en calibre, color y construcción. Reemplazar por foto exacta antes de publicar."
SRT-PENDING-78EE0A2AE0E5,"Cable AL-ACSR Ecológico 2/0 AWG 34,5 kV",surtilec-cable-al-acsr-ecologico-2-0-awg-34-5-kv-srt-pending-78ee0a2ae0e5.webp,9d23836d67de7f75a3c728631d4a84a90fc4b5d32ccbc734a650b27f394c666f,revisar_variante_antes_de_publicar,no_coincidencia_exacta_fuente_reutilizada,retirar_imagen_destacada_y_conservar_adjunto_en_revision,11,"IMAGEN GENÉRICA DE FAMILIA (regla ""acsr|alumoweld"") tomada de ""Cable Aluminio Acsr 4awg Desnudo"" en cablescolombia.com. Puede diferir en calibre, color y construcción. Reemplazar por foto exacta antes de publicar."
SRT-PENDING-35EE11579D66,"Cable AL-ACSR Ecológico 4/0 AWG 34,5 kV",surtilec-cable-al-acsr-ecologico-4-0-awg-34-5-kv-srt-pending-35ee11579d66.webp,9d23836d67de7f75a3c728631d4a84a90fc4b5d32ccbc734a650b27f394c666f,revisar_variante_antes_de_publicar,no_coincidencia_exacta_fuente_reutilizada,retirar_imagen_destacada_y_conservar_adjunto_en_revision,11,"IMAGEN GENÉRICA DE FAMILIA (regla ""acsr|alumoweld"") tomada de ""Cable Aluminio Acsr 4awg Desnudo"" en cablescolombia.com. Puede diferir en calibre, color y construcción. Reemplazar por foto exacta antes de publicar."
SRT-PENDING-E4258346E928,"Cable AL-ACSR Ecológico 266,8 kcmil 34,5 kV",surtilec-cable-al-acsr-ecologico-266-8-kcmil-34-5-kv-srt-pending-e4258346e928.webp,9d23836d67de7f75a3c728631d4a84a90fc4b5d32ccbc734a650b27f394c666f,revisar_variante_antes_de_publicar,no_coincidencia_exacta_fuente_reutilizada,retirar_imagen_destacada_y_conservar_adjunto_en_revision,11,"IMAGEN GENÉRICA DE FAMILIA (regla ""acsr|alumoweld"") tomada de ""Cable Aluminio Acsr 4awg Desnudo"" en cablescolombia.com. Puede diferir en calibre, color y construcción. Reemplazar por foto exacta antes de publicar."
SRT-PENDING-8E4A84C51885,Cable de Fibra Óptica LSZH 4 Hilos,surtilec-cable-de-fibra-optica-lszh-4-hilos-srt-pending-8e4a84c51885.webp,37d39b2de1292cf80e259be8444cbdee691ff6642279b1a8bfda31bee138cd70,revisar_variante_antes_de_publicar,coincidencia_exacta_no_demostrada,retirar_imagen_destacada_y_conservar_adjunto_en_revision,1,"Imagen sugerida automáticamente desde cablescolombia.com — similitud 100% con ""Cable Fibra Optica LSZH 4 Núcleos Rollo 100m"". Verificar visualmente y obtener permiso antes de publicar."
SRT-PENDING-A6602A7A1353,Cable de Fibra Óptica LSZH 2 Hilos,surtilec-cable-de-fibra-optica-lszh-2-hilos-srt-pending-a6602a7a1353.webp,37d39b2de1292cf80e259be8444cbdee691ff6642279b1a8bfda31bee138cd70,revisar_variante_antes_de_publicar,coincidencia_exacta_no_demostrada,retirar_imagen_destacada_y_conservar_adjunto_en_revision,1,"Imagen sugerida automáticamente desde cablescolombia.com — similitud 100% con ""Cable Fibra Optica LSZH 2 Núcleos Rollo 100m"". Verificar visualmente y obtener permiso antes de publicar."
SRT-PENDING-99E26045D3D7,Cable de Fibra Óptica LSZH 1 Hilos,surtilec-cable-de-fibra-optica-lszh-1-hilos-srt-pending-99e26045d3d7.webp,37d39b2de1292cf80e259be8444cbdee691ff6642279b1a8bfda31bee138cd70,revisar_variante_antes_de_publicar,coincidencia_exacta_no_demostrada,retirar_imagen_destacada_y_conservar_adjunto_en_revision,1,"Imagen sugerida automáticamente desde cablescolombia.com — similitud 100% con ""Cable Fibra Optica LSZH 1 Núcleo Rollo 100m"". Verificar visualmente y obtener permiso antes de publicar."
SRT-PENDING-DFC1513D0C3E,Cable de Fibra Óptica ADSS 24 Hilos,surtilec-cable-de-fibra-optica-adss-24-hilos-srt-pending-dfc1513d0c3e.webp,ed3d374723189dfb0e4ac9b8513f56c43e9311206e25604a8c67f68de426b093,revisar_variante_antes_de_publicar,coincidencia_exacta_no_demostrada,retirar_imagen_destacada_y_conservar_adjunto_en_revision,1,"Imagen sugerida automáticamente desde cablescolombia.com — similitud 100% con ""Cable Fibra Adss 24 Hilos - *2 Km (Uso Exterior - Span 100)"". Verificar visualmente y obtener permiso antes de publicar."
SRT-PENDING-095A03DF0197,Cable de Fibra Óptica ADSS 12 Hilos,surtilec-cable-de-fibra-optica-adss-12-hilos-srt-pending-095a03df0197.webp,ed3d374723189dfb0e4ac9b8513f56c43e9311206e25604a8c67f68de426b093,revisar_variante_antes_de_publicar,coincidencia_exacta_no_demostrada,retirar_imagen_destacada_y_conservar_adjunto_en_revision,1,"Imagen sugerida automáticamente desde cablescolombia.com — similitud 100% con ""Cable Fibra Adss 12 Hilos - *2 Km (Uso Exterior - Span 100)"". Verificar visualmente y obtener permiso antes de publicar."
SRT-PENDING-28C87BA093A9,Cable de Fibra Óptica ADSS 6 Hilos,surtilec-cable-de-fibra-optica-adss-6-hilos-srt-pending-28c87ba093a9.webp,ed3d374723189dfb0e4ac9b8513f56c43e9311206e25604a8c67f68de426b093,revisar_variante_antes_de_publicar,coincidencia_exacta_no_demostrada,retirar_imagen_destacada_y_conservar_adjunto_en_revision,1,"Imagen sugerida automáticamente desde cablescolombia.com — similitud 100% con ""Cable Fibra Adss 6 Hilos - *2 Km (Uso Exterior - Span 100)"". Verificar visualmente y obtener permiso antes de publicar."
SRT-PENDING-AF3507515DDF,Cable de Fibra Óptica Drop 2 Hilos con Mensajero,surtilec-cable-de-fibra-optica-drop-2-hilos-con-mensajero-srt-pending-af3507515ddf.webp,ed3d374723189dfb0e4ac9b8513f56c43e9311206e25604a8c67f68de426b093,revisar_variante_antes_de_publicar,coincidencia_exacta_no_demostrada,retirar_imagen_destacada_y_conservar_adjunto_en_revision,1,"Imagen sugerida automáticamente desde cablescolombia.com — similitud 100% con ""Cable Fibra Drop 2 Hilos Con Mensajero - * 1Km (Uso Exterior - Lszh)"". Verificar visualmente y obtener permiso antes de publicar."
SRT-PENDING-9BEC9FA35927,Cable de Fibra Óptica Drop 1 Hilos con Mensajero,surtilec-cable-de-fibra-optica-drop-1-hilos-con-mensajero-srt-pending-9bec9fa35927.webp,ed3d374723189dfb0e4ac9b8513f56c43e9311206e25604a8c67f68de426b093,revisar_variante_antes_de_publicar,coincidencia_exacta_no_demostrada,retirar_imagen_destacada_y_conservar_adjunto_en_revision,1,"Imagen sugerida automáticamente desde cablescolombia.com — similitud 100% con ""Cable Fibra Drop 1 Hilo Con Mensajero - * 1Km (Uso Exterior - Lszh)"". Verificar visualmente y obtener permiso antes de publicar."
SRT-PENDING-A1412AE78FD3,Cable Solar Fotovoltaico 4 mm_ Cobre Flexible,surtilec-cable-solar-fotovoltaico-4-mm-cobre-flexible-srt-pending-a1412ae78fd3.webp,6d50de04b1e5a38a019490813ba2c04b32ac54d5ffcf200860a8b0bd78cbbdaa,coincidencia_exacta_revisada,coincidencia_exacta_revisada,conservar_imagen_y_validar_antes_de_publicar,5,"Coincidencia exacta (100%) con ""Cable Solar Fotovoltaico 4Mm2"" en cablescolombia.com. Imagen de tercero: validar derechos antes de publicar."
SRT-PENDING-805721FBF6F1,Cable Solar Fotovoltaico 6 mm_ Cobre Flexible,surtilec-cable-solar-fotovoltaico-6-mm-cobre-flexible-srt-pending-805721fbf6f1.webp,6d50de04b1e5a38a019490813ba2c04b32ac54d5ffcf200860a8b0bd78cbbdaa,coincidencia_exacta_revisada,coincidencia_exacta_revisada,conservar_imagen_y_validar_antes_de_publicar,2,"Coincidencia exacta (100%) con ""Cable Solar Fotovoltaico 6Mm2"" en cablescolombia.com. Imagen de tercero: validar derechos antes de publicar."
SRT-PENDING-9A88679D8AD6,Cable Solar Fotovoltaico 10 mm_ Cobre Flexible,surtilec-cable-solar-fotovoltaico-10-mm-cobre-flexible-srt-pending-9a88679d8ad6.webp,6d50de04b1e5a38a019490813ba2c04b32ac54d5ffcf200860a8b0bd78cbbdaa,coincidencia_exacta_revisada,coincidencia_exacta_revisada,conservar_imagen_y_validar_antes_de_publicar,2,"Coincidencia exacta (100%) con ""Cable Solar Fotovoltaico 10Mm2"" en cablescolombia.com. Imagen de tercero: validar derechos antes de publicar."
SRT-PENDING-E67A9A1A46DB,Cable Solar Fotovoltaico 35 mm_ Cobre Flexible,surtilec-cable-solar-fotovoltaico-35-mm-cobre-flexible-srt-pending-e67a9a1a46db.webp,6d50de04b1e5a38a019490813ba2c04b32ac54d5ffcf200860a8b0bd78cbbdaa,coincidencia_exacta_revisada,coincidencia_exacta_revisada,conservar_imagen_y_validar_antes_de_publicar,1,"Coincidencia exacta (100%) con ""Cable Solar Fotovoltaico 35Mm2"" en cablescolombia.com. Imagen de tercero: validar derechos antes de publicar."
SRT-PENDING-86A1C7E43C49,Cable Solar Fotovoltaico 16 mm_ Cobre Flexible,surtilec-cable-solar-fotovoltaico-16-mm-cobre-flexible-srt-pending-86a1c7e43c49.webp,6d50de04b1e5a38a019490813ba2c04b32ac54d5ffcf200860a8b0bd78cbbdaa,coincidencia_exacta_revisada,coincidencia_exacta_revisada,conservar_imagen_y_validar_antes_de_publicar,2,"Coincidencia exacta (100%) con ""Cable Solar Fotovoltaico 16Mm2"" en cablescolombia.com. Imagen de tercero: validar derechos antes de publicar."
SRT-PENDING-03D1945CFA7D,Cable Solar Fotovoltaico 50 mm_ Cobre Flexible,surtilec-cable-solar-fotovoltaico-50-mm-cobre-flexible-srt-pending-03d1945cfa7d.webp,6d50de04b1e5a38a019490813ba2c04b32ac54d5ffcf200860a8b0bd78cbbdaa,coincidencia_exacta_revisada,coincidencia_exacta_revisada,conservar_imagen_y_validar_antes_de_publicar,1,"Coincidencia exacta (100%) con ""Cable Solar Fotovoltaico 50Mm2"" en cablescolombia.com. Imagen de tercero: validar derechos antes de publicar."
SRT-PENDING-7D60DB9DFF53,Cable AWM 10 AWG Cobre PVC,surtilec-cable-awm-10-awg-cobre-pvc-srt-pending-7d60db9dff53.webp,8a9bc9b39f7e18bd114044a97a9299259ce36fbe1b06df01bc25b319474a12de,revisar_variante_antes_de_publicar,no_coincidencia_exacta_fuente_reutilizada,retirar_imagen_destacada_y_conservar_adjunto_en_revision,25,"IMAGEN GENÉRICA DE FAMILIA (cable delgado PVC de vehículo/iluminación) tomada de ""Cable CC TFF N16 Amarillo"" en cablescolombia.com. Puede diferir en calibre, color y construcción. Reemplazar por foto exacta antes de publicar."
SRT-PENDING-EA778CFDDA9B,Cable AWM 12 AWG Cobre PVC,surtilec-cable-awm-12-awg-cobre-pvc-srt-pending-ea778cfdda9b.webp,8a9bc9b39f7e18bd114044a97a9299259ce36fbe1b06df01bc25b319474a12de,revisar_variante_antes_de_publicar,no_coincidencia_exacta_fuente_reutilizada,retirar_imagen_destacada_y_conservar_adjunto_en_revision,25,"IMAGEN GENÉRICA DE FAMILIA (cable delgado PVC de vehículo/iluminación) tomada de ""Cable CC TFF N16 Amarillo"" en cablescolombia.com. Puede diferir en calibre, color y construcción. Reemplazar por foto exacta antes de publicar."
SRT-PENDING-EAC8A473BFEB,Cable AWM 14 AWG Cobre PVC,surtilec-cable-awm-14-awg-cobre-pvc-srt-pending-eac8a473bfeb.webp,8a9bc9b39f7e18bd114044a97a9299259ce36fbe1b06df01bc25b319474a12de,revisar_variante_antes_de_publicar,no_coincidencia_exacta_fuente_reutilizada,retirar_imagen_destacada_y_conservar_adjunto_en_revision,25,"IMAGEN GENÉRICA DE FAMILIA (cable delgado PVC de vehículo/iluminación) tomada de ""Cable CC TFF N16 Amarillo"" en cablescolombia.com. Puede diferir en calibre, color y construcción. Reemplazar por foto exacta antes de publicar."
SRT-PENDING-C4114DD1AC80,Cable AWM 16 AWG Cobre PVC,surtilec-cable-awm-16-awg-cobre-pvc-srt-pending-c4114dd1ac80.webp,8a9bc9b39f7e18bd114044a97a9299259ce36fbe1b06df01bc25b319474a12de,revisar_variante_antes_de_publicar,no_coincidencia_exacta_fuente_reutilizada,retirar_imagen_destacada_y_conservar_adjunto_en_revision,25,"IMAGEN GENÉRICA DE FAMILIA (cable delgado PVC de vehículo/iluminación) tomada de ""Cable CC TFF N16 Amarillo"" en cablescolombia.com. Puede diferir en calibre, color y construcción. Reemplazar por foto exacta antes de publicar."
SRT-PENDING-412FFC5C94B9,Cable AWM 18 AWG Cobre PVC,surtilec-cable-awm-18-awg-cobre-pvc-srt-pending-412ffc5c94b9.webp,8a9bc9b39f7e18bd114044a97a9299259ce36fbe1b06df01bc25b319474a12de,revisar_variante_antes_de_publicar,no_coincidencia_exacta_fuente_reutilizada,retirar_imagen_destacada_y_conservar_adjunto_en_revision,25,"IMAGEN GENÉRICA DE FAMILIA (cable delgado PVC de vehículo/iluminación) tomada de ""Cable CC TFF N16 Amarillo"" en cablescolombia.com. Puede diferir en calibre, color y construcción. Reemplazar por foto exacta antes de publicar."
SRT-PENDING-3370646577EB,Cable AWM 20 AWG Cobre PVC,surtilec-cable-awm-20-awg-cobre-pvc-srt-pending-3370646577eb.webp,8a9bc9b39f7e18bd114044a97a9299259ce36fbe1b06df01bc25b319474a12de,revisar_variante_antes_de_publicar,no_coincidencia_exacta_fuente_reutilizada,retirar_imagen_destacada_y_conservar_adjunto_en_revision,25,"IMAGEN GENÉRICA DE FAMILIA (cable delgado PVC de vehículo/iluminación) tomada de ""Cable CC TFF N16 Amarillo"" en cablescolombia.com. Puede diferir en calibre, color y construcción. Reemplazar por foto exacta antes de publicar."
SRT-PENDING-919E21897BBE,Cable de Instrumentación 2x18+20 AWG Cobre PVC,surtilec-cable-de-instrumentacion-2x18-20-awg-cobre-pvc-srt-pending-919e21897bbe.jpg,e83a52274ac45c5656742de0c52a5d1addbfa0ec1af01a007234e4aa9e09ede4,revisar_variante_antes_de_publicar,no_coincidencia_exacta_fuente_reutilizada,retirar_imagen_destacada_y_conservar_adjunto_en_revision,17,"IMAGEN GENÉRICA DE FAMILIA (77% familia/material/color) tomada de ""Cable Control 2x14+20 awg cu pvc tc ls 90°c 600v"" en cablescolombia.com — mismo tipo y color, calibre distinto. Reemplazar por foto exacta antes de publicar."
SRT-PENDING-B4AEE6492655,Cable de Instrumentación 3x18+20 AWG Cobre PVC,surtilec-cable-de-instrumentacion-3x18-20-awg-cobre-pvc-srt-pending-b4aee6492655.jpg,e83a52274ac45c5656742de0c52a5d1addbfa0ec1af01a007234e4aa9e09ede4,revisar_variante_antes_de_publicar,no_coincidencia_exacta_fuente_reutilizada,retirar_imagen_destacada_y_conservar_adjunto_en_revision,17,"IMAGEN GENÉRICA DE FAMILIA (77% familia/material/color) tomada de ""Cable Control 2x14+20 awg cu pvc tc ls 90°c 600v"" en cablescolombia.com — mismo tipo y color, calibre distinto. Reemplazar por foto exacta antes de publicar."
SRT-PENDING-94AC706D41A6,Cable de Instrumentación 4x18+20 AWG Cobre PVC,surtilec-cable-de-instrumentacion-4x18-20-awg-cobre-pvc-srt-pending-94ac706d41a6.jpg,e83a52274ac45c5656742de0c52a5d1addbfa0ec1af01a007234e4aa9e09ede4,revisar_variante_antes_de_publicar,no_coincidencia_exacta_fuente_reutilizada,retirar_imagen_destacada_y_conservar_adjunto_en_revision,17,"IMAGEN GENÉRICA DE FAMILIA (77% familia/material/color) tomada de ""Cable Control 2x14+20 awg cu pvc tc ls 90°c 600v"" en cablescolombia.com — mismo tipo y color, calibre distinto. Reemplazar por foto exacta antes de publicar."
SRT-PENDING-10B212FEBFFE,Cable de Instrumentación 6x18+20 AWG Cobre PVC,surtilec-cable-de-instrumentacion-6x18-20-awg-cobre-pvc-srt-pending-10b212febffe.jpg,e83a52274ac45c5656742de0c52a5d1addbfa0ec1af01a007234e4aa9e09ede4,revisar_variante_antes_de_publicar,no_coincidencia_exacta_fuente_reutilizada,retirar_imagen_destacada_y_conservar_adjunto_en_revision,17,"IMAGEN GENÉRICA DE FAMILIA (77% familia/material/color) tomada de ""Cable Control 2x14+20 awg cu pvc tc ls 90°c 600v"" en cablescolombia.com — mismo tipo y color, calibre distinto. Reemplazar por foto exacta antes de publicar."
SRT-PENDING-C1CC25DAE03E,Cable de Instrumentación 12x18+20 AWG Cobre PVC,surtilec-cable-de-instrumentacion-12x18-20-awg-cobre-pvc-srt-pending-c1cc25dae03e.jpg,e83a52274ac45c5656742de0c52a5d1addbfa0ec1af01a007234e4aa9e09ede4,revisar_variante_antes_de_publicar,no_coincidencia_exacta_fuente_reutilizada,retirar_imagen_destacada_y_conservar_adjunto_en_revision,17,"IMAGEN GENÉRICA DE FAMILIA (77% familia/material/color) tomada de ""Cable Control 2x14+20 awg cu pvc tc ls 90°c 600v"" en cablescolombia.com — mismo tipo y color, calibre distinto. Reemplazar por foto exacta antes de publicar."
SRT-PENDING-8D5E569C3F69,Cable de Instrumentación 18x18+20 AWG Cobre PVC,surtilec-cable-de-instrumentacion-18x18-20-awg-cobre-pvc-srt-pending-8d5e569c3f69.jpg,e83a52274ac45c5656742de0c52a5d1addbfa0ec1af01a007234e4aa9e09ede4,revisar_variante_antes_de_publicar,no_coincidencia_exacta_fuente_reutilizada,retirar_imagen_destacada_y_conservar_adjunto_en_revision,17,"IMAGEN GENÉRICA DE FAMILIA (77% familia/material/color) tomada de ""Cable Control 2x14+20 awg cu pvc tc ls 90°c 600v"" en cablescolombia.com — mismo tipo y color, calibre distinto. Reemplazar por foto exacta antes de publicar."
SRT-PENDING-F651D769D79D,Cable de Instrumentación 2x16+20 AWG Cobre PVC,surtilec-cable-de-instrumentacion-2x16-20-awg-cobre-pvc-srt-pending-f651d769d79d.jpg,e83a52274ac45c5656742de0c52a5d1addbfa0ec1af01a007234e4aa9e09ede4,revisar_variante_antes_de_publicar,no_coincidencia_exacta_fuente_reutilizada,retirar_imagen_destacada_y_conservar_adjunto_en_revision,17,"IMAGEN GENÉRICA DE FAMILIA (77% familia/material/color) tomada de ""Cable Control 2x14+20 awg cu pvc tc ls 90°c 600v"" en cablescolombia.com — mismo tipo y color, calibre distinto. Reemplazar por foto exacta antes de publicar."
SRT-PENDING-A18F6A8F29EA,Cable de Instrumentación 3x16+20 AWG Cobre PVC,surtilec-cable-de-instrumentacion-3x16-20-awg-cobre-pvc-srt-pending-a18f6a8f29ea.jpg,e83a52274ac45c5656742de0c52a5d1addbfa0ec1af01a007234e4aa9e09ede4,revisar_variante_antes_de_publicar,no_coincidencia_exacta_fuente_reutilizada,retirar_imagen_destacada_y_conservar_adjunto_en_revision,17,"IMAGEN GENÉRICA DE FAMILIA (77% familia/material/color) tomada de ""Cable Control 2x14+20 awg cu pvc tc ls 90°c 600v"" en cablescolombia.com — mismo tipo y color, calibre distinto. Reemplazar por foto exacta antes de publicar."
SRT-PENDING-C4355DF306F7,Cable de Instrumentación 4x16+20 AWG Cobre PVC,surtilec-cable-de-instrumentacion-4x16-20-awg-cobre-pvc-srt-pending-c4355df306f7.jpg,e83a52274ac45c5656742de0c52a5d1addbfa0ec1af01a007234e4aa9e09ede4,revisar_variante_antes_de_publicar,no_coincidencia_exacta_fuente_reutilizada,retirar_imagen_destacada_y_conservar_adjunto_en_revision,17,"IMAGEN GENÉRICA DE FAMILIA (77% familia/material/color) tomada de ""Cable Control 2x14+20 awg cu pvc tc ls 90°c 600v"" en cablescolombia.com — mismo tipo y color, calibre distinto. Reemplazar por foto exacta antes de publicar."
SRT-PENDING-14AF2C78A875,Cable de Instrumentación 9x18+20 AWG Cobre PVC,surtilec-cable-de-instrumentacion-9x18-20-awg-cobre-pvc-srt-pending-14af2c78a875.jpg,e83a52274ac45c5656742de0c52a5d1addbfa0ec1af01a007234e4aa9e09ede4,revisar_variante_antes_de_publicar,no_coincidencia_exacta_fuente_reutilizada,retirar_imagen_destacada_y_conservar_adjunto_en_revision,17,"IMAGEN GENÉRICA DE FAMILIA (77% familia/material/color) tomada de ""Cable Control 2x14+20 awg cu pvc tc ls 90°c 600v"" en cablescolombia.com — mismo tipo y color, calibre distinto. Reemplazar por foto exacta antes de publicar."
SRT-PENDING-05B89A5D3499,Cable de Instrumentación 9x16+20 AWG Cobre PVC,surtilec-cable-de-instrumentacion-9x16-20-awg-cobre-pvc-srt-pending-05b89a5d3499.jpg,e83a52274ac45c5656742de0c52a5d1addbfa0ec1af01a007234e4aa9e09ede4,revisar_variante_antes_de_publicar,no_coincidencia_exacta_fuente_reutilizada,retirar_imagen_destacada_y_conservar_adjunto_en_revision,17,"IMAGEN GENÉRICA DE FAMILIA (77% familia/material/color) tomada de ""Cable Control 2x14+20 awg cu pvc tc ls 90°c 600v"" en cablescolombia.com — mismo tipo y color, calibre distinto. Reemplazar por foto exacta antes de publicar."
SRT-PENDING-9C5726EFF653,Cable de Instrumentación 12x16+20 AWG Cobre PVC,surtilec-cable-de-instrumentacion-12x16-20-awg-cobre-pvc-srt-pending-9c5726eff653.jpg,e83a52274ac45c5656742de0c52a5d1addbfa0ec1af01a007234e4aa9e09ede4,revisar_variante_antes_de_publicar,no_coincidencia_exacta_fuente_reutilizada,retirar_imagen_destacada_y_conservar_adjunto_en_revision,17,"IMAGEN GENÉRICA DE FAMILIA (77% familia/material/color) tomada de ""Cable Control 2x14+20 awg cu pvc tc ls 90°c 600v"" en cablescolombia.com — mismo tipo y color, calibre distinto. Reemplazar por foto exacta antes de publicar."
SRT-PENDING-3772A6900D19,Cable de Instrumentación 18x16+20 AWG Cobre PVC,surtilec-cable-de-instrumentacion-18x16-20-awg-cobre-pvc-srt-pending-3772a6900d19.jpg,e83a52274ac45c5656742de0c52a5d1addbfa0ec1af01a007234e4aa9e09ede4,revisar_variante_antes_de_publicar,no_coincidencia_exacta_fuente_reutilizada,retirar_imagen_destacada_y_conservar_adjunto_en_revision,17,"IMAGEN GENÉRICA DE FAMILIA (77% familia/material/color) tomada de ""Cable Control 2x14+20 awg cu pvc tc ls 90°c 600v"" en cablescolombia.com — mismo tipo y color, calibre distinto. Reemplazar por foto exacta antes de publicar."
SRT-PENDING-4DB43417FE55,Cable Media Tensión Aluminio XLPE 2 AWG 35 kV 133% Pantalla de Cobre,surtilec-cable-media-tension-aluminio-xlpe-2-awg-35-kv-133-pantalla-de-cobre-srt-pending-4db43417fe55.webp,f54a476391265fea7646bca6ce213876a28c1c543ea66f56e46f3c225d656be2,revisar_variante_antes_de_publicar,no_coincidencia_exacta_fuente_reutilizada,retirar_imagen_destacada_y_conservar_adjunto_en_revision,49,"IMAGEN GENÉRICA DE FAMILIA (93% familia/material/color) tomada de ""MEDIA TENSION ALUMINIO 90C XLPE 15KV 133% PC PVC 2 AWG"" en cablescolombia.com — mismo tipo y color, calibre distinto. Reemplazar por foto exacta antes de publicar."
SRT-PENDING-7C4F0C4F8DDC,Cable Media Tensión Aluminio XLPE 1/0 AWG 35 kV 133% Pantalla de Cobre,surtilec-cable-media-tension-aluminio-xlpe-1-0-awg-35-kv-133-pantalla-de-cobre-srt-pending-7c4f0c4f8ddc.webp,f54a476391265fea7646bca6ce213876a28c1c543ea66f56e46f3c225d656be2,revisar_variante_antes_de_publicar,no_coincidencia_exacta_fuente_reutilizada,retirar_imagen_destacada_y_conservar_adjunto_en_revision,49,"IMAGEN GENÉRICA DE FAMILIA (93% familia/material/color) tomada de ""MEDIA TENSION ALUMINIO 90C XLPE 15KV 133% PC PVC 2 AWG"" en cablescolombia.com — mismo tipo y color, calibre distinto. Reemplazar por foto exacta antes de publicar."
SRT-PENDING-0E4D564DCC73,Cable Media Tensión Aluminio XLPE 2/0 AWG 35 kV 133% Pantalla de Cobre,surtilec-cable-media-tension-aluminio-xlpe-2-0-awg-35-kv-133-pantalla-de-cobre-srt-pending-0e4d564dcc73.webp,f54a476391265fea7646bca6ce213876a28c1c543ea66f56e46f3c225d656be2,revisar_variante_antes_de_publicar,no_coincidencia_exacta_fuente_reutilizada,retirar_imagen_destacada_y_conservar_adjunto_en_revision,49,"IMAGEN GENÉRICA DE FAMILIA (93% familia/material/color) tomada de ""MEDIA TENSION ALUMINIO 90C XLPE 15KV 133% PC PVC 2 AWG"" en cablescolombia.com — mismo tipo y color, calibre distinto. Reemplazar por foto exacta antes de publicar."
SRT-PENDING-927455C1F75E,Cable Media Tensión Aluminio XLPE 3/0 AWG 35 kV 133% Pantalla de Cobre,surtilec-cable-media-tension-aluminio-xlpe-3-0-awg-35-kv-133-pantalla-de-cobre-srt-pending-927455c1f75e.webp,f54a476391265fea7646bca6ce213876a28c1c543ea66f56e46f3c225d656be2,revisar_variante_antes_de_publicar,no_coincidencia_exacta_fuente_reutilizada,retirar_imagen_destacada_y_conservar_adjunto_en_revision,49,"IMAGEN GENÉRICA DE FAMILIA (93% familia/material/color) tomada de ""MEDIA TENSION ALUMINIO 90C XLPE 15KV 133% PC PVC 2 AWG"" en cablescolombia.com — mismo tipo y color, calibre distinto. Reemplazar por foto exacta antes de publicar."
SRT-PENDING-DD34CD3E0D87,Cable Media Tensión Aluminio XLPE 4/0 AWG 35 kV 133% Pantalla de Cobre,surtilec-cable-media-tension-aluminio-xlpe-4-0-awg-35-kv-133-pantalla-de-cobre-srt-pending-dd34cd3e0d87.webp,f54a476391265fea7646bca6ce213876a28c1c543ea66f56e46f3c225d656be2,revisar_variante_antes_de_publicar,no_coincidencia_exacta_fuente_reutilizada,retirar_imagen_destacada_y_conservar_adjunto_en_revision,49,"IMAGEN GENÉRICA DE FAMILIA (93% familia/material/color) tomada de ""MEDIA TENSION ALUMINIO 90C XLPE 15KV 133% PC PVC 2 AWG"" en cablescolombia.com — mismo tipo y color, calibre distinto. Reemplazar por foto exacta antes de publicar."
SRT-PENDING-0A2A49AD2D7A,Cable Media Tensión Aluminio XLPE 250 kcmil 35 kV 133% Pantalla de Cobre,surtilec-cable-media-tension-aluminio-xlpe-250-kcmil-35-kv-133-pantalla-de-cobre-srt-pending-0a2a49ad2d7a.webp,f54a476391265fea7646bca6ce213876a28c1c543ea66f56e46f3c225d656be2,revisar_variante_antes_de_publicar,no_coincidencia_exacta_fuente_reutilizada,retirar_imagen_destacada_y_conservar_adjunto_en_revision,7,"IMAGEN GENÉRICA DE FAMILIA (88% familia/material/color) tomada de ""MEDIA TENSION ALUMINIO 90C XLPE 15KV NO 350 KCMIL 100% PC PVC"" en cablescolombia.com — mismo tipo y color, calibre distinto. Reemplazar por foto exacta antes de publicar."
SRT-PENDING-43D7CB471925,Cable Media Tensión Aluminio XLPE 350 kcmil 35 kV 133% Pantalla de Cobre,surtilec-cable-media-tension-aluminio-xlpe-350-kcmil-35-kv-133-pantalla-de-cobre-srt-pending-43d7cb471925.webp,f54a476391265fea7646bca6ce213876a28c1c543ea66f56e46f3c225d656be2,revisar_variante_antes_de_publicar,no_coincidencia_exacta_fuente_reutilizada,retirar_imagen_destacada_y_conservar_adjunto_en_revision,7,"IMAGEN GENÉRICA DE FAMILIA (88% familia/material/color) tomada de ""MEDIA TENSION ALUMINIO 90C XLPE 15KV NO 350 KCMIL 100% PC PVC"" en cablescolombia.com — mismo tipo y color, calibre distinto. Reemplazar por foto exacta antes de publicar."
SRT-PENDING-1C231A9009BF,Cable Media Tensión Aluminio XLPE 500 kcmil 35 kV 133% Pantalla de Cobre,surtilec-cable-media-tension-aluminio-xlpe-500-kcmil-35-kv-133-pantalla-de-cobre-srt-pending-1c231a9009bf.webp,f54a476391265fea7646bca6ce213876a28c1c543ea66f56e46f3c225d656be2,revisar_variante_antes_de_publicar,no_coincidencia_exacta_fuente_reutilizada,retirar_imagen_destacada_y_conservar_adjunto_en_revision,7,"IMAGEN GENÉRICA DE FAMILIA (88% familia/material/color) tomada de ""MEDIA TENSION ALUMINIO 90C XLPE 15KV NO 350 KCMIL 100% PC PVC"" en cablescolombia.com — mismo tipo y color, calibre distinto. Reemplazar por foto exacta antes de publicar."
SRT-PENDING-4FC9B9A4A075,Cable Media Tensión Aluminio XLPE 1/0 AWG 35 kV 100% Neutro Concéntrico N=1/3,surtilec-cable-media-tension-aluminio-xlpe-1-0-awg-35-kv-100-neutro-concentrico-n-1-3-srt-pending-4fc9b9a4a075.webp,f54a476391265fea7646bca6ce213876a28c1c543ea66f56e46f3c225d656be2,revisar_variante_antes_de_publicar,no_coincidencia_exacta_fuente_reutilizada,retirar_imagen_destacada_y_conservar_adjunto_en_revision,49,"IMAGEN GENÉRICA DE FAMILIA (78% familia/material/color) tomada de ""MEDIA TENSION ALUMINIO 90C XLPE 15KV 133% PC PVC 2 AWG"" en cablescolombia.com — mismo tipo y color, calibre distinto. Reemplazar por foto exacta antes de publicar."
SRT-PENDING-21FDEE12A15A,Cable Media Tensión Aluminio XLPE 2/0 AWG 35 kV 100% Neutro Concéntrico N=1/3,surtilec-cable-media-tension-aluminio-xlpe-2-0-awg-35-kv-100-neutro-concentrico-n-1-3-srt-pending-21fdee12a15a.webp,f54a476391265fea7646bca6ce213876a28c1c543ea66f56e46f3c225d656be2,revisar_variante_antes_de_publicar,no_coincidencia_exacta_fuente_reutilizada,retirar_imagen_destacada_y_conservar_adjunto_en_revision,49,"IMAGEN GENÉRICA DE FAMILIA (78% familia/material/color) tomada de ""MEDIA TENSION ALUMINIO 90C XLPE 15KV 133% PC PVC 2 AWG"" en cablescolombia.com — mismo tipo y color, calibre distinto. Reemplazar por foto exacta antes de publicar."
SRT-PENDING-4CF105DE30C2,Cable Media Tensión Aluminio XLPE 3/0 AWG 35 kV 100% Neutro Concéntrico N=1/3,surtilec-cable-media-tension-aluminio-xlpe-3-0-awg-35-kv-100-neutro-concentrico-n-1-3-srt-pending-4cf105de30c2.webp,f54a476391265fea7646bca6ce213876a28c1c543ea66f56e46f3c225d656be2,revisar_variante_antes_de_publicar,no_coincidencia_exacta_fuente_reutilizada,retirar_imagen_destacada_y_conservar_adjunto_en_revision,49,"IMAGEN GENÉRICA DE FAMILIA (78% familia/material/color) tomada de ""MEDIA TENSION ALUMINIO 90C XLPE 15KV 133% PC PVC 2 AWG"" en cablescolombia.com — mismo tipo y color, calibre distinto. Reemplazar por foto exacta antes de publicar."
SRT-PENDING-5EEA3418D619,Cable Media Tensión Aluminio XLPE 4/0 AWG 35 kV 100% Neutro Concéntrico N=1/3,surtilec-cable-media-tension-aluminio-xlpe-4-0-awg-35-kv-100-neutro-concentrico-n-1-3-srt-pending-5eea3418d619.webp,f54a476391265fea7646bca6ce213876a28c1c543ea66f56e46f3c225d656be2,revisar_variante_antes_de_publicar,no_coincidencia_exacta_fuente_reutilizada,retirar_imagen_destacada_y_conservar_adjunto_en_revision,49,"IMAGEN GENÉRICA DE FAMILIA (78% familia/material/color) tomada de ""MEDIA TENSION ALUMINIO 90C XLPE 15KV 133% PC PVC 2 AWG"" en cablescolombia.com — mismo tipo y color, calibre distinto. Reemplazar por foto exacta antes de publicar."
SRT-PENDING-664ADB6569BA,Cable Media Tensión Aluminio XLPE 250 kcmil 35 kV 100% Neutro Concéntrico N=1/3,surtilec-cable-media-tension-aluminio-xlpe-250-kcmil-35-kv-100-neutro-concentrico-n-1-3-srt-pending-664adb6569ba.webp,f54a476391265fea7646bca6ce213876a28c1c543ea66f56e46f3c225d656be2,revisar_variante_antes_de_publicar,no_coincidencia_exacta_fuente_reutilizada,retirar_imagen_destacada_y_conservar_adjunto_en_revision,49,"IMAGEN GENÉRICA DE FAMILIA (92% familia, material AL) tomada de ""Media Tensión Aluminio 90°C XLPE Hilos 35 kV 100% N=1/3 PVC 1/0 AWG"" en cablescolombia.com. Reemplazar por foto exacta antes de publicar."
SRT-PENDING-24B076CA4A91,Cable Media Tensión Aluminio XLPE 350 kcmil 35 kV 100% Neutro Concéntrico N=1/3,surtilec-cable-media-tension-aluminio-xlpe-350-kcmil-35-kv-100-neutro-concentrico-n-1-3-srt-pending-24b076ca4a91.webp,f54a476391265fea7646bca6ce213876a28c1c543ea66f56e46f3c225d656be2,revisar_variante_antes_de_publicar,no_coincidencia_exacta_fuente_reutilizada,retirar_imagen_destacada_y_conservar_adjunto_en_revision,49,"IMAGEN GENÉRICA DE FAMILIA (92% familia, material AL) tomada de ""Media Tensión Aluminio 90°C XLPE Hilos 35 kV 100% N=1/3 PVC 1/0 AWG"" en cablescolombia.com. Reemplazar por foto exacta antes de publicar."
SRT-PENDING-4D7A8DBC465B,Cable Media Tensión Aluminio XLPE 500 kcmil 35 kV 100% Neutro Concéntrico N=1/3,surtilec-cable-media-tension-aluminio-xlpe-500-kcmil-35-kv-100-neutro-concentrico-n-1-3-srt-pending-4d7a8dbc465b.webp,f54a476391265fea7646bca6ce213876a28c1c543ea66f56e46f3c225d656be2,revisar_variante_antes_de_publicar,no_coincidencia_exacta_fuente_reutilizada,retirar_imagen_destacada_y_conservar_adjunto_en_revision,49,"IMAGEN GENÉRICA DE FAMILIA (92% familia, material AL) tomada de ""Media Tensión Aluminio 90°C XLPE Hilos 35 kV 100% N=1/3 PVC 1/0 AWG"" en cablescolombia.com. Reemplazar por foto exacta antes de publicar."
SRT-PENDING-5B87EE556F4F,Cable Media Tensión Aluminio XLPE 1/0 AWG 35 kV 133% Neutro Concéntrico N=1/3,surtilec-cable-media-tension-aluminio-xlpe-1-0-awg-35-kv-133-neutro-concentrico-n-1-3-srt-pending-5b87ee556f4f.webp,f54a476391265fea7646bca6ce213876a28c1c543ea66f56e46f3c225d656be2,revisar_variante_antes_de_publicar,no_coincidencia_exacta_fuente_reutilizada,retirar_imagen_destacada_y_conservar_adjunto_en_revision,49,"IMAGEN GENÉRICA DE FAMILIA (78% familia/material/color) tomada de ""MEDIA TENSION ALUMINIO 90C XLPE 15KV 133% PC PVC 2 AWG"" en cablescolombia.com — mismo tipo y color, calibre distinto. Reemplazar por foto exacta antes de publicar."
SRT-PENDING-36C5EDC88BF4,Cable Media Tensión Aluminio XLPE 2/0 AWG 35 kV 133% Neutro Concéntrico N=1/3,surtilec-cable-media-tension-aluminio-xlpe-2-0-awg-35-kv-133-neutro-concentrico-n-1-3-srt-pending-36c5edc88bf4.webp,f54a476391265fea7646bca6ce213876a28c1c543ea66f56e46f3c225d656be2,revisar_variante_antes_de_publicar,no_coincidencia_exacta_fuente_reutilizada,retirar_imagen_destacada_y_conservar_adjunto_en_revision,49,"IMAGEN GENÉRICA DE FAMILIA (78% familia/material/color) tomada de ""MEDIA TENSION ALUMINIO 90C XLPE 15KV 133% PC PVC 2 AWG"" en cablescolombia.com — mismo tipo y color, calibre distinto. Reemplazar por foto exacta antes de publicar."
SRT-PENDING-2805FE222FAB,Cable Media Tensión Aluminio XLPE 3/0 AWG 35 kV 133% Neutro Concéntrico N=1/3,surtilec-cable-media-tension-aluminio-xlpe-3-0-awg-35-kv-133-neutro-concentrico-n-1-3-srt-pending-2805fe222fab.webp,f54a476391265fea7646bca6ce213876a28c1c543ea66f56e46f3c225d656be2,revisar_variante_antes_de_publicar,no_coincidencia_exacta_fuente_reutilizada,retirar_imagen_destacada_y_conservar_adjunto_en_revision,49,"IMAGEN GENÉRICA DE FAMILIA (78% familia/material/color) tomada de ""MEDIA TENSION ALUMINIO 90C XLPE 15KV 133% PC PVC 2 AWG"" en cablescolombia.com — mismo tipo y color, calibre distinto. Reemplazar por foto exacta antes de publicar."
SRT-PENDING-7163D24622CF,Cable Media Tensión Aluminio XLPE 4/0 AWG 35 kV 133% Neutro Concéntrico N=1/3,surtilec-cable-media-tension-aluminio-xlpe-4-0-awg-35-kv-133-neutro-concentrico-n-1-3-srt-pending-7163d24622cf.webp,f54a476391265fea7646bca6ce213876a28c1c543ea66f56e46f3c225d656be2,revisar_variante_antes_de_publicar,no_coincidencia_exacta_fuente_reutilizada,retirar_imagen_destacada_y_conservar_adjunto_en_revision,49,"IMAGEN GENÉRICA DE FAMILIA (78% familia/material/color) tomada de ""MEDIA TENSION ALUMINIO 90C XLPE 15KV 133% PC PVC 2 AWG"" en cablescolombia.com — mismo tipo y color, calibre distinto. Reemplazar por foto exacta antes de publicar."
SRT-PENDING-FB810094753B,Cable Media Tensión Aluminio XLPE 250 kcmil 35 kV 133% Neutro Concéntrico N=1/3,surtilec-cable-media-tension-aluminio-xlpe-250-kcmil-35-kv-133-neutro-concentrico-n-1-3-srt-pending-fb810094753b.webp,f54a476391265fea7646bca6ce213876a28c1c543ea66f56e46f3c225d656be2,revisar_variante_antes_de_publicar,no_coincidencia_exacta_fuente_reutilizada,retirar_imagen_destacada_y_conservar_adjunto_en_revision,49,"IMAGEN GENÉRICA DE FAMILIA (92% familia, material AL) tomada de ""Media Tensión Aluminio 90°C XLPE Hilos 35 kV 100% N=1/3 PVC 1/0 AWG"" en cablescolombia.com. Reemplazar por foto exacta antes de publicar."
SRT-PENDING-05BE371389F4,Cable Media Tensión Aluminio XLPE 350 kcmil 35 kV 133% Neutro Concéntrico N=1/3,surtilec-cable-media-tension-aluminio-xlpe-350-kcmil-35-kv-133-neutro-concentrico-n-1-3-srt-pending-05be371389f4.webp,f54a476391265fea7646bca6ce213876a28c1c543ea66f56e46f3c225d656be2,revisar_variante_antes_de_publicar,no_coincidencia_exacta_fuente_reutilizada,retirar_imagen_destacada_y_conservar_adjunto_en_revision,49,"IMAGEN GENÉRICA DE FAMILIA (92% familia, material AL) tomada de ""Media Tensión Aluminio 90°C XLPE Hilos 35 kV 100% N=1/3 PVC 1/0 AWG"" en cablescolombia.com. Reemplazar por foto exacta antes de publicar."
SRT-PENDING-45A5EB711460,Cable Media Tensión Aluminio XLPE 500 kcmil 35 kV 133% Neutro Concéntrico N=1/3,surtilec-cable-media-tension-aluminio-xlpe-500-kcmil-35-kv-133-neutro-concentrico-n-1-3-srt-pending-45a5eb711460.webp,f54a476391265fea7646bca6ce213876a28c1c543ea66f56e46f3c225d656be2,revisar_variante_antes_de_publicar,no_coincidencia_exacta_fuente_reutilizada,retirar_imagen_destacada_y_conservar_adjunto_en_revision,49,"IMAGEN GENÉRICA DE FAMILIA (92% familia, material AL) tomada de ""Media Tensión Aluminio 90°C XLPE Hilos 35 kV 100% N=1/3 PVC 1/0 AWG"" en cablescolombia.com. Reemplazar por foto exacta antes de publicar."
SRT-PENDING-2B279C123F20,Cable Media Tensión Aluminio XLPE 1/0 AWG 15 kV 100%,surtilec-cable-media-tension-aluminio-xlpe-1-0-awg-15-kv-100--srt-pending-2b279c123f20.webp,f54a476391265fea7646bca6ce213876a28c1c543ea66f56e46f3c225d656be2,revisar_variante_antes_de_publicar,no_coincidencia_exacta_fuente_reutilizada,retirar_imagen_destacada_y_conservar_adjunto_en_revision,49,"IMAGEN GENÉRICA DE FAMILIA (regla ""15kv|13\.2kv|34\.5kv"") tomada de ""Media Tensión Aluminio XLPE 35kV 133% PC PVC 2 AWG"" en cablescolombia.com. Puede diferir en calibre, color y construcción. Reemplazar por foto exacta antes de publicar."
SRT-PENDING-8190551DE932,Cable Media Tensión Aluminio XLPE 1/0 AWG 15 kV 133%,surtilec-cable-media-tension-aluminio-xlpe-1-0-awg-15-kv-133--srt-pending-8190551de932.webp,f54a476391265fea7646bca6ce213876a28c1c543ea66f56e46f3c225d656be2,revisar_variante_antes_de_publicar,no_coincidencia_exacta_fuente_reutilizada,retirar_imagen_destacada_y_conservar_adjunto_en_revision,49,"IMAGEN GENÉRICA DE FAMILIA (regla ""15kv|13\.2kv|34\.5kv"") tomada de ""Media Tensión Aluminio XLPE 35kV 133% PC PVC 2 AWG"" en cablescolombia.com. Puede diferir en calibre, color y construcción. Reemplazar por foto exacta antes de publicar."
SRT-PENDING-A6E3F754CE04,Cable Media Tensión Aluminio XLPE 185 mm_ 15 kV 100% Pantalla de Hilos,surtilec-cable-media-tension-aluminio-xlpe-185-mm-15-kv-100-pantalla-de-hilos-srt-pending-a6e3f754ce04.webp,f54a476391265fea7646bca6ce213876a28c1c543ea66f56e46f3c225d656be2,revisar_variante_antes_de_publicar,no_coincidencia_exacta_fuente_reutilizada,retirar_imagen_destacada_y_conservar_adjunto_en_revision,49,"IMAGEN GENÉRICA DE FAMILIA (regla ""15kv|13\.2kv|34\.5kv"") tomada de ""Media Tensión Aluminio XLPE 35kV 133% PC PVC 2 AWG"" en cablescolombia.com. Puede diferir en calibre, color y construcción. Reemplazar por foto exacta antes de publicar."
SRT-PENDING-5DBBBDA2896B,Cable Media Tensión Aluminio XLPE 240 mm_ 15 kV 100% Pantalla de Hilos,surtilec-cable-media-tension-aluminio-xlpe-240-mm-15-kv-100-pantalla-de-hilos-srt-pending-5dbbbda2896b.webp,f54a476391265fea7646bca6ce213876a28c1c543ea66f56e46f3c225d656be2,revisar_variante_antes_de_publicar,no_coincidencia_exacta_fuente_reutilizada,retirar_imagen_destacada_y_conservar_adjunto_en_revision,49,"IMAGEN GENÉRICA DE FAMILIA (regla ""15kv|13\.2kv|34\.5kv"") tomada de ""Media Tensión Aluminio XLPE 35kV 133% PC PVC 2 AWG"" en cablescolombia.com. Puede diferir en calibre, color y construcción. Reemplazar por foto exacta antes de publicar."
SRT-PENDING-A2FFEA41745E,Cable Media Tensión Aluminio XLPE 95 mm_ 15 kV 100% Pantalla de Hilos,surtilec-cable-media-tension-aluminio-xlpe-95-mm-15-kv-100-pantalla-de-hilos-srt-pending-a2ffea41745e.webp,f54a476391265fea7646bca6ce213876a28c1c543ea66f56e46f3c225d656be2,revisar_variante_antes_de_publicar,no_coincidencia_exacta_fuente_reutilizada,retirar_imagen_destacada_y_conservar_adjunto_en_revision,49,"IMAGEN GENÉRICA DE FAMILIA (regla ""15kv|13\.2kv|34\.5kv"") tomada de ""Media Tensión Aluminio XLPE 35kV 133% PC PVC 2 AWG"" en cablescolombia.com. Puede diferir en calibre, color y construcción. Reemplazar por foto exacta antes de publicar."
SRT-PENDING-D5281A627DB0,Cable Media Tensión Aluminio XLPE 70 mm_ 15 kV 100% Pantalla de Hilos,surtilec-cable-media-tension-aluminio-xlpe-70-mm-15-kv-100-pantalla-de-hilos-srt-pending-d5281a627db0.webp,f54a476391265fea7646bca6ce213876a28c1c543ea66f56e46f3c225d656be2,revisar_variante_antes_de_publicar,no_coincidencia_exacta_fuente_reutilizada,retirar_imagen_destacada_y_conservar_adjunto_en_revision,49,"IMAGEN GENÉRICA DE FAMILIA (regla ""15kv|13\.2kv|34\.5kv"") tomada de ""Media Tensión Aluminio XLPE 35kV 133% PC PVC 2 AWG"" en cablescolombia.com. Puede diferir en calibre, color y construcción. Reemplazar por foto exacta antes de publicar."
SRT-PENDING-34EF4D91B8ED,Cable Media Tensión Aluminio XLPE 240 mm_ 15 kV 133% Pantalla de Hilos,surtilec-cable-media-tension-aluminio-xlpe-240-mm-15-kv-133-pantalla-de-hilos-srt-pending-34ef4d91b8ed.webp,f54a476391265fea7646bca6ce213876a28c1c543ea66f56e46f3c225d656be2,revisar_variante_antes_de_publicar,no_coincidencia_exacta_fuente_reutilizada,retirar_imagen_destacada_y_conservar_adjunto_en_revision,49,"IMAGEN GENÉRICA DE FAMILIA (regla ""15kv|13\.2kv|34\.5kv"") tomada de ""Media Tensión Aluminio XLPE 35kV 133% PC PVC 2 AWG"" en cablescolombia.com. Puede diferir en calibre, color y construcción. Reemplazar por foto exacta antes de publicar."
SRT-PENDING-3FCD38309023,Cable Media Tensión Aluminio XLPE 185 mm_ 15 kV 133% Pantalla de Hilos,surtilec-cable-media-tension-aluminio-xlpe-185-mm-15-kv-133-pantalla-de-hilos-srt-pending-3fcd38309023.webp,f54a476391265fea7646bca6ce213876a28c1c543ea66f56e46f3c225d656be2,revisar_variante_antes_de_publicar,no_coincidencia_exacta_fuente_reutilizada,retirar_imagen_destacada_y_conservar_adjunto_en_revision,49,"IMAGEN GENÉRICA DE FAMILIA (regla ""15kv|13\.2kv|34\.5kv"") tomada de ""Media Tensión Aluminio XLPE 35kV 133% PC PVC 2 AWG"" en cablescolombia.com. Puede diferir en calibre, color y construcción. Reemplazar por foto exacta antes de publicar."
SRT-PENDING-EF8381DEF90E,Cable Media Tensión Aluminio XLPE 120 mm_ 15 kV 133% Pantalla de Hilos,surtilec-cable-media-tension-aluminio-xlpe-120-mm-15-kv-133-pantalla-de-hilos-srt-pending-ef8381def90e.webp,f54a476391265fea7646bca6ce213876a28c1c543ea66f56e46f3c225d656be2,revisar_variante_antes_de_publicar,no_coincidencia_exacta_fuente_reutilizada,retirar_imagen_destacada_y_conservar_adjunto_en_revision,49,"IMAGEN GENÉRICA DE FAMILIA (regla ""15kv|13\.2kv|34\.5kv"") tomada de ""Media Tensión Aluminio XLPE 35kV 133% PC PVC 2 AWG"" en cablescolombia.com. Puede diferir en calibre, color y construcción. Reemplazar por foto exacta antes de publicar."
SRT-PENDING-C474385D0CD5,Cable Media Tensión Aluminio XLPE 95 mm_ 15 kV 133% Pantalla de Hilos,surtilec-cable-media-tension-aluminio-xlpe-95-mm-15-kv-133-pantalla-de-hilos-srt-pending-c474385d0cd5.webp,f54a476391265fea7646bca6ce213876a28c1c543ea66f56e46f3c225d656be2,revisar_variante_antes_de_publicar,no_coincidencia_exacta_fuente_reutilizada,retirar_imagen_destacada_y_conservar_adjunto_en_revision,49,"IMAGEN GENÉRICA DE FAMILIA (regla ""15kv|13\.2kv|34\.5kv"") tomada de ""Media Tensión Aluminio XLPE 35kV 133% PC PVC 2 AWG"" en cablescolombia.com. Puede diferir en calibre, color y construcción. Reemplazar por foto exacta antes de publicar."
SRT-PENDING-58249E8B06CE,Cable Media Tensión Aluminio XLPE 70 mm_ 15 kV 133% Pantalla de Hilos,surtilec-cable-media-tension-aluminio-xlpe-70-mm-15-kv-133-pantalla-de-hilos-srt-pending-58249e8b06ce.webp,f54a476391265fea7646bca6ce213876a28c1c543ea66f56e46f3c225d656be2,revisar_variante_antes_de_publicar,no_coincidencia_exacta_fuente_reutilizada,retirar_imagen_destacada_y_conservar_adjunto_en_revision,49,"IMAGEN GENÉRICA DE FAMILIA (regla ""15kv|13\.2kv|34\.5kv"") tomada de ""Media Tensión Aluminio XLPE 35kV 133% PC PVC 2 AWG"" en cablescolombia.com. Puede diferir en calibre, color y construcción. Reemplazar por foto exacta antes de publicar."
SRT-PENDING-BBA3D6BF9EDC,Cable Media Tensión Aluminio XLPE 15 kV 100% Pantalla de Cobre,surtilec-cable-media-tension-aluminio-xlpe-15-kv-100-pantalla-de-cobre-srt-pending-bba3d6bf9edc.webp,f54a476391265fea7646bca6ce213876a28c1c543ea66f56e46f3c225d656be2,revisar_variante_antes_de_publicar,no_coincidencia_exacta_fuente_reutilizada,retirar_imagen_destacada_y_conservar_adjunto_en_revision,8,"IMAGEN GENÉRICA DE FAMILIA (100% familia/material/color) tomada de ""MEDIA TENSION ALUMINIO 90C XLPE 15KV NO 4/0 100% PC PVC"" en cablescolombia.com — mismo tipo y color, calibre distinto. Reemplazar por foto exacta antes de publicar."
SRT-PENDING-A54804483E6B,Cable Media Tensión Aluminio XLPE 350 kcmil 15 kV 100% Pantalla de Cobre,surtilec-cable-media-tension-aluminio-xlpe-350-kcmil-15-kv-100-pantalla-de-cobre-srt-pending-a54804483e6b.webp,f54a476391265fea7646bca6ce213876a28c1c543ea66f56e46f3c225d656be2,revisar_variante_antes_de_publicar,no_coincidencia_exacta_fuente_reutilizada,retirar_imagen_destacada_y_conservar_adjunto_en_revision,7,"Imagen sugerida automáticamente desde cablescolombia.com — similitud 91% con ""MEDIA TENSION ALUMINIO 90C XLPE 15KV NO 350 KCMIL 100% PC PVC"". Verificar visualmente y obtener permiso antes de publicar."
SRT-PENDING-203BBF52C5D5,Cable Media Tensión Aluminio XLPE 500 kcmil 15 kV 100% Pantalla de Cobre,surtilec-cable-media-tension-aluminio-xlpe-500-kcmil-15-kv-100-pantalla-de-cobre-srt-pending-203bbf52c5d5.webp,f54a476391265fea7646bca6ce213876a28c1c543ea66f56e46f3c225d656be2,revisar_variante_antes_de_publicar,coincidencia_exacta_no_demostrada,retirar_imagen_destacada_y_conservar_adjunto_en_revision,1,"Imagen sugerida automáticamente desde cablescolombia.com — similitud 91% con ""MEDIA TENSION ALUMINIO 90C XLPE 15KV NO 500 KCMIL 100% PC PVC"". Verificar visualmente y obtener permiso antes de publicar."
SRT-PENDING-CB612095409C,Cable Media Tensión Aluminio XLPE 4/0 AWG 15 kV 100% Pantalla de Cobre,surtilec-cable-media-tension-aluminio-xlpe-4-0-awg-15-kv-100-pantalla-de-cobre-srt-pending-cb612095409c.webp,f54a476391265fea7646bca6ce213876a28c1c543ea66f56e46f3c225d656be2,revisar_variante_antes_de_publicar,no_coincidencia_exacta_fuente_reutilizada,retirar_imagen_destacada_y_conservar_adjunto_en_revision,8,"Imagen sugerida automáticamente desde cablescolombia.com — similitud 91% con ""MEDIA TENSION ALUMINIO 90C XLPE 15KV NO 4/0 100% PC PVC"". Verificar visualmente y obtener permiso antes de publicar."
SRT-PENDING-CB6E228A3272,Cable Media Tensión Aluminio XLPE 1/0 AWG 15 kV 100% Pantalla de Cobre,surtilec-cable-media-tension-aluminio-xlpe-1-0-awg-15-kv-100-pantalla-de-cobre-srt-pending-cb6e228a3272.webp,f54a476391265fea7646bca6ce213876a28c1c543ea66f56e46f3c225d656be2,revisar_variante_antes_de_publicar,coincidencia_exacta_no_demostrada,retirar_imagen_destacada_y_conservar_adjunto_en_revision,1,"Imagen sugerida automáticamente desde cablescolombia.com — similitud 91% con ""MEDIA TENSION ALUMINIO 90C XLPE 15KV NO 1/0 100% PC PVC"". Verificar visualmente y obtener permiso antes de publicar."
SRT-PENDING-2929BC6D87A2,Cable Media Tensión Aluminio XLPE 2/0 AWG 15 kV 100% Pantalla de Cobre,surtilec-cable-media-tension-aluminio-xlpe-2-0-awg-15-kv-100-pantalla-de-cobre-srt-pending-2929bc6d87a2.webp,f54a476391265fea7646bca6ce213876a28c1c543ea66f56e46f3c225d656be2,revisar_variante_antes_de_publicar,coincidencia_exacta_no_demostrada,retirar_imagen_destacada_y_conservar_adjunto_en_revision,1,"Imagen sugerida automáticamente desde cablescolombia.com — similitud 91% con ""MEDIA TENSION ALUMINIO 90C XLPE 15KV NO 2/0 100% PC PVC"". Verificar visualmente y obtener permiso antes de publicar."
SRT-PENDING-AA1D791BFE33,Cable Media Tensión Aluminio XLPE 3/0 AWG 15 kV 100% Pantalla de Cobre,surtilec-cable-media-tension-aluminio-xlpe-3-0-awg-15-kv-100-pantalla-de-cobre-srt-pending-aa1d791bfe33.webp,f54a476391265fea7646bca6ce213876a28c1c543ea66f56e46f3c225d656be2,revisar_variante_antes_de_publicar,no_coincidencia_exacta_fuente_reutilizada,retirar_imagen_destacada_y_conservar_adjunto_en_revision,8,"IMAGEN GENÉRICA DE FAMILIA (100% familia/material/color) tomada de ""MEDIA TENSION ALUMINIO 90C XLPE 15KV NO 4/0 100% PC PVC"" en cablescolombia.com — mismo tipo y color, calibre distinto. Reemplazar por foto exacta antes de publicar."
SRT-PENDING-C65574C8189E,Cable Media Tensión Aluminio XLPE 250 kcmil 15 kV 100% Pantalla de Cobre,surtilec-cable-media-tension-aluminio-xlpe-250-kcmil-15-kv-100-pantalla-de-cobre-srt-pending-c65574c8189e.webp,f54a476391265fea7646bca6ce213876a28c1c543ea66f56e46f3c225d656be2,revisar_variante_antes_de_publicar,coincidencia_exacta_no_demostrada,retirar_imagen_destacada_y_conservar_adjunto_en_revision,1,"Imagen sugerida automáticamente desde cablescolombia.com — similitud 91% con ""MEDIA TENSION ALUMINIO 90C XLPE 15KV NO 250 KCMIL 100% PC PVC"". Verificar visualmente y obtener permiso antes de publicar."
SRT-PENDING-8C1CDD016042,Cable Media Tensión Aluminio XLPE 2 AWG 15 kV 133% Pantalla de Cobre,surtilec-cable-media-tension-aluminio-xlpe-2-awg-15-kv-133-pantalla-de-cobre-srt-pending-8c1cdd016042.webp,f54a476391265fea7646bca6ce213876a28c1c543ea66f56e46f3c225d656be2,revisar_variante_antes_de_publicar,no_coincidencia_exacta_fuente_reutilizada,retirar_imagen_destacada_y_conservar_adjunto_en_revision,49,"Imagen sugerida automáticamente desde cablescolombia.com — similitud 95% con ""MEDIA TENSION ALUMINIO 90C XLPE 15KV 133% PC PVC 2 AWG"". Verificar visualmente y obtener permiso antes de publicar."
SRT-PENDING-D27B33BF98AF,Cable Media Tensión Aluminio XLPE 1/0 AWG 15 kV 133% Pantalla de Cobre,surtilec-cable-media-tension-aluminio-xlpe-1-0-awg-15-kv-133-pantalla-de-cobre-srt-pending-d27b33bf98af.webp,f54a476391265fea7646bca6ce213876a28c1c543ea66f56e46f3c225d656be2,revisar_variante_antes_de_publicar,no_coincidencia_exacta_fuente_reutilizada,retirar_imagen_destacada_y_conservar_adjunto_en_revision,49,"IMAGEN GENÉRICA DE FAMILIA (100% familia/material/color) tomada de ""MEDIA TENSION ALUMINIO 90C XLPE 15KV 133% PC PVC 2 AWG"" en cablescolombia.com — mismo tipo y color, calibre distinto. Reemplazar por foto exacta antes de publicar."
SRT-PENDING-4C2645D6F44E,Cable Media Tensión Aluminio XLPE 2/0 AWG 15 kV 133% Pantalla de Cobre,surtilec-cable-media-tension-aluminio-xlpe-2-0-awg-15-kv-133-pantalla-de-cobre-srt-pending-4c2645d6f44e.webp,f54a476391265fea7646bca6ce213876a28c1c543ea66f56e46f3c225d656be2,revisar_variante_antes_de_publicar,coincidencia_exacta_no_demostrada,retirar_imagen_destacada_y_conservar_adjunto_en_revision,1,"Imagen sugerida automáticamente desde cablescolombia.com — similitud 96% con ""MEDIA TENSION ALUMINIO 90C XLPE 15KV 133% PC PVC 2/0 AWG"". Verificar visualmente y obtener permiso antes de publicar."
SRT-PENDING-4D475875C29C,Cable Media Tensión Aluminio XLPE 3/0 AWG 15 kV 133% Pantalla de Cobre,surtilec-cable-media-tension-aluminio-xlpe-3-0-awg-15-kv-133-pantalla-de-cobre-srt-pending-4d475875c29c.webp,f54a476391265fea7646bca6ce213876a28c1c543ea66f56e46f3c225d656be2,revisar_variante_antes_de_publicar,no_coincidencia_exacta_fuente_reutilizada,retirar_imagen_destacada_y_conservar_adjunto_en_revision,49,"IMAGEN GENÉRICA DE FAMILIA (100% familia/material/color) tomada de ""MEDIA TENSION ALUMINIO 90C XLPE 15KV 133% PC PVC 2 AWG"" en cablescolombia.com — mismo tipo y color, calibre distinto. Reemplazar por foto exacta antes de publicar."
SRT-PENDING-697D8A7D63E2,Cable Media Tensión Aluminio XLPE 4/0 AWG 15 kV 133% Pantalla de Cobre,surtilec-cable-media-tension-aluminio-xlpe-4-0-awg-15-kv-133-pantalla-de-cobre-srt-pending-697d8a7d63e2.webp,f54a476391265fea7646bca6ce213876a28c1c543ea66f56e46f3c225d656be2,revisar_variante_antes_de_publicar,coincidencia_exacta_no_demostrada,retirar_imagen_destacada_y_conservar_adjunto_en_revision,1,"Imagen sugerida automáticamente desde cablescolombia.com — similitud 96% con ""MEDIA TENSION ALUMINIO 90C XLPE 15KV 133% PC PVC 4/0 AWG"". Verificar visualmente y obtener permiso antes de publicar."
SRT-PENDING-EED5A17010C9,Cable Media Tensión Aluminio XLPE 250 kcmil 15 kV 133% Pantalla de Cobre,surtilec-cable-media-tension-aluminio-xlpe-250-kcmil-15-kv-133-pantalla-de-cobre-srt-pending-eed5a17010c9.webp,f54a476391265fea7646bca6ce213876a28c1c543ea66f56e46f3c225d656be2,revisar_variante_antes_de_publicar,no_coincidencia_exacta_fuente_reutilizada,retirar_imagen_destacada_y_conservar_adjunto_en_revision,7,"IMAGEN GENÉRICA DE FAMILIA (94% familia/material/color) tomada de ""MEDIA TENSION ALUMINIO 90C XLPE 15KV NO 350 KCMIL 100% PC PVC"" en cablescolombia.com — mismo tipo y color, calibre distinto. Reemplazar por foto exacta antes de publicar."
SRT-PENDING-6106DBF723E4,Cable Media Tensión Aluminio XLPE 350 kcmil 15 kV 133% Pantalla de Cobre,surtilec-cable-media-tension-aluminio-xlpe-350-kcmil-15-kv-133-pantalla-de-cobre-srt-pending-6106dbf723e4.webp,f54a476391265fea7646bca6ce213876a28c1c543ea66f56e46f3c225d656be2,revisar_variante_antes_de_publicar,no_coincidencia_exacta_fuente_reutilizada,retirar_imagen_destacada_y_conservar_adjunto_en_revision,7,"IMAGEN GENÉRICA DE FAMILIA (94% familia/material/color) tomada de ""MEDIA TENSION ALUMINIO 90C XLPE 15KV NO 350 KCMIL 100% PC PVC"" en cablescolombia.com — mismo tipo y color, calibre distinto. Reemplazar por foto exacta antes de publicar."
SRT-PENDING-41719E3AD7A9,Cable Media Tensión Aluminio XLPE 500 kcmil 15 kV 133% Pantalla de Cobre,surtilec-cable-media-tension-aluminio-xlpe-500-kcmil-15-kv-133-pantalla-de-cobre-srt-pending-41719e3ad7a9.webp,f54a476391265fea7646bca6ce213876a28c1c543ea66f56e46f3c225d656be2,revisar_variante_antes_de_publicar,no_coincidencia_exacta_fuente_reutilizada,retirar_imagen_destacada_y_conservar_adjunto_en_revision,7,"IMAGEN GENÉRICA DE FAMILIA (94% familia/material/color) tomada de ""MEDIA TENSION ALUMINIO 90C XLPE 15KV NO 350 KCMIL 100% PC PVC"" en cablescolombia.com — mismo tipo y color, calibre distinto. Reemplazar por foto exacta antes de publicar."
SRT-PENDING-2E1E744FA0B7,Cable Media Tensión Aluminio XLPE 2 AWG 15 kV 100% Neutro Concéntrico N=1/3,surtilec-cable-media-tension-aluminio-xlpe-2-awg-15-kv-100-neutro-concentrico-n-1-3-srt-pending-2e1e744fa0b7.webp,f54a476391265fea7646bca6ce213876a28c1c543ea66f56e46f3c225d656be2,revisar_variante_antes_de_publicar,no_coincidencia_exacta_fuente_reutilizada,retirar_imagen_destacada_y_conservar_adjunto_en_revision,49,"IMAGEN GENÉRICA DE FAMILIA (78% familia/material/color) tomada de ""MEDIA TENSION ALUMINIO 90C XLPE 15KV 133% PC PVC 2 AWG"" en cablescolombia.com — mismo tipo y color, calibre distinto. Reemplazar por foto exacta antes de publicar."
SRT-PENDING-A4394BCB4A1A,Cable Media Tensión Aluminio XLPE 1/0 AWG 15 kV 100% Neutro Concéntrico N=1/3,surtilec-cable-media-tension-aluminio-xlpe-1-0-awg-15-kv-100-neutro-concentrico-n-1-3-srt-pending-a4394bcb4a1a.webp,f54a476391265fea7646bca6ce213876a28c1c543ea66f56e46f3c225d656be2,revisar_variante_antes_de_publicar,no_coincidencia_exacta_fuente_reutilizada,retirar_imagen_destacada_y_conservar_adjunto_en_revision,49,"IMAGEN GENÉRICA DE FAMILIA (78% familia/material/color) tomada de ""MEDIA TENSION ALUMINIO 90C XLPE 15KV 133% PC PVC 2 AWG"" en cablescolombia.com — mismo tipo y color, calibre distinto. Reemplazar por foto exacta antes de publicar."
SRT-PENDING-B957BF39DB5A,Cable Media Tensión Aluminio XLPE 2/0 AWG 15 kV 100% Neutro Concéntrico N=1/3,surtilec-cable-media-tension-aluminio-xlpe-2-0-awg-15-kv-100-neutro-concentrico-n-1-3-srt-pending-b957bf39db5a.webp,f54a476391265fea7646bca6ce213876a28c1c543ea66f56e46f3c225d656be2,revisar_variante_antes_de_publicar,no_coincidencia_exacta_fuente_reutilizada,retirar_imagen_destacada_y_conservar_adjunto_en_revision,49,"IMAGEN GENÉRICA DE FAMILIA (78% familia/material/color) tomada de ""MEDIA TENSION ALUMINIO 90C XLPE 15KV 133% PC PVC 2 AWG"" en cablescolombia.com — mismo tipo y color, calibre distinto. Reemplazar por foto exacta antes de publicar."
SRT-PENDING-4A63CBD45621,Cable Media Tensión Aluminio XLPE 3/0 AWG 15 kV 100% Neutro Concéntrico N=1/3,surtilec-cable-media-tension-aluminio-xlpe-3-0-awg-15-kv-100-neutro-concentrico-n-1-3-srt-pending-4a63cbd45621.webp,f54a476391265fea7646bca6ce213876a28c1c543ea66f56e46f3c225d656be2,revisar_variante_antes_de_publicar,no_coincidencia_exacta_fuente_reutilizada,retirar_imagen_destacada_y_conservar_adjunto_en_revision,49,"IMAGEN GENÉRICA DE FAMILIA (78% familia/material/color) tomada de ""MEDIA TENSION ALUMINIO 90C XLPE 15KV 133% PC PVC 2 AWG"" en cablescolombia.com — mismo tipo y color, calibre distinto. Reemplazar por foto exacta antes de publicar."
SRT-PENDING-C08BCCBE5E8A,Cable Media Tensión Aluminio XLPE 4/0 AWG 15 kV 100% Neutro Concéntrico N=1/3,surtilec-cable-media-tension-aluminio-xlpe-4-0-awg-15-kv-100-neutro-concentrico-n-1-3-srt-pending-c08bccbe5e8a.webp,f54a476391265fea7646bca6ce213876a28c1c543ea66f56e46f3c225d656be2,revisar_variante_antes_de_publicar,no_coincidencia_exacta_fuente_reutilizada,retirar_imagen_destacada_y_conservar_adjunto_en_revision,49,"IMAGEN GENÉRICA DE FAMILIA (78% familia/material/color) tomada de ""MEDIA TENSION ALUMINIO 90C XLPE 15KV 133% PC PVC 2 AWG"" en cablescolombia.com — mismo tipo y color, calibre distinto. Reemplazar por foto exacta antes de publicar."
SRT-PENDING-DA1DDA0F1AE4,Cable Media Tensión Aluminio XLPE 350 kcmil 15 kV 100% Neutro Concéntrico N=1/3,surtilec-cable-media-tension-aluminio-xlpe-350-kcmil-15-kv-100-neutro-concentrico-n-1-3-srt-pending-da1dda0f1ae4.webp,f54a476391265fea7646bca6ce213876a28c1c543ea66f56e46f3c225d656be2,revisar_variante_antes_de_publicar,no_coincidencia_exacta_fuente_reutilizada,retirar_imagen_destacada_y_conservar_adjunto_en_revision,49,"IMAGEN GENÉRICA DE FAMILIA (92% familia, material AL) tomada de ""Media Tensión Aluminio 90°C XLPE Hilos 35 kV 100% N=1/3 PVC 1/0 AWG"" en cablescolombia.com. Reemplazar por foto exacta antes de publicar."
SRT-PENDING-FC3EF16AF7AB,Cable Media Tensión Aluminio XLPE 500 kcmil 15 kV 100% Neutro Concéntrico N=1/3,surtilec-cable-media-tension-aluminio-xlpe-500-kcmil-15-kv-100-neutro-concentrico-n-1-3-srt-pending-fc3ef16af7ab.webp,f54a476391265fea7646bca6ce213876a28c1c543ea66f56e46f3c225d656be2,revisar_variante_antes_de_publicar,no_coincidencia_exacta_fuente_reutilizada,retirar_imagen_destacada_y_conservar_adjunto_en_revision,49,"IMAGEN GENÉRICA DE FAMILIA (92% familia, material AL) tomada de ""Media Tensión Aluminio 90°C XLPE Hilos 35 kV 100% N=1/3 PVC 1/0 AWG"" en cablescolombia.com. Reemplazar por foto exacta antes de publicar."
SRT-PENDING-3D4135D6F164,Cable Media Tensión Aluminio XLPE 2 AWG 15 kV 133% Neutro Concéntrico N=1/3,surtilec-cable-media-tension-aluminio-xlpe-2-awg-15-kv-133-neutro-concentrico-n-1-3-srt-pending-3d4135d6f164.webp,f54a476391265fea7646bca6ce213876a28c1c543ea66f56e46f3c225d656be2,revisar_variante_antes_de_publicar,no_coincidencia_exacta_fuente_reutilizada,retirar_imagen_destacada_y_conservar_adjunto_en_revision,49,"IMAGEN GENÉRICA DE FAMILIA (78% familia/material/color) tomada de ""MEDIA TENSION ALUMINIO 90C XLPE 15KV 133% PC PVC 2 AWG"" en cablescolombia.com — mismo tipo y color, calibre distinto. Reemplazar por foto exacta antes de publicar."
SRT-PENDING-27662CB9D45E,Cable Media Tensión Aluminio XLPE 1/0 AWG 15 kV 133% Neutro Concéntrico N=1/3,surtilec-cable-media-tension-aluminio-xlpe-1-0-awg-15-kv-133-neutro-concentrico-n-1-3-srt-pending-27662cb9d45e.webp,f54a476391265fea7646bca6ce213876a28c1c543ea66f56e46f3c225d656be2,revisar_variante_antes_de_publicar,no_coincidencia_exacta_fuente_reutilizada,retirar_imagen_destacada_y_conservar_adjunto_en_revision,49,"IMAGEN GENÉRICA DE FAMILIA (78% familia/material/color) tomada de ""MEDIA TENSION ALUMINIO 90C XLPE 15KV 133% PC PVC 2 AWG"" en cablescolombia.com — mismo tipo y color, calibre distinto. Reemplazar por foto exacta antes de publicar."
SRT-PENDING-DA11D6041422,Cable Media Tensión Aluminio XLPE 2/0 AWG 15 kV 133% Neutro Concéntrico N=1/3,surtilec-cable-media-tension-aluminio-xlpe-2-0-awg-15-kv-133-neutro-concentrico-n-1-3-srt-pending-da11d6041422.webp,f54a476391265fea7646bca6ce213876a28c1c543ea66f56e46f3c225d656be2,revisar_variante_antes_de_publicar,no_coincidencia_exacta_fuente_reutilizada,retirar_imagen_destacada_y_conservar_adjunto_en_revision,49,"IMAGEN GENÉRICA DE FAMILIA (78% familia/material/color) tomada de ""MEDIA TENSION ALUMINIO 90C XLPE 15KV 133% PC PVC 2 AWG"" en cablescolombia.com — mismo tipo y color, calibre distinto. Reemplazar por foto exacta antes de publicar."
SRT-PENDING-1DCABF714A1D,Cable Media Tensión Aluminio XLPE 3/0 AWG 15 kV 133% Neutro Concéntrico N=1/3,surtilec-cable-media-tension-aluminio-xlpe-3-0-awg-15-kv-133-neutro-concentrico-n-1-3-srt-pending-1dcabf714a1d.webp,f54a476391265fea7646bca6ce213876a28c1c543ea66f56e46f3c225d656be2,revisar_variante_antes_de_publicar,no_coincidencia_exacta_fuente_reutilizada,retirar_imagen_destacada_y_conservar_adjunto_en_revision,49,"IMAGEN GENÉRICA DE FAMILIA (78% familia/material/color) tomada de ""MEDIA TENSION ALUMINIO 90C XLPE 15KV 133% PC PVC 2 AWG"" en cablescolombia.com — mismo tipo y color, calibre distinto. Reemplazar por foto exacta antes de publicar."
SRT-PENDING-36B099E7846C,Cable Media Tensión Aluminio XLPE 4/0 AWG 15 kV 133% Neutro Concéntrico N=1/3,surtilec-cable-media-tension-aluminio-xlpe-4-0-awg-15-kv-133-neutro-concentrico-n-1-3-srt-pending-36b099e7846c.webp,f54a476391265fea7646bca6ce213876a28c1c543ea66f56e46f3c225d656be2,revisar_variante_antes_de_publicar,no_coincidencia_exacta_fuente_reutilizada,retirar_imagen_destacada_y_conservar_adjunto_en_revision,49,"IMAGEN GENÉRICA DE FAMILIA (78% familia/material/color) tomada de ""MEDIA TENSION ALUMINIO 90C XLPE 15KV 133% PC PVC 2 AWG"" en cablescolombia.com — mismo tipo y color, calibre distinto. Reemplazar por foto exacta antes de publicar."
SRT-PENDING-4DC0746ECBFB,Cable Media Tensión Aluminio XLPE 250 kcmil 15 kV 133% Neutro Concéntrico N=1/3,surtilec-cable-media-tension-aluminio-xlpe-250-kcmil-15-kv-133-neutro-concentrico-n-1-3-srt-pending-4dc0746ecbfb.webp,f54a476391265fea7646bca6ce213876a28c1c543ea66f56e46f3c225d656be2,revisar_variante_antes_de_publicar,no_coincidencia_exacta_fuente_reutilizada,retirar_imagen_destacada_y_conservar_adjunto_en_revision,49,"IMAGEN GENÉRICA DE FAMILIA (92% familia, material AL) tomada de ""Media Tensión Aluminio 90°C XLPE Hilos 35 kV 100% N=1/3 PVC 1/0 AWG"" en cablescolombia.com. Reemplazar por foto exacta antes de publicar."
SRT-PENDING-46F0BDD5F53E,Cable Media Tensión Aluminio XLPE 350 kcmil 15 kV 133% Neutro Concéntrico N=1/3,surtilec-cable-media-tension-aluminio-xlpe-350-kcmil-15-kv-133-neutro-concentrico-n-1-3-srt-pending-46f0bdd5f53e.webp,f54a476391265fea7646bca6ce213876a28c1c543ea66f56e46f3c225d656be2,revisar_variante_antes_de_publicar,no_coincidencia_exacta_fuente_reutilizada,retirar_imagen_destacada_y_conservar_adjunto_en_revision,49,"IMAGEN GENÉRICA DE FAMILIA (92% familia, material AL) tomada de ""Media Tensión Aluminio 90°C XLPE Hilos 35 kV 100% N=1/3 PVC 1/0 AWG"" en cablescolombia.com. Reemplazar por foto exacta antes de publicar."
SRT-PENDING-A4E8ED35EE7F,Cable Media Tensión Aluminio XLPE 500 kcmil 15 kV 133% Neutro Concéntrico N=1/3,surtilec-cable-media-tension-aluminio-xlpe-500-kcmil-15-kv-133-neutro-concentrico-n-1-3-srt-pending-a4e8ed35ee7f.webp,f54a476391265fea7646bca6ce213876a28c1c543ea66f56e46f3c225d656be2,revisar_variante_antes_de_publicar,no_coincidencia_exacta_fuente_reutilizada,retirar_imagen_destacada_y_conservar_adjunto_en_revision,49,"IMAGEN GENÉRICA DE FAMILIA (92% familia, material AL) tomada de ""Media Tensión Aluminio 90°C XLPE Hilos 35 kV 100% N=1/3 PVC 1/0 AWG"" en cablescolombia.com. Reemplazar por foto exacta antes de publicar."
SRT-PENDING-2D373E3FD73E,"Cable Media Tensión Aluminio XLPE 70 mm_ 8,7/15 kV 100% Neutro 25 mm_",surtilec-cable-media-tension-aluminio-xlpe-70-mm-8-7-15-kv-100-neutro-25-mm--srt-pending-2d373e3fd73e.webp,f54a476391265fea7646bca6ce213876a28c1c543ea66f56e46f3c225d656be2,revisar_variante_antes_de_publicar,no_coincidencia_exacta_fuente_reutilizada,retirar_imagen_destacada_y_conservar_adjunto_en_revision,8,"IMAGEN GENÉRICA DE FAMILIA (75% familia/material/color) tomada de ""MEDIA TENSION ALUMINIO 90C XLPE 15KV NO 4/0 100% PC PVC"" en cablescolombia.com — mismo tipo y color, calibre distinto. Reemplazar por foto exacta antes de publicar."
SRT-PENDING-DAA55C842BE3,"Cable Media Tensión Aluminio XLPE 95 mm_ 8,7/15 kV 100% Neutro 25 mm_",surtilec-cable-media-tension-aluminio-xlpe-95-mm-8-7-15-kv-100-neutro-25-mm--srt-pending-daa55c842be3.webp,f54a476391265fea7646bca6ce213876a28c1c543ea66f56e46f3c225d656be2,revisar_variante_antes_de_publicar,no_coincidencia_exacta_fuente_reutilizada,retirar_imagen_destacada_y_conservar_adjunto_en_revision,8,"IMAGEN GENÉRICA DE FAMILIA (75% familia/material/color) tomada de ""MEDIA TENSION ALUMINIO 90C XLPE 15KV NO 4/0 100% PC PVC"" en cablescolombia.com — mismo tipo y color, calibre distinto. Reemplazar por foto exacta antes de publicar."
SRT-PENDING-590D4330D95C,"Cable Media Tensión Aluminio XLPE 120 mm_ 8,7/15 kV 100% Neutro 25 mm_",surtilec-cable-media-tension-aluminio-xlpe-120-mm-8-7-15-kv-100-neutro-25-mm--srt-pending-590d4330d95c.webp,f54a476391265fea7646bca6ce213876a28c1c543ea66f56e46f3c225d656be2,revisar_variante_antes_de_publicar,no_coincidencia_exacta_fuente_reutilizada,retirar_imagen_destacada_y_conservar_adjunto_en_revision,8,"IMAGEN GENÉRICA DE FAMILIA (75% familia/material/color) tomada de ""MEDIA TENSION ALUMINIO 90C XLPE 15KV NO 4/0 100% PC PVC"" en cablescolombia.com — mismo tipo y color, calibre distinto. Reemplazar por foto exacta antes de publicar."
SRT-PENDING-5F2E45451001,"Cable Media Tensión Aluminio XLPE 185 mm_ 8,7/15 kV 100% Neutro 25 mm_",surtilec-cable-media-tension-aluminio-xlpe-185-mm-8-7-15-kv-100-neutro-25-mm--srt-pending-5f2e45451001.webp,f54a476391265fea7646bca6ce213876a28c1c543ea66f56e46f3c225d656be2,revisar_variante_antes_de_publicar,no_coincidencia_exacta_fuente_reutilizada,retirar_imagen_destacada_y_conservar_adjunto_en_revision,8,"IMAGEN GENÉRICA DE FAMILIA (75% familia/material/color) tomada de ""MEDIA TENSION ALUMINIO 90C XLPE 15KV NO 4/0 100% PC PVC"" en cablescolombia.com — mismo tipo y color, calibre distinto. Reemplazar por foto exacta antes de publicar."
SRT-PENDING-D9FD95B83E59,"Cable Media Tensión Aluminio XLPE 200 mm_ 8,7/15 kV 100% Neutro 25 mm_",surtilec-cable-media-tension-aluminio-xlpe-200-mm-8-7-15-kv-100-neutro-25-mm--srt-pending-d9fd95b83e59.webp,f54a476391265fea7646bca6ce213876a28c1c543ea66f56e46f3c225d656be2,revisar_variante_antes_de_publicar,no_coincidencia_exacta_fuente_reutilizada,retirar_imagen_destacada_y_conservar_adjunto_en_revision,8,"IMAGEN GENÉRICA DE FAMILIA (75% familia/material/color) tomada de ""MEDIA TENSION ALUMINIO 90C XLPE 15KV NO 4/0 100% PC PVC"" en cablescolombia.com — mismo tipo y color, calibre distinto. Reemplazar por foto exacta antes de publicar."
SRT-PENDING-898C94937850,Cable Media Tensión Aluminio XLPE 250 kcmil 15 kV 100% Neutro Concéntrico N=1/3,surtilec-cable-media-tension-aluminio-xlpe-250-kcmil-15-kv-100-neutro-concentrico-n-1-3-srt-pending-898c94937850.webp,f54a476391265fea7646bca6ce213876a28c1c543ea66f56e46f3c225d656be2,revisar_variante_antes_de_publicar,no_coincidencia_exacta_fuente_reutilizada,retirar_imagen_destacada_y_conservar_adjunto_en_revision,49,"IMAGEN GENÉRICA DE FAMILIA (92% familia, material AL) tomada de ""Media Tensión Aluminio 90°C XLPE Hilos 35 kV 100% N=1/3 PVC 1/0 AWG"" en cablescolombia.com. Reemplazar por foto exacta antes de publicar."
SRT-PENDING-490B7CE2806B,Cable Media Tensión Cobre XLPE 2/0 AWG 35 kV 100% Pantalla de Cobre,surtilec-cable-media-tension-cobre-xlpe-2-0-awg-35-kv-100-pantalla-de-cobre-srt-pending-490b7ce2806b.webp,e611d95727a6103f643bfdf2d72033d31a905b22cec4c88926e8f7fb66c5b8e4,revisar_variante_antes_de_publicar,no_coincidencia_exacta_fuente_reutilizada,retirar_imagen_destacada_y_conservar_adjunto_en_revision,14,"IMAGEN GENÉRICA DE FAMILIA (100% familia/material/color) tomada de ""MEDIA TENSION COBRE 90C XLPE 15KV NO 2 133% PC PVC"" en cablescolombia.com — mismo tipo y color, calibre distinto. Reemplazar por foto exacta antes de publicar."
SRT-PENDING-3222B7A7CFD2,Cable Media Tensión Cobre XLPE 4/0 AWG 35 kV 100% Pantalla de Cobre,surtilec-cable-media-tension-cobre-xlpe-4-0-awg-35-kv-100-pantalla-de-cobre-srt-pending-3222b7a7cfd2.webp,e611d95727a6103f643bfdf2d72033d31a905b22cec4c88926e8f7fb66c5b8e4,revisar_variante_antes_de_publicar,no_coincidencia_exacta_fuente_reutilizada,retirar_imagen_destacada_y_conservar_adjunto_en_revision,14,"IMAGEN GENÉRICA DE FAMILIA (100% familia/material/color) tomada de ""MEDIA TENSION COBRE 90C XLPE 15KV NO 2 133% PC PVC"" en cablescolombia.com — mismo tipo y color, calibre distinto. Reemplazar por foto exacta antes de publicar."
SRT-PENDING-56FC23BAFC07,Cable Media Tensión Cobre XLPE 1/0 AWG 35 kV 133% Pantalla de Cobre,surtilec-cable-media-tension-cobre-xlpe-1-0-awg-35-kv-133-pantalla-de-cobre-srt-pending-56fc23bafc07.webp,e611d95727a6103f643bfdf2d72033d31a905b22cec4c88926e8f7fb66c5b8e4,revisar_variante_antes_de_publicar,no_coincidencia_exacta_fuente_reutilizada,retirar_imagen_destacada_y_conservar_adjunto_en_revision,14,"IMAGEN GENÉRICA DE FAMILIA (100% familia/material/color) tomada de ""MEDIA TENSION COBRE 90C XLPE 15KV NO 2 133% PC PVC"" en cablescolombia.com — mismo tipo y color, calibre distinto. Reemplazar por foto exacta antes de publicar."
SRT-PENDING-9204397946C1,Cable Media Tensión Cobre XLPE 2/0 AWG 35 kV 133% Pantalla de Cobre,surtilec-cable-media-tension-cobre-xlpe-2-0-awg-35-kv-133-pantalla-de-cobre-srt-pending-9204397946c1.webp,e611d95727a6103f643bfdf2d72033d31a905b22cec4c88926e8f7fb66c5b8e4,revisar_variante_antes_de_publicar,no_coincidencia_exacta_fuente_reutilizada,retirar_imagen_destacada_y_conservar_adjunto_en_revision,14,"IMAGEN GENÉRICA DE FAMILIA (100% familia/material/color) tomada de ""MEDIA TENSION COBRE 90C XLPE 15KV NO 2 133% PC PVC"" en cablescolombia.com — mismo tipo y color, calibre distinto. Reemplazar por foto exacta antes de publicar."
SRT-PENDING-E328104BC9F1,Cable Media Tensión Cobre XLPE 3/0 AWG 35 kV 133% Pantalla de Cobre,surtilec-cable-media-tension-cobre-xlpe-3-0-awg-35-kv-133-pantalla-de-cobre-srt-pending-e328104bc9f1.webp,e611d95727a6103f643bfdf2d72033d31a905b22cec4c88926e8f7fb66c5b8e4,revisar_variante_antes_de_publicar,no_coincidencia_exacta_fuente_reutilizada,retirar_imagen_destacada_y_conservar_adjunto_en_revision,14,"IMAGEN GENÉRICA DE FAMILIA (100% familia/material/color) tomada de ""MEDIA TENSION COBRE 90C XLPE 15KV NO 2 133% PC PVC"" en cablescolombia.com — mismo tipo y color, calibre distinto. Reemplazar por foto exacta antes de publicar."
SRT-PENDING-D48C9ED890D3,Cable Media Tensión Cobre XLPE 4/0 AWG 35 kV 133% Pantalla de Cobre,surtilec-cable-media-tension-cobre-xlpe-4-0-awg-35-kv-133-pantalla-de-cobre-srt-pending-d48c9ed890d3.webp,e611d95727a6103f643bfdf2d72033d31a905b22cec4c88926e8f7fb66c5b8e4,revisar_variante_antes_de_publicar,no_coincidencia_exacta_fuente_reutilizada,retirar_imagen_destacada_y_conservar_adjunto_en_revision,14,"IMAGEN GENÉRICA DE FAMILIA (100% familia/material/color) tomada de ""MEDIA TENSION COBRE 90C XLPE 15KV NO 2 133% PC PVC"" en cablescolombia.com — mismo tipo y color, calibre distinto. Reemplazar por foto exacta antes de publicar."
SRT-PENDING-BC7AB6C0DB1B,Cable Media Tensión Cobre XLPE 250 kcmil 35 kV 133% Pantalla de Cobre,surtilec-cable-media-tension-cobre-xlpe-250-kcmil-35-kv-133-pantalla-de-cobre-srt-pending-bc7ab6c0db1b.webp,e611d95727a6103f643bfdf2d72033d31a905b22cec4c88926e8f7fb66c5b8e4,revisar_variante_antes_de_publicar,no_coincidencia_exacta_fuente_reutilizada,retirar_imagen_destacada_y_conservar_adjunto_en_revision,14,"IMAGEN GENÉRICA DE FAMILIA (100% familia/material/color) tomada de ""MEDIA TENSION COBRE 90C XLPE 15KV NO 2 133% PC PVC"" en cablescolombia.com — mismo tipo y color, calibre distinto. Reemplazar por foto exacta antes de publicar."
SRT-PENDING-2D3B75775E4F,Cable Media Tensión Cobre XLPE 350 kcmil 35 kV 133% Pantalla de Cobre,surtilec-cable-media-tension-cobre-xlpe-350-kcmil-35-kv-133-pantalla-de-cobre-srt-pending-2d3b75775e4f.webp,e611d95727a6103f643bfdf2d72033d31a905b22cec4c88926e8f7fb66c5b8e4,revisar_variante_antes_de_publicar,no_coincidencia_exacta_fuente_reutilizada,retirar_imagen_destacada_y_conservar_adjunto_en_revision,14,"IMAGEN GENÉRICA DE FAMILIA (100% familia/material/color) tomada de ""MEDIA TENSION COBRE 90C XLPE 15KV NO 2 133% PC PVC"" en cablescolombia.com — mismo tipo y color, calibre distinto. Reemplazar por foto exacta antes de publicar."
SRT-PENDING-C5F8C46F6DF4,Cable Media Tensión Cobre XLPE 500 kcmil 35 kV 133% Pantalla de Cobre,surtilec-cable-media-tension-cobre-xlpe-500-kcmil-35-kv-133-pantalla-de-cobre-srt-pending-c5f8c46f6df4.webp,e611d95727a6103f643bfdf2d72033d31a905b22cec4c88926e8f7fb66c5b8e4,revisar_variante_antes_de_publicar,no_coincidencia_exacta_fuente_reutilizada,retirar_imagen_destacada_y_conservar_adjunto_en_revision,14,"IMAGEN GENÉRICA DE FAMILIA (100% familia/material/color) tomada de ""MEDIA TENSION COBRE 90C XLPE 15KV NO 2 133% PC PVC"" en cablescolombia.com — mismo tipo y color, calibre distinto. Reemplazar por foto exacta antes de publicar."
SRT-PENDING-A1EEF1269335,Cable Media Tensión Cobre XLPE 1/0 AWG 15 kV 100%,surtilec-cable-media-tension-cobre-xlpe-1-0-awg-15-kv-100--srt-pending-a1eef1269335.webp,e611d95727a6103f643bfdf2d72033d31a905b22cec4c88926e8f7fb66c5b8e4,revisar_variante_antes_de_publicar,no_coincidencia_exacta_fuente_reutilizada,retirar_imagen_destacada_y_conservar_adjunto_en_revision,5,"IMAGEN GENÉRICA DE FAMILIA (83% familia/material/color) tomada de ""MEDIA TENSION COBRE 90C XLPE 15KV NO 1/0 133% PC PVC"" en cablescolombia.com — mismo tipo y color, calibre distinto. Reemplazar por foto exacta antes de publicar."
SRT-PENDING-2D40F0A1D1B6,Cable Media Tensión Cobre XLPE 1/0 AWG 15 kV 133% Pantalla de Cobre,surtilec-cable-media-tension-cobre-xlpe-1-0-awg-15-kv-133-pantalla-de-cobre-srt-pending-2d40f0a1d1b6.webp,e611d95727a6103f643bfdf2d72033d31a905b22cec4c88926e8f7fb66c5b8e4,revisar_variante_antes_de_publicar,no_coincidencia_exacta_fuente_reutilizada,retirar_imagen_destacada_y_conservar_adjunto_en_revision,5,"Imagen sugerida automáticamente desde cablescolombia.com — similitud 76% con ""MEDIA TENSION COBRE 90C XLPE 15KV NO 1/0 133% PC PVC"". Verificar visualmente y obtener permiso antes de publicar."
SRT-PENDING-3958B7C0BEF2,Cable Media Tensión Cobre XLPE 1/0 AWG 15 kV 100% Pantalla de Cobre,surtilec-cable-media-tension-cobre-xlpe-1-0-awg-15-kv-100-pantalla-de-cobre-srt-pending-3958b7c0bef2.webp,cdb22dbaded2d0b27b81c268044db9a18844b46dd52f960445339aa913b81652,revisar_variante_antes_de_publicar,no_coincidencia_exacta_fuente_reutilizada,retirar_imagen_destacada_y_conservar_adjunto_en_revision,2,"Imagen sugerida automáticamente desde cablescolombia.com — similitud 76% con ""MEDIA TENSION COBRE 90C XLPE 15KV NO 1/0 100% PC PVC"". Verificar visualmente y obtener permiso antes de publicar."
SRT-PENDING-BE1B2D69B2D0,Cable Media Tensión Cobre XLPE 2 AWG 15 kV 133%,surtilec-cable-media-tension-cobre-xlpe-2-awg-15-kv-133--srt-pending-be1b2d69b2d0.webp,e611d95727a6103f643bfdf2d72033d31a905b22cec4c88926e8f7fb66c5b8e4,revisar_variante_antes_de_publicar,no_coincidencia_exacta_fuente_reutilizada,retirar_imagen_destacada_y_conservar_adjunto_en_revision,5,"IMAGEN GENÉRICA DE FAMILIA (83% familia/material/color) tomada de ""MEDIA TENSION COBRE 90C XLPE 15KV NO 1/0 133% PC PVC"" en cablescolombia.com — mismo tipo y color, calibre distinto. Reemplazar por foto exacta antes de publicar."
SRT-PENDING-39C487C5DE72,Cable Media Tensión Cobre XLPE 2 AWG 15 kV 100%,surtilec-cable-media-tension-cobre-xlpe-2-awg-15-kv-100--srt-pending-39c487c5de72.webp,e611d95727a6103f643bfdf2d72033d31a905b22cec4c88926e8f7fb66c5b8e4,revisar_variante_antes_de_publicar,no_coincidencia_exacta_fuente_reutilizada,retirar_imagen_destacada_y_conservar_adjunto_en_revision,5,"IMAGEN GENÉRICA DE FAMILIA (83% familia/material/color) tomada de ""MEDIA TENSION COBRE 90C XLPE 15KV NO 1/0 133% PC PVC"" en cablescolombia.com — mismo tipo y color, calibre distinto. Reemplazar por foto exacta antes de publicar."
SRT-PENDING-2F9A9886A1F6,Cable Media Tensión Cobre XLPE 2 AWG 15 kV 133% Pantalla de Cobre,surtilec-cable-media-tension-cobre-xlpe-2-awg-15-kv-133-pantalla-de-cobre-srt-pending-2f9a9886a1f6.webp,e611d95727a6103f643bfdf2d72033d31a905b22cec4c88926e8f7fb66c5b8e4,revisar_variante_antes_de_publicar,no_coincidencia_exacta_fuente_reutilizada,retirar_imagen_destacada_y_conservar_adjunto_en_revision,14,"Imagen sugerida automáticamente desde cablescolombia.com — similitud 76% con ""MEDIA TENSION COBRE 90C XLPE 15KV NO 2 133% PC PVC"". Verificar visualmente y obtener permiso antes de publicar."
SRT-PENDING-D9E22C29AF82,Cable Media Tensión Cobre XLPE 2 AWG 15 kV 100% Pantalla de Cobre,surtilec-cable-media-tension-cobre-xlpe-2-awg-15-kv-100-pantalla-de-cobre-srt-pending-d9e22c29af82.webp,599966f52362ee50bcb559f6faf705efce9f506a77057db2d61e5093b7c18fde,revisar_variante_antes_de_publicar,no_coincidencia_exacta_fuente_reutilizada,retirar_imagen_destacada_y_conservar_adjunto_en_revision,2,"Imagen sugerida automáticamente desde cablescolombia.com — similitud 76% con ""MEDIA TENSION COBRE 90C XLPE 15KV NO 2 100% PC PVC"". Verificar visualmente y obtener permiso antes de publicar."
SRT-PENDING-DC66FFA29AB5,Cable Media Tensión Cobre XLPE 2/0 AWG 15 kV 100% Pantalla de Cobre,surtilec-cable-media-tension-cobre-xlpe-2-0-awg-15-kv-100-pantalla-de-cobre-srt-pending-dc66ffa29ab5.webp,e611d95727a6103f643bfdf2d72033d31a905b22cec4c88926e8f7fb66c5b8e4,revisar_variante_antes_de_publicar,no_coincidencia_exacta_fuente_reutilizada,retirar_imagen_destacada_y_conservar_adjunto_en_revision,14,"IMAGEN GENÉRICA DE FAMILIA (100% familia/material/color) tomada de ""MEDIA TENSION COBRE 90C XLPE 15KV NO 2 133% PC PVC"" en cablescolombia.com — mismo tipo y color, calibre distinto. Reemplazar por foto exacta antes de publicar."
SRT-PENDING-47C93D2B1C0F,Cable Media Tensión Cobre XLPE 2 AWG 15 kV 133% Pantalla de Cobre,surtilec-cable-media-tension-cobre-xlpe-2-awg-15-kv-133-pantalla-de-cobre-srt-pending-47c93d2b1c0f.webp,e611d95727a6103f643bfdf2d72033d31a905b22cec4c88926e8f7fb66c5b8e4,revisar_variante_antes_de_publicar,no_coincidencia_exacta_fuente_reutilizada,retirar_imagen_destacada_y_conservar_adjunto_en_revision,14,"Imagen sugerida automáticamente desde cablescolombia.com — similitud 95% con ""MEDIA TENSION COBRE 90C XLPE 15KV NO 2 133% PC PVC"". Verificar visualmente y obtener permiso antes de publicar."
SRT-PENDING-EACAD6DB3991,Cable Media Tensión Cobre XLPE 1/0 AWG 15 kV 100% Pantalla de Cobre,surtilec-cable-media-tension-cobre-xlpe-1-0-awg-15-kv-100-pantalla-de-cobre-srt-pending-eacad6db3991.webp,cdb22dbaded2d0b27b81c268044db9a18844b46dd52f960445339aa913b81652,revisar_variante_antes_de_publicar,no_coincidencia_exacta_fuente_reutilizada,retirar_imagen_destacada_y_conservar_adjunto_en_revision,2,"Imagen sugerida automáticamente desde cablescolombia.com — similitud 95% con ""MEDIA TENSION COBRE 90C XLPE 15KV NO 1/0 100% PC PVC"". Verificar visualmente y obtener permiso antes de publicar."
SRT-PENDING-D3F3B43777D8,Cable Media Tensión Cobre XLPE 3/0 AWG 15 kV 133% Pantalla de Cobre,surtilec-cable-media-tension-cobre-xlpe-3-0-awg-15-kv-133-pantalla-de-cobre-srt-pending-d3f3b43777d8.webp,e611d95727a6103f643bfdf2d72033d31a905b22cec4c88926e8f7fb66c5b8e4,revisar_variante_antes_de_publicar,coincidencia_exacta_no_demostrada,retirar_imagen_destacada_y_conservar_adjunto_en_revision,1,"Imagen sugerida automáticamente desde cablescolombia.com — similitud 95% con ""MEDIA TENSION COBRE 90C XLPE 15KV NO 3/0 133% PC PVC"". Verificar visualmente y obtener permiso antes de publicar."
SRT-PENDING-1C8BC0CAAD59,Cable Media Tensión Cobre XLPE 4/0 AWG 15 kV 133% Pantalla de Cobre,surtilec-cable-media-tension-cobre-xlpe-4-0-awg-15-kv-133-pantalla-de-cobre-srt-pending-1c8bc0caad59.webp,e611d95727a6103f643bfdf2d72033d31a905b22cec4c88926e8f7fb66c5b8e4,revisar_variante_antes_de_publicar,coincidencia_exacta_no_demostrada,retirar_imagen_destacada_y_conservar_adjunto_en_revision,1,"Imagen sugerida automáticamente desde cablescolombia.com — similitud 95% con ""MEDIA TENSION COBRE 90C XLPE 15KV NO 4/0 133% PC PVC"". Verificar visualmente y obtener permiso antes de publicar."
SRT-PENDING-74A49AEFEA79,Cable Media Tensión Cobre XLPE 1/0 AWG 15 kV 133% Pantalla de Cobre,surtilec-cable-media-tension-cobre-xlpe-1-0-awg-15-kv-133-pantalla-de-cobre-srt-pending-74a49aefea79.webp,e611d95727a6103f643bfdf2d72033d31a905b22cec4c88926e8f7fb66c5b8e4,revisar_variante_antes_de_publicar,no_coincidencia_exacta_fuente_reutilizada,retirar_imagen_destacada_y_conservar_adjunto_en_revision,5,"Imagen sugerida automáticamente desde cablescolombia.com — similitud 95% con ""MEDIA TENSION COBRE 90C XLPE 15KV NO 1/0 133% PC PVC"". Verificar visualmente y obtener permiso antes de publicar."
SRT-PENDING-12EFE0C7DB3A,Cable Media Tensión Cobre XLPE 250 kcmil 15 kV 133% Pantalla en Cinta,surtilec-cable-media-tension-cobre-xlpe-250-kcmil-15-kv-133-pantalla-en-cinta-srt-pending-12efe0c7db3a.webp,e611d95727a6103f643bfdf2d72033d31a905b22cec4c88926e8f7fb66c5b8e4,revisar_variante_antes_de_publicar,no_coincidencia_exacta_fuente_reutilizada,retirar_imagen_destacada_y_conservar_adjunto_en_revision,2,"Imagen sugerida automáticamente desde cablescolombia.com — similitud 100% con ""CABLE DE COBRE XLPE DE 15 KV NO 250 KCMIL EN CINTA 133%"". Verificar visualmente y obtener permiso antes de publicar."
SRT-PENDING-C35BA134FFF6,Cable Media Tensión Cobre XLPE 350 kcmil 15 kV 133% Pantalla de Cobre,surtilec-cable-media-tension-cobre-xlpe-350-kcmil-15-kv-133-pantalla-de-cobre-srt-pending-c35ba134fff6.webp,e611d95727a6103f643bfdf2d72033d31a905b22cec4c88926e8f7fb66c5b8e4,revisar_variante_antes_de_publicar,no_coincidencia_exacta_fuente_reutilizada,retirar_imagen_destacada_y_conservar_adjunto_en_revision,3,"Imagen sugerida automáticamente desde cablescolombia.com — similitud 96% con ""MEDIA TENSION COBRE 90C XLPE 15KV NO 350 KCMIL 133% PC PVC"". Verificar visualmente y obtener permiso antes de publicar."
SRT-PENDING-3ADF260C8695,Cable Media Tensión Cobre XLPE 2/0 AWG 15 kV 133% Pantalla de Cobre,surtilec-cable-media-tension-cobre-xlpe-2-0-awg-15-kv-133-pantalla-de-cobre-srt-pending-3adf260c8695.webp,e611d95727a6103f643bfdf2d72033d31a905b22cec4c88926e8f7fb66c5b8e4,revisar_variante_antes_de_publicar,coincidencia_exacta_no_demostrada,retirar_imagen_destacada_y_conservar_adjunto_en_revision,1,"Imagen sugerida automáticamente desde cablescolombia.com — similitud 95% con ""MEDIA TENSION COBRE 90C XLPE 15KV NO 2/0 133% PC PVC"". Verificar visualmente y obtener permiso antes de publicar."
SRT-PENDING-ABCAE6062FCC,Cable Media Tensión Cobre XLPE 2 AWG 15 kV 100% Pantalla de Cobre,surtilec-cable-media-tension-cobre-xlpe-2-awg-15-kv-100-pantalla-de-cobre-srt-pending-abcae6062fcc.webp,599966f52362ee50bcb559f6faf705efce9f506a77057db2d61e5093b7c18fde,revisar_variante_antes_de_publicar,no_coincidencia_exacta_fuente_reutilizada,retirar_imagen_destacada_y_conservar_adjunto_en_revision,2,"Imagen sugerida automáticamente desde cablescolombia.com — similitud 95% con ""MEDIA TENSION COBRE 90C XLPE 15KV NO 2 100% PC PVC"". Verificar visualmente y obtener permiso antes de publicar."
SRT-PENDING-B7219EB6AB8B,Cable Media Tensión Cobre XLPE 3/0 AWG 15 kV 100% Pantalla de Cobre,surtilec-cable-media-tension-cobre-xlpe-3-0-awg-15-kv-100-pantalla-de-cobre-srt-pending-b7219eb6ab8b.webp,e611d95727a6103f643bfdf2d72033d31a905b22cec4c88926e8f7fb66c5b8e4,revisar_variante_antes_de_publicar,no_coincidencia_exacta_fuente_reutilizada,retirar_imagen_destacada_y_conservar_adjunto_en_revision,14,"IMAGEN GENÉRICA DE FAMILIA (100% familia/material/color) tomada de ""MEDIA TENSION COBRE 90C XLPE 15KV NO 2 133% PC PVC"" en cablescolombia.com — mismo tipo y color, calibre distinto. Reemplazar por foto exacta antes de publicar."
SRT-PENDING-40A53F247828,Cable Media Tensión Cobre XLPE 4/0 AWG 15 kV 100% Pantalla de Cobre,surtilec-cable-media-tension-cobre-xlpe-4-0-awg-15-kv-100-pantalla-de-cobre-srt-pending-40a53f247828.webp,e611d95727a6103f643bfdf2d72033d31a905b22cec4c88926e8f7fb66c5b8e4,revisar_variante_antes_de_publicar,no_coincidencia_exacta_fuente_reutilizada,retirar_imagen_destacada_y_conservar_adjunto_en_revision,14,"IMAGEN GENÉRICA DE FAMILIA (100% familia/material/color) tomada de ""MEDIA TENSION COBRE 90C XLPE 15KV NO 2 133% PC PVC"" en cablescolombia.com — mismo tipo y color, calibre distinto. Reemplazar por foto exacta antes de publicar."
SRT-PENDING-54E54ADB17D6,Cable Media Tensión Cobre XLPE 250 kcmil 15 kV 100% Pantalla de Cobre,surtilec-cable-media-tension-cobre-xlpe-250-kcmil-15-kv-100-pantalla-de-cobre-srt-pending-54e54adb17d6.webp,599966f52362ee50bcb559f6faf705efce9f506a77057db2d61e5093b7c18fde,revisar_variante_antes_de_publicar,coincidencia_exacta_no_demostrada,retirar_imagen_destacada_y_conservar_adjunto_en_revision,1,"Imagen sugerida automáticamente desde cablescolombia.com — similitud 96% con ""MEDIA TENSION COBRE 90C XLPE 15KV NO 250 KCMIL 100% PC PVC"". Verificar visualmente y obtener permiso antes de publicar."
SRT-PENDING-3F39F1104F57,Cable Media Tensión Cobre XLPE 350 kcmil 15 kV 100% Pantalla de Cobre,surtilec-cable-media-tension-cobre-xlpe-350-kcmil-15-kv-100-pantalla-de-cobre-srt-pending-3f39f1104f57.webp,e611d95727a6103f643bfdf2d72033d31a905b22cec4c88926e8f7fb66c5b8e4,revisar_variante_antes_de_publicar,no_coincidencia_exacta_fuente_reutilizada,retirar_imagen_destacada_y_conservar_adjunto_en_revision,3,"IMAGEN GENÉRICA DE FAMILIA (100% familia/material/color) tomada de ""MEDIA TENSION COBRE 90C XLPE 15KV NO 350 KCMIL 133% PC PVC"" en cablescolombia.com — mismo tipo y color, calibre distinto. Reemplazar por foto exacta antes de publicar."
SRT-PENDING-B810509BCD60,Cable Media Tensión Cobre XLPE 500 kcmil 15 kV 100% Pantalla de Cobre,surtilec-cable-media-tension-cobre-xlpe-500-kcmil-15-kv-100-pantalla-de-cobre-srt-pending-b810509bcd60.webp,e611d95727a6103f643bfdf2d72033d31a905b22cec4c88926e8f7fb66c5b8e4,revisar_variante_antes_de_publicar,no_coincidencia_exacta_fuente_reutilizada,retirar_imagen_destacada_y_conservar_adjunto_en_revision,3,"IMAGEN GENÉRICA DE FAMILIA (100% familia/material/color) tomada de ""MEDIA TENSION COBRE 90C XLPE 15KV NO 350 KCMIL 133% PC PVC"" en cablescolombia.com — mismo tipo y color, calibre distinto. Reemplazar por foto exacta antes de publicar."
SRT-PENDING-1BB7C80490C5,Cable Media Tensión Cobre XLPE 500 kcmil 15 kV 133% Pantalla en Cinta,surtilec-cable-media-tension-cobre-xlpe-500-kcmil-15-kv-133-pantalla-en-cinta-srt-pending-1bb7c80490c5.webp,e611d95727a6103f643bfdf2d72033d31a905b22cec4c88926e8f7fb66c5b8e4,revisar_variante_antes_de_publicar,no_coincidencia_exacta_fuente_reutilizada,retirar_imagen_destacada_y_conservar_adjunto_en_revision,2,"IMAGEN GENÉRICA DE FAMILIA (100% familia/material/color) tomada de ""CABLE DE COBRE XLPE DE 15 KV NO 250 KCMIL EN CINTA 133%"" en cablescolombia.com — mismo tipo y color, calibre distinto. Reemplazar por foto exacta antes de publicar."
SRT-PENDING-94F94B9ACBDB,Cable de Semaforización 3x16 AWG Cobre PVC,surtilec-cable-de-semaforizacion-3x16-awg-cobre-pvc-srt-pending-94f94b9acbdb.webp,2428d1474583ae789b62c7fe957d403aa5418de43413e87a5088343dfe5eeff3,coincidencia_exacta_revisada,coincidencia_exacta_revisada,conservar_imagen_y_validar_antes_de_publicar,1,"Coincidencia exacta (100%) con ""Cable Semaforización CC 3X16 AWG Cu PVC 90°C 600V"" en cablescolombia.com. Imagen de tercero: validar derechos antes de publicar."
SRT-PENDING-02BF301AF356,Cable de Semaforización 4x16 AWG Cobre PVC,surtilec-cable-de-semaforizacion-4x16-awg-cobre-pvc-srt-pending-02bf301af356.webp,2428d1474583ae789b62c7fe957d403aa5418de43413e87a5088343dfe5eeff3,coincidencia_exacta_revisada,coincidencia_exacta_revisada,conservar_imagen_y_validar_antes_de_publicar,1,"Coincidencia exacta (100%) con ""Cable Semaforización CC 4X16 AWG Cu PVC 90°C 600V"" en cablescolombia.com. Imagen de tercero: validar derechos antes de publicar."
SRT-PENDING-9F6CAF1AAAE6,Cable de Semaforización 4x18 AWG Cobre PVC,surtilec-cable-de-semaforizacion-4x18-awg-cobre-pvc-srt-pending-9f6caf1aaae6.webp,2428d1474583ae789b62c7fe957d403aa5418de43413e87a5088343dfe5eeff3,coincidencia_exacta_revisada,coincidencia_exacta_revisada,conservar_imagen_y_validar_antes_de_publicar,1,"Coincidencia exacta (100%) con ""Cable Semaforización CC 4X18 AWG Cu PVC 90°C 600V"" en cablescolombia.com. Imagen de tercero: validar derechos antes de publicar."
SRT-PENDING-F7C244D2214C,Cable Siliconado FV 6 AWG Flexible,surtilec-cable-siliconado-fv-6-awg-flexible-srt-pending-f7c244d2214c.webp,6d50de04b1e5a38a019490813ba2c04b32ac54d5ffcf200860a8b0bd78cbbdaa,revisar_variante_antes_de_publicar,no_coincidencia_exacta_fuente_reutilizada,retirar_imagen_destacada_y_conservar_adjunto_en_revision,2,"IMAGEN GENÉRICA DE FAMILIA (cable solar/FV) tomada de ""Cable Solar Fotovoltaico 6Mm2"" en cablescolombia.com. Puede diferir en calibre y construcción (siliconado vs XLPE). Reemplazar por foto exacta antes de publicar."
SRT-PENDING-ECB7765E15A7,Cable Siliconado FV 10 AWG Flexible,surtilec-cable-siliconado-fv-10-awg-flexible-srt-pending-ecb7765e15a7.webp,6d50de04b1e5a38a019490813ba2c04b32ac54d5ffcf200860a8b0bd78cbbdaa,revisar_variante_antes_de_publicar,no_coincidencia_exacta_fuente_reutilizada,retirar_imagen_destacada_y_conservar_adjunto_en_revision,2,"IMAGEN GENÉRICA DE FAMILIA (cable solar/FV) tomada de ""Cable Solar Fotovoltaico 10Mm2"" en cablescolombia.com. Puede diferir en calibre y construcción (siliconado vs XLPE). Reemplazar por foto exacta antes de publicar."
SRT-PENDING-9521BFEF0CA0,Cable Siliconado FV 8 AWG Flexible,surtilec-cable-siliconado-fv-8-awg-flexible-srt-pending-9521bfef0ca0.webp,6d50de04b1e5a38a019490813ba2c04b32ac54d5ffcf200860a8b0bd78cbbdaa,revisar_variante_antes_de_publicar,no_coincidencia_exacta_fuente_reutilizada,retirar_imagen_destacada_y_conservar_adjunto_en_revision,5,"IMAGEN GENÉRICA DE FAMILIA (cable solar/FV) tomada de ""Cable Solar Fotovoltaico 4Mm2"" en cablescolombia.com. Puede diferir en calibre y construcción (siliconado vs XLPE). Reemplazar por foto exacta antes de publicar."
SRT-PENDING-5EDB0B93C63C,Cable Siliconado FV 12 AWG Flexible,surtilec-cable-siliconado-fv-12-awg-flexible-srt-pending-5edb0b93c63c.webp,6d50de04b1e5a38a019490813ba2c04b32ac54d5ffcf200860a8b0bd78cbbdaa,revisar_variante_antes_de_publicar,no_coincidencia_exacta_fuente_reutilizada,retirar_imagen_destacada_y_conservar_adjunto_en_revision,5,"IMAGEN GENÉRICA DE FAMILIA (cable solar/FV) tomada de ""Cable Solar Fotovoltaico 4Mm2"" en cablescolombia.com. Puede diferir en calibre y construcción (siliconado vs XLPE). Reemplazar por foto exacta antes de publicar."
SRT-PENDING-8989A0255528,Cable Siliconado FV 14 AWG Flexible,surtilec-cable-siliconado-fv-14-awg-flexible-srt-pending-8989a0255528.webp,6d50de04b1e5a38a019490813ba2c04b32ac54d5ffcf200860a8b0bd78cbbdaa,revisar_variante_antes_de_publicar,no_coincidencia_exacta_fuente_reutilizada,retirar_imagen_destacada_y_conservar_adjunto_en_revision,5,"IMAGEN GENÉRICA DE FAMILIA (cable solar/FV) tomada de ""Cable Solar Fotovoltaico 4Mm2"" en cablescolombia.com. Puede diferir en calibre y construcción (siliconado vs XLPE). Reemplazar por foto exacta antes de publicar."
SRT-PENDING-13717C18F00D,Cable Siliconado FV 16 AWG Flexible,surtilec-cable-siliconado-fv-16-awg-flexible-srt-pending-13717c18f00d.webp,6d50de04b1e5a38a019490813ba2c04b32ac54d5ffcf200860a8b0bd78cbbdaa,revisar_variante_antes_de_publicar,no_coincidencia_exacta_fuente_reutilizada,retirar_imagen_destacada_y_conservar_adjunto_en_revision,2,"IMAGEN GENÉRICA DE FAMILIA (cable solar/FV) tomada de ""Cable Solar Fotovoltaico 16Mm2"" en cablescolombia.com. Puede diferir en calibre y construcción (siliconado vs XLPE). Reemplazar por foto exacta antes de publicar."
SRT-PENDING-A6276C788A3C,Cable Siliconado FV 18 AWG Flexible,surtilec-cable-siliconado-fv-18-awg-flexible-srt-pending-a6276c788a3c.webp,6d50de04b1e5a38a019490813ba2c04b32ac54d5ffcf200860a8b0bd78cbbdaa,revisar_variante_antes_de_publicar,no_coincidencia_exacta_fuente_reutilizada,retirar_imagen_destacada_y_conservar_adjunto_en_revision,5,"IMAGEN GENÉRICA DE FAMILIA (cable solar/FV) tomada de ""Cable Solar Fotovoltaico 4Mm2"" en cablescolombia.com. Puede diferir en calibre y construcción (siliconado vs XLPE). Reemplazar por foto exacta antes de publicar."
SRT-PENDING-75D2D2B06C60,Cable Para Soldadura 6 AWG Cobre Flexible,surtilec-cable-para-soldadura-6-awg-cobre-flexible-srt-pending-75d2d2b06c60.webp,8b2ce7a561b477f314bdde3800d8508cf7bbab9921c0c8754d48dcc0feca1e01,revisar_variante_antes_de_publicar,coincidencia_exacta_no_demostrada,retirar_imagen_destacada_y_conservar_adjunto_en_revision,1,"Imagen sugerida automáticamente desde cablescolombia.com — similitud 100% con ""Cable Soldador N6"". Verificar visualmente y obtener permiso antes de publicar."
SRT-PENDING-139187864D52,Cable Para Soldadura 4 AWG Cobre Flexible,surtilec-cable-para-soldadura-4-awg-cobre-flexible-srt-pending-139187864d52.webp,8b2ce7a561b477f314bdde3800d8508cf7bbab9921c0c8754d48dcc0feca1e01,revisar_variante_antes_de_publicar,coincidencia_exacta_no_demostrada,retirar_imagen_destacada_y_conservar_adjunto_en_revision,1,"Imagen sugerida automáticamente desde cablescolombia.com — similitud 100% con ""Cable Soldador N4"". Verificar visualmente y obtener permiso antes de publicar."
SRT-PENDING-9871FB242991,Cable Para Soldadura 2 AWG Cobre Flexible,surtilec-cable-para-soldadura-2-awg-cobre-flexible-srt-pending-9871fb242991.webp,7fe6cd8c9b7639d52711ea2c610c68335f7a6c7971ffd2d22c7f9148dbc7a9f4,revisar_variante_antes_de_publicar,coincidencia_exacta_no_demostrada,retirar_imagen_destacada_y_conservar_adjunto_en_revision,1,"Imagen sugerida automáticamente desde cablescolombia.com — similitud 100% con ""Cable Soldador N2"". Verificar visualmente y obtener permiso antes de publicar."
SRT-PENDING-07BC28A592EE,Cable Para Soldadura 1/0 AWG Cobre Flexible,surtilec-cable-para-soldadura-1-0-awg-cobre-flexible-srt-pending-07bc28a592ee.webp,bdb5669ca8947be655645b5a7c42731eae99f2deb3fd18e250d831fd3a5453c1,revisar_variante_antes_de_publicar,coincidencia_exacta_no_demostrada,retirar_imagen_destacada_y_conservar_adjunto_en_revision,1,"Imagen sugerida automáticamente desde cablescolombia.com — similitud 100% con ""Cable Soldador 1/0 AWG"". Verificar visualmente y obtener permiso antes de publicar."
SRT-PENDING-C41FBFD2E592,Cable Para Soldadura 2/0 AWG Cobre Flexible,surtilec-cable-para-soldadura-2-0-awg-cobre-flexible-srt-pending-c41fbfd2e592.webp,d8021ad342e455b9f7e472b91da9f11c9bd0058c0443b733c52e7994d27e121b,revisar_variante_antes_de_publicar,coincidencia_exacta_no_demostrada,retirar_imagen_destacada_y_conservar_adjunto_en_revision,1,"Imagen sugerida automáticamente desde cablescolombia.com — similitud 100% con ""Cable Soldador 2/0 AWG"". Verificar visualmente y obtener permiso antes de publicar."
SRT-PENDING-93137BE075F2,Cable Para Soldadura 3/0 AWG Cobre Flexible,surtilec-cable-para-soldadura-3-0-awg-cobre-flexible-srt-pending-93137be075f2.webp,2dc1b7e92c1de0095051422b03fee9a0577d205762c77e46912ff1301e9b20a7,revisar_variante_antes_de_publicar,coincidencia_exacta_no_demostrada,retirar_imagen_destacada_y_conservar_adjunto_en_revision,1,"Imagen sugerida automáticamente desde cablescolombia.com — similitud 100% con ""Cable Soldador 3/0 AWG"". Verificar visualmente y obtener permiso antes de publicar."
SRT-PENDING-EE0E03761529,Cable Para Soldadura 4/0 AWG Cobre Flexible,surtilec-cable-para-soldadura-4-0-awg-cobre-flexible-srt-pending-ee0e03761529.webp,0b7959476722d1489ad5e83bccb297107ffe01a6864a5b4622e81b5a878421b9,revisar_variante_antes_de_publicar,coincidencia_exacta_no_demostrada,retirar_imagen_destacada_y_conservar_adjunto_en_revision,1,"Imagen sugerida automáticamente desde cablescolombia.com — similitud 100% con ""Cable Soldador 4/0 AWG"". Verificar visualmente y obtener permiso antes de publicar."
SRT-PENDING-5B5B243A0F59,"Cable UTP Cat 5E Aleación, Interior",surtilec-cable-utp-cat-5e-aleacion-interior-srt-pending-5b5b243a0f59.webp,b93da9268bf61c32b565b8c28600d7796f4d4fbf92c0c383dbbf14648324088c,coincidencia_exacta_revisada,coincidencia_exacta_revisada,conservar_imagen_y_validar_antes_de_publicar,4,"Coincidencia exacta (100%) con ""Cable UTP Aleacion Cat 5E Carrete Interior"" en cablescolombia.com. Imagen de tercero: validar derechos antes de publicar."
SRT-PENDING-8BE2DC733DE4,"Cable UTP Cat 5E Aleación, Exterior",surtilec-cable-utp-cat-5e-aleacion-exterior-srt-pending-8be2dc733de4.webp,b93da9268bf61c32b565b8c28600d7796f4d4fbf92c0c383dbbf14648324088c,revisar_variante_antes_de_publicar,no_coincidencia_exacta_fuente_reutilizada,retirar_imagen_destacada_y_conservar_adjunto_en_revision,4,"IMAGEN GENÉRICA DE FAMILIA (familia UTP Cat 5E) tomada de ""Cable UTP Aleacion Cat 5E Carrete Interior"" en cablescolombia.com. Puede diferir en calibre, color y construcción. Reemplazar por foto exacta antes de publicar."
SRT-PENDING-97ED39B116A4,"Cable UTP Cat 6 Aleación, Interior",surtilec-cable-utp-cat-6-aleacion-interior-srt-pending-97ed39b116a4.webp,b93da9268bf61c32b565b8c28600d7796f4d4fbf92c0c383dbbf14648324088c,revisar_variante_antes_de_publicar,no_coincidencia_exacta_fuente_reutilizada,retirar_imagen_destacada_y_conservar_adjunto_en_revision,4,"IMAGEN GENÉRICA DE FAMILIA (familia UTP Cat 5E) tomada de ""Cable UTP Aleacion Cat 5E Carrete Interior"" en cablescolombia.com. Puede diferir en calibre, color y construcción. Reemplazar por foto exacta antes de publicar."
SRT-PENDING-5570BB222E81,"Cable UTP Cat 6 Aleación, Exterior",surtilec-cable-utp-cat-6-aleacion-exterior-srt-pending-5570bb222e81.webp,b93da9268bf61c32b565b8c28600d7796f4d4fbf92c0c383dbbf14648324088c,revisar_variante_antes_de_publicar,no_coincidencia_exacta_fuente_reutilizada,retirar_imagen_destacada_y_conservar_adjunto_en_revision,4,"IMAGEN GENÉRICA DE FAMILIA (familia UTP Cat 5E) tomada de ""Cable UTP Aleacion Cat 5E Carrete Interior"" en cablescolombia.com. Puede diferir en calibre, color y construcción. Reemplazar por foto exacta antes de publicar."
SRT-PENDING-7119E708949F,"Cable UTP Cat 5E 100% Cobre, Interior",surtilec-cable-utp-cat-5e-100-cobre-interior-srt-pending-7119e708949f.webp,b93da9268bf61c32b565b8c28600d7796f4d4fbf92c0c383dbbf14648324088c,coincidencia_exacta_revisada,coincidencia_exacta_revisada,conservar_imagen_y_validar_antes_de_publicar,3,"Coincidencia exacta (100%) con ""Cable Utp 100% Cobre Cat 5E Carrete Interior"" en cablescolombia.com. Imagen de tercero: validar derechos antes de publicar."
SRT-PENDING-0CBC5FB456EB,"Cable UTP Cat 5E 100% Cobre, Exterior",surtilec-cable-utp-cat-5e-100-cobre-exterior-srt-pending-0cbc5fb456eb.webp,a0c9f5bbb45959521268d28d2efbe7a463b96d7de20f11a9867b907de886a9ea,coincidencia_exacta_revisada,coincidencia_exacta_revisada,conservar_imagen_y_validar_antes_de_publicar,3,"Coincidencia exacta (100%) con ""Cable Utp 100% Cobre Cat 5E Carrete Exterior"" en cablescolombia.com. Imagen de tercero: validar derechos antes de publicar."
SRT-PENDING-E6F06CC40DD7,"Cable UTP Cat 6 100% Cobre, Interior",surtilec-cable-utp-cat-6-100-cobre-interior-srt-pending-e6f06cc40dd7.webp,b93da9268bf61c32b565b8c28600d7796f4d4fbf92c0c383dbbf14648324088c,revisar_variante_antes_de_publicar,no_coincidencia_exacta_fuente_reutilizada,retirar_imagen_destacada_y_conservar_adjunto_en_revision,3,"IMAGEN GENÉRICA DE FAMILIA (familia UTP Cat 5E) tomada de ""Cable Utp 100% Cobre Cat 5E Carrete Interior"" en cablescolombia.com. Puede diferir en calibre, color y construcción. Reemplazar por foto exacta antes de publicar."
SRT-PENDING-A09C5E947671,"Cable UTP Cat 6 100% Cobre, Exterior",surtilec-cable-utp-cat-6-100-cobre-exterior-srt-pending-a09c5e947671.webp,a0c9f5bbb45959521268d28d2efbe7a463b96d7de20f11a9867b907de886a9ea,revisar_variante_antes_de_publicar,no_coincidencia_exacta_fuente_reutilizada,retirar_imagen_destacada_y_conservar_adjunto_en_revision,3,"IMAGEN GENÉRICA DE FAMILIA (familia UTP Cat 5E) tomada de ""Cable Utp 100% Cobre Cat 5E Carrete Exterior"" en cablescolombia.com. Puede diferir en calibre, color y construcción. Reemplazar por foto exacta antes de publicar."
SRT-PENDING-BF708A70F703,"Cable UTP Cat 6A 100% Cobre, Interior",surtilec-cable-utp-cat-6a-100-cobre-interior-srt-pending-bf708a70f703.webp,b93da9268bf61c32b565b8c28600d7796f4d4fbf92c0c383dbbf14648324088c,revisar_variante_antes_de_publicar,no_coincidencia_exacta_fuente_reutilizada,retirar_imagen_destacada_y_conservar_adjunto_en_revision,3,"IMAGEN GENÉRICA DE FAMILIA (familia UTP Cat 5E) tomada de ""Cable Utp 100% Cobre Cat 5E Carrete Interior"" en cablescolombia.com. Puede diferir en calibre, color y construcción. Reemplazar por foto exacta antes de publicar."
SRT-PENDING-935994F7A6A5,"Cable UTP Cat 6A 100% Cobre, Exterior",surtilec-cable-utp-cat-6a-100-cobre-exterior-srt-pending-935994f7a6a5.webp,a0c9f5bbb45959521268d28d2efbe7a463b96d7de20f11a9867b907de886a9ea,revisar_variante_antes_de_publicar,no_coincidencia_exacta_fuente_reutilizada,retirar_imagen_destacada_y_conservar_adjunto_en_revision,3,"IMAGEN GENÉRICA DE FAMILIA (familia UTP Cat 5E) tomada de ""Cable Utp 100% Cobre Cat 5E Carrete Exterior"" en cablescolombia.com. Puede diferir en calibre, color y construcción. Reemplazar por foto exacta antes de publicar."
SRT-PENDING-7D36590B02AB,"Cable de Baja Tensión 6 AWG Cobre, Blanco",surtilec-cable-de-baja-tension-6-awg-cobre-blanco-srt-pending-7d36590b02ab.jpg,4aac7a8cdd568ab3be8d90581be543fd50d94fd99e6c8e97d23adbff523607df,revisar_variante_antes_de_publicar,no_coincidencia_exacta_fuente_reutilizada,retirar_imagen_destacada_y_conservar_adjunto_en_revision,12,"IMAGEN GENÉRICA DE FAMILIA (cable de baja tensión aislado) tomada de ""Cable Aislado Thhw Cu N14 Blanco"" en cablescolombia.com. Puede diferir en calibre, color y construcción. Reemplazar por foto exacta antes de publicar."
SRT-PENDING-BA004FF6990E,Cable de Baja Tensión 6 AWG Cobre Café,surtilec-cable-de-baja-tension-6-awg-cobre-cafe-srt-pending-ba004ff6990e.jpg,4aac7a8cdd568ab3be8d90581be543fd50d94fd99e6c8e97d23adbff523607df,revisar_variante_antes_de_publicar,no_coincidencia_exacta_fuente_reutilizada,retirar_imagen_destacada_y_conservar_adjunto_en_revision,12,"IMAGEN GENÉRICA DE FAMILIA (cable de baja tensión aislado) tomada de ""Cable Aislado Thhw Cu N14 Blanco"" en cablescolombia.com. Puede diferir en calibre, color y construcción. Reemplazar por foto exacta antes de publicar."
SRT-PENDING-7CF7206D973D,"Cable de Baja Tensión 6 AWG Cobre, Morado",surtilec-cable-de-baja-tension-6-awg-cobre-morado-srt-pending-7cf7206d973d.jpg,4aac7a8cdd568ab3be8d90581be543fd50d94fd99e6c8e97d23adbff523607df,revisar_variante_antes_de_publicar,no_coincidencia_exacta_fuente_reutilizada,retirar_imagen_destacada_y_conservar_adjunto_en_revision,12,"IMAGEN GENÉRICA DE FAMILIA (cable de baja tensión aislado) tomada de ""Cable Aislado Thhw Cu N14 Blanco"" en cablescolombia.com. Puede diferir en calibre, color y construcción. Reemplazar por foto exacta antes de publicar."
SRT-PENDING-A128B8CB6FEB,"Cable de Baja Tensión 6 AWG Cobre, Naranja",surtilec-cable-de-baja-tension-6-awg-cobre-naranja-srt-pending-a128b8cb6feb.jpg,4aac7a8cdd568ab3be8d90581be543fd50d94fd99e6c8e97d23adbff523607df,revisar_variante_antes_de_publicar,no_coincidencia_exacta_fuente_reutilizada,retirar_imagen_destacada_y_conservar_adjunto_en_revision,12,"IMAGEN GENÉRICA DE FAMILIA (cable de baja tensión aislado) tomada de ""Cable Aislado Thhw Cu N14 Blanco"" en cablescolombia.com. Puede diferir en calibre, color y construcción. Reemplazar por foto exacta antes de publicar."
SRT-PENDING-BD76EEB13459,"Cable de Baja Tensión 6 AWG Cobre, Negro",surtilec-cable-de-baja-tension-6-awg-cobre-negro-srt-pending-bd76eeb13459.jpg,4aac7a8cdd568ab3be8d90581be543fd50d94fd99e6c8e97d23adbff523607df,revisar_variante_antes_de_publicar,no_coincidencia_exacta_fuente_reutilizada,retirar_imagen_destacada_y_conservar_adjunto_en_revision,12,"IMAGEN GENÉRICA DE FAMILIA (cable de baja tensión aislado) tomada de ""Cable Aislado Thhw Cu N14 Blanco"" en cablescolombia.com. Puede diferir en calibre, color y construcción. Reemplazar por foto exacta antes de publicar."
SRT-PENDING-3981093FFAFD,"Cable de Baja Tensión 6 AWG Cobre, Rojo",surtilec-cable-de-baja-tension-6-awg-cobre-rojo-srt-pending-3981093ffafd.jpg,4aac7a8cdd568ab3be8d90581be543fd50d94fd99e6c8e97d23adbff523607df,revisar_variante_antes_de_publicar,no_coincidencia_exacta_fuente_reutilizada,retirar_imagen_destacada_y_conservar_adjunto_en_revision,12,"IMAGEN GENÉRICA DE FAMILIA (cable de baja tensión aislado) tomada de ""Cable Aislado Thhw Cu N14 Blanco"" en cablescolombia.com. Puede diferir en calibre, color y construcción. Reemplazar por foto exacta antes de publicar."
SRT-PENDING-9D58BFB37CD8,"Cable de Baja Tensión 6 AWG Cobre, Verde",surtilec-cable-de-baja-tension-6-awg-cobre-verde-srt-pending-9d58bfb37cd8.jpg,4aac7a8cdd568ab3be8d90581be543fd50d94fd99e6c8e97d23adbff523607df,revisar_variante_antes_de_publicar,no_coincidencia_exacta_fuente_reutilizada,retirar_imagen_destacada_y_conservar_adjunto_en_revision,12,"IMAGEN GENÉRICA DE FAMILIA (cable de baja tensión aislado) tomada de ""Cable Aislado Thhw Cu N14 Blanco"" en cablescolombia.com. Puede diferir en calibre, color y construcción. Reemplazar por foto exacta antes de publicar."
SRT-PENDING-F21AB4BAC8CA,"Cable MTW/TWK 10 AWG Cobre Flexible, Amarillo",surtilec-cable-mtw-twk-10-awg-cobre-flexible-amarillo-srt-pending-f21ab4bac8ca.webp,4a7bb78dbeed81af0cdc6a0a1c34c7c87cb15f689aa8060568b3a47a942a839f,revisar_variante_antes_de_publicar,no_coincidencia_exacta_fuente_reutilizada,retirar_imagen_destacada_y_conservar_adjunto_en_revision,17,"IMAGEN GENÉRICA DE FAMILIA (100% familia/color) tomada de ""Cable CC MTW(TWK) N12 Amarillo"" en cablescolombia.com — mismo tipo y color, calibre distinto. Reemplazar por foto exacta antes de publicar."
SRT-PENDING-682C5D0A0934,"Cable MTW/TWK 10 AWG Cobre Flexible, Blanco",surtilec-cable-mtw-twk-10-awg-cobre-flexible-blanco-srt-pending-682c5d0a0934.webp,4a7bb78dbeed81af0cdc6a0a1c34c7c87cb15f689aa8060568b3a47a942a839f,revisar_variante_antes_de_publicar,no_coincidencia_exacta_fuente_reutilizada,retirar_imagen_destacada_y_conservar_adjunto_en_revision,17,"IMAGEN GENÉRICA DE FAMILIA (100% familia, material n/d) tomada de ""Cable CC MTW(TWK) N10 Amarillo"" en cablescolombia.com. COLOR DISTINTO (blanco vs amarillo). Reemplazar por foto exacta antes de publicar."
SRT-PENDING-40DFD3223D4A,Cable MTW/TWK 10 AWG Cobre Flexible,surtilec-cable-mtw-twk-10-awg-cobre-flexible-srt-pending-40dfd3223d4a.webp,4a7bb78dbeed81af0cdc6a0a1c34c7c87cb15f689aa8060568b3a47a942a839f,revisar_variante_antes_de_publicar,no_coincidencia_exacta_fuente_reutilizada,retirar_imagen_destacada_y_conservar_adjunto_en_revision,17,"IMAGEN GENÉRICA DE FAMILIA (100% familia, material n/d) tomada de ""Cable CC MTW(TWK) N10 Amarillo"" en cablescolombia.com. COLOR DISTINTO (cafe vs amarillo). Reemplazar por foto exacta antes de publicar."
SRT-PENDING-F2CBCC65C867,"Cable MTW/TWK 10 AWG Cobre Flexible, Morado",surtilec-cable-mtw-twk-10-awg-cobre-flexible-morado-srt-pending-f2cbcc65c867.webp,4a7bb78dbeed81af0cdc6a0a1c34c7c87cb15f689aa8060568b3a47a942a839f,revisar_variante_antes_de_publicar,no_coincidencia_exacta_fuente_reutilizada,retirar_imagen_destacada_y_conservar_adjunto_en_revision,17,"IMAGEN GENÉRICA DE FAMILIA (100% familia, material n/d) tomada de ""Cable CC MTW(TWK) N10 Amarillo"" en cablescolombia.com. COLOR DISTINTO (morado vs amarillo). Reemplazar por foto exacta antes de publicar."
SRT-PENDING-620D2F87780B,"Cable MTW/TWK 10 AWG Cobre Flexible, Naranja",surtilec-cable-mtw-twk-10-awg-cobre-flexible-naranja-srt-pending-620d2f87780b.webp,4a7bb78dbeed81af0cdc6a0a1c34c7c87cb15f689aa8060568b3a47a942a839f,revisar_variante_antes_de_publicar,no_coincidencia_exacta_fuente_reutilizada,retirar_imagen_destacada_y_conservar_adjunto_en_revision,17,"IMAGEN GENÉRICA DE FAMILIA (100% familia, material n/d) tomada de ""Cable CC MTW(TWK) N10 Amarillo"" en cablescolombia.com. COLOR DISTINTO (naranja vs amarillo). Reemplazar por foto exacta antes de publicar."
SRT-PENDING-FD5791B9A534,"Cable MTW/TWK 10 AWG Cobre Flexible, Negro",surtilec-cable-mtw-twk-10-awg-cobre-flexible-negro-srt-pending-fd5791b9a534.webp,4a7bb78dbeed81af0cdc6a0a1c34c7c87cb15f689aa8060568b3a47a942a839f,revisar_variante_antes_de_publicar,no_coincidencia_exacta_fuente_reutilizada,retirar_imagen_destacada_y_conservar_adjunto_en_revision,17,"IMAGEN GENÉRICA DE FAMILIA (100% familia, material n/d) tomada de ""Cable CC MTW(TWK) N10 Amarillo"" en cablescolombia.com. COLOR DISTINTO (negro vs amarillo). Reemplazar por foto exacta antes de publicar."
SRT-PENDING-3548BD6A674E,"Cable MTW/TWK 10 AWG Cobre Flexible, Rojo",surtilec-cable-mtw-twk-10-awg-cobre-flexible-rojo-srt-pending-3548bd6a674e.webp,a6dc9a6fdca28795d5fddaae0d6f6f5a327743c2dafece790338c36a205d4ff4,revisar_variante_antes_de_publicar,no_coincidencia_exacta_fuente_reutilizada,retirar_imagen_destacada_y_conservar_adjunto_en_revision,3,"IMAGEN GENÉRICA DE FAMILIA (100% familia/color) tomada de ""Cable CC MTW(TWK) N10 Rojo"" en cablescolombia.com — mismo tipo y color, calibre distinto. Reemplazar por foto exacta antes de publicar."
SRT-PENDING-2E3F9AC5B117,"Cable MTW/TWK 10 AWG Cobre Flexible, Verde",surtilec-cable-mtw-twk-10-awg-cobre-flexible-verde-srt-pending-2e3f9ac5b117.webp,55ca73223af9d790478f8831a93a746b85fd06c530f27f1b4ce18ae6e8f6a574,revisar_variante_antes_de_publicar,no_coincidencia_exacta_fuente_reutilizada,retirar_imagen_destacada_y_conservar_adjunto_en_revision,3,"IMAGEN GENÉRICA DE FAMILIA (100% familia/color) tomada de ""Cable CC MTW(TWK) N10 Verde"" en cablescolombia.com — mismo tipo y color, calibre distinto. Reemplazar por foto exacta antes de publicar."
SRT-PENDING-5CACE114CA4F,"Cable MTW/TWK 12 AWG Cobre Flexible, Amarillo",surtilec-cable-mtw-twk-12-awg-cobre-flexible-amarillo-srt-pending-5cace114ca4f.webp,4a7bb78dbeed81af0cdc6a0a1c34c7c87cb15f689aa8060568b3a47a942a839f,revisar_variante_antes_de_publicar,no_coincidencia_exacta_fuente_reutilizada,retirar_imagen_destacada_y_conservar_adjunto_en_revision,17,"IMAGEN GENÉRICA DE FAMILIA (100% familia/color) tomada de ""Cable CC MTW(TWK) N12 Amarillo"" en cablescolombia.com — mismo tipo y color, calibre distinto. Reemplazar por foto exacta antes de publicar."
SRT-PENDING-298B449092F0,"Cable MTW/TWK 12 AWG Cobre Flexible, Blanco",surtilec-cable-mtw-twk-12-awg-cobre-flexible-blanco-srt-pending-298b449092f0.webp,4a7bb78dbeed81af0cdc6a0a1c34c7c87cb15f689aa8060568b3a47a942a839f,revisar_variante_antes_de_publicar,no_coincidencia_exacta_fuente_reutilizada,retirar_imagen_destacada_y_conservar_adjunto_en_revision,17,"IMAGEN GENÉRICA DE FAMILIA (100% familia, material n/d) tomada de ""Cable CC MTW(TWK) N10 Amarillo"" en cablescolombia.com. COLOR DISTINTO (blanco vs amarillo). Reemplazar por foto exacta antes de publicar."
SRT-PENDING-B846373BFADD,Cable MTW/TWK 12 AWG Cobre Flexible,surtilec-cable-mtw-twk-12-awg-cobre-flexible-srt-pending-b846373bfadd.webp,4a7bb78dbeed81af0cdc6a0a1c34c7c87cb15f689aa8060568b3a47a942a839f,revisar_variante_antes_de_publicar,no_coincidencia_exacta_fuente_reutilizada,retirar_imagen_destacada_y_conservar_adjunto_en_revision,17,"IMAGEN GENÉRICA DE FAMILIA (100% familia, material n/d) tomada de ""Cable CC MTW(TWK) N10 Amarillo"" en cablescolombia.com. COLOR DISTINTO (cafe vs amarillo). Reemplazar por foto exacta antes de publicar."
SRT-PENDING-04070B3FE12A,"Cable MTW/TWK 12 AWG Cobre Flexible, Naranja",surtilec-cable-mtw-twk-12-awg-cobre-flexible-naranja-srt-pending-04070b3fe12a.webp,4a7bb78dbeed81af0cdc6a0a1c34c7c87cb15f689aa8060568b3a47a942a839f,revisar_variante_antes_de_publicar,no_coincidencia_exacta_fuente_reutilizada,retirar_imagen_destacada_y_conservar_adjunto_en_revision,17,"IMAGEN GENÉRICA DE FAMILIA (100% familia, material n/d) tomada de ""Cable CC MTW(TWK) N10 Amarillo"" en cablescolombia.com. COLOR DISTINTO (naranja vs amarillo). Reemplazar por foto exacta antes de publicar."
SRT-PENDING-0B27149FA8A1,"Cable MTW/TWK 12 AWG Cobre Flexible, Negro",surtilec-cable-mtw-twk-12-awg-cobre-flexible-negro-srt-pending-0b27149fa8a1.webp,4a7bb78dbeed81af0cdc6a0a1c34c7c87cb15f689aa8060568b3a47a942a839f,revisar_variante_antes_de_publicar,no_coincidencia_exacta_fuente_reutilizada,retirar_imagen_destacada_y_conservar_adjunto_en_revision,17,"IMAGEN GENÉRICA DE FAMILIA (100% familia, material n/d) tomada de ""Cable CC MTW(TWK) N10 Amarillo"" en cablescolombia.com. COLOR DISTINTO (negro vs amarillo). Reemplazar por foto exacta antes de publicar."
SRT-PENDING-BCBD7F3EB86D,"Cable MTW/TWK 12 AWG Cobre Flexible, Rojo",surtilec-cable-mtw-twk-12-awg-cobre-flexible-rojo-srt-pending-bcbd7f3eb86d.webp,a6dc9a6fdca28795d5fddaae0d6f6f5a327743c2dafece790338c36a205d4ff4,revisar_variante_antes_de_publicar,no_coincidencia_exacta_fuente_reutilizada,retirar_imagen_destacada_y_conservar_adjunto_en_revision,3,"IMAGEN GENÉRICA DE FAMILIA (100% familia/color) tomada de ""Cable CC MTW(TWK) N10 Rojo"" en cablescolombia.com — mismo tipo y color, calibre distinto. Reemplazar por foto exacta antes de publicar."
SRT-PENDING-4DFBA15EF4AC,"Cable MTW/TWK 12 AWG Cobre Flexible, Verde",surtilec-cable-mtw-twk-12-awg-cobre-flexible-verde-srt-pending-4dfba15ef4ac.webp,55ca73223af9d790478f8831a93a746b85fd06c530f27f1b4ce18ae6e8f6a574,revisar_variante_antes_de_publicar,no_coincidencia_exacta_fuente_reutilizada,retirar_imagen_destacada_y_conservar_adjunto_en_revision,3,"IMAGEN GENÉRICA DE FAMILIA (100% familia/color) tomada de ""Cable CC MTW(TWK) N10 Verde"" en cablescolombia.com — mismo tipo y color, calibre distinto. Reemplazar por foto exacta antes de publicar."
SRT-PENDING-00D52A324A7A,"Cable MTW/TWK 14 AWG Cobre Flexible, Amarillo",surtilec-cable-mtw-twk-14-awg-cobre-flexible-amarillo-srt-pending-00d52a324a7a.webp,4a7bb78dbeed81af0cdc6a0a1c34c7c87cb15f689aa8060568b3a47a942a839f,revisar_variante_antes_de_publicar,no_coincidencia_exacta_fuente_reutilizada,retirar_imagen_destacada_y_conservar_adjunto_en_revision,17,"IMAGEN GENÉRICA DE FAMILIA (100% familia/color) tomada de ""Cable CC MTW(TWK) N12 Amarillo"" en cablescolombia.com — mismo tipo y color, calibre distinto. Reemplazar por foto exacta antes de publicar."
SRT-PENDING-7AC3712CEA7C,"Cable MTW/TWK 14 AWG Cobre Flexible, Blanco",surtilec-cable-mtw-twk-14-awg-cobre-flexible-blanco-srt-pending-7ac3712cea7c.webp,4a7bb78dbeed81af0cdc6a0a1c34c7c87cb15f689aa8060568b3a47a942a839f,revisar_variante_antes_de_publicar,no_coincidencia_exacta_fuente_reutilizada,retirar_imagen_destacada_y_conservar_adjunto_en_revision,17,"IMAGEN GENÉRICA DE FAMILIA (100% familia, material n/d) tomada de ""Cable CC MTW(TWK) N10 Amarillo"" en cablescolombia.com. COLOR DISTINTO (blanco vs amarillo). Reemplazar por foto exacta antes de publicar."
SRT-PENDING-D2B91FEDDE51,Cable MTW/TWK 14 AWG Cobre Flexible,surtilec-cable-mtw-twk-14-awg-cobre-flexible-srt-pending-d2b91fedde51.webp,4a7bb78dbeed81af0cdc6a0a1c34c7c87cb15f689aa8060568b3a47a942a839f,revisar_variante_antes_de_publicar,no_coincidencia_exacta_fuente_reutilizada,retirar_imagen_destacada_y_conservar_adjunto_en_revision,17,"IMAGEN GENÉRICA DE FAMILIA (100% familia, material n/d) tomada de ""Cable CC MTW(TWK) N10 Amarillo"" en cablescolombia.com. COLOR DISTINTO (cafe vs amarillo). Reemplazar por foto exacta antes de publicar."
SRT-PENDING-C1987586D8D0,"Cable MTW/TWK 14 AWG Cobre Flexible, Morado",surtilec-cable-mtw-twk-14-awg-cobre-flexible-morado-srt-pending-c1987586d8d0.webp,4a7bb78dbeed81af0cdc6a0a1c34c7c87cb15f689aa8060568b3a47a942a839f,revisar_variante_antes_de_publicar,no_coincidencia_exacta_fuente_reutilizada,retirar_imagen_destacada_y_conservar_adjunto_en_revision,17,"IMAGEN GENÉRICA DE FAMILIA (100% familia, material n/d) tomada de ""Cable CC MTW(TWK) N10 Amarillo"" en cablescolombia.com. COLOR DISTINTO (morado vs amarillo). Reemplazar por foto exacta antes de publicar."
SRT-PENDING-A22DB63FDD13,"Cable MTW/TWK 14 AWG Cobre Flexible, Naranja",surtilec-cable-mtw-twk-14-awg-cobre-flexible-naranja-srt-pending-a22db63fdd13.webp,4a7bb78dbeed81af0cdc6a0a1c34c7c87cb15f689aa8060568b3a47a942a839f,revisar_variante_antes_de_publicar,no_coincidencia_exacta_fuente_reutilizada,retirar_imagen_destacada_y_conservar_adjunto_en_revision,17,"IMAGEN GENÉRICA DE FAMILIA (100% familia, material n/d) tomada de ""Cable CC MTW(TWK) N10 Amarillo"" en cablescolombia.com. COLOR DISTINTO (naranja vs amarillo). Reemplazar por foto exacta antes de publicar."
SRT-PENDING-14A0AC62DB1B,"Cable MTW/TWK 14 AWG Cobre Flexible, Negro",surtilec-cable-mtw-twk-14-awg-cobre-flexible-negro-srt-pending-14a0ac62db1b.webp,4a7bb78dbeed81af0cdc6a0a1c34c7c87cb15f689aa8060568b3a47a942a839f,revisar_variante_antes_de_publicar,no_coincidencia_exacta_fuente_reutilizada,retirar_imagen_destacada_y_conservar_adjunto_en_revision,17,"IMAGEN GENÉRICA DE FAMILIA (100% familia, material n/d) tomada de ""Cable CC MTW(TWK) N10 Amarillo"" en cablescolombia.com. COLOR DISTINTO (negro vs amarillo). Reemplazar por foto exacta antes de publicar."
SRT-PENDING-85704BD3B4F2,"Cable MTW/TWK 14 AWG Cobre Flexible, Rojo",surtilec-cable-mtw-twk-14-awg-cobre-flexible-rojo-srt-pending-85704bd3b4f2.webp,a6dc9a6fdca28795d5fddaae0d6f6f5a327743c2dafece790338c36a205d4ff4,revisar_variante_antes_de_publicar,no_coincidencia_exacta_fuente_reutilizada,retirar_imagen_destacada_y_conservar_adjunto_en_revision,3,"IMAGEN GENÉRICA DE FAMILIA (100% familia/color) tomada de ""Cable CC MTW(TWK) N10 Rojo"" en cablescolombia.com — mismo tipo y color, calibre distinto. Reemplazar por foto exacta antes de publicar."
SRT-PENDING-97509E130001,"Cable MTW/TWK 14 AWG Cobre Flexible, Verde",surtilec-cable-mtw-twk-14-awg-cobre-flexible-verde-srt-pending-97509e130001.webp,55ca73223af9d790478f8831a93a746b85fd06c530f27f1b4ce18ae6e8f6a574,revisar_variante_antes_de_publicar,no_coincidencia_exacta_fuente_reutilizada,retirar_imagen_destacada_y_conservar_adjunto_en_revision,3,"IMAGEN GENÉRICA DE FAMILIA (100% familia/color) tomada de ""Cable CC MTW(TWK) N10 Verde"" en cablescolombia.com — mismo tipo y color, calibre distinto. Reemplazar por foto exacta antes de publicar."
SRT-PENDING-35A3D3D63657,"Cable TFF/GPT 16 AWG Cobre Flexible, Amarillo",surtilec-cable-tff-gpt-16-awg-cobre-flexible-amarillo-srt-pending-35a3d3d63657.webp,8a9bc9b39f7e18bd114044a97a9299259ce36fbe1b06df01bc25b319474a12de,revisar_variante_antes_de_publicar,no_coincidencia_exacta_fuente_reutilizada,retirar_imagen_destacada_y_conservar_adjunto_en_revision,25,"IMAGEN GENÉRICA DE FAMILIA (100% familia, material n/d) tomada de ""Cable CC TFF N16 Morado"" en cablescolombia.com. COLOR DISTINTO (amarillo vs morado). Reemplazar por foto exacta antes de publicar."
SRT-PENDING-6E4411427ED4,"Cable TFF/GPT 16 AWG Cobre Flexible, Blanco",surtilec-cable-tff-gpt-16-awg-cobre-flexible-blanco-srt-pending-6e4411427ed4.webp,8a9bc9b39f7e18bd114044a97a9299259ce36fbe1b06df01bc25b319474a12de,revisar_variante_antes_de_publicar,no_coincidencia_exacta_fuente_reutilizada,retirar_imagen_destacada_y_conservar_adjunto_en_revision,25,"IMAGEN GENÉRICA DE FAMILIA (100% familia, material n/d) tomada de ""Cable CC TFF N16 Morado"" en cablescolombia.com. COLOR DISTINTO (blanco vs morado). Reemplazar por foto exacta antes de publicar."
SRT-PENDING-688116380EBA,Cable TFF/GPT 16 AWG Cobre Flexible,surtilec-cable-tff-gpt-16-awg-cobre-flexible-srt-pending-688116380eba.webp,8a9bc9b39f7e18bd114044a97a9299259ce36fbe1b06df01bc25b319474a12de,revisar_variante_antes_de_publicar,no_coincidencia_exacta_fuente_reutilizada,retirar_imagen_destacada_y_conservar_adjunto_en_revision,25,"IMAGEN GENÉRICA DE FAMILIA (100% familia, material n/d) tomada de ""Cable CC TFF N16 Morado"" en cablescolombia.com. COLOR DISTINTO (cafe vs morado). Reemplazar por foto exacta antes de publicar."
SRT-PENDING-44D02D7CC950,"Cable TFF/GPT 16 AWG Cobre Flexible, Morado",surtilec-cable-tff-gpt-16-awg-cobre-flexible-morado-srt-pending-44d02d7cc950.webp,8a9bc9b39f7e18bd114044a97a9299259ce36fbe1b06df01bc25b319474a12de,revisar_variante_antes_de_publicar,no_coincidencia_exacta_fuente_reutilizada,retirar_imagen_destacada_y_conservar_adjunto_en_revision,25,"IMAGEN GENÉRICA DE FAMILIA (100% familia/color) tomada de ""Cable CC TFF N16 Morado"" en cablescolombia.com — mismo tipo y color, calibre distinto. Reemplazar por foto exacta antes de publicar."
SRT-PENDING-C123A9EAC875,"Cable TFF/GPT 16 AWG Cobre Flexible, Naranja",surtilec-cable-tff-gpt-16-awg-cobre-flexible-naranja-srt-pending-c123a9eac875.webp,8a9bc9b39f7e18bd114044a97a9299259ce36fbe1b06df01bc25b319474a12de,revisar_variante_antes_de_publicar,no_coincidencia_exacta_fuente_reutilizada,retirar_imagen_destacada_y_conservar_adjunto_en_revision,25,"IMAGEN GENÉRICA DE FAMILIA (100% familia, material n/d) tomada de ""Cable CC TFF N16 Morado"" en cablescolombia.com. COLOR DISTINTO (naranja vs morado). Reemplazar por foto exacta antes de publicar."
SRT-PENDING-31993EC9DB11,"Cable TFF/GPT 16 AWG Cobre Flexible, Negro",surtilec-cable-tff-gpt-16-awg-cobre-flexible-negro-srt-pending-31993ec9db11.webp,94f0a7f950ab8a92eaec95fc5b9a49a5564eebd2a275e9899053ec523309a220,revisar_variante_antes_de_publicar,no_coincidencia_exacta_fuente_reutilizada,retirar_imagen_destacada_y_conservar_adjunto_en_revision,3,"IMAGEN GENÉRICA DE FAMILIA (100% familia/color) tomada de ""Cable CC TFF N16 Negro"" en cablescolombia.com — mismo tipo y color, calibre distinto. Reemplazar por foto exacta antes de publicar."
SRT-PENDING-33D093F9BD72,"Cable TFF/GPT 16 AWG Cobre Flexible, Rojo",surtilec-cable-tff-gpt-16-awg-cobre-flexible-rojo-srt-pending-33d093f9bd72.webp,8a9bc9b39f7e18bd114044a97a9299259ce36fbe1b06df01bc25b319474a12de,revisar_variante_antes_de_publicar,no_coincidencia_exacta_fuente_reutilizada,retirar_imagen_destacada_y_conservar_adjunto_en_revision,25,"IMAGEN GENÉRICA DE FAMILIA (100% familia, material n/d) tomada de ""Cable CC TFF N16 Morado"" en cablescolombia.com. COLOR DISTINTO (rojo vs morado). Reemplazar por foto exacta antes de publicar."
SRT-PENDING-BBD242E8628E,"Cable TFF/GPT 16 AWG Cobre Flexible, Verde",surtilec-cable-tff-gpt-16-awg-cobre-flexible-verde-srt-pending-bbd242e8628e.webp,8a9bc9b39f7e18bd114044a97a9299259ce36fbe1b06df01bc25b319474a12de,revisar_variante_antes_de_publicar,no_coincidencia_exacta_fuente_reutilizada,retirar_imagen_destacada_y_conservar_adjunto_en_revision,25,"IMAGEN GENÉRICA DE FAMILIA (100% familia, material n/d) tomada de ""Cable CC TFF N16 Morado"" en cablescolombia.com. COLOR DISTINTO (verde vs morado). Reemplazar por foto exacta antes de publicar."
SRT-PENDING-E2E89C3CDB3C,"Cable TFF/GPT 18 AWG Cobre Flexible, Blanco",surtilec-cable-tff-gpt-18-awg-cobre-flexible-blanco-srt-pending-e2e89c3cdb3c.webp,8a9bc9b39f7e18bd114044a97a9299259ce36fbe1b06df01bc25b319474a12de,revisar_variante_antes_de_publicar,no_coincidencia_exacta_fuente_reutilizada,retirar_imagen_destacada_y_conservar_adjunto_en_revision,25,"IMAGEN GENÉRICA DE FAMILIA (100% familia, material n/d) tomada de ""Cable CC TFF N16 Morado"" en cablescolombia.com. COLOR DISTINTO (blanco vs morado). Reemplazar por foto exacta antes de publicar."
SRT-PENDING-E2175E292AD4,Cable TFF/GPT 18 AWG Cobre Flexible,surtilec-cable-tff-gpt-18-awg-cobre-flexible-srt-pending-e2175e292ad4.webp,8a9bc9b39f7e18bd114044a97a9299259ce36fbe1b06df01bc25b319474a12de,revisar_variante_antes_de_publicar,no_coincidencia_exacta_fuente_reutilizada,retirar_imagen_destacada_y_conservar_adjunto_en_revision,25,"IMAGEN GENÉRICA DE FAMILIA (100% familia, material n/d) tomada de ""Cable CC TFF N16 Morado"" en cablescolombia.com. COLOR DISTINTO (cafe vs morado). Reemplazar por foto exacta antes de publicar."
SRT-PENDING-C0F95F150525,"Cable TFF/GPT 18 AWG Cobre Flexible, Morado",surtilec-cable-tff-gpt-18-awg-cobre-flexible-morado-srt-pending-c0f95f150525.webp,8a9bc9b39f7e18bd114044a97a9299259ce36fbe1b06df01bc25b319474a12de,revisar_variante_antes_de_publicar,no_coincidencia_exacta_fuente_reutilizada,retirar_imagen_destacada_y_conservar_adjunto_en_revision,25,"IMAGEN GENÉRICA DE FAMILIA (100% familia/color) tomada de ""Cable CC TFF N16 Morado"" en cablescolombia.com — mismo tipo y color, calibre distinto. Reemplazar por foto exacta antes de publicar."
SRT-PENDING-9F727277CC70,"Cable TFF/GPT 18 AWG Cobre Flexible, Naranja",surtilec-cable-tff-gpt-18-awg-cobre-flexible-naranja-srt-pending-9f727277cc70.webp,8a9bc9b39f7e18bd114044a97a9299259ce36fbe1b06df01bc25b319474a12de,revisar_variante_antes_de_publicar,no_coincidencia_exacta_fuente_reutilizada,retirar_imagen_destacada_y_conservar_adjunto_en_revision,25,"IMAGEN GENÉRICA DE FAMILIA (100% familia, material n/d) tomada de ""Cable CC TFF N16 Morado"" en cablescolombia.com. COLOR DISTINTO (naranja vs morado). Reemplazar por foto exacta antes de publicar."
SRT-PENDING-E92B8F867376,"Cable TFF/GPT 18 AWG Cobre Flexible, Negro",surtilec-cable-tff-gpt-18-awg-cobre-flexible-negro-srt-pending-e92b8f867376.webp,94f0a7f950ab8a92eaec95fc5b9a49a5564eebd2a275e9899053ec523309a220,revisar_variante_antes_de_publicar,no_coincidencia_exacta_fuente_reutilizada,retirar_imagen_destacada_y_conservar_adjunto_en_revision,3,"IMAGEN GENÉRICA DE FAMILIA (100% familia/color) tomada de ""Cable CC TFF N16 Negro"" en cablescolombia.com — mismo tipo y color, calibre distinto. Reemplazar por foto exacta antes de publicar."
SRT-PENDING-949BEFDBED1F,"Cable TFF/GPT 18 AWG Cobre Flexible, Rojo",surtilec-cable-tff-gpt-18-awg-cobre-flexible-rojo-srt-pending-949befdbed1f.webp,8a9bc9b39f7e18bd114044a97a9299259ce36fbe1b06df01bc25b319474a12de,revisar_variante_antes_de_publicar,no_coincidencia_exacta_fuente_reutilizada,retirar_imagen_destacada_y_conservar_adjunto_en_revision,25,"IMAGEN GENÉRICA DE FAMILIA (100% familia, material n/d) tomada de ""Cable CC TFF N16 Morado"" en cablescolombia.com. COLOR DISTINTO (rojo vs morado). Reemplazar por foto exacta antes de publicar."
SRT-PENDING-95911EF85308,"Cable TFF/GPT 18 AWG Cobre Flexible, Verde",surtilec-cable-tff-gpt-18-awg-cobre-flexible-verde-srt-pending-95911ef85308.webp,8a9bc9b39f7e18bd114044a97a9299259ce36fbe1b06df01bc25b319474a12de,revisar_variante_antes_de_publicar,no_coincidencia_exacta_fuente_reutilizada,retirar_imagen_destacada_y_conservar_adjunto_en_revision,25,"IMAGEN GENÉRICA DE FAMILIA (100% familia, material n/d) tomada de ""Cable CC TFF N16 Morado"" en cablescolombia.com. COLOR DISTINTO (verde vs morado). Reemplazar por foto exacta antes de publicar."
SRT-PENDING-1078F0D00E75,"Cable TFF/GPT 6 AWG Cobre Flexible, Amarillo",surtilec-cable-tff-gpt-6-awg-cobre-flexible-amarillo-srt-pending-1078f0d00e75.webp,8a9bc9b39f7e18bd114044a97a9299259ce36fbe1b06df01bc25b319474a12de,revisar_variante_antes_de_publicar,no_coincidencia_exacta_fuente_reutilizada,retirar_imagen_destacada_y_conservar_adjunto_en_revision,25,"IMAGEN GENÉRICA DE FAMILIA (100% familia, material n/d) tomada de ""Cable CC TFF N16 Morado"" en cablescolombia.com. COLOR DISTINTO (amarillo vs morado). Reemplazar por foto exacta antes de publicar."
SRT-PENDING-ECEDB4494AD2,Cable TFF/GPT 8 AWG Cobre Flexible,surtilec-cable-tff-gpt-8-awg-cobre-flexible-srt-pending-ecedb4494ad2.webp,8a9bc9b39f7e18bd114044a97a9299259ce36fbe1b06df01bc25b319474a12de,revisar_variante_antes_de_publicar,no_coincidencia_exacta_fuente_reutilizada,retirar_imagen_destacada_y_conservar_adjunto_en_revision,25,"IMAGEN GENÉRICA DE FAMILIA (100% familia, material n/d) tomada de ""Cable CC TFF N16 Morado"" en cablescolombia.com. COLOR DISTINTO (cafe vs morado). Reemplazar por foto exacta antes de publicar."
SRT-PENDING-5C402979118A,"Cable TFF/GPT 8 AWG Cobre Flexible, Morado",surtilec-cable-tff-gpt-8-awg-cobre-flexible-morado-srt-pending-5c402979118a.webp,8a9bc9b39f7e18bd114044a97a9299259ce36fbe1b06df01bc25b319474a12de,revisar_variante_antes_de_publicar,no_coincidencia_exacta_fuente_reutilizada,retirar_imagen_destacada_y_conservar_adjunto_en_revision,25,"IMAGEN GENÉRICA DE FAMILIA (100% familia/color) tomada de ""Cable CC TFF N16 Morado"" en cablescolombia.com — mismo tipo y color, calibre distinto. Reemplazar por foto exacta antes de publicar."
SRT-PENDING-1ABE987AF0AC,"Cable TFF/GPT 8 AWG Cobre Flexible, Naranja",surtilec-cable-tff-gpt-8-awg-cobre-flexible-naranja-srt-pending-1abe987af0ac.webp,8a9bc9b39f7e18bd114044a97a9299259ce36fbe1b06df01bc25b319474a12de,revisar_variante_antes_de_publicar,no_coincidencia_exacta_fuente_reutilizada,retirar_imagen_destacada_y_conservar_adjunto_en_revision,25,"IMAGEN GENÉRICA DE FAMILIA (100% familia, material n/d) tomada de ""Cable CC TFF N16 Morado"" en cablescolombia.com. COLOR DISTINTO (naranja vs morado). Reemplazar por foto exacta antes de publicar."
SRT-PENDING-5EB5F15D5B6D,"Cable TFF/GPT 8 AWG Cobre Flexible, Negro",surtilec-cable-tff-gpt-8-awg-cobre-flexible-negro-srt-pending-5eb5f15d5b6d.webp,94f0a7f950ab8a92eaec95fc5b9a49a5564eebd2a275e9899053ec523309a220,revisar_variante_antes_de_publicar,no_coincidencia_exacta_fuente_reutilizada,retirar_imagen_destacada_y_conservar_adjunto_en_revision,3,"IMAGEN GENÉRICA DE FAMILIA (100% familia/color) tomada de ""Cable CC TFF N16 Negro"" en cablescolombia.com — mismo tipo y color, calibre distinto. Reemplazar por foto exacta antes de publicar."
SRT-PENDING-437A6CFF3C13,"Cable TFF/GPT 8 AWG Cobre Flexible, Rojo",surtilec-cable-tff-gpt-8-awg-cobre-flexible-rojo-srt-pending-437a6cff3c13.webp,8a9bc9b39f7e18bd114044a97a9299259ce36fbe1b06df01bc25b319474a12de,revisar_variante_antes_de_publicar,no_coincidencia_exacta_fuente_reutilizada,retirar_imagen_destacada_y_conservar_adjunto_en_revision,25,"IMAGEN GENÉRICA DE FAMILIA (100% familia, material n/d) tomada de ""Cable CC TFF N16 Morado"" en cablescolombia.com. COLOR DISTINTO (rojo vs morado). Reemplazar por foto exacta antes de publicar."
SRT-PENDING-BC90394EFA5C,"Cable TFF/GPT 8 AWG Cobre Flexible, Verde",surtilec-cable-tff-gpt-8-awg-cobre-flexible-verde-srt-pending-bc90394efa5c.webp,8a9bc9b39f7e18bd114044a97a9299259ce36fbe1b06df01bc25b319474a12de,revisar_variante_antes_de_publicar,no_coincidencia_exacta_fuente_reutilizada,retirar_imagen_destacada_y_conservar_adjunto_en_revision,25,"IMAGEN GENÉRICA DE FAMILIA (100% familia, material n/d) tomada de ""Cable CC TFF N16 Morado"" en cablescolombia.com. COLOR DISTINTO (verde vs morado). Reemplazar por foto exacta antes de publicar."
SRT-PENDING-75B9E5CEA7C9,Cable Alumoweld 7x10 AWG,surtilec-cable-alumoweld-7x10-awg-srt-pending-75b9e5cea7c9.webp,9d23836d67de7f75a3c728631d4a84a90fc4b5d32ccbc734a650b27f394c666f,revisar_variante_antes_de_publicar,no_coincidencia_exacta_fuente_reutilizada,retirar_imagen_destacada_y_conservar_adjunto_en_revision,11,"IMAGEN GENÉRICA DE FAMILIA (regla ""acsr|alumoweld"") tomada de ""Cable Aluminio Acsr 4awg Desnudo"" en cablescolombia.com. Puede diferir en calibre, color y construcción. Reemplazar por foto exacta antes de publicar."
SRT-PENDING-398F38D306E4,Cable Alumoweld 7x8 AWG,surtilec-cable-alumoweld-7x8-awg-srt-pending-398f38d306e4.webp,9d23836d67de7f75a3c728631d4a84a90fc4b5d32ccbc734a650b27f394c666f,revisar_variante_antes_de_publicar,no_coincidencia_exacta_fuente_reutilizada,retirar_imagen_destacada_y_conservar_adjunto_en_revision,11,"IMAGEN GENÉRICA DE FAMILIA (regla ""acsr|alumoweld"") tomada de ""Cable Aluminio Acsr 4awg Desnudo"" en cablescolombia.com. Puede diferir en calibre, color y construcción. Reemplazar por foto exacta antes de publicar."
SRT-PENDING-C947F80FF333,"Cable de Acero Galvanizado 3/8""",surtilec-cable-de-acero-galvanizado-3-8--srt-pending-c947f80ff333.webp,2613e1f4de91298683c91b8a85daec717fb943d10bfe48420c95dd9c854543ba,revisar_variante_antes_de_publicar,coincidencia_exacta_no_demostrada,retirar_imagen_destacada_y_conservar_adjunto_en_revision,1,"Imagen sugerida automáticamente desde cablescolombia.com — similitud 100% con ""Cable De Acero Galvanizado 3/8"". Verificar visualmente y obtener permiso antes de publicar."
SRT-PENDING-1DE752DC1C7B,"Cable de Acero Galvanizado 5/16""",surtilec-cable-de-acero-galvanizado-5-16--srt-pending-1de752dc1c7b.webp,2613e1f4de91298683c91b8a85daec717fb943d10bfe48420c95dd9c854543ba,revisar_variante_antes_de_publicar,coincidencia_exacta_no_demostrada,retirar_imagen_destacada_y_conservar_adjunto_en_revision,1,"Imagen sugerida automáticamente desde cablescolombia.com — similitud 100% con ""Cable De Acero Galvanizado 5/16"". Verificar visualmente y obtener permiso antes de publicar."
SRT-PENDING-5AD5CC3ECD2A,"Cable de Acero Galvanizado 1/4""",surtilec-cable-de-acero-galvanizado-1-4--srt-pending-5ad5cc3ecd2a.webp,2613e1f4de91298683c91b8a85daec717fb943d10bfe48420c95dd9c854543ba,revisar_variante_antes_de_publicar,coincidencia_exacta_no_demostrada,retirar_imagen_destacada_y_conservar_adjunto_en_revision,1,"Imagen sugerida automáticamente desde cablescolombia.com — similitud 100% con ""Cable De Acero Galvanizado 1/4"". Verificar visualmente y obtener permiso antes de publicar."
SRT-PENDING-435471C553C3,Cable Acero-cobre CCS 7x8 AWG,surtilec-cable-acero-cobre-ccs-7x8-awg-srt-pending-435471c553c3.webp,da36446f0989fd406d1c4dcc4fe4632a5887c6cf605aa7523f485bf840892965,revisar_variante_antes_de_publicar,coincidencia_exacta_no_demostrada,retirar_imagen_destacada_y_conservar_adjunto_en_revision,1,"Imagen sugerida automáticamente desde cablescolombia.com — similitud 100% con ""Cable Acero De Cobre CCS 7x8AWG"". Verificar visualmente y obtener permiso antes de publicar."
SRT-PENDING-5A5C7767FB5F,Cable Acero-cobre CCS 7x10 AWG,surtilec-cable-acero-cobre-ccs-7x10-awg-srt-pending-5a5c7767fb5f.webp,da36446f0989fd406d1c4dcc4fe4632a5887c6cf605aa7523f485bf840892965,revisar_variante_antes_de_publicar,coincidencia_exacta_no_demostrada,retirar_imagen_destacada_y_conservar_adjunto_en_revision,1,"Imagen sugerida automáticamente desde cablescolombia.com — similitud 100% con ""Cable Acero De Cobre CCS 7x10AWG"". Verificar visualmente y obtener permiso antes de publicar."
